45 00 00 3F 42 99 40 00 40 11 2E 36 93 20 53 35 93 20 50 69 48 A7 00 35 00 2B CA 1B C5 7F 01 00 00 01 00 00 00 00 00 00 03 77 77 77 06 67 6F 6F 67 6C 65 03 63 6F 6D 02 61 72 00 00 01 00 01
45 00 01 01 FE FF 00 00 40 11 B1 0D 93 20 50 69 93 20 53 35 00 35 48 A7 00 ED 02 9C C5 7F 81 80 00 01 00 03 00 04 00 04 03 77 77 77 06 67 6F 6F 67 6C 65 03 63 6F 6D 02 61 72 00 00 01 00 01 C0 0C 00 01 00 01 00 00 01 2C 00 04 AD C2 71 BF C0 0C 00 01 00 01 00 00 01 2C 00 04 AD C2 71 B8 C0 0C 00 01 00 01 00 00 01 2C 00 04 AD C2 71 B7 C0 10 00 02 00 01 00 00 06 AD 00 10 03 6E 73 34 06 67 6F 6F 67 6C 65 03 63 6F 6D 00 C0 10 00 02 00 01 00 00 06 AD 00 06 03 6E 73 31 C0 63 C0 10 00 02 00 01 00 00 06 AD 00 06 03 6E 73 33 C0 63 C0 10 00 02 00 01 00 00 06 AD 00 06 03 6E 73 32 C0 63 C0 7B 00 01 00 01 00 04 6E 76 00 04 D8 EF 20 0A C0 9F 00 01 00 01 00 04 6E 76 00 04 D8 EF 22 0A C0 8D 00 01 00 01 00 04 6E 76 00 04 D8 EF 24 0A C0 5F 00 01 00 01 00 04 6E 76 00 04 D8 EF 26 0A
45 00 00 3E 43 56 40 00 40 11 2D 7A 93 20 53 35 93 20 50 69 CB 2A 00 35 00 2A CA 1A AD D9 01 00 00 01 00 00 00 00 00 00 02 69 64 06 67 6F 6F 67 6C 65 03 63 6F 6D 02 61 72 00 00 01 00 01
45 00 01 D3 FF 11 00 00 40 11 B0 29 93 20 50 69 93 20 53 35 00 35 CB 2A 01 BF CC A2 AD D9 81 80 00 01 00 10 00 04 00 04 02 69 64 06 67 6F 6F 67 6C 65 03 63 6F 6D 02 61 72 00 00 01 00 01 C0 0C 00 05 00 01 00 01 51 80 00 11 02 69 64 01 6C 06 67 6F 6F 67 6C 65 03 63 6F 6D 00 C0 2E 00 01 00 01 00 00 01 2C 00 04 C3 71 D6 F1 C0 2E 00 01 00 01 00 00 01 2C 00 04 C3 71 D6 DB C0 2E 00 01 00 01 00 00 01 2C 00 04 C3 71 D6 E2 C0 2E 00 01 00 01 00 00 01 2C 00 04 C3 71 D6 EC C0 2E 00 01 00 01 00 00 01 2C 00 04 C3 71 D6 CF C0 2E 00 01 00 01 00 00 01 2C 00 04 C3 71 D6 D7 C0 2E 00 01 00 01 00 00 01 2C 00 04 C3 71 D6 D3 C0 2E 00 01 00 01 00 00 01 2C 00 04 C3 71 D6 F5 C0 2E 00 01 00 01 00 00 01 2C 00 04 C3 71 D6 EA C0 2E 00 01 00 01 00 00 01 2C 00 04 C3 71 D6 E6 C0 2E 00 01 00 01 00 00 01 2C 00 04 C3 71 D6 ED C0 2E 00 01 00 01 00 00 01 2C 00 04 C3 71 D6 F9 C0 2E 00 01 00 01 00 00 01 2C 00 04 C3 71 D6 FB C0 2E 00 01 00 01 00 00 01 2C 00 04 C3 71 D6 DE C0 2E 00 01 00 01 00 00 01 2C 00 04 C3 71 D6 DD C0 33 00 02 00 01 00 01 CB 76 00 06 03 6E 73 31 C0 33 C0 33 00 02 00 01 00 01 CB 76 00 06 03 6E 73 33 C0 33 C0 33 00 02 00 01 00 01 CB 76 00 06 03 6E 73 32 C0 33 C0 33 00 02 00 01 00 01 CB 76 00 06 03 6E 73 34 C0 33 C1 3B 00 01 00 01 00 04 6E 76 00 04 D8 EF 20 0A C1 5F 00 01 00 01 00 04 6E 76 00 04 D8 EF 22 0A C1 4D 00 01 00 01 00 04 6E 76 00 04 D8 EF 24 0A C1 71 00 01 00 01 00 04 6E 76 00 04 D8 EF 26 0A
45 00 00 41 43 C1 40 00 40 11 2D 0C 93 20 53 35 93 20 50 69 99 95 00 35 00 2D CA 1D 25 1A 01 00 00 01 00 00 00 00 00 00 03 77 77 77 04 6D 61 73 74 07 71 75 65 65 6E 73 75 02 63 61 00 00 01 00 01
45 00 00 C6 FF 1E 00 00 40 11 B1 29 93 20 50 69 93 20 53 35 00 35 99 95 00 B2 1C D8 25 1A 81 80 00 01 00 01 00 03 00 03 03 77 77 77 04 6D 61 73 74 07 71 75 65 65 6E 73 75 02 63 61 00 00 01 00 01 C0 0C 00 01 00 01 00 00 02 58 00 04 82 0F 64 0E C0 15 00 02 00 01 00 00 02 58 00 12 03 62 61 79 02 63 73 08 75 74 6F 72 6F 6E 74 6F C0 1D C0 15 00 02 00 01 00 00 02 58 00 07 04 6B 6E 6F 74 C0 15 C0 15 00 02 00 01 00 00 02 58 00 08 05 62 72 61 69 64 C0 15 C0 41 00 01 00 01 00 01 51 80 00 04 80 64 01 01 C0 5F 00 01 00 01 00 01 51 80 00 04 82 0F 7E 36 C0 72 00 01 00 01 00 01 51 80 00 04 82 0F 7E 34
45 00 00 3D BA 89 40 00 40 11 B6 47 93 20 53 35 93 20 50 69 83 2B 00 35 00 29 CA 19 A5 DA 01 00 00 01 00 00 00 00 00 00 04 61 70 69 73 06 67 6F 6F 67 6C 65 03 63 6F 6D 00 00 01 00 01
45 00 00 3D BA 89 40 00 40 11 B6 47 93 20 53 35 93 20 50 69 B9 49 00 35 00 29 CA 19 3B 75 01 00 00 01 00 00 00 00 00 00 03 73 73 6C 07 67 73 74 61 74 69 63 03 63 6F 6D 00 00 01 00 01
45 00 00 3C BA 89 40 00 40 11 B6 48 93 20 53 35 93 20 50 69 0D FF 00 35 00 28 CA 18 9B AE 01 00 00 01 00 00 00 00 00 00 03 77 77 77 06 67 6F 6F 67 6C 65 03 63 6F 6D 00 00 01 00 01
45 00 00 DC 0B 7A 00 00 40 11 A4 B8 93 20 50 69 93 20 53 35 00 35 B9 49 00 C8 FD 46 3B 75 81 80 00 01 00 01 00 04 00 04 03 73 73 6C 07 67 73 74 61 74 69 63 03 63 6F 6D 00 00 01 00 01 C0 0C 00 01 00 01 00 00 00 B8 00 04 AD C2 23 4F C0 10 00 02 00 01 00 01 CA FC 00 0D 03 6E 73 33 06 67 6F 6F 67 6C 65 C0 18 C0 10 00 02 00 01 00 01 CA FC 00 06 03 6E 73 34 C0 41 C0 10 00 02 00 01 00 01 CA FC 00 06 03 6E 73 31 C0 41 C0 10 00 02 00 01 00 01 CA FC 00 06 03 6E 73 32 C0 41 C0 68 00 01 00 01 00 04 6D FC 00 04 D8 EF 20 0A C0 7A 00 01 00 01 00 04 6D FC 00 04 D8 EF 22 0A C0 3D 00 01 00 01 00 04 6D FC 00 04 D8 EF 24 0A C0 56 00 01 00 01 00 04 6D FC 00 04 D8 EF 26 0A
45 00 01 14 0B 7B 00 00 40 11 A4 7F 93 20 50 69 93 20 53 35 00 35 0D FF 01 00 6B 39 9B AE 81 80 00 01 00 05 00 04 00 04 03 77 77 77 06 67 6F 6F 67 6C 65 03 63 6F 6D 00 00 01 00 01 C0 0C 00 01 00 01 00 00 00 1D 00 04 AD C2 71 B1 C0 0C 00 01 00 01 00 00 00 1D 00 04 AD C2 71 B4 C0 0C 00 01 00 01 00 00 00 1D 00 04 AD C2 71 B2 C0 0C 00 01 00 01 00 00 00 1D 00 04 AD C2 71 B3 C0 0C 00 01 00 01 00 00 00 1D 00 04 AD C2 71 B0 C0 10 00 02 00 01 00 01 CA FC 00 06 03 6E 73 33 C0 10 C0 10 00 02 00 01 00 01 CA FC 00 06 03 6E 73 32 C0 10 C0 10 00 02 00 01 00 01 CA FC 00 06 03 6E 73 31 C0 10 C0 10 00 02 00 01 00 01 CA FC 00 06 03 6E 73 34 C0 10 C0 A0 00 01 00 01 00 04 6D FC 00 04 D8 EF 20 0A C0 8E 00 01 00 01 00 04 6D FC 00 04 D8 EF 22 0A C0 7C 00 01 00 01 00 04 6D FC 00 04 D8 EF 24 0A C0 B2 00 01 00 01 00 04 6D FC 00 04 D8 EF 26 0A
45 00 00 3D BA 89 40 00 40 11 B6 47 93 20 53 35 93 20 50 69 70 23 00 35 00 29 CA 19 66 1A 01 00 00 01 00 00 00 00 00 00 03 77 77 77 07 67 73 74 61 74 69 63 03 63 6F 6D 00 00 01 00 01
45 00 00 DC 0B 7C 00 00 40 11 A4 B6 93 20 50 69 93 20 53 35 00 35 70 23 00 C8 10 AE 66 1A 81 80 00 01 00 01 00 04 00 04 03 77 77 77 07 67 73 74 61 74 69 63 03 63 6F 6D 00 00 01 00 01 C0 0C 00 01 00 01 00 00 00 21 00 04 AD C2 2C EF C0 10 00 02 00 01 00 01 CA FC 00 0D 03 6E 73 31 06 67 6F 6F 67 6C 65 C0 18 C0 10 00 02 00 01 00 01 CA FC 00 06 03 6E 73 34 C0 41 C0 10 00 02 00 01 00 01 CA FC 00 06 03 6E 73 33 C0 41 C0 10 00 02 00 01 00 01 CA FC 00 06 03 6E 73 32 C0 41 C0 3D 00 01 00 01 00 04 6D FC 00 04 D8 EF 20 0A C0 7A 00 01 00 01 00 04 6D FC 00 04 D8 EF 22 0A C0 68 00 01 00 01 00 04 6D FC 00 04 D8 EF 24 0A C0 56 00 01 00 01 00 04 6D FC 00 04 D8 EF 26 0A
45 00 01 CA 0B 7D 00 00 40 11 A3 C7 93 20 50 69 93 20 53 35 00 35 83 2B 01 B6 25 3C A5 DA 81 80 00 01 00 10 00 04 00 04 04 61 70 69 73 06 67 6F 6F 67 6C 65 03 63 6F 6D 00 00 01 00 01 C0 0C 00 05 00 01 00 08 65 E3 00 09 04 70 6C 75 73 01 6C C0 11 C0 2D 00 01 00 01 00 00 01 2C 00 04 C3 71 D6 E6 C0 2D 00 01 00 01 00 00 01 2C 00 04 C3 71 D6 EC C0 2D 00 01 00 01 00 00 01 2C 00 04 C3 71 D6 EA C0 2D 00 01 00 01 00 00 01 2C 00 04 C3 71 D6 F1 C0 2D 00 01 00 01 00 00 01 2C 00 04 C3 71 D6 CF C0 2D 00 01 00 01 00 00 01 2C 00 04 C3 71 D6 D7 C0 2D 00 01 00 01 00 00 01 2C 00 04 C3 71 D6 ED C0 2D 00 01 00 01 00 00 01 2C 00 04 C3 71 D6 DE C0 2D 00 01 00 01 00 00 01 2C 00 04 C3 71 D6 DD C0 2D 00 01 00 01 00 00 01 2C 00 04 C3 71 D6 F9 C0 2D 00 01 00 01 00 00 01 2C 00 04 C3 71 D6 FB C0 2D 00 01 00 01 00 00 01 2C 00 04 C3 71 D6 DB C0 2D 00 01 00 01 00 00 01 2C 00 04 C3 71 D6 F5 C0 2D 00 01 00 01 00 00 01 2C 00 04 C3 71 D6 E2 C0 2D 00 01 00 01 00 00 01 2C 00 04 C3 71 D6 D3 C0 11 00 02 00 01 00 01 CA FC 00 06 03 6E 73 34 C0 11 C0 11 00 02 00 01 00 01 CA FC 00 06 03 6E 73 33 C0 11 C0 11 00 02 00 01 00 01 CA FC 00 06 03 6E 73 31 C0 11 C0 11 00 02 00 01 00 01 CA FC 00 06 03 6E 73 32 C0 11 C1 56 00 01 00 01 00 04 6D FC 00 04 D8 EF 20 0A C1 68 00 01 00 01 00 04 6D FC 00 04 D8 EF 22 0A C1 44 00 01 00 01 00 04 6D FC 00 04 D8 EF 24 0A C1 32 00 01 00 01 00 04 6D FC 00 04 D8 EF 26 0A
45 00 00 48 BA A9 40 00 40 11 B6 1C 93 20 53 35 93 20 50 69 3B FA 00 35 00 34 CA 24 A7 E5 01 00 00 01 00 00 00 00 00 00 03 77 77 77 12 65 6E 63 79 63 6C 6F 70 65 64 69 61 6F 66 6D 61 74 68 03 6F 72 67 00 00 01 00 01
45 00 00 CD 0B 80 00 00 40 11 A4 C1 93 20 50 69 93 20 53 35 00 35 3B FA 00 B9 18 D2 A7 E5 81 80 00 01 00 01 00 03 00 03 03 77 77 77 12 65 6E 63 79 63 6C 6F 70 65 64 69 61 6F 66 6D 61 74 68 03 6F 72 67 00 00 01 00 01 C0 0C 00 01 00 01 00 01 51 80 00 04 50 F2 8A 48 C0 10 00 02 00 01 00 01 51 80 00 13 04 64 6E 73 32 08 73 70 72 69 6E 67 65 72 03 63 6F 6D 00 C0 10 00 02 00 01 00 01 51 80 00 07 04 64 6E 73 31 C0 4D C0 10 00 02 00 01 00 01 51 80 00 07 04 64 6E 73 34 C0 4D C0 67 00 01 00 01 00 02 78 FB 00 04 C0 57 9E EA C0 48 00 01 00 01 00 02 78 FB 00 04 C0 81 18 08 C0 7A 00 01 00 01 00 02 78 FB 00 04 3F 74 D6 17
45 00 00 39 BC 0B 40 00 40 11 B4 C9 93 20 53 35 93 20 50 69 7C AA 00 35 00 25 CA 15 D6 2F 01 00 00 01 00 00 00 00 00 00 07 6D 73 63 32 30 31 30 03 6F 72 67 00 00 01 00 01
45 00 00 39 BC 0B 40 00 40 11 B4 C9 93 20 53 35 93 20 50 69 F0 29 00 35 00 25 CA 15 3C 79 01 00 00 01 00 00 00 00 00 00 03 77 77 77 03 61 6D 73 03 6F 72 67 00 00 01 00 01
45 00 00 48 BC 0B 40 00 40 11 B4 BA 93 20 53 35 93 20 50 69 9D 7B 00 35 00 34 CA 24 FC 0E 01 00 00 01 00 00 00 00 00 00 03 77 77 77 12 65 6E 63 79 63 6C 6F 70 65 64 69 61 6F 66 6D 61 74 68 03 63 6F 6D 00 00 01 00 01
45 00 00 F2 0B 8F 00 00 40 11 A4 8D 93 20 50 69 93 20 53 35 00 35 9D 7B 00 DE 2C 12 FC 0E 81 80 00 01 00 02 00 03 00 03 03 77 77 77 12 65 6E 63 79 63 6C 6F 70 65 64 69 61 6F 66 6D 61 74 68 03 63 6F 6D 00 00 01 00 01 C0 0C 00 05 00 01 00 01 51 80 00 1C 03 77 77 77 12 65 6E 63 79 63 6C 6F 70 65 64 69 61 6F 66 6D 61 74 68 03 6F 72 67 00 C0 38 00 01 00 01 00 01 51 7F 00 04 50 F2 8A 48 C0 3C 00 02 00 01 00 01 51 7F 00 10 04 64 6E 73 32 08 73 70 72 69 6E 67 65 72 C0 23 C0 3C 00 02 00 01 00 01 51 7F 00 07 04 64 6E 73 34 C0 75 C0 3C 00 02 00 01 00 01 51 7F 00 07 04 64 6E 73 31 C0 75 C0 9F 00 01 00 01 00 02 78 FA 00 04 C0 57 9E EA C0 70 00 01 00 01 00 02 78 FA 00 04 C0 81 18 08 C0 8C 00 01 00 01 00 02 78 FA 00 04 3F 74 D6 17
45 00 00 42 BC 10 40 00 40 11 B4 BB 93 20 53 35 93 20 50 69 1D 18 00 35 00 2E CA 1E A9 49 01 00 00 01 00 00 00 00 00 00 03 77 77 77 0D 65 75 72 6F 2D 6D 61 74 68 2D 73 6F 63 02 65 75 00 00 01 00 01
45 00 00 46 BC 2A 40 00 40 11 B4 9D 93 20 53 35 93 20 50 69 A7 0A 00 35 00 32 CA 22 95 73 01 00 00 01 00 00 00 00 00 00 03 77 77 77 10 67 6F 6F 67 6C 65 2D 61 6E 61 6C 79 74 69 63 73 03 63 6F 6D 00 00 01 00 01
45 00 01 EA 0B 9A 00 00 40 11 A3 8A 93 20 50 69 93 20 53 35 00 35 A7 0A 01 D6 71 04 95 73 81 80 00 01 00 10 00 04 00 04 03 77 77 77 10 67 6F 6F 67 6C 65 2D 61 6E 61 6C 79 74 69 63 73 03 63 6F 6D 00 00 01 00 01 C0 0C 00 05 00 01 00 01 07 1E 00 20 14 77 77 77 2D 67 6F 6F 67 6C 65 2D 61 6E 61 6C 79 74 69 63 73 01 6C 06 67 6F 6F 67 6C 65 C0 21 C0 36 00 01 00 01 00 00 00 8E 00 04 C3 71 D6 E6 C0 36 00 01 00 01 00 00 00 8E 00 04 C3 71 D6 EA C0 36 00 01 00 01 00 00 00 8E 00 04 C3 71 D6 DB C0 36 00 01 00 01 00 00 00 8E 00 04 C3 71 D6 FB C0 36 00 01 00 01 00 00 00 8E 00 04 C3 71 D6 ED C0 36 00 01 00 01 00 00 00 8E 00 04 C3 71 D6 E2 C0 36 00 01 00 01 00 00 00 8E 00 04 C3 71 D6 CF C0 36 00 01 00 01 00 00 00 8E 00 04 C3 71 D6 D7 C0 36 00 01 00 01 00 00 00 8E 00 04 C3 71 D6 EC C0 36 00 01 00 01 00 00 00 8E 00 04 C3 71 D6 F5 C0 36 00 01 00 01 00 00 00 8E 00 04 C3 71 D6 D3 C0 36 00 01 00 01 00 00 00 8E 00 04 C3 71 D6 F9 C0 36 00 01 00 01 00 00 00 8E 00 04 C3 71 D6 F1 C0 36 00 01 00 01 00 00 00 8E 00 04 C3 71 D6 DE C0 36 00 01 00 01 00 00 00 8E 00 04 C3 71 D6 DD C0 4D 00 02 00 01 00 01 CA FA 00 06 03 6E 73 34 C0 4D C0 4D 00 02 00 01 00 01 CA FA 00 06 03 6E 73 33 C0 4D C0 4D 00 02 00 01 00 01 CA FA 00 06 03 6E 73 31 C0 4D C0 4D 00 02 00 01 00 01 CA FA 00 06 03 6E 73 32 C0 4D C1 76 00 01 00 01 00 04 6D FA 00 04 D8 EF 20 0A C1 88 00 01 00 01 00 04 6D FA 00 04 D8 EF 22 0A C1 64 00 01 00 01 00 04 6D FA 00 04 D8 EF 24 0A C1 52 00 01 00 01 00 04 6D FA 00 04 D8 EF 26 0A
45 00 00 A0 0B 9D 00 00 40 11 A4 D1 93 20 50 69 93 20 53 35 00 35 1D 18 00 8C F4 D8 A9 49 81 80 00 01 00 01 00 02 00 02 03 77 77 77 0D 65 75 72 6F 2D 6D 61 74 68 2D 73 6F 63 02 65 75 00 00 01 00 01 C0 0C 00 01 00 01 00 01 51 80 00 04 80 D6 DF 36 C0 10 00 02 00 01 00 01 51 80 00 11 03 6E 73 32 08 62 65 72 67 67 72 65 6E 02 66 69 00 C0 10 00 02 00 01 00 01 51 80 00 05 02 6E 73 C0 46 C0 5F 00 01 00 01 00 01 51 80 00 04 C2 64 B8 63 C0 42 00 01 00 01 00 01 51 80 00 04 D9 98 3E 30
45 00 00 47 BC 3E 40 00 40 11 B4 88 93 20 53 35 93 20 50 69 D9 32 00 35 00 33 CA 23 4D 6E 01 00 00 01 00 00 00 00 00 00 03 77 77 77 11 7A 65 6E 74 72 61 6C 62 6C 61 74 74 2D 6D 61 74 68 03 6F 72 67 00 00 01 00 01
45 00 00 BF 0B AA 00 00 40 11 A4 A5 93 20 50 69 93 20 53 35 00 35 F0 29 00 AB 65 DD 3C 79 81 80 00 01 00 02 00 03 00 03 03 77 77 77 03 61 6D 73 03 6F 72 67 00 00 01 00 01 C0 0C 00 01 00 01 00 00 00 1E 00 04 B8 B4 0D 26 C0 0C 00 01 00 01 00 00 00 1E 00 04 82 2C C2 64 C0 10 00 02 00 01 00 00 00 1E 00 06 03 6E 73 33 C0 10 C0 10 00 02 00 01 00 00 00 1E 00 06 03 6E 73 32 C0 10 C0 10 00 02 00 01 00 00 00 1E 00 06 03 6E 73 31 C0 10 C0 6D 00 01 00 01 00 01 2D FD 00 04 82 2C D2 82 C0 5B 00 01 00 01 00 01 2D FD 00 04 B8 B4 0D 22 C0 49 00 01 00 01 00 01 2D FD 00 04 CF 6A BC 23
45 00 00 B0 0B AB 00 00 40 11 A4 B3 93 20 50 69 93 20 53 35 00 35 7C AA 00 9C 55 1F D6 2F 81 80 00 01 00 01 00 02 00 03 07 6D 73 63 32 30 31 30 03 6F 72 67 00 00 01 00 01 C0 0C 00 01 00 01 00 00 0E 10 00 04 42 60 85 0E C0 0C 00 02 00 01 00 01 51 80 00 19 03 6E 73 32 0F 64 6F 74 35 6E 61 6D 65 73 65 72 76 65 72 73 03 63 6F 6D 00 C0 0C 00 02 00 01 00 01 51 80 00 06 03 6E 73 31 C0 3D C0 5E 00 01 00 01 00 00 0E 10 00 04 42 60 8E 65 C0 5E 00 01 00 01 00 00 0E 10 00 04 42 60 8E 64 C0 39 00 01 00 01 00 00 0E 10 00 04 41 FE FE 88
45 00 00 38 BC 46 40 00 40 11 B4 8F 93 20 53 35 93 20 50 69 B9 08 00 35 00 24 CA 14 14 97 01 00 00 01 00 00 00 00 00 00 06 7A 62 6D 61 74 68 03 6F 72 67 00 00 01 00 01
45 00 00 D7 0B B5 00 00 40 11 A4 82 93 20 50 69 93 20 53 35 00 35 D9 32 00 C3 FE 82 4D 6E 81 80 00 01 00 02 00 02 00 02 03 77 77 77 11 7A 65 6E 74 72 61 6C 62 6C 61 74 74 2D 6D 61 74 68 03 6F 72 67 00 00 01 00 01 C0 0C 00 05 00 01 00 00 9C 54 00 09 06 64 6F 6E 61 6C 64 C0 10 C0 37 00 01 00 01 00 00 9C 54 00 04 8D 42 B0 C8 C0 10 00 02 00 01 00 00 9C 54 00 19 09 66 72 61 6E 6B 66 75 72 74 03 6E 69 63 05 78 6C 69 6E 6B 03 6E 65 74 00 C0 10 00 02 00 01 00 00 9C 54 00 1A 07 66 69 7A 73 75 6E 31 0D 66 69 7A 2D 6B 61 72 6C 73 72 75 68 65 02 64 65 00 C0 81 00 01 00 01 00 00 9C 54 00 04 8D 42 12 C8 C0 5C 00 01 00 01 00 01 51 80 00 04 C1 8D 2B 81
45 00 00 B3 0B B6 00 00 40 11 A4 A5 93 20 50 69 93 20 53 35 00 35 B9 08 00 9F 64 35 14 97 81 80 00 01 00 01 00 02 00 02 06 7A 62 6D 61 74 68 03 6F 72 67 00 00 01 00 01 C0 0C 00 01 00 01 00 00 9C 54 00 04 8D 42 B0 C8 C0 0C 00 02 00 01 00 00 9C 54 00 19 09 66 72 61 6E 6B 66 75 72 74 03 6E 69 63 05 78 6C 69 6E 6B 03 6E 65 74 00 C0 0C 00 02 00 01 00 00 9C 54 00 1A 07 66 69 7A 73 75 6E 31 0D 66 69 7A 2D 6B 61 72 6C 73 72 75 68 65 02 64 65 00 C0 5D 00 01 00 01 00 00 9C 54 00 04 8D 42 12 C8 C0 38 00 01 00 01 00 01 51 80 00 04 C1 8D 2B 81
45 00 00 3D C0 EF 40 00 40 11 AF E1 93 20 53 35 93 20 50 69 75 FA 00 35 00 29 CA 19 83 6A 01 00 00 01 00 00 00 00 00 00 04 70 6C 75 73 06 67 6F 6F 67 6C 65 03 63 6F 6D 00 00 01 00 01
45 00 01 B5 0B F3 00 00 40 11 A3 66 93 20 50 69 93 20 53 35 00 35 75 FA 01 A1 7F 98 83 6A 81 80 00 01 00 0F 00 04 00 04 04 70 6C 75 73 06 67 6F 6F 67 6C 65 03 63 6F 6D 00 00 01 00 01 C0 0C 00 01 00 01 00 00 00 A2 00 04 C3 71 D6 F1 C0 0C 00 01 00 01 00 00 00 A2 00 04 C3 71 D6 F5 C0 0C 00 01 00 01 00 00 00 A2 00 04 C3 71 D6 E2 C0 0C 00 01 00 01 00 00 00 A2 00 04 C3 71 D6 DB C0 0C 00 01 00 01 00 00 00 A2 00 04 C3 71 D6 D7 C0 0C 00 01 00 01 00 00 00 A2 00 04 C3 71 D6 D3 C0 0C 00 01 00 01 00 00 00 A2 00 04 C3 71 D6 EA C0 0C 00 01 00 01 00 00 00 A2 00 04 C3 71 D6 CF C0 0C 00 01 00 01 00 00 00 A2 00 04 C3 71 D6 E6 C0 0C 00 01 00 01 00 00 00 A2 00 04 C3 71 D6 DE C0 0C 00 01 00 01 00 00 00 A2 00 04 C3 71 D6 FB C0 0C 00 01 00 01 00 00 00 A2 00 04 C3 71 D6 F9 C0 0C 00 01 00 01 00 00 00 A2 00 04 C3 71 D6 ED C0 0C 00 01 00 01 00 00 00 A2 00 04 C3 71 D6 DD C0 0C 00 01 00 01 00 00 00 A2 00 04 C3 71 D6 EC C0 11 00 02 00 01 00 01 CA F5 00 06 03 6E 73 32 C0 11 C0 11 00 02 00 01 00 01 CA F5 00 06 03 6E 73 34 C0 11 C0 11 00 02 00 01 00 01 CA F5 00 06 03 6E 73 31 C0 11 C0 11 00 02 00 01 00 01 CA F5 00 06 03 6E 73 33 C0 11 C1 41 00 01 00 01 00 04 6D F5 00 04 D8 EF 20 0A C1 1D 00 01 00 01 00 04 6D F5 00 04 D8 EF 22 0A C1 53 00 01 00 01 00 04 6D F5 00 04 D8 EF 24 0A C1 2F 00 01 00 01 00 04 6D F5 00 04 D8 EF 26 0A
45 00 00 39 FC AD 40 00 40 11 74 27 93 20 53 35 93 20 50 69 28 DE 00 35 00 25 CA 15 54 59 01 00 00 01 00 00 00 00 00 00 03 77 77 77 03 61 6D 73 03 6F 72 67 00 00 01 00 01
45 00 00 BF 11 1B 00 00 40 11 9F 34 93 20 50 69 93 20 53 35 00 35 28 DE 00 AB DB 49 54 59 81 80 00 01 00 02 00 03 00 03 03 77 77 77 03 61 6D 73 03 6F 72 67 00 00 01 00 01 C0 0C 00 01 00 01 00 00 00 1E 00 04 B8 B4 0D 26 C0 0C 00 01 00 01 00 00 00 1E 00 04 82 2C C2 64 C0 10 00 02 00 01 00 00 00 1E 00 06 03 6E 73 31 C0 10 C0 10 00 02 00 01 00 00 00 1E 00 06 03 6E 73 33 C0 10 C0 10 00 02 00 01 00 00 00 1E 00 06 03 6E 73 32 C0 10 C0 49 00 01 00 01 00 01 2D BB 00 04 82 2C D2 82 C0 6D 00 01 00 01 00 01 2D BB 00 04 B8 B4 0D 22 C0 5B 00 01 00 01 00 01 2D BB 00 04 CF 6A BC 23
45 00 00 3C 3A 45 40 00 40 11 36 8D 93 20 53 35 93 20 50 69 55 8A 00 35 00 28 CA 18 B4 00 01 00 00 01 00 00 00 00 00 00 03 77 77 77 06 67 6F 6F 67 6C 65 03 63 6F 6D 00 00 01 00 01
45 00 00 3D 3A 45 40 00 40 11 36 8C 93 20 53 35 93 20 50 69 47 E1 00 35 00 29 CA 19 85 36 01 00 00 01 00 00 00 00 00 00 03 77 77 77 07 67 73 74 61 74 69 63 03 63 6F 6D 00 00 01 00 01
45 00 01 14 14 2F 00 00 40 11 9B CB 93 20 50 69 93 20 53 35 00 35 55 8A 01 00 0C 27 B4 00 81 80 00 01 00 05 00 04 00 04 03 77 77 77 06 67 6F 6F 67 6C 65 03 63 6F 6D 00 00 01 00 01 C0 0C 00 01 00 01 00 00 00 C6 00 04 AD C2 71 B0 C0 0C 00 01 00 01 00 00 00 C6 00 04 AD C2 71 B2 C0 0C 00 01 00 01 00 00 00 C6 00 04 AD C2 71 B3 C0 0C 00 01 00 01 00 00 00 C6 00 04 AD C2 71 B1 C0 0C 00 01 00 01 00 00 00 C6 00 04 AD C2 71 B4 C0 10 00 02 00 01 00 01 CA 79 00 06 03 6E 73 34 C0 10 C0 10 00 02 00 01 00 01 CA 79 00 06 03 6E 73 32 C0 10 C0 10 00 02 00 01 00 01 CA 79 00 06 03 6E 73 33 C0 10 C0 10 00 02 00 01 00 01 CA 79 00 06 03 6E 73 31 C0 10 C0 B2 00 01 00 01 00 04 6D 79 00 04 D8 EF 20 0A C0 8E 00 01 00 01 00 04 6D 79 00 04 D8 EF 22 0A C0 A0 00 01 00 01 00 04 6D 79 00 04 D8 EF 24 0A C0 7C 00 01 00 01 00 04 6D 79 00 04 D8 EF 26 0A
45 00 00 DC 14 31 00 00 40 11 9C 01 93 20 50 69 93 20 53 35 00 35 47 E1 00 C8 34 73 85 36 81 80 00 01 00 01 00 04 00 04 03 77 77 77 07 67 73 74 61 74 69 63 03 63 6F 6D 00 00 01 00 01 C0 0C 00 01 00 01 00 00 01 2C 00 04 AD C2 23 4F C0 10 00 02 00 01 00 01 CA 79 00 0D 03 6E 73 32 06 67 6F 6F 67 6C 65 C0 18 C0 10 00 02 00 01 00 01 CA 79 00 06 03 6E 73 31 C0 41 C0 10 00 02 00 01 00 01 CA 79 00 06 03 6E 73 33 C0 41 C0 10 00 02 00 01 00 01 CA 79 00 06 03 6E 73 34 C0 41 C0 56 00 01 00 01 00 04 6D 79 00 04 D8 EF 20 0A C0 3D 00 01 00 01 00 04 6D 79 00 04 D8 EF 22 0A C0 68 00 01 00 01 00 04 6D 79 00 04 D8 EF 24 0A C0 7A 00 01 00 01 00 04 6D 79 00 04 D8 EF 26 0A
45 00 00 3D 3A 66 40 00 40 11 36 6B 93 20 53 35 93 20 50 69 70 F8 00 35 00 29 CA 19 A9 33 01 00 00 01 00 00 00 00 00 00 03 77 77 77 02 63 73 04 64 75 6B 65 03 65 64 75 00 00 01 00 01
45 00 00 F7 14 4B 00 00 40 11 9B CC 93 20 50 69 93 20 53 35 00 35 70 F8 00 E3 2C 9B A9 33 81 80 00 01 00 02 00 06 00 01 03 77 77 77 02 63 73 04 64 75 6B 65 03 65 64 75 00 00 01 00 01 C0 0C 00 05 00 01 00 01 51 80 00 0A 07 70 72 6F 70 68 65 74 C0 10 C0 2D 00 01 00 01 00 01 51 80 00 04 98 03 8C 05 C0 10 00 02 00 01 00 00 54 5F 00 12 08 61 75 74 68 64 6E 73 33 06 6E 65 74 63 6F 6D C0 13 C0 10 00 02 00 01 00 00 54 5F 00 07 04 64 75 6B 65 C0 10 C0 10 00 02 00 01 00 00 54 5F 00 0B 08 61 75 74 68 64 6E 73 31 C0 5C C0 10 00 02 00 01 00 00 54 5F 00 0B 08 61 75 74 68 64 6E 73 34 C0 5C C0 10 00 02 00 01 00 00 54 5F 00 02 C0 2D C0 10 00 02 00 01 00 00 54 5F 00 0B 08 61 75 74 68 64 6E 73 32 C0 5C C0 71 00 01 00 01 00 00 54 5F 00 04 98 03 8C 01
45 00 00 40 3B E8 40 00 40 11 34 E6 93 20 53 35 93 20 50 69 07 E1 00 35 00 2C CA 1C 67 48 01 00 00 01 00 00 00 00 00 00 03 77 77 77 0A 72 2D 62 6C 6F 67 67 65 72 73 03 63 6F 6D 00 00 01 00 01
45 00 00 EC 28 F2 00 00 40 11 87 30 93 20 50 69 93 20 53 35 00 35 07 E1 00 D8 32 D9 67 48 81 80 00 01 00 02 00 02 00 04 03 77 77 77 0A 72 2D 62 6C 6F 67 67 65 72 73 03 63 6F 6D 00 00 01 00 01 C0 0C 00 01 00 01 00 00 01 2C 00 04 6C A2 C4 EF C0 0C 00 01 00 01 00 00 01 2C 00 04 6C A2 C5 EF C0 10 00 02 00 01 00 02 6E 27 00 15 04 77 69 6C 6C 02 6E 73 0A 63 6C 6F 75 64 66 6C 61 72 65 C0 1B C0 10 00 02 00 01 00 02 6E 27 00 07 04 64 6F 72 61 C0 55 C0 71 00 01 00 01 00 02 69 77 00 04 AD F5 3A 6C C0 71 00 1C 00 01 00 02 69 77 00 10 24 00 CB 00 20 49 00 01 00 00 00 00 AD F5 3A 6C C0 50 00 01 00 01 00 02 6E 27 00 04 AD F5 3B 95 C0 50 00 1C 00 01 00 02 6E 27 00 10 24 00 CB 00 20 49 00 01 00 00 00 00 AD F5 3B 95
45 00 00 3F 42 B3 40 00 40 11 2E 1C 93 20 53 35 93 20 50 69 52 11 00 35 00 2B CA 1B 25 E1 01 00 00 01 00 00 00 00 00 00 03 77 77 77 06 67 6F 6F 67 6C 65 03 63 6F 6D 02 61 72 00 00 01 00 01
45 00 01 01 29 74 00 00 40 11 86 99 93 20 50 69 93 20 53 35 00 35 52 11 00 ED F8 E0 25 E1 81 80 00 01 00 03 00 04 00 04 03 77 77 77 06 67 6F 6F 67 6C 65 03 63 6F 6D 02 61 72 00 00 01 00 01 C0 0C 00 01 00 01 00 00 01 2C 00 04 AD C2 71 B7 C0 0C 00 01 00 01 00 00 01 2C 00 04 AD C2 71 B8 C0 0C 00 01 00 01 00 00 01 2C 00 04 AD C2 71 BF C0 10 00 02 00 01 00 00 04 A1 00 10 03 6E 73 32 06 67 6F 6F 67 6C 65 03 63 6F 6D 00 C0 10 00 02 00 01 00 00 04 A1 00 06 03 6E 73 31 C0 63 C0 10 00 02 00 01 00 00 04 A1 00 06 03 6E 73 34 C0 63 C0 10 00 02 00 01 00 00 04 A1 00 06 03 6E 73 33 C0 63 C0 7B 00 01 00 01 00 04 6C 6A 00 04 D8 EF 20 0A C0 5F 00 01 00 01 00 04 6C 6A 00 04 D8 EF 22 0A C0 9F 00 01 00 01 00 04 6C 6A 00 04 D8 EF 24 0A C0 8D 00 01 00 01 00 04 6C 6A 00 04 D8 EF 26 0A
45 00 00 3C 43 DF 40 00 40 11 2C F3 93 20 53 35 93 20 50 69 18 45 00 35 00 28 CA 18 49 DE 01 00 00 01 00 00 00 00 00 00 07 73 6D 2D 70 72 6F 64 03 61 6E 79 02 64 6F 00 00 01 00 01
45 00 01 DD 29 85 00 00 40 11 85 AC 93 20 50 69 93 20 53 35 00 35 18 45 01 C9 FF 76 49 DE 81 80 00 01 00 03 00 08 00 08 07 73 6D 2D 70 72 6F 64 03 61 6E 79 02 64 6F 00 00 01 00 01 C0 0C 00 05 00 01 00 00 07 0B 00 1E 07 73 6D 2D 70 72 6F 64 10 65 6C 61 73 74 69 63 62 65 61 6E 73 74 61 6C 6B 03 63 6F 6D 00 C0 2C 00 05 00 01 00 00 00 3C 00 33 18 61 77 73 65 62 2D 73 6D 2D 70 72 6F 64 33 2D 37 38 33 30 34 30 38 35 37 09 75 73 2D 65 61 73 74 2D 31 03 65 6C 62 09 61 6D 61 7A 6F 6E 61 77 73 C0 45 C0 56 00 01 00 01 00 00 00 3C 00 04 36 F3 98 ED C0 56 00 02 00 01 00 00 07 08 00 09 06 6E 73 2D 39 31 36 C0 7D C0 56 00 02 00 01 00 00 07 08 00 09 06 6E 73 2D 39 33 34 C0 7D C0 56 00 02 00 01 00 00 07 08 00 09 06 6E 73 2D 39 33 35 C0 7D C0 56 00 02 00 01 00 00 07 08 00 09 06 6E 73 2D 39 34 31 C0 7D C0 56 00 02 00 01 00 00 07 08 00 09 06 6E 73 2D 39 34 37 C0 7D C0 56 00 02 00 01 00 00 07 08 00 09 06 6E 73 2D 39 32 35 C0 7D C0 56 00 02 00 01 00 00 07 08 00 09 06 6E 73 2D 39 34 34 C0 7D C0 56 00 02 00 01 00 00 07 08 00 09 06 6E 73 2D 39 32 37 C0 7D C0 A5 00 01 00 01 00 00 02 21 00 04 CF AB B2 07 C1 0E 00 01 00 01 00 00 02 53 00 04 48 15 D0 D5 C1 38 00 01 00 01 00 00 02 53 00 04 48 15 CC D1 C0 BA 00 01 00 01 00 00 02 53 00 04 57 EE 54 D7 C0 CF 00 01 00 01 00 00 02 53 00 04 57 EE 50 D5 C0 E4 00 01 00 01 00 00 04 92 00 04 CC F6 A0 05 C1 23 00 01 00 01 00 00 37 80 00 04 CD FB E4 06 C0 F9 00 01 00 01 00 00 02 53 00 04 CC F6 A2 0A
45 00 00 3D 5C D0 40 00 40 11 14 01 93 20 53 35 93 20 50 69 7C CF 00 35 00 29 CA 19 08 7B 01 00 00 01 00 00 00 00 00 00 04 61 70 69 73 06 67 6F 6F 67 6C 65 03 63 6F 6D 00 00 01 00 01
45 00 00 3E 5C D0 40 00 40 11 14 00 93 20 53 35 93 20 50 69 60 88 00 35 00 2A CA 1A AD 13 01 00 00 01 00 00 00 00 00 00 02 69 64 06 67 6F 6F 67 6C 65 03 63 6F 6D 02 61 72 00 00 01 00 01
45 00 00 3D 5C D0 40 00 40 11 14 01 93 20 53 35 93 20 50 69 3B 22 00 35 00 29 CA 19 3E 6A 01 00 00 01 00 00 00 00 00 00 03 73 73 6C 07 67 73 74 61 74 69 63 03 63 6F 6D 00 00 01 00 01
45 00 00 3C 5C D0 40 00 40 11 14 02 93 20 53 35 93 20 50 69 A0 C3 00 35 00 28 CA 18 B9 FF 01 00 00 01 00 00 00 00 00 00 03 77 77 77 06 67 6F 6F 67 6C 65 03 63 6F 6D 00 00 01 00 01
45 00 00 DC 2A C4 00 00 40 11 85 6E 93 20 50 69 93 20 53 35 00 35 3B 22 00 C8 B2 35 3E 6A 81 80 00 01 00 01 00 04 00 04 03 73 73 6C 07 67 73 74 61 74 69 63 03 63 6F 6D 00 00 01 00 01 C0 0C 00 01 00 01 00 00 00 38 00 04 AD C2 23 4F C0 10 00 02 00 01 00 01 C9 4F 00 0D 03 6E 73 32 06 67 6F 6F 67 6C 65 C0 18 C0 10 00 02 00 01 00 01 C9 4F 00 06 03 6E 73 31 C0 41 C0 10 00 02 00 01 00 01 C9 4F 00 06 03 6E 73 34 C0 41 C0 10 00 02 00 01 00 01 C9 4F 00 06 03 6E 73 33 C0 41 C0 56 00 01 00 01 00 04 6C 4F 00 04 D8 EF 20 0A C0 3D 00 01 00 01 00 04 6C 4F 00 04 D8 EF 22 0A C0 7A 00 01 00 01 00 04 6C 4F 00 04 D8 EF 24 0A C0 68 00 01 00 01 00 04 6C 4F 00 04 D8 EF 26 0A
45 00 01 14 2A C5 00 00 40 11 85 35 93 20 50 69 93 20 53 35 00 35 A0 C3 01 00 C3 35 B9 FF 81 80 00 01 00 05 00 04 00 04 03 77 77 77 06 67 6F 6F 67 6C 65 03 63 6F 6D 00 00 01 00 01 C0 0C 00 01 00 01 00 00 00 FB 00 04 AD C2 71 B3 C0 0C 00 01 00 01 00 00 00 FB 00 04 AD C2 71 B4 C0 0C 00 01 00 01 00 00 00 FB 00 04 AD C2 71 B0 C0 0C 00 01 00 01 00 00 00 FB 00 04 AD C2 71 B2 C0 0C 00 01 00 01 00 00 00 FB 00 04 AD C2 71 B1 C0 10 00 02 00 01 00 01 C9 4F 00 06 03 6E 73 31 C0 10 C0 10 00 02 00 01 00 01 C9 4F 00 06 03 6E 73 32 C0 10 C0 10 00 02 00 01 00 01 C9 4F 00 06 03 6E 73 34 C0 10 C0 10 00 02 00 01 00 01 C9 4F 00 06 03 6E 73 33 C0 10 C0 7C 00 01 00 01 00 04 6C 4F 00 04 D8 EF 20 0A C0 8E 00 01 00 01 00 04 6C 4F 00 04 D8 EF 22 0A C0 B2 00 01 00 01 00 04 6C 4F 00 04 D8 EF 24 0A C0 A0 00 01 00 01 00 04 6C 4F 00 04 D8 EF 26 0A
45 00 01 CA 2A C6 00 00 40 11 84 7E 93 20 50 69 93 20 53 35 00 35 7C CF 01 B6 83 61 08 7B 81 80 00 01 00 10 00 04 00 04 04 61 70 69 73 06 67 6F 6F 67 6C 65 03 63 6F 6D 00 00 01 00 01 C0 0C 00 05 00 01 00 08 64 36 00 09 04 70 6C 75 73 01 6C C0 11 C0 2D 00 01 00 01 00 00 01 2C 00 04 C3 71 D6 E6 C0 2D 00 01 00 01 00 00 01 2C 00 04 C3 71 D6 DD C0 2D 00 01 00 01 00 00 01 2C 00 04 C3 71 D6 F5 C0 2D 00 01 00 01 00 00 01 2C 00 04 C3 71 D6 D7 C0 2D 00 01 00 01 00 00 01 2C 00 04 C3 71 D6 EA C0 2D 00 01 00 01 00 00 01 2C 00 04 C3 71 D6 FB C0 2D 00 01 00 01 00 00 01 2C 00 04 C3 71 D6 F9 C0 2D 00 01 00 01 00 00 01 2C 00 04 C3 71 D6 F1 C0 2D 00 01 00 01 00 00 01 2C 00 04 C3 71 D6 ED C0 2D 00 01 00 01 00 00 01 2C 00 04 C3 71 D6 DB C0 2D 00 01 00 01 00 00 01 2C 00 04 C3 71 D6 DE C0 2D 00 01 00 01 00 00 01 2C 00 04 C3 71 D6 CF C0 2D 00 01 00 01 00 00 01 2C 00 04 C3 71 D6 EC C0 2D 00 01 00 01 00 00 01 2C 00 04 C3 71 D6 D3 C0 2D 00 01 00 01 00 00 01 2C 00 04 C3 71 D6 E2 C0 11 00 02 00 01 00 01 C9 4F 00 06 03 6E 73 34 C0 11 C0 11 00 02 00 01 00 01 C9 4F 00 06 03 6E 73 33 C0 11 C0 11 00 02 00 01 00 01 C9 4F 00 06 03 6E 73 32 C0 11 C0 11 00 02 00 01 00 01 C9 4F 00 06 03 6E 73 31 C0 11 C1 68 00 01 00 01 00 04 6C 4F 00 04 D8 EF 20 0A C1 56 00 01 00 01 00 04 6C 4F 00 04 D8 EF 22 0A C1 44 00 01 00 01 00 04 6C 4F 00 04 D8 EF 24 0A C1 32 00 01 00 01 00 04 6C 4F 00 04 D8 EF 26 0A
45 00 01 D3 2A C7 00 00 40 11 84 74 93 20 50 69 93 20 53 35 00 35 60 88 01 BF 72 43 AD 13 81 80 00 01 00 10 00 04 00 04 02 69 64 06 67 6F 6F 67 6C 65 03 63 6F 6D 02 61 72 00 00 01 00 01 C0 0C 00 05 00 01 00 01 4F 59 00 11 02 69 64 01 6C 06 67 6F 6F 67 6C 65 03 63 6F 6D 00 C0 2E 00 01 00 01 00 00 01 2C 00 04 C3 71 D6 DB C0 2E 00 01 00 01 00 00 01 2C 00 04 C3 71 D6 D7 C0 2E 00 01 00 01 00 00 01 2C 00 04 C3 71 D6 E6 C0 2E 00 01 00 01 00 00 01 2C 00 04 C3 71 D6 FB C0 2E 00 01 00 01 00 00 01 2C 00 04 C3 71 D6 F9 C0 2E 00 01 00 01 00 00 01 2C 00 04 C3 71 D6 F1 C0 2E 00 01 00 01 00 00 01 2C 00 04 C3 71 D6 EC C0 2E 00 01 00 01 00 00 01 2C 00 04 C3 71 D6 D3 C0 2E 00 01 00 01 00 00 01 2C 00 04 C3 71 D6 CF C0 2E 00 01 00 01 00 00 01 2C 00 04 C3 71 D6 DD C0 2E 00 01 00 01 00 00 01 2C 00 04 C3 71 D6 ED C0 2E 00 01 00 01 00 00 01 2C 00 04 C3 71 D6 DE C0 2E 00 01 00 01 00 00 01 2C 00 04 C3 71 D6 E2 C0 2E 00 01 00 01 00 00 01 2C 00 04 C3 71 D6 EA C0 2E 00 01 00 01 00 00 01 2C 00 04 C3 71 D6 F5 C0 33 00 02 00 01 00 01 C9 4F 00 06 03 6E 73 34 C0 33 C0 33 00 02 00 01 00 01 C9 4F 00 06 03 6E 73 32 C0 33 C0 33 00 02 00 01 00 01 C9 4F 00 06 03 6E 73 33 C0 33 C0 33 00 02 00 01 00 01 C9 4F 00 06 03 6E 73 31 C0 33 C1 71 00 01 00 01 00 04 6C 4F 00 04 D8 EF 20 0A C1 4D 00 01 00 01 00 04 6C 4F 00 04 D8 EF 22 0A C1 5F 00 01 00 01 00 04 6C 4F 00 04 D8 EF 24 0A C1 3B 00 01 00 01 00 04 6C 4F 00 04 D8 EF 26 0A
45 00 00 44 5C F2 40 00 40 11 13 D8 93 20 53 35 93 20 50 69 77 09 00 35 00 30 CA 20 13 6F 01 00 00 01 00 00 00 00 00 00 03 77 77 77 02 63 73 06 68 75 6E 74 65 72 04 63 75 6E 79 03 65 64 75 00 00 01 00 01
45 00 01 08 2A CE 00 00 40 11 85 38 93 20 50 69 93 20 53 35 00 35 77 09 00 F4 DF E1 13 6F 81 80 00 01 00 02 00 04 00 04 03 77 77 77 02 63 73 06 68 75 6E 74 65 72 04 63 75 6E 79 03 65 64 75 00 00 01 00 01 C0 0C 00 05 00 01 00 00 1C 20 00 0A 07 63 6F 6D 70 73 63 69 C0 13 C0 34 00 01 00 01 00 00 1C 20 00 04 92 5F 82 26 C0 13 00 02 00 01 00 00 1C 20 00 13 07 65 78 74 2D 6E 73 31 08 63 6F 6C 75 6D 62 69 61 C0 1F C0 13 00 02 00 01 00 00 1C 20 00 0A 07 63 6E 2D 6D 61 69 6E C0 13 C0 13 00 02 00 01 00 00 1C 20 00 0B 04 61 63 6D 65 03 75 63 63 C0 1A C0 13 00 02 00 01 00 00 1C 20 00 06 03 6E 73 32 C0 13 C0 A6 00 01 00 01 00 00 1C 20 00 04 92 5F 01 11 C0 8F 00 01 00 01 00 02 A3 00 00 04 80 E4 01 0A C0 79 00 01 00 01 00 00 1C 20 00 04 92 5F 01 0C C0 5A 00 01 00 01 00 02 A2 2E 00 04 80 3B 01 01
45 00 00 3D 6B CF 40 00 40 11 05 02 93 20 53 35 93 20 50 69 71 06 00 35 00 29 CA 19 8A 2C 01 00 00 01 00 00 00 00 00 00 04 70 6C 75 73 06 67 6F 6F 67 6C 65 03 63 6F 6D 00 00 01 00 01
45 00 01 B5 42 BD 00 00 40 11 6C 9C 93 20 50 69 93 20 53 35 00 35 71 06 01 A1 A7 D9 8A 2C 81 80 00 01 00 0F 00 04 00 04 04 70 6C 75 73 06 67 6F 6F 67 6C 65 03 63 6F 6D 00 00 01 00 01 C0 0C 00 01 00 01 00 00 01 14 00 04 C3 71 D6 F9 C0 0C 00 01 00 01 00 00 01 14 00 04 C3 71 D6 D3 C0 0C 00 01 00 01 00 00 01 14 00 04 C3 71 D6 E6 C0 0C 00 01 00 01 00 00 01 14 00 04 C3 71 D6 DB C0 0C 00 01 00 01 00 00 01 14 00 04 C3 71 D6 EA C0 0C 00 01 00 01 00 00 01 14 00 04 C3 71 D6 F1 C0 0C 00 01 00 01 00 00 01 14 00 04 C3 71 D6 FB C0 0C 00 01 00 01 00 00 01 14 00 04 C3 71 D6 DE C0 0C 00 01 00 01 00 00 01 14 00 04 C3 71 D6 F5 C0 0C 00 01 00 01 00 00 01 14 00 04 C3 71 D6 ED C0 0C 00 01 00 01 00 00 01 14 00 04 C3 71 D6 E2 C0 0C 00 01 00 01 00 00 01 14 00 04 C3 71 D6 EC C0 0C 00 01 00 01 00 00 01 14 00 04 C3 71 D6 CF C0 0C 00 01 00 01 00 00 01 14 00 04 C3 71 D6 DD C0 0C 00 01 00 01 00 00 01 14 00 04 C3 71 D6 D7 C0 11 00 02 00 01 00 01 C8 3A 00 06 03 6E 73 31 C0 11 C0 11 00 02 00 01 00 01 C8 3A 00 06 03 6E 73 32 C0 11 C0 11 00 02 00 01 00 01 C8 3A 00 06 03 6E 73 34 C0 11 C0 11 00 02 00 01 00 01 C8 3A 00 06 03 6E 73 33 C0 11 C1 1D 00 01 00 01 00 04 6B 3A 00 04 D8 EF 20 0A C1 2F 00 01 00 01 00 04 6B 3A 00 04 D8 EF 22 0A C1 53 00 01 00 01 00 04 6B 3A 00 04 D8 EF 24 0A C1 41 00 01 00 01 00 04 6B 3A 00 04 D8 EF 26 0A
45 00 00 44 EA C0 40 00 40 11 86 09 93 20 53 35 93 20 50 69 95 C5 00 35 00 30 CA 20 87 59 01 00 00 01 00 00 00 00 00 00 09 53 75 70 65 72 4E 6F 76 61 04 66 65 6C 6B 04 63 76 75 74 02 63 7A 00 00 1C 00 01
45 00 00 76 4A 74 00 00 40 11 66 24 93 20 50 69 93 20 53 35 00 35 95 C5 00 62 A6 42 87 59 85 83 00 01 00 00 00 01 00 00 09 53 75 70 65 72 4E 6F 76 61 04 66 65 6C 6B 04 63 76 75 74 02 63 7A 00 00 1C 00 01 C0 16 00 06 00 01 00 00 0E 10 00 26 02 6E 73 C0 16 0A 68 6F 73 74 6D 61 73 74 65 72 C0 16 77 FD 7E 86 00 00 54 60 00 00 0E 10 00 12 75 00 00 00 0E 10
45 00 00 37 EA C0 40 00 40 11 86 16 93 20 53 35 93 20 50 69 E4 1B 00 35 00 23 CA 13 3F E4 01 00 00 01 00 00 00 00 00 00 09 53 75 70 65 72 4E 6F 76 61 00 00 1C 00 01
45 00 00 82 4A 75 00 00 40 11 66 17 93 20 50 69 93 20 53 35 00 35 E4 1B 00 6E 42 15 3F E4 81 83 00 01 00 00 00 01 00 00 09 53 75 70 65 72 4E 6F 76 61 00 00 1C 00 01 00 00 06 00 01 00 00 23 28 00 40 01 61 0C 72 6F 6F 74 2D 73 65 72 76 65 72 73 03 6E 65 74 00 05 6E 73 74 6C 64 0C 76 65 72 69 73 69 67 6E 2D 67 72 73 03 63 6F 6D 00 77 FD 80 14 00 00 07 08 00 00 03 84 00 09 3A 80 00 01 51 80
45 00 00 3E 05 16 40 00 40 11 6B BA 93 20 53 35 93 20 50 69 EA B4 00 35 00 2A CA 1A 5D D1 01 00 00 01 00 00 00 00 00 00 03 77 77 77 08 6D 65 6E 64 65 6C 65 79 03 63 6F 6D 00 00 01 00 01
45 00 00 3E 05 17 40 00 40 11 6B B9 93 20 53 35 93 20 50 69 EA B4 00 35 00 2A CA 1A B3 2A 01 00 00 01 00 00 00 00 00 00 03 77 77 77 08 6D 65 6E 64 65 6C 65 79 03 63 6F 6D 00 00 1C 00 01
45 00 00 8A 4C 86 00 00 40 11 63 FE 93 20 50 69 93 20 53 35 00 35 EA B4 00 76 05 08 B3 2A 81 80 00 01 00 01 00 01 00 00 03 77 77 77 08 6D 65 6E 64 65 6C 65 79 03 63 6F 6D 00 00 1C 00 01 C0 0C 00 05 00 01 00 00 0D 6D 00 02 C0 10 C0 10 00 06 00 01 00 00 02 E1 00 32 06 6E 73 2D 32 32 37 09 61 77 73 64 6E 73 2D 32 38 C0 19 08 73 79 73 61 64 6D 69 6E C0 10 77 DF 44 A1 00 00 1C 20 00 00 03 84 00 12 75 00 00 01 51 80
45 00 01 45 4C 87 00 00 40 11 63 42 93 20 50 69 93 20 53 35 00 35 EA B4 01 31 F3 BD 5D D1 81 80 00 01 00 04 00 04 00 04 03 77 77 77 08 6D 65 6E 64 65 6C 65 79 03 63 6F 6D 00 00 01 00 01 C0 0C 00 05 00 01 00 00 0D 6D 00 02 C0 10 C0 10 00 01 00 01 00 00 0D 6D 00 04 50 40 31 0B C0 10 00 01 00 01 00 00 0D 6D 00 04 50 40 31 0C C0 10 00 01 00 01 00 00 0D 6D 00 04 50 40 31 0A C0 10 00 02 00 01 00 02 4E 08 00 17 07 6E 73 2D 31 31 33 31 09 61 77 73 64 6E 73 2D 31 33 03 6F 72 67 00 C0 10 00 02 00 01 00 02 4E 08 00 13 06 6E 73 2D 32 32 37 09 61 77 73 64 6E 73 2D 32 38 C0 19 C0 10 00 02 00 01 00 02 4E 08 00 16 06 6E 73 2D 39 39 33 09 61 77 73 64 6E 73 2D 36 30 03 6E 65 74 00 C0 10 00 02 00 01 00 02 4E 08 00 19 07 6E 73 2D 31 38 30 38 09 61 77 73 64 6E 73 2D 33 34 02 63 6F 02 75 6B 00 C0 8F 00 01 00 01 00 02 4E 08 00 04 CD FB C0 E3 C0 AE 00 01 00 01 00 02 4E 08 00 04 CD FB C3 E1 C0 6C 00 01 00 01 00 02 4E 08 00 04 CD FB C4 6B C0 D0 00 01 00 01 00 02 4E 08 00 04 CD FB C7 10
45 00 00 4B 06 62 40 00 40 11 6A 61 93 20 53 35 93 20 50 69 9C C2 00 35 00 37 CA 27 74 47 01 00 00 01 00 00 00 00 00 00 0E 64 33 66 69 6C 64 67 33 6A 6C 63 76 74 79 0A 63 6C 6F 75 64 66 72 6F 6E 74 03 6E 65 74 00 00 01 00 01
45 00 00 4B 06 63 40 00 40 11 6A 60 93 20 53 35 93 20 50 69 9C C2 00 35 00 37 CA 27 39 64 01 00 00 01 00 00 00 00 00 00 0E 64 33 66 69 6C 64 67 33 6A 6C 63 76 74 79 0A 63 6C 6F 75 64 66 72 6F 6E 74 03 6E 65 74 00 00 1C 00 01
45 00 00 41 06 62 40 00 40 11 6A 6B 93 20 53 35 93 20 50 69 92 8A 00 35 00 2D CA 1D 8E 96 01 00 00 01 00 00 00 00 00 00 04 61 6A 61 78 0A 67 6F 6F 67 6C 65 61 70 69 73 03 63 6F 6D 00 00 01 00 01
45 00 00 41 06 63 40 00 40 11 6A 6A 93 20 53 35 93 20 50 69 92 8A 00 35 00 2D CA 1D 0E B5 01 00 00 01 00 00 00 00 00 00 04 61 6A 61 78 0A 67 6F 6F 67 6C 65 61 70 69 73 03 63 6F 6D 00 00 1C 00 01
45 00 01 07 4C B4 00 00 40 11 63 53 93 20 50 69 93 20 53 35 00 35 92 8A 00 F3 20 2D 0E B5 81 80 00 01 00 02 00 04 00 04 04 61 6A 61 78 0A 67 6F 6F 67 6C 65 61 70 69 73 03 63 6F 6D 00 00 1C 00 01 C0 0C 00 05 00 01 00 00 01 34 00 16 0A 67 6F 6F 67 6C 65 61 70 69 73 01 6C 06 67 6F 6F 67 6C 65 C0 1C C0 31 00 1C 00 01 00 00 00 D6 00 10 2A 00 14 50 40 01 0C 02 00 00 00 00 00 00 00 5F C0 3E 00 02 00 01 00 01 C7 9B 00 06 03 6E 73 33 C0 3E C0 3E 00 02 00 01 00 01 C7 9B 00 06 03 6E 73 34 C0 3E C0 3E 00 02 00 01 00 01 C7 9B 00 06 03 6E 73 32 C0 3E C0 3E 00 02 00 01 00 01 C7 9B 00 06 03 6E 73 31 C0 3E C0 A5 00 01 00 01 00 04 6A 9B 00 04 D8 EF 20 0A C0 93 00 01 00 01 00 04 6A 9B 00 04 D8 EF 22 0A C0 6F 00 01 00 01 00 04 6A 9B 00 04 D8 EF 24 0A C0 81 00 01 00 01 00 04 6A 9B 00 04 D8 EF 26 0A
45 00 00 FB 4C B6 00 00 40 11 63 5D 93 20 50 69 93 20 53 35 00 35 92 8A 00 E7 4C FA 8E 96 81 80 00 01 00 02 00 04 00 04 04 61 6A 61 78 0A 67 6F 6F 67 6C 65 61 70 69 73 03 63 6F 6D 00 00 01 00 01 C0 0C 00 05 00 01 00 00 01 34 00 16 0A 67 6F 6F 67 6C 65 61 70 69 73 01 6C 06 67 6F 6F 67 6C 65 C0 1C C0 31 00 01 00 01 00 00 01 2C 00 04 AD C2 46 5F C0 3E 00 02 00 01 00 01 C7 9B 00 06 03 6E 73 31 C0 3E C0 3E 00 02 00 01 00 01 C7 9B 00 06 03 6E 73 34 C0 3E C0 3E 00 02 00 01 00 01 C7 9B 00 06 03 6E 73 33 C0 3E C0 3E 00 02 00 01 00 01 C7 9B 00 06 03 6E 73 32 C0 3E C0 63 00 01 00 01 00 04 6A 9B 00 04 D8 EF 20 0A C0 99 00 01 00 01 00 04 6A 9B 00 04 D8 EF 22 0A C0 87 00 01 00 01 00 04 6A 9B 00 04 D8 EF 24 0A C0 75 00 01 00 01 00 04 6A 9B 00 04 D8 EF 26 0A
45 00 00 80 4C BF 00 00 40 11 63 CF 93 20 50 69 93 20 53 35 00 35 9C C2 00 6C DC 4D 39 64 81 80 00 01 00 00 00 01 00 00 0E 64 33 66 69 6C 64 67 33 6A 6C 63 76 74 79 0A 63 6C 6F 75 64 66 72 6F 6E 74 03 6E 65 74 00 00 1C 00 01 C0 1B 00 06 00 01 00 00 00 3C 00 29 05 6E 73 2D 30 31 C0 1B 0A 68 6F 73 74 6D 61 73 74 65 72 C0 1B 52 1B D7 2E 00 00 40 00 00 00 08 00 00 10 00 00 00 00 00 3C
45 00 01 89 4C C0 00 00 40 11 62 C5 93 20 50 69 93 20 53 35 00 35 9C C2 01 75 6E CF 74 47 81 80 00 01 00 08 00 04 00 04 0E 64 33 66 69 6C 64 67 33 6A 6C 63 76 74 79 0A 63 6C 6F 75 64 66 72 6F 6E 74 03 6E 65 74 00 00 01 00 01 C0 0C 00 01 00 01 00 00 00 3C 00 04 36 E6 08 9D C0 0C 00 01 00 01 00 00 00 3C 00 04 36 E6 0A A7 C0 0C 00 01 00 01 00 00 00 3C 00 04 36 E6 09 C4 C0 0C 00 01 00 01 00 00 00 3C 00 04 36 E6 08 02 C0 0C 00 01 00 01 00 00 00 3C 00 04 36 E6 0A 4F C0 0C 00 01 00 01 00 00 00 3C 00 04 36 E6 0A 91 C0 0C 00 01 00 01 00 00 00 3C 00 04 36 E6 08 D0 C0 0C 00 01 00 01 00 00 00 3C 00 04 36 E6 0A A3 C0 1B 00 02 00 01 00 00 03 F6 00 08 05 6E 73 2D 30 31 C0 1B C0 1B 00 02 00 01 00 00 03 F6 00 16 06 6E 73 2D 34 31 38 09 61 77 73 64 6E 73 2D 35 32 03 63 6F 6D 00 C0 1B 00 02 00 01 00 00 03 F6 00 19 07 6E 73 2D 31 35 39 37 09 61 77 73 64 6E 73 2D 30 37 02 63 6F 02 75 6B 00 C0 1B 00 02 00 01 00 00 03 F6 00 17 07 6E 73 2D 31 33 30 36 09 61 77 73 64 6E 73 2D 33 35 03 6F 72 67 00 C0 BB 00 01 00 01 00 02 4E 06 00 04 CF AB AA 01 C0 CF 00 01 00 01 00 02 51 22 00 04 CD FB C1 A2 C1 16 00 01 00 01 00 02 51 22 00 04 CD FB C5 1A C0 F1 00 01 00 01 00 02 51 22 00 04 CD FB C6 3D
45 00 00 46 07 1E 40 00 40 11 69 AA 93 20 53 35 93 20 50 69 8F EE 00 35 00 32 CA 22 A6 51 01 00 00 01 00 00 00 00 00 00 03 73 73 6C 10 67 6F 6F 67 6C 65 2D 61 6E 61 6C 79 74 69 63 73 03 63 6F 6D 00 00 01 00 01
45 00 00 46 07 1F 40 00 40 11 69 A9 93 20 53 35 93 20 50 69 8F EE 00 35 00 32 CA 22 40 EE 01 00 00 01 00 00 00 00 00 00 03 73 73 6C 10 67 6F 6F 67 6C 65 2D 61 6E 61 6C 79 74 69 63 73 03 63 6F 6D 00 00 1C 00 01
45 00 01 0A 4C CA 00 00 40 11 63 3A 93 20 50 69 93 20 53 35 00 35 8F EE 00 F6 68 37 A6 51 81 80 00 01 00 02 00 04 00 04 03 73 73 6C 10 67 6F 6F 67 6C 65 2D 61 6E 61 6C 79 74 69 63 73 03 63 6F 6D 00 00 01 00 01 C0 0C 00 05 00 01 00 01 05 E6 00 20 14 73 73 6C 2D 67 6F 6F 67 6C 65 2D 61 6E 61 6C 79 74 69 63 73 01 6C 06 67 6F 6F 67 6C 65 C0 21 C0 36 00 01 00 01 00 00 00 D6 00 04 AD C2 20 DE C0 4D 00 02 00 01 00 01 C7 9B 00 06 03 6E 73 32 C0 4D C0 4D 00 02 00 01 00 01 C7 9B 00 06 03 6E 73 34 C0 4D C0 4D 00 02 00 01 00 01 C7 9B 00 06 03 6E 73 33 C0 4D C0 4D 00 02 00 01 00 01 C7 9B 00 06 03 6E 73 31 C0 4D C0 A8 00 01 00 01 00 04 6A 9B 00 04 D8 EF 20 0A C0 72 00 01 00 01 00 04 6A 9B 00 04 D8 EF 22 0A C0 96 00 01 00 01 00 04 6A 9B 00 04 D8 EF 24 0A C0 84 00 01 00 01 00 04 6A 9B 00 04 D8 EF 26 0A
45 00 01 16 4C CB 00 00 40 11 63 2D 93 20 50 69 93 20 53 35 00 35 8F EE 01 02 05 3B 40 EE 81 80 00 01 00 02 00 04 00 04 03 73 73 6C 10 67 6F 6F 67 6C 65 2D 61 6E 61 6C 79 74 69 63 73 03 63 6F 6D 00 00 1C 00 01 C0 0C 00 05 00 01 00 01 05 E6 00 20 14 73 73 6C 2D 67 6F 6F 67 6C 65 2D 61 6E 61 6C 79 74 69 63 73 01 6C 06 67 6F 6F 67 6C 65 C0 21 C0 36 00 1C 00 01 00 00 00 D6 00 10 2A 00 14 50 40 08 08 00 00 00 00 00 00 00 10 1E C0 4D 00 02 00 01 00 01 C7 9B 00 06 03 6E 73 31 C0 4D C0 4D 00 02 00 01 00 01 C7 9B 00 06 03 6E 73 34 C0 4D C0 4D 00 02 00 01 00 01 C7 9B 00 06 03 6E 73 32 C0 4D C0 4D 00 02 00 01 00 01 C7 9B 00 06 03 6E 73 33 C0 4D C0 7E 00 01 00 01 00 04 6A 9B 00 04 D8 EF 20 0A C0 A2 00 01 00 01 00 04 6A 9B 00 04 D8 EF 22 0A C0 B4 00 01 00 01 00 04 6A 9B 00 04 D8 EF 24 0A C0 90 00 01 00 01 00 04 6A 9B 00 04 D8 EF 26 0A
45 00 00 3E D7 33 40 00 40 11 99 9C 93 20 53 35 93 20 50 69 84 80 00 35 00 2A CA 1A E6 B3 01 00 00 01 00 00 00 00 00 00 03 77 77 77 08 6D 65 6E 64 65 6C 65 79 03 63 6F 6D 00 00 01 00 01
45 00 00 3E D7 34 40 00 40 11 99 9B 93 20 53 35 93 20 50 69 84 80 00 35 00 2A CA 1A 8E 79 01 00 00 01 00 00 00 00 00 00 03 77 77 77 08 6D 65 6E 64 65 6C 65 79 03 63 6F 6D 00 00 1C 00 01
45 00 00 8A 5E A6 00 00 40 11 51 DE 93 20 50 69 93 20 53 35 00 35 84 80 00 76 91 9B 8E 79 81 80 00 01 00 01 00 01 00 00 03 77 77 77 08 6D 65 6E 64 65 6C 65 79 03 63 6F 6D 00 00 1C 00 01 C0 0C 00 05 00 01 00 00 0C 96 00 02 C0 10 C0 10 00 06 00 01 00 00 02 0A 00 32 06 6E 73 2D 32 32 37 09 61 77 73 64 6E 73 2D 32 38 C0 19 08 73 79 73 61 64 6D 69 6E C0 10 77 DF 44 A1 00 00 1C 20 00 00 03 84 00 12 75 00 00 01 51 80
45 00 01 45 5E A7 00 00 40 11 51 22 93 20 50 69 93 20 53 35 00 35 84 80 01 31 4F A8 E6 B3 81 80 00 01 00 04 00 04 00 04 03 77 77 77 08 6D 65 6E 64 65 6C 65 79 03 63 6F 6D 00 00 01 00 01 C0 0C 00 05 00 01 00 00 0C 96 00 02 C0 10 C0 10 00 01 00 01 00 00 0C 96 00 04 50 40 31 0C C0 10 00 01 00 01 00 00 0C 96 00 04 50 40 31 0B C0 10 00 01 00 01 00 00 0C 96 00 04 50 40 31 0A C0 10 00 02 00 01 00 02 4D 31 00 19 07 6E 73 2D 31 38 30 38 09 61 77 73 64 6E 73 2D 33 34 02 63 6F 02 75 6B 00 C0 10 00 02 00 01 00 02 4D 31 00 13 06 6E 73 2D 32 32 37 09 61 77 73 64 6E 73 2D 32 38 C0 19 C0 10 00 02 00 01 00 02 4D 31 00 17 07 6E 73 2D 31 31 33 31 09 61 77 73 64 6E 73 2D 31 33 03 6F 72 67 00 C0 10 00 02 00 01 00 02 4D 31 00 16 06 6E 73 2D 39 39 33 09 61 77 73 64 6E 73 2D 36 30 03 6E 65 74 00 C0 91 00 01 00 01 00 02 4D 31 00 04 CD FB C0 E3 C0 D3 00 01 00 01 00 02 4D 31 00 04 CD FB C3 E1 C0 B0 00 01 00 01 00 02 4D 31 00 04 CD FB C4 6B C0 6C 00 01 00 01 00 02 4D 31 00 04 CD FB C7 10
45 00 00 3D AC E8 40 00 40 11 C3 E8 93 20 53 35 93 20 50 69 5F 52 00 35 00 29 CA 19 81 6F 01 00 00 01 00 00 00 00 00 00 04 70 6C 75 73 06 67 6F 6F 67 6C 65 03 63 6F 6D 00 00 01 00 01
45 00 01 B5 72 23 00 00 40 11 3D 36 93 20 50 69 93 20 53 35 00 35 5F 52 01 A1 D2 5B 81 6F 81 80 00 01 00 0F 00 04 00 04 04 70 6C 75 73 06 67 6F 6F 67 6C 65 03 63 6F 6D 00 00 01 00 01 C0 0C 00 01 00 01 00 00 01 2C 00 04 C3 71 D6 D7 C0 0C 00 01 00 01 00 00 01 2C 00 04 C3 71 D6 DE C0 0C 00 01 00 01 00 00 01 2C 00 04 C3 71 D6 FB C0 0C 00 01 00 01 00 00 01 2C 00 04 C3 71 D6 F9 C0 0C 00 01 00 01 00 00 01 2C 00 04 C3 71 D6 DB C0 0C 00 01 00 01 00 00 01 2C 00 04 C3 71 D6 D3 C0 0C 00 01 00 01 00 00 01 2C 00 04 C3 71 D6 E6 C0 0C 00 01 00 01 00 00 01 2C 00 04 C3 71 D6 F1 C0 0C 00 01 00 01 00 00 01 2C 00 04 C3 71 D6 CF C0 0C 00 01 00 01 00 00 01 2C 00 04 C3 71 D6 F5 C0 0C 00 01 00 01 00 00 01 2C 00 04 C3 71 D6 E2 C0 0C 00 01 00 01 00 00 01 2C 00 04 C3 71 D6 EC C0 0C 00 01 00 01 00 00 01 2C 00 04 C3 71 D6 DD C0 0C 00 01 00 01 00 00 01 2C 00 04 C3 71 D6 EA C0 0C 00 01 00 01 00 00 01 2C 00 04 C3 71 D6 ED C0 11 00 02 00 01 00 01 C5 EB 00 06 03 6E 73 32 C0 11 C0 11 00 02 00 01 00 01 C5 EB 00 06 03 6E 73 34 C0 11 C0 11 00 02 00 01 00 01 C5 EB 00 06 03 6E 73 33 C0 11 C0 11 00 02 00 01 00 01 C5 EB 00 06 03 6E 73 31 C0 11 C1 53 00 01 00 01 00 04 68 EB 00 04 D8 EF 20 0A C1 1D 00 01 00 01 00 04 68 EB 00 04 D8 EF 22 0A C1 41 00 01 00 01 00 04 68 EB 00 04 D8 EF 24 0A C1 2F 00 01 00 01 00 04 68 EB 00 04 D8 EF 26 0A
45 00 00 3D B4 DA 40 00 40 11 BB F6 93 20 53 35 93 20 50 69 71 92 00 35 00 29 CA 19 18 F7 01 00 00 01 00 00 00 00 00 00 04 64 6F 63 73 06 67 6F 6F 67 6C 65 03 63 6F 6D 00 00 01 00 01
45 00 01 B5 72 91 00 00 40 11 3C C8 93 20 50 69 93 20 53 35 00 35 71 92 01 A1 65 B2 18 F7 81 80 00 01 00 0F 00 04 00 04 04 64 6F 63 73 06 67 6F 6F 67 6C 65 03 63 6F 6D 00 00 01 00 01 C0 0C 00 01 00 01 00 00 01 2C 00 04 C3 71 D6 E2 C0 0C 00 01 00 01 00 00 01 2C 00 04 C3 71 D6 D3 C0 0C 00 01 00 01 00 00 01 2C 00 04 C3 71 D6 D7 C0 0C 00 01 00 01 00 00 01 2C 00 04 C3 71 D6 EA C0 0C 00 01 00 01 00 00 01 2C 00 04 C3 71 D6 ED C0 0C 00 01 00 01 00 00 01 2C 00 04 C3 71 D6 EC C0 0C 00 01 00 01 00 00 01 2C 00 04 C3 71 D6 F1 C0 0C 00 01 00 01 00 00 01 2C 00 04 C3 71 D6 F5 C0 0C 00 01 00 01 00 00 01 2C 00 04 C3 71 D6 CF C0 0C 00 01 00 01 00 00 01 2C 00 04 C3 71 D6 DD C0 0C 00 01 00 01 00 00 01 2C 00 04 C3 71 D6 DB C0 0C 00 01 00 01 00 00 01 2C 00 04 C3 71 D6 F9 C0 0C 00 01 00 01 00 00 01 2C 00 04 C3 71 D6 DE C0 0C 00 01 00 01 00 00 01 2C 00 04 C3 71 D6 FB C0 0C 00 01 00 01 00 00 01 2C 00 04 C3 71 D6 E6 C0 11 00 02 00 01 00 01 C5 E3 00 06 03 6E 73 31 C0 11 C0 11 00 02 00 01 00 01 C5 E3 00 06 03 6E 73 34 C0 11 C0 11 00 02 00 01 00 01 C5 E3 00 06 03 6E 73 32 C0 11 C0 11 00 02 00 01 00 01 C5 E3 00 06 03 6E 73 33 C0 11 C1 1D 00 01 00 01 00 04 68 E3 00 04 D8 EF 20 0A C1 41 00 01 00 01 00 04 68 E3 00 04 D8 EF 22 0A C1 53 00 01 00 01 00 04 68 E3 00 04 D8 EF 24 0A C1 2F 00 01 00 01 00 04 68 E3 00 04 D8 EF 26 0A
45 00 00 3D B4 F2 40 00 40 11 BB DE 93 20 53 35 93 20 50 69 10 F5 00 35 00 29 CA 19 3D 0C 01 00 00 01 00 00 00 00 00 00 04 61 70 69 73 06 67 6F 6F 67 6C 65 03 63 6F 6D 00 00 01 00 01
45 00 00 3D B4 F2 40 00 40 11 BB DE 93 20 53 35 93 20 50 69 F9 0E 00 35 00 29 CA 19 EA 45 01 00 00 01 00 00 00 00 00 00 03 73 73 6C 07 67 73 74 61 74 69 63 03 63 6F 6D 00 00 01 00 01
45 00 01 CA 72 92 00 00 40 11 3C B2 93 20 50 69 93 20 53 35 00 35 10 F5 01 B6 4F 88 3D 0C 81 80 00 01 00 10 00 04 00 04 04 61 70 69 73 06 67 6F 6F 67 6C 65 03 63 6F 6D 00 00 01 00 01 C0 0C 00 05 00 01 00 08 60 CA 00 09 04 70 6C 75 73 01 6C C0 11 C0 2D 00 01 00 01 00 00 00 46 00 04 C3 71 D6 CF C0 2D 00 01 00 01 00 00 00 46 00 04 C3 71 D6 DD C0 2D 00 01 00 01 00 00 00 46 00 04 C3 71 D6 DB C0 2D 00 01 00 01 00 00 00 46 00 04 C3 71 D6 F5 C0 2D 00 01 00 01 00 00 00 46 00 04 C3 71 D6 E2 C0 2D 00 01 00 01 00 00 00 46 00 04 C3 71 D6 EC C0 2D 00 01 00 01 00 00 00 46 00 04 C3 71 D6 DE C0 2D 00 01 00 01 00 00 00 46 00 04 C3 71 D6 FB C0 2D 00 01 00 01 00 00 00 46 00 04 C3 71 D6 D3 C0 2D 00 01 00 01 00 00 00 46 00 04 C3 71 D6 D7 C0 2D 00 01 00 01 00 00 00 46 00 04 C3 71 D6 EA C0 2D 00 01 00 01 00 00 00 46 00 04 C3 71 D6 ED C0 2D 00 01 00 01 00 00 00 46 00 04 C3 71 D6 F1 C0 2D 00 01 00 01 00 00 00 46 00 04 C3 71 D6 F9 C0 2D 00 01 00 01 00 00 00 46 00 04 C3 71 D6 E6 C0 11 00 02 00 01 00 01 C5 E3 00 06 03 6E 73 31 C0 11 C0 11 00 02 00 01 00 01 C5 E3 00 06 03 6E 73 34 C0 11 C0 11 00 02 00 01 00 01 C5 E3 00 06 03 6E 73 33 C0 11 C0 11 00 02 00 01 00 01 C5 E3 00 06 03 6E 73 32 C0 11 C1 32 00 01 00 01 00 04 68 E3 00 04 D8 EF 20 0A C1 68 00 01 00 01 00 04 68 E3 00 04 D8 EF 22 0A C1 56 00 01 00 01 00 04 68 E3 00 04 D8 EF 24 0A C1 44 00 01 00 01 00 04 68 E3 00 04 D8 EF 26 0A
45 00 00 DC 72 93 00 00 40 11 3D 9F 93 20 50 69 93 20 53 35 00 35 F9 0E 00 C8 0F 65 EA 45 81 80 00 01 00 01 00 04 00 04 03 73 73 6C 07 67 73 74 61 74 69 63 03 63 6F 6D 00 00 01 00 01 C0 0C 00 01 00 01 00 00 00 F4 00 04 AD C2 23 4F C0 10 00 02 00 01 00 01 C5 E3 00 0D 03 6E 73 33 06 67 6F 6F 67 6C 65 C0 18 C0 10 00 02 00 01 00 01 C5 E3 00 06 03 6E 73 34 C0 41 C0 10 00 02 00 01 00 01 C5 E3 00 06 03 6E 73 31 C0 41 C0 10 00 02 00 01 00 01 C5 E3 00 06 03 6E 73 32 C0 41 C0 68 00 01 00 01 00 04 68 E3 00 04 D8 EF 20 0A C0 7A 00 01 00 01 00 04 68 E3 00 04 D8 EF 22 0A C0 3D 00 01 00 01 00 04 68 E3 00 04 D8 EF 24 0A C0 56 00 01 00 01 00 04 68 E3 00 04 D8 EF 26 0A
45 00 00 46 C9 8E 40 00 40 11 A7 39 93 20 53 35 93 20 50 69 73 DE 00 35 00 32 CA 22 A7 3A 01 00 00 01 00 00 00 00 00 00 02 6D 63 11 6D 61 6E 75 73 63 72 69 70 74 63 65 6E 74 72 61 6C 03 63 6F 6D 00 00 01 00 01
45 00 00 CC 73 AF 00 00 40 11 3C 93 93 20 50 69 93 20 53 35 00 35 73 DE 00 B8 8B BE A7 3A 81 80 00 01 00 01 00 03 00 03 02 6D 63 11 6D 61 6E 75 73 63 72 69 70 74 63 65 6E 74 72 61 6C 03 63 6F 6D 00 00 01 00 01 C0 0C 00 01 00 01 00 00 00 1E 00 04 A7 44 14 AE C0 0F 00 02 00 01 00 01 51 80 00 14 04 6E 73 32 31 09 77 65 73 74 67 72 6F 75 70 03 6E 65 74 00 C0 0F 00 02 00 01 00 01 51 80 00 07 04 6E 73 32 32 C0 4B C0 0F 00 02 00 01 00 01 51 80 00 07 04 6E 73 32 33 C0 4B C0 46 00 01 00 01 00 01 13 B9 00 04 C0 98 A0 06 C0 66 00 01 00 01 00 01 13 B9 00 04 C0 FB 06 06 C0 79 00 01 00 01 00 01 13 B9 00 04 54 12 AE 03
45 00 00 40 C9 E1 40 00 40 11 A6 EC 93 20 53 35 93 20 50 69 FB E6 00 35 00 2C CA 1C BE 27 01 00 00 01 00 00 00 00 00 00 03 77 77 77 0A 73 63 68 6F 6C 61 72 6F 6E 65 03 63 6F 6D 00 00 01 00 01
45 00 00 E6 73 C6 00 00 40 11 3C 62 93 20 50 69 93 20 53 35 00 35 FB E6 00 D2 D3 A4 BE 27 81 80 00 01 00 03 00 03 00 03 03 77 77 77 0A 73 63 68 6F 6C 61 72 6F 6E 65 03 63 6F 6D 00 00 01 00 01 C0 0C 00 05 00 01 00 00 00 3C 00 06 03 77 65 62 C0 10 C0 30 00 05 00 01 00 00 00 1E 00 02 C0 10 C0 10 00 01 00 01 00 00 00 3C 00 04 54 12 B4 57 C0 10 00 02 00 01 00 01 51 80 00 14 04 6E 73 32 33 09 77 65 73 74 67 72 6F 75 70 03 6E 65 74 00 C0 10 00 02 00 01 00 01 51 80 00 07 04 6E 73 32 31 C0 65 C0 10 00 02 00 01 00 01 51 80 00 07 04 6E 73 32 32 C0 65 C0 80 00 01 00 01 00 01 13 B9 00 04 C0 98 A0 06 C0 93 00 01 00 01 00 01 13 B9 00 04 C0 FB 06 06 C0 60 00 01 00 01 00 01 13 B9 00 04 54 12 AE 03
45 00 00 3C CA 18 40 00 40 11 A6 B9 93 20 53 35 93 20 50 69 AD 7B 00 35 00 28 CA 18 99 1D 01 00 00 01 00 00 00 00 00 00 0A 73 63 68 6F 6C 61 72 6F 6E 65 03 63 6F 6D 00 00 01 00 01
45 00 00 C2 73 C8 00 00 40 11 3C 84 93 20 50 69 93 20 53 35 00 35 AD 7B 00 AE 54 95 99 1D 81 80 00 01 00 01 00 03 00 03 0A 73 63 68 6F 6C 61 72 6F 6E 65 03 63 6F 6D 00 00 01 00 01 C0 0C 00 01 00 01 00 00 00 3C 00 04 54 12 B4 57 C0 0C 00 02 00 01 00 01 51 80 00 14 04 6E 73 32 33 09 77 65 73 74 67 72 6F 75 70 03 6E 65 74 00 C0 0C 00 02 00 01 00 01 51 80 00 07 04 6E 73 32 31 C0 41 C0 0C 00 02 00 01 00 01 51 80 00 07 04 6E 73 32 32 C0 41 C0 5C 00 01 00 01 00 01 13 B9 00 04 C0 98 A0 06 C0 6F 00 01 00 01 00 01 13 B9 00 04 C0 FB 06 06 C0 3C 00 01 00 01 00 01 13 B9 00 04 54 12 AE 03
45 00 00 39 CB 1C 40 00 40 11 A5 B8 93 20 53 35 93 20 50 69 23 C2 00 35 00 25 CA 15 CE 61 01 00 00 01 00 00 00 00 00 00 03 64 65 6C 04 69 63 69 6F 02 75 73 00 00 01 00 01
45 00 00 36 CB 1C 40 00 40 11 A5 BB 93 20 53 35 93 20 50 69 92 6F 00 35 00 22 CA 12 AB 01 01 00 00 01 00 00 00 00 00 00 04 64 69 67 67 03 63 6F 6D 00 00 01 00 01
45 00 00 3D CB 1D 40 00 40 11 A5 B3 93 20 53 35 93 20 50 69 F7 78 00 35 00 29 CA 19 78 2C 01 00 00 01 00 00 00 00 00 00 05 6D 79 77 65 62 05 79 61 68 6F 6F 03 63 6F 6D 00 00 01 00 01
45 00 00 3C CB 1E 40 00 40 11 A5 B3 93 20 53 35 93 20 50 69 A5 7D 00 35 00 28 CA 18 3D 2D 01 00 00 01 00 00 00 00 00 00 03 6E 6F 77 06 65 6C 6F 71 75 61 03 63 6F 6D 00 00 01 00 01
45 00 01 72 73 E2 00 00 40 11 3B BA 93 20 50 69 93 20 53 35 00 35 A5 7D 01 5E 37 1F 3D 2D 81 80 00 01 00 01 00 06 00 09 03 6E 6F 77 06 65 6C 6F 71 75 61 03 63 6F 6D 00 00 01 00 01 C0 0C 00 01 00 01 00 01 1F C6 00 04 D1 A7 E7 0F C0 10 00 02 00 01 00 01 1F C6 00 11 02 61 32 0B 76 65 72 69 73 69 67 6E 64 6E 73 C0 17 C0 10 00 02 00 01 00 01 1F C6 00 05 02 75 31 C0 3F C0 10 00 02 00 01 00 01 1F C6 00 05 02 75 33 C0 3F C0 10 00 02 00 01 00 01 1F C6 00 05 02 61 33 C0 3F C0 10 00 02 00 01 00 01 1F C6 00 05 02 61 31 C0 3F C0 10 00 02 00 01 00 01 1F C6 00 05 02 75 32 C0 3F C0 8C 00 01 00 01 00 01 D1 E0 00 04 D1 70 71 21 C0 8C 00 1C 00 01 00 01 D1 E0 00 10 20 01 05 00 79 67 00 00 00 00 00 00 00 02 00 33 C0 3C 00 01 00 01 00 02 71 46 00 04 D1 70 72 21 C0 3C 00 1C 00 01 00 02 71 46 00 10 26 20 00 74 00 19 00 00 00 00 00 00 00 00 00 33 C0 7B 00 01 00 01 00 01 D1 E0 00 04 45 24 91 21 C0 7B 00 1C 00 01 00 01 D1 E0 00 10 20 01 05 02 CB E4 00 00 00 00 00 00 00 00 00 33 C0 59 00 01 00 01 00 02 29 B8 00 04 D1 70 71 21 C0 9D 00 01 00 01 00 02 29 B8 00 04 D1 70 72 21 C0 6A 00 01 00 01 00 02 29 B8 00 04 45 24 91 21
45 00 00 B9 73 E6 00 00 40 11 3C 6F 93 20 50 69 93 20 53 35 00 35 F7 78 00 A5 4F 08 78 2C 81 80 00 01 00 02 00 02 00 02 05 6D 79 77 65 62 05 79 61 68 6F 6F 03 63 6F 6D 00 00 01 00 01 C0 0C 00 05 00 01 00 00 07 08 00 1C 09 62 6F 6F 6B 6D 61 72 6B 73 03 61 30 33 08 79 61 68 6F 6F 64 6E 73 03 6E 65 74 00 C0 2D 00 01 00 01 00 00 01 2C 00 04 62 8B 66 37 C0 37 00 02 00 01 00 02 70 58 00 06 03 79 66 32 C0 12 C0 37 00 02 00 01 00 02 70 58 00 06 03 79 66 31 C0 12 C0 77 00 01 00 01 00 00 75 46 00 04 44 8E FE 0F C0 65 00 01 00 01 00 00 75 46 00 04 44 B4 82 0F
45 00 00 38 CB 24 40 00 40 11 A5 B1 93 20 53 35 93 20 50 69 EC FA 00 35 00 24 CA 14 EB 0A 01 00 00 01 00 00 00 00 00 00 06 72 65 64 64 69 74 03 63 6F 6D 00 00 01 00 01
45 00 01 0F 73 E8 00 00 40 11 3C 17 93 20 50 69 93 20 53 35 00 35 92 6F 00 FB 24 2D AB 01 81 80 00 01 00 01 00 04 00 04 04 64 69 67 67 03 63 6F 6D 00 00 01 00 01 C0 0C 00 01 00 01 00 00 00 3C 00 04 32 12 68 1B C0 0C 00 02 00 01 00 02 5F 5A 00 17 07 6E 73 2D 31 31 33 31 09 61 77 73 64 6E 73 2D 31 33 03 6F 72 67 00 C0 0C 00 02 00 01 00 02 5F 5A 00 13 06 6E 73 2D 31 34 37 09 61 77 73 64 6E 73 2D 31 38 C0 11 C0 0C 00 02 00 01 00 02 5F 5A 00 19 07 6E 73 2D 31 38 38 36 09 61 77 73 64 6E 73 2D 34 33 02 63 6F 02 75 6B 00 C0 0C 00 02 00 01 00 02 5F 5A 00 16 06 6E 73 2D 39 32 39 09 61 77 73 64 6E 73 2D 35 32 03 6E 65 74 00 C0 59 00 01 00 01 00 02 5F 5A 00 04 CD FB C0 93 C0 9D 00 01 00 01 00 02 5F 5A 00 04 CD FB C3 A1 C0 36 00 01 00 01 00 02 4C 37 00 04 CD FB C4 6B C0 78 00 01 00 01 00 02 5F 5A 00 04 CD FB C7 5E
45 00 00 48 CB 24 40 00 40 11 A5 A1 93 20 53 35 93 20 50 69 3C 17 00 35 00 34 CA 24 82 A5 01 00 00 01 00 00 00 00 00 00 07 73 63 69 65 6E 63 65 0E 74 68 6F 6D 73 6F 6E 72 65 75 74 65 72 73 03 63 6F 6D 00 00 01 00 01
45 00 01 D2 73 ED 00 00 40 11 3B 4F 93 20 50 69 93 20 53 35 00 35 EC FA 01 BE A4 EA EB 0A 81 80 00 01 00 02 00 08 00 0B 06 72 65 64 64 69 74 03 63 6F 6D 00 00 01 00 01 C0 0C 00 01 00 01 00 00 00 14 00 04 02 14 B6 DE C0 0C 00 01 00 01 00 00 00 14 00 04 02 14 B6 EF C0 0C 00 02 00 01 00 02 5F 4C 00 0F 04 75 73 77 35 04 61 6B 61 6D 03 6E 65 74 00 C0 0C 00 02 00 01 00 02 5F 4C 00 07 04 75 73 77 33 C0 4D C0 0C 00 02 00 01 00 02 5F 4C 00 08 05 6E 73 31 2D 31 C0 4D C0 0C 00 02 00 01 00 02 5F 4C 00 07 04 61 75 73 32 C0 4D C0 0C 00 02 00 01 00 02 5F 4C 00 08 05 61 73 69 61 39 C0 4D C0 0C 00 02 00 01 00 02 5F 4C 00 0A 07 6E 73 31 2D 31 39 35 C0 4D C0 0C 00 02 00 01 00 02 5F 4C 00 08 05 61 73 69 61 31 C0 4D C0 0C 00 02 00 01 00 02 5F 4C 00 07 04 75 73 65 34 C0 4D C0 8A 00 01 00 01 00 01 1B DC 00 04 C3 0A 24 2E C0 DB 00 01 00 01 00 02 5C D5 00 04 45 1F 1D 39 C0 63 00 01 00 01 00 01 1A 8C 00 04 45 1F 3B C7 C0 48 00 01 00 01 00 01 19 65 00 04 60 07 32 40 C0 C7 00 01 00 01 00 02 5C D5 00 04 60 07 FB 81 C0 9D 00 01 00 01 00 01 1B D9 00 04 7C 28 34 84 C0 9D 00 1C 00 01 00 01 1B D9 00 10 2A 02 26 F0 00 67 00 00 00 00 00 00 00 00 00 64 C0 76 00 01 00 01 00 01 1B DC 00 04 C1 6C 5B 01 C0 76 00 1C 00 01 00 01 1B DC 00 10 26 00 14 01 00 02 00 00 00 00 00 00 00 00 00 01 C0 B1 00 01 00 01 00 01 1B DC 00 04 C1 6C 5B C3 C0 B1 00 1C 00 01 00 01 1B DC 00 10 26 00 14 01 00 02 00 00 00 00 00 00 00 00 00 C3
45 00 00 40 CB 26 40 00 40 11 A5 A7 93 20 53 35 93 20 50 69 04 A0 00 35 00 2C CA 1C 1D 81 01 00 00 01 00 00 00 00 00 00 0E 74 68 6F 6D 73 6F 6E 72 65 75 74 65 72 73 03 63 6F 6D 00 00 01 00 01
45 00 02 08 73 F0 00 00 40 11 3B 16 93 20 50 69 93 20 53 35 00 35 23 C2 01 F4 EC DF CE 61 81 80 00 01 00 08 00 08 00 08 03 64 65 6C 04 69 63 69 6F 02 75 73 00 00 01 00 01 C0 0C 00 05 00 01 00 00 01 2C 00 2B 0D 61 70 69 2D 36 38 38 32 36 31 34 30 30 09 75 73 2D 77 65 73 74 2D 31 03 65 6C 62 09 61 6D 61 7A 6F 6E 61 77 73 03 63 6F 6D 00 C0 29 00 01 00 01 00 00 00 3C 00 04 B8 48 3E C8 C0 29 00 01 00 01 00 00 00 3C 00 04 32 12 99 1D C0 29 00 01 00 01 00 00 00 3C 00 04 32 12 9B 0D C0 29 00 01 00 01 00 00 00 3C 00 04 32 12 FD C6 C0 29 00 01 00 01 00 00 00 3C 00 04 B8 A9 9A B9 C0 29 00 01 00 01 00 00 00 3C 00 04 B8 48 28 00 C0 29 00 01 00 01 00 00 00 3C 00 04 32 12 99 E5 C0 29 00 02 00 01 00 00 05 35 00 09 06 6E 73 2D 39 33 34 C0 45 C0 29 00 02 00 01 00 00 05 35 00 09 06 6E 73 2D 39 34 34 C0 45 C0 29 00 02 00 01 00 00 05 35 00 09 06 6E 73 2D 39 33 35 C0 45 C0 29 00 02 00 01 00 00 05 35 00 09 06 6E 73 2D 39 34 31 C0 45 C0 29 00 02 00 01 00 00 05 35 00 09 06 6E 73 2D 39 31 36 C0 45 C0 29 00 02 00 01 00 00 05 35 00 09 06 6E 73 2D 39 32 35 C0 45 C0 29 00 02 00 01 00 00 05 35 00 09 06 6E 73 2D 39 34 37 C0 45 C0 29 00 02 00 01 00 00 05 35 00 09 06 6E 73 2D 39 32 37 C0 45 C1 24 00 01 00 01 00 00 02 5C 00 04 CF AB B2 07 C1 39 00 01 00 01 00 00 01 30 00 04 48 15 D0 D5 C1 63 00 01 00 01 00 00 01 30 00 04 48 15 CC D1 C0 D0 00 01 00 01 00 00 01 30 00 04 57 EE 54 D7 C0 FA 00 01 00 01 00 00 01 30 00 04 57 EE 50 D5 C1 0F 00 01 00 01 00 00 00 F5 00 04 CC F6 A0 05 C0 E5 00 01 00 01 00 00 33 E3 00 04 CD FB E4 06 C1 4E 00 01 00 01 00 00 01 30 00 04 CC F6 A2 0A
45 00 00 39 CB 2B 40 00 40 11 A5 A9 93 20 53 35 93 20 50 69 D5 80 00 35 00 25 CA 15 34 B1 01 00 00 01 00 00 00 00 00 00 07 74 77 69 74 74 65 72 03 63 6F 6D 00 00 01 00 01
45 00 00 FF 73 F1 00 00 40 11 3C 1E 93 20 50 69 93 20 53 35 00 35 D5 80 00 EB 56 4C 34 B1 81 80 00 01 00 03 00 04 00 04 07 74 77 69 74 74 65 72 03 63 6F 6D 00 00 01 00 01 C0 0C 00 01 00 01 00 00 00 04 00 04 C7 10 9C 06 C0 0C 00 01 00 01 00 00 00 04 00 04 C7 10 9C 66 C0 0C 00 01 00 01 00 00 00 04 00 04 C7 10 9C E6 C0 0C 00 02 00 01 00 00 75 C3 00 14 03 6E 73 34 03 70 33 34 06 64 79 6E 65 63 74 03 6E 65 74 00 C0 0C 00 02 00 01 00 00 75 C3 00 06 03 6E 73 31 C0 5D C0 0C 00 02 00 01 00 00 75 C3 00 06 03 6E 73 33 C0 5D C0 0C 00 02 00 01 00 00 75 C3 00 06 03 6E 73 32 C0 5D C0 79 00 01 00 01 00 00 75 C3 00 04 D0 4E 46 22 C0 9D 00 01 00 01 00 00 75 C3 00 04 CC 0D FA 22 C0 8B 00 01 00 01 00 00 75 C3 00 04 D0 4E 47 22 C0 59 00 01 00 01 00 00 75 C3 00 04 CC 0D FB 22
45 00 00 3E CB 2B 40 00 40 11 A5 A4 93 20 53 35 93 20 50 69 9F 9D 00 35 00 2A CA 1A C7 37 01 00 00 01 00 00 00 00 00 00 03 77 77 77 08 66 61 63 65 62 6F 6F 6B 03 63 6F 6D 00 00 01 00 01
45 00 00 A9 73 F3 00 00 40 11 3C 72 93 20 50 69 93 20 53 35 00 35 9F 9D 00 95 5D 17 C7 37 81 80 00 01 00 02 00 02 00 02 03 77 77 77 08 66 61 63 65 62 6F 6F 6B 03 63 6F 6D 00 00 01 00 01 C0 0C 00 05 00 01 00 00 05 2B 00 0C 04 73 74 61 72 04 63 31 30 72 C0 10 C0 2E 00 01 00 01 00 00 00 3C 00 04 AD FC 64 1B C0 33 00 02 00 01 00 01 C6 3F 00 07 01 61 02 6E 73 C0 33 C0 33 00 02 00 01 00 01 C6 3F 00 04 01 62 C0 58 C0 56 00 01 00 01 00 01 C6 3F 00 04 45 AB EF 0B C0 69 00 01 00 01 00 01 C6 3F 00 04 45 AB FF 0B
45 00 00 3C CB 2F 40 00 40 11 A5 A2 93 20 53 35 93 20 50 69 8E DB 00 35 00 28 CA 18 8A CE 01 00 00 01 00 00 00 00 00 00 03 77 77 77 06 67 6F 6F 67 6C 65 03 63 6F 6D 00 00 01 00 01
45 00 01 14 73 F6 00 00 40 11 3C 04 93 20 50 69 93 20 53 35 00 35 8E DB 01 00 1F 72 8A CE 81 80 00 01 00 05 00 04 00 04 03 77 77 77 06 67 6F 6F 67 6C 65 03 63 6F 6D 00 00 01 00 01 C0 0C 00 01 00 01 00 00 01 2C 00 04 AD C2 71 B1 C0 0C 00 01 00 01 00 00 01 2C 00 04 AD C2 71 B0 C0 0C 00 01 00 01 00 00 01 2C 00 04 AD C2 71 B4 C0 0C 00 01 00 01 00 00 01 2C 00 04 AD C2 71 B2 C0 0C 00 01 00 01 00 00 01 2C 00 04 AD C2 71 B3 C0 10 00 02 00 01 00 01 C5 CC 00 06 03 6E 73 31 C0 10 C0 10 00 02 00 01 00 01 C5 CC 00 06 03 6E 73 34 C0 10 C0 10 00 02 00 01 00 01 C5 CC 00 06 03 6E 73 32 C0 10 C0 10 00 02 00 01 00 01 C5 CC 00 06 03 6E 73 33 C0 10 C0 7C 00 01 00 01 00 04 68 CC 00 04 D8 EF 20 0A C0 A0 00 01 00 01 00 04 68 CC 00 04 D8 EF 22 0A C0 B2 00 01 00 01 00 04 68 CC 00 04 D8 EF 24 0A C0 8E 00 01 00 01 00 04 68 CC 00 04 D8 EF 26 0A
45 00 00 3D CB 32 40 00 40 11 A5 9E 93 20 53 35 93 20 50 69 09 51 00 35 00 29 CA 19 86 1F 01 00 00 01 00 00 00 00 00 00 03 77 77 77 07 73 69 67 6E 75 70 34 03 6E 65 74 00 00 01 00 01
45 00 00 46 CB 33 40 00 40 11 A5 94 93 20 53 35 93 20 50 69 44 57 00 35 00 32 CA 22 4B 79 01 00 00 01 00 00 00 00 00 00 03 77 77 77 10 67 6F 6F 67 6C 65 2D 61 6E 61 6C 79 74 69 63 73 03 63 6F 6D 00 00 01 00 01
45 00 01 EA 73 FD 00 00 40 11 3B 27 93 20 50 69 93 20 53 35 00 35 44 57 01 D6 50 79 4B 79 81 80 00 01 00 10 00 04 00 04 03 77 77 77 10 67 6F 6F 67 6C 65 2D 61 6E 61 6C 79 74 69 63 73 03 63 6F 6D 00 00 01 00 01 C0 0C 00 05 00 01 00 01 01 F0 00 20 14 77 77 77 2D 67 6F 6F 67 6C 65 2D 61 6E 61 6C 79 74 69 63 73 01 6C 06 67 6F 6F 67 6C 65 C0 21 C0 36 00 01 00 01 00 00 00 47 00 04 C3 71 D6 D3 C0 36 00 01 00 01 00 00 00 47 00 04 C3 71 D6 DB C0 36 00 01 00 01 00 00 00 47 00 04 C3 71 D6 F5 C0 36 00 01 00 01 00 00 00 47 00 04 C3 71 D6 ED C0 36 00 01 00 01 00 00 00 47 00 04 C3 71 D6 EA C0 36 00 01 00 01 00 00 00 47 00 04 C3 71 D6 DD C0 36 00 01 00 01 00 00 00 47 00 04 C3 71 D6 F9 C0 36 00 01 00 01 00 00 00 47 00 04 C3 71 D6 F1 C0 36 00 01 00 01 00 00 00 47 00 04 C3 71 D6 DE C0 36 00 01 00 01 00 00 00 47 00 04 C3 71 D6 E6 C0 36 00 01 00 01 00 00 00 47 00 04 C3 71 D6 CF C0 36 00 01 00 01 00 00 00 47 00 04 C3 71 D6 D7 C0 36 00 01 00 01 00 00 00 47 00 04 C3 71 D6 FB C0 36 00 01 00 01 00 00 00 47 00 04 C3 71 D6 E2 C0 36 00 01 00 01 00 00 00 47 00 04 C3 71 D6 EC C0 4D 00 02 00 01 00 01 C5 CC 00 06 03 6E 73 33 C0 4D C0 4D 00 02 00 01 00 01 C5 CC 00 06 03 6E 73 32 C0 4D C0 4D 00 02 00 01 00 01 C5 CC 00 06 03 6E 73 34 C0 4D C0 4D 00 02 00 01 00 01 C5 CC 00 06 03 6E 73 31 C0 4D C1 88 00 01 00 01 00 04 68 CC 00 04 D8 EF 20 0A C1 64 00 01 00 01 00 04 68 CC 00 04 D8 EF 22 0A C1 52 00 01 00 01 00 04 68 CC 00 04 D8 EF 24 0A C1 76 00 01 00 01 00 04 68 CC 00 04 D8 EF 26 0A
45 00 00 B3 73 FF 00 00 40 11 3C 5C 93 20 50 69 93 20 53 35 00 35 04 A0 00 9F 9D 4D 1D 81 81 80 00 01 00 02 00 02 00 02 0E 74 68 6F 6D 73 6F 6E 72 65 75 74 65 72 73 03 63 6F 6D 00 00 01 00 01 C0 0C 00 01 00 01 00 00 00 1E 00 04 A3 E7 05 4F C0 0C 00 01 00 01 00 00 00 1E 00 04 A3 E7 04 4F C0 0C 00 02 00 01 00 00 0E 10 00 14 04 6E 73 31 32 09 77 65 73 74 67 72 6F 75 70 03 6E 65 74 00 C0 0C 00 02 00 01 00 00 0E 10 00 07 04 6E 73 31 31 C0 55 C0 70 00 01 00 01 00 01 0C BA 00 04 C0 98 A0 06 C0 50 00 01 00 01 00 01 0C BA 00 04 C0 FB 06 06
45 00 00 3D CB 34 40 00 40 11 A5 9C 93 20 53 35 93 20 50 69 62 3B 00 35 00 29 CA 19 02 36 01 00 00 01 00 00 00 00 00 00 03 77 77 77 07 74 77 69 74 74 65 72 03 63 6F 6D 00 00 01 00 01
45 00 01 11 74 06 00 00 40 11 3B F7 93 20 50 69 93 20 53 35 00 35 62 3B 00 FD 53 78 02 36 81 80 00 01 00 04 00 04 00 04 03 77 77 77 07 74 77 69 74 74 65 72 03 63 6F 6D 00 00 01 00 01 C0 0C 00 05 00 01 00 00 00 6E 00 02 C0 10 C0 10 00 01 00 01 00 00 00 04 00 04 C7 10 9C 66 C0 10 00 01 00 01 00 00 00 04 00 04 C7 10 9C 06 C0 10 00 01 00 01 00 00 00 04 00 04 C7 10 9C E6 C0 10 00 02 00 01 00 00 75 C3 00 14 03 6E 73 33 03 70 33 34 06 64 79 6E 65 63 74 03 6E 65 74 00 C0 10 00 02 00 01 00 00 75 C3 00 06 03 6E 73 32 C0 6F C0 10 00 02 00 01 00 00 75 C3 00 06 03 6E 73 31 C0 6F C0 10 00 02 00 01 00 00 75 C3 00 06 03 6E 73 34 C0 6F C0 9D 00 01 00 01 00 00 75 C3 00 04 D0 4E 46 22 C0 8B 00 01 00 01 00 00 75 C3 00 04 CC 0D FA 22 C0 6B 00 01 00 01 00 00 75 C3 00 04 D0 4E 47 22 C0 AF 00 01 00 01 00 00 75 C3 00 04 CC 0D FB 22
45 00 00 C4 74 07 00 00 40 11 3C 43 93 20 50 69 93 20 53 35 00 35 3C 17 00 B0 C0 B7 82 A5 81 80 00 01 00 02 00 02 00 02 07 73 63 69 65 6E 63 65 0E 74 68 6F 6D 73 6F 6E 72 65 75 74 65 72 73 03 63 6F 6D 00 00 01 00 01 C0 0C 00 05 00 01 00 00 0E 10 00 0D 0A 73 63 69 65 6E 74 69 66 69 63 C0 14 C0 38 00 01 00 01 00 00 00 1E 00 04 54 12 B4 57 C0 14 00 02 00 01 00 00 0E 10 00 14 04 6E 73 31 32 09 77 65 73 74 67 72 6F 75 70 03 6E 65 74 00 C0 14 00 02 00 01 00 00 0E 10 00 07 04 6E 73 31 31 C0 66 C0 81 00 01 00 01 00 01 0C BA 00 04 C0 98 A0 06 C0 61 00 01 00 01 00 01 0C BA 00 04 C0 FB 06 06
45 00 00 CC 74 0B 00 00 40 11 3C 37 93 20 50 69 93 20 53 35 00 35 09 51 00 B8 03 F0 86 1F 81 80 00 01 00 02 00 03 00 03 03 77 77 77 07 73 69 67 6E 75 70 34 03 6E 65 74 00 00 01 00 01 C0 0C 00 05 00 01 00 00 0E 10 00 02 C0 10 C0 10 00 01 00 01 00 00 0E 10 00 04 4A D9 23 03 C0 10 00 02 00 01 00 02 A2 FF 00 11 03 6E 73 31 07 73 69 67 6E 75 70 34 03 63 6F 6D 00 C0 10 00 02 00 01 00 02 A2 FF 00 06 03 6E 73 33 C0 4F C0 10 00 02 00 01 00 02 A2 FF 00 06 03 6E 73 32 C0 4F C0 4B 00 01 00 01 00 00 0E 0F 00 04 4A D9 23 0E C0 7A 00 01 00 01 00 00 0E 0F 00 04 4A D9 23 0F C0 68 00 01 00 01 00 00 0E 0F 00 04 40 5F DB 0E
45 00 00 43 EB 58 40 00 40 11 85 72 93 20 53 35 93 20 50 69 A6 0A 00 35 00 2F CA 1F 5E 5D 01 00 00 01 00 00 00 00 00 00 11 6D 61 6E 75 73 63 72 69 70 74 63 65 6E 74 72 61 6C 03 63 6F 6D 00 00 01 00 01
45 00 00 C9 76 63 00 00 40 11 39 E2 93 20 50 69 93 20 53 35 00 35 A6 0A 00 B5 57 B4 5E 5D 81 80 00 01 00 01 00 03 00 03 11 6D 61 6E 75 73 63 72 69 70 74 63 65 6E 74 72 61 6C 03 63 6F 6D 00 00 01 00 01 C0 0C 00 01 00 01 00 00 00 1E 00 04 54 12 B4 57 C0 0C 00 02 00 01 00 01 51 5E 00 14 04 6E 73 32 33 09 77 65 73 74 67 72 6F 75 70 03 6E 65 74 00 C0 0C 00 02 00 01 00 01 51 5E 00 07 04 6E 73 32 31 C0 48 C0 0C 00 02 00 01 00 01 51 5E 00 07 04 6E 73 32 32 C0 48 C0 63 00 01 00 01 00 01 13 97 00 04 C0 98 A0 06 C0 76 00 01 00 01 00 01 13 97 00 04 C0 FB 06 06 C0 43 00 01 00 01 00 01 13 97 00 04 54 12 AE 03
45 00 00 4A FA 4E 40 00 40 11 76 75 93 20 53 35 93 20 50 69 AA CC 00 35 00 36 CA 26 A3 07 01 00 00 01 00 00 00 00 00 00 06 6D 63 68 65 6C 70 11 6D 61 6E 75 73 63 72 69 70 74 63 65 6E 74 72 61 6C 03 63 6F 6D 00 00 01 00 01
45 00 00 D0 77 19 00 00 40 11 39 25 93 20 50 69 93 20 53 35 00 35 AA CC 00 BC AA 01 A3 07 81 80 00 01 00 01 00 03 00 03 06 6D 63 68 65 6C 70 11 6D 61 6E 75 73 63 72 69 70 74 63 65 6E 74 72 61 6C 03 63 6F 6D 00 00 01 00 01 C0 0C 00 01 00 01 00 00 00 1E 00 04 A7 44 14 B5 C0 13 00 02 00 01 00 01 51 4E 00 14 04 6E 73 32 32 09 77 65 73 74 67 72 6F 75 70 03 6E 65 74 00 C0 13 00 02 00 01 00 01 51 4E 00 07 04 6E 73 32 31 C0 4F C0 13 00 02 00 01 00 01 51 4E 00 07 04 6E 73 32 33 C0 4F C0 6A 00 01 00 01 00 01 13 87 00 04 C0 98 A0 06 C0 4A 00 01 00 01 00 01 13 87 00 04 C0 FB 06 06 C0 7D 00 01 00 01 00 01 13 87 00 04 54 12 AE 03
45 00 00 4C FD 6D 40 00 40 11 73 54 93 20 53 35 93 20 50 69 2F C2 00 35 00 38 CA 28 2B 86 01 00 00 01 00 00 00 00 00 00 08 6D 63 76 33 68 65 6C 70 11 6D 61 6E 75 73 63 72 69 70 74 63 65 6E 74 72 61 6C 03 63 6F 6D 00 00 01 00 01
45 00 00 E7 77 54 00 00 40 11 38 D3 93 20 50 69 93 20 53 35 00 35 2F C2 00 D3 B6 B2 2B 86 81 80 00 01 00 02 00 03 00 03 08 6D 63 76 33 68 65 6C 70 11 6D 61 6E 75 73 63 72 69 70 74 63 65 6E 74 72 61 6C 03 63 6F 6D 00 00 01 00 01 C0 0C 00 05 00 01 00 00 00 1E 00 09 06 6D 63 68 65 6C 70 C0 15 C0 3C 00 01 00 01 00 00 00 1B 00 04 A7 44 14 B5 C0 15 00 02 00 01 00 01 51 4B 00 14 04 6E 73 32 33 09 77 65 73 74 67 72 6F 75 70 03 6E 65 74 00 C0 15 00 02 00 01 00 01 51 4B 00 07 04 6E 73 32 32 C0 66 C0 15 00 02 00 01 00 01 51 4B 00 07 04 6E 73 32 31 C0 66 C0 94 00 01 00 01 00 01 13 84 00 04 C0 98 A0 06 C0 81 00 01 00 01 00 01 13 84 00 04 C0 FB 06 06 C0 61 00 01 00 01 00 01 13 84 00 04 54 12 AE 03
45 00 00 3C 16 FF 40 00 40 11 59 D3 93 20 53 35 93 20 50 69 2B 2E 00 35 00 28 CA 18 47 38 01 00 00 01 00 00 00 00 00 00 0A 73 63 68 6F 6C 61 72 6F 6E 65 03 63 6F 6D 00 00 01 00 01
45 00 00 C2 7A 08 00 00 40 11 36 44 93 20 50 69 93 20 53 35 00 35 2B 2E 00 AE 7A 52 47 38 81 80 00 01 00 01 00 03 00 03 0A 73 63 68 6F 6C 61 72 6F 6E 65 03 63 6F 6D 00 00 01 00 01 C0 0C 00 01 00 01 00 00 00 3C 00 04 54 12 B4 57 C0 0C 00 02 00 01 00 01 51 31 00 14 04 6E 73 32 32 09 77 65 73 74 67 72 6F 75 70 03 6E 65 74 00 C0 0C 00 02 00 01 00 01 51 31 00 07 04 6E 73 32 31 C0 41 C0 0C 00 02 00 01 00 01 51 31 00 07 04 6E 73 32 33 C0 41 C0 5C 00 01 00 01 00 01 13 6A 00 04 C0 98 A0 06 C0 3C 00 01 00 01 00 01 13 6A 00 04 C0 FB 06 06 C0 6F 00 01 00 01 00 01 13 6A 00 04 54 12 AE 03
45 00 00 3D 27 C0 40 00 40 11 49 11 93 20 53 35 93 20 50 69 C2 88 00 35 00 29 CA 19 84 9B 01 00 00 01 00 00 00 00 00 00 04 61 70 69 73 06 67 6F 6F 67 6C 65 03 63 6F 6D 00 00 01 00 01
45 00 01 CA 7A 7E 00 00 40 11 34 C6 93 20 50 69 93 20 53 35 00 35 C2 88 01 B6 C3 9A 84 9B 81 80 00 01 00 10 00 04 00 04 04 61 70 69 73 06 67 6F 6F 67 6C 65 03 63 6F 6D 00 00 01 00 01 C0 0C 00 05 00 01 00 08 60 54 00 09 04 70 6C 75 73 01 6C C0 11 C0 2D 00 01 00 01 00 00 01 1B 00 04 C3 71 D6 F5 C0 2D 00 01 00 01 00 00 01 1B 00 04 C3 71 D6 CF C0 2D 00 01 00 01 00 00 01 1B 00 04 C3 71 D6 F9 C0 2D 00 01 00 01 00 00 01 1B 00 04 C3 71 D6 F1 C0 2D 00 01 00 01 00 00 01 1B 00 04 C3 71 D6 EC C0 2D 00 01 00 01 00 00 01 1B 00 04 C3 71 D6 E6 C0 2D 00 01 00 01 00 00 01 1B 00 04 C3 71 D6 DD C0 2D 00 01 00 01 00 00 01 1B 00 04 C3 71 D6 ED C0 2D 00 01 00 01 00 00 01 1B 00 04 C3 71 D6 DB C0 2D 00 01 00 01 00 00 01 1B 00 04 C3 71 D6 D7 C0 2D 00 01 00 01 00 00 01 1B 00 04 C3 71 D6 EA C0 2D 00 01 00 01 00 00 01 1B 00 04 C3 71 D6 DE C0 2D 00 01 00 01 00 00 01 1B 00 04 C3 71 D6 D3 C0 2D 00 01 00 01 00 00 01 1B 00 04 C3 71 D6 E2 C0 2D 00 01 00 01 00 00 01 1B 00 04 C3 71 D6 FB C0 11 00 02 00 01 00 01 C5 6D 00 06 03 6E 73 32 C0 11 C0 11 00 02 00 01 00 01 C5 6D 00 06 03 6E 73 33 C0 11 C0 11 00 02 00 01 00 01 C5 6D 00 06 03 6E 73 34 C0 11 C0 11 00 02 00 01 00 01 C5 6D 00 06 03 6E 73 31 C0 11 C1 68 00 01 00 01 00 04 68 6D 00 04 D8 EF 20 0A C1 32 00 01 00 01 00 04 68 6D 00 04 D8 EF 22 0A C1 44 00 01 00 01 00 04 68 6D 00 04 D8 EF 24 0A C1 56 00 01 00 01 00 04 68 6D 00 04 D8 EF 26 0A
45 00 00 3F 83 AD 40 00 40 11 ED 21 93 20 53 35 93 20 50 69 6C 2C 00 35 00 2B CA 1B C0 18 01 00 00 01 00 00 00 00 00 00 03 77 77 77 06 67 6F 6F 67 6C 65 03 63 6F 6D 02 61 72 00 00 01 00 01
45 00 00 3E 83 AD 40 00 40 11 ED 22 93 20 53 35 93 20 50 69 E8 D8 00 35 00 2A CA 1A F3 F8 01 00 00 01 00 00 00 00 00 00 02 69 64 06 67 6F 6F 67 6C 65 03 63 6F 6D 02 61 72 00 00 01 00 01
45 00 01 D3 87 BE 00 00 40 11 27 7D 93 20 50 69 93 20 53 35 00 35 E8 D8 01 BF 5B 7F F3 F8 81 80 00 01 00 10 00 04 00 04 02 69 64 06 67 6F 6F 67 6C 65 03 63 6F 6D 02 61 72 00 00 01 00 01 C0 0C 00 05 00 01 00 01 4B 19 00 11 02 69 64 01 6C 06 67 6F 6F 67 6C 65 03 63 6F 6D 00 C0 2E 00 01 00 01 00 00 00 20 00 04 C3 71 D6 F5 C0 2E 00 01 00 01 00 00 00 20 00 04 C3 71 D6 DE C0 2E 00 01 00 01 00 00 00 20 00 04 C3 71 D6 DB C0 2E 00 01 00 01 00 00 00 20 00 04 C3 71 D6 FB C0 2E 00 01 00 01 00 00 00 20 00 04 C3 71 D6 E6 C0 2E 00 01 00 01 00 00 00 20 00 04 C3 71 D6 EA C0 2E 00 01 00 01 00 00 00 20 00 04 C3 71 D6 D7 C0 2E 00 01 00 01 00 00 00 20 00 04 C3 71 D6 D3 C0 2E 00 01 00 01 00 00 00 20 00 04 C3 71 D6 CF C0 2E 00 01 00 01 00 00 00 20 00 04 C3 71 D6 E2 C0 2E 00 01 00 01 00 00 00 20 00 04 C3 71 D6 EC C0 2E 00 01 00 01 00 00 00 20 00 04 C3 71 D6 F9 C0 2E 00 01 00 01 00 00 00 20 00 04 C3 71 D6 ED C0 2E 00 01 00 01 00 00 00 20 00 04 C3 71 D6 DD C0 2E 00 01 00 01 00 00 00 20 00 04 C3 71 D6 F1 C0 33 00 02 00 01 00 01 C5 0F 00 06 03 6E 73 32 C0 33 C0 33 00 02 00 01 00 01 C5 0F 00 06 03 6E 73 33 C0 33 C0 33 00 02 00 01 00 01 C5 0F 00 06 03 6E 73 34 C0 33 C0 33 00 02 00 01 00 01 C5 0F 00 06 03 6E 73 31 C0 33 C1 71 00 01 00 01 00 04 68 0F 00 04 D8 EF 20 0A C1 3B 00 01 00 01 00 04 68 0F 00 04 D8 EF 22 0A C1 4D 00 01 00 01 00 04 68 0F 00 04 D8 EF 24 0A C1 5F 00 01 00 01 00 04 68 0F 00 04 D8 EF 26 0A
45 00 01 01 87 C0 00 00 40 11 28 4D 93 20 50 69 93 20 53 35 00 35 6C 2C 00 ED 1C B1 C0 18 81 80 00 01 00 03 00 04 00 04 03 77 77 77 06 67 6F 6F 67 6C 65 03 63 6F 6D 02 61 72 00 00 01 00 01 C0 0C 00 01 00 01 00 00 01 2C 00 04 AD C2 71 BF C0 0C 00 01 00 01 00 00 01 2C 00 04 AD C2 71 B7 C0 0C 00 01 00 01 00 00 01 2C 00 04 AD C2 71 B8 C0 10 00 02 00 01 00 00 00 46 00 10 03 6E 73 34 06 67 6F 6F 67 6C 65 03 63 6F 6D 00 C0 10 00 02 00 01 00 00 00 46 00 06 03 6E 73 33 C0 63 C0 10 00 02 00 01 00 00 00 46 00 06 03 6E 73 32 C0 63 C0 10 00 02 00 01 00 00 00 46 00 06 03 6E 73 31 C0 63 C0 9F 00 01 00 01 00 04 68 0F 00 04 D8 EF 20 0A C0 8D 00 01 00 01 00 04 68 0F 00 04 D8 EF 22 0A C0 7B 00 01 00 01 00 04 68 0F 00 04 D8 EF 24 0A C0 5F 00 01 00 01 00 04 68 0F 00 04 D8 EF 26 0A
45 00 00 47 84 EF 40 00 40 11 EB D7 93 20 53 35 93 20 50 69 5F 63 00 35 00 33 CA 23 CE C3 01 00 00 01 00 00 00 00 00 00 03 77 77 77 08 6A 6F 75 72 6E 61 6C 73 08 65 6C 73 65 76 69 65 72 03 63 6F 6D 00 00 01 00 01
45 00 00 FB 87 D9 00 00 40 11 28 3A 93 20 50 69 93 20 53 35 00 35 5F 63 00 E7 DB C6 CE C3 81 80 00 01 00 02 00 03 00 03 03 77 77 77 08 6A 6F 75 72 6E 61 6C 73 08 65 6C 73 65 76 69 65 72 03 63 6F 6D 00 00 01 00 01 C0 0C 00 05 00 01 00 00 1C 20 00 21 12 65 6C 73 65 76 69 65 72 6A 68 74 70 70 75 62 6C 69 63 08 69 6E 74 75 69 74 69 76 03 6E 65 74 00 C0 37 00 01 00 01 00 01 51 80 00 04 D4 46 40 B7 C0 4A 00 02 00 01 00 02 A3 00 00 15 04 64 6E 73 32 08 69 6E 74 75 69 74 69 76 02 63 6F 02 75 6B 00 C0 4A 00 02 00 01 00 02 A3 00 00 07 04 64 6E 73 31 C0 79 C0 4A 00 02 00 01 00 02 A3 00 00 07 04 64 6E 73 33 C0 79 C0 95 00 01 00 01 00 01 51 80 00 04 D4 46 40 04 C0 74 00 01 00 01 00 01 51 80 00 04 D4 46 45 09 C0 A8 00 01 00 01 00 01 51 80 00 04 D4 46 47 04
45 00 00 47 86 0F 40 00 40 11 EA B7 93 20 53 35 93 20 50 69 3B 26 00 35 00 33 CA 23 11 1E 01 00 00 01 00 00 00 00 00 00 03 72 65 73 08 6A 6F 75 72 6E 61 6C 73 08 65 6C 73 65 76 69 65 72 03 63 6F 6D 00 00 01 00 01
45 00 00 42 86 0F 40 00 40 11 EA BC 93 20 53 35 93 20 50 69 FF A1 00 35 00 2E CA 1E A1 FC 01 00 00 01 00 00 00 00 00 00 05 63 61 63 68 65 0A 61 64 64 74 68 69 73 63 64 6E 03 63 6F 6D 00 00 01 00 01
45 00 00 FB 87 E3 00 00 40 11 28 30 93 20 50 69 93 20 53 35 00 35 3B 26 00 E7 D3 B5 11 1E 81 80 00 01 00 02 00 03 00 03 03 72 65 73 08 6A 6F 75 72 6E 61 6C 73 08 65 6C 73 65 76 69 65 72 03 63 6F 6D 00 00 01 00 01 C0 0C 00 05 00 01 00 00 1C 20 00 21 12 65 6C 73 65 76 69 65 72 6A 68 74 70 70 75 62 6C 69 63 08 69 6E 74 75 69 74 69 76 03 6E 65 74 00 C0 37 00 01 00 01 00 01 51 7F 00 04 D4 46 40 B7 C0 4A 00 02 00 01 00 02 A2 FF 00 15 04 64 6E 73 33 08 69 6E 74 75 69 74 69 76 02 63 6F 02 75 6B 00 C0 4A 00 02 00 01 00 02 A2 FF 00 07 04 64 6E 73 31 C0 79 C0 4A 00 02 00 01 00 02 A2 FF 00 07 04 64 6E 73 32 C0 79 C0 95 00 01 00 01 00 01 51 7F 00 04 D4 46 40 04 C0 A8 00 01 00 01 00 01 51 7F 00 04 D4 46 45 09 C0 74 00 01 00 01 00 01 51 7F 00 04 D4 46 47 04
45 00 00 3E 86 25 40 00 40 11 EA AA 93 20 53 35 93 20 50 69 A6 F6 00 35 00 2A CA 1A 33 89 01 00 00 01 00 00 00 00 00 00 03 63 64 6E 08 65 6C 73 65 76 69 65 72 03 63 6F 6D 00 00 01 00 01
45 00 01 AA 87 ED 00 00 40 11 27 77 93 20 50 69 93 20 53 35 00 35 A6 F6 01 96 24 F2 33 89 81 80 00 01 00 02 00 06 00 09 03 63 64 6E 08 65 6C 73 65 76 69 65 72 03 63 6F 6D 00 00 01 00 01 C0 0C 00 05 00 01 00 00 1C 20 00 22 0B 65 6C 73 65 76 69 65 72 63 64 6E 08 73 71 75 69 7A 6C 74 64 0A 6E 65 74 64 6E 61 2D 63 64 6E C0 19 C0 2E 00 01 00 01 00 00 01 2C 00 04 6C A1 BD 03 C0 43 00 02 00 01 00 01 12 2D 00 06 03 6E 73 33 C0 43 C0 43 00 02 00 01 00 01 12 2D 00 14 03 6E 73 33 03 70 31 35 06 64 79 6E 65 63 74 03 6E 65 74 00 C0 43 00 02 00 01 00 01 12 2D 00 06 03 6E 73 31 C0 43 C0 43 00 02 00 01 00 01 12 2D 00 06 03 6E 73 32 C0 43 C0 43 00 02 00 01 00 01 12 2D 00 06 03 6E 73 32 C0 82 C0 43 00 02 00 01 00 01 12 2D 00 06 03 6E 73 31 C0 82 C0 D4 00 01 00 01 00 01 0D 09 00 04 D0 4E 46 0F C0 9E 00 01 00 01 00 02 63 AD 00 04 D0 5E 94 0D C0 9E 00 1C 00 01 00 02 63 AD 00 10 26 00 18 00 00 05 00 00 00 00 00 00 00 00 00 01 C0 C2 00 01 00 01 00 01 0D 09 00 04 CC 0D FA 0F C0 B0 00 01 00 01 00 02 63 AD 00 04 D0 50 7C 0D C0 B0 00 1C 00 01 00 01 12 2D 00 10 26 00 18 01 00 06 00 00 00 00 00 00 00 00 00 01 C0 7E 00 01 00 01 00 01 0D 09 00 04 D0 4E 47 0F C0 6C 00 01 00 01 00 02 63 AD 00 04 D0 50 7E 0D C0 6C 00 1C 00 01 00 02 63 AD 00 10 26 00 18 02 00 07 00 00 00 00 00 00 00 00 00 01
45 00 00 BD 87 EF 00 00 40 11 28 62 93 20 50 69 93 20 53 35 00 35 FF A1 00 A9 C3 A8 A1 FC 81 80 00 01 00 02 00 02 00 02 05 63 61 63 68 65 0A 61 64 64 74 68 69 73 63 64 6E 03 63 6F 6D 00 00 01 00 01 C0 0C 00 05 00 01 00 00 01 2C 00 1B 05 63 73 31 36 34 03 77 61 63 0B 65 64 67 65 63 61 73 74 63 64 6E 03 6E 65 74 00 C0 32 00 01 00 01 00 00 0E 10 00 04 5D B8 DC C5 C0 3C 00 02 00 01 00 01 C5 82 00 06 03 6E 73 31 C0 3C C0 3C 00 02 00 01 00 01 C5 82 00 06 03 6E 73 32 C0 3C C0 69 00 01 00 01 00 01 C5 82 00 04 48 15 50 05 C0 7B 00 01 00 01 00 01 C5 82 00 04 48 15 50 06
45 00 00 49 86 95 40 00 40 11 EA 2F 93 20 53 35 93 20 50 69 3D 62 00 35 00 35 CA 25 7F 72 01 00 00 01 00 00 00 00 00 00 05 6D 65 64 69 61 08 6A 6F 75 72 6E 61 6C 73 08 65 6C 73 65 76 69 65 72 03 63 6F 6D 00 00 01 00 01
45 00 01 12 87 F3 00 00 40 11 28 09 93 20 50 69 93 20 53 35 00 35 3D 62 00 FE 7A 64 7F 72 81 80 00 01 00 03 00 03 00 03 05 6D 65 64 69 61 08 6A 6F 75 72 6E 61 6C 73 08 65 6C 73 65 76 69 65 72 03 63 6F 6D 00 00 01 00 01 C0 0C 00 05 00 01 00 00 1C 20 00 20 11 65 6C 73 65 76 69 65 72 6A 68 74 70 61 64 6D 69 6E 08 69 6E 74 75 69 74 69 76 03 6E 65 74 00 C0 39 00 05 00 01 00 01 51 80 00 0A 07 74 68 73 76 72 33 34 C0 4B C0 65 00 01 00 01 00 01 51 80 00 04 D4 46 40 BB C0 4B 00 02 00 01 00 02 A2 FF 00 15 04 64 6E 73 32 08 69 6E 74 75 69 74 69 76 02 63 6F 02 75 6B 00 C0 4B 00 02 00 01 00 02 A2 FF 00 07 04 64 6E 73 33 C0 90 C0 4B 00 02 00 01 00 02 A2 FF 00 07 04 64 6E 73 31 C0 90 C0 BF 00 01 00 01 00 01 51 7F 00 04 D4 46 40 04 C0 8B 00 01 00 01 00 01 51 7F 00 04 D4 46 45 09 C0 AC 00 01 00 01 00 01 51 7F 00 04 D4 46 47 04
45 00 00 40 86 D4 40 00 40 11 E9 F9 93 20 53 35 93 20 50 69 F1 32 00 35 00 2C CA 1C 05 13 01 00 00 01 00 00 00 00 00 00 02 61 64 0B 64 6F 75 62 6C 65 63 6C 69 63 6B 03 6E 65 74 00 00 01 00 01
45 00 01 07 87 F4 00 00 40 11 28 13 93 20 50 69 93 20 53 35 00 35 F1 32 00 F3 39 D4 05 13 81 80 00 01 00 03 00 04 00 04 02 61 64 0B 64 6F 75 62 6C 65 63 6C 69 63 6B 03 6E 65 74 00 00 01 00 01 C0 0C 00 05 00 01 00 01 00 FF 00 09 04 64 61 72 74 01 6C C0 0F C0 30 00 01 00 01 00 00 00 06 00 04 AD C2 23 5B C0 30 00 01 00 01 00 00 00 06 00 04 AD C2 23 5C C0 35 00 02 00 01 00 04 F5 7F 00 10 03 6E 73 31 06 67 6F 6F 67 6C 65 03 63 6F 6D 00 C0 35 00 02 00 01 00 04 F5 7F 00 06 03 6E 73 34 C0 69 C0 35 00 02 00 01 00 04 F5 7F 00 06 03 6E 73 32 C0 69 C0 35 00 02 00 01 00 04 F5 7F 00 06 03 6E 73 33 C0 69 C0 65 00 01 00 01 00 04 68 0C 00 04 D8 EF 20 0A C0 93 00 01 00 01 00 04 68 0C 00 04 D8 EF 22 0A C0 A5 00 01 00 01 00 04 68 0C 00 04 D8 EF 24 0A C0 81 00 01 00 01 00 04 68 0C 00 04 D8 EF 26 0A
45 00 00 42 86 D5 40 00 40 11 E9 F6 93 20 53 35 93 20 50 69 F2 FC 00 35 00 2E CA 1E 32 32 01 00 00 01 00 00 00 00 00 00 07 61 75 74 68 6F 72 73 08 65 6C 73 65 76 69 65 72 03 63 6F 6D 00 00 01 00 01
45 00 00 45 86 D5 40 00 40 11 E9 F3 93 20 53 35 93 20 50 69 3D E2 00 35 00 31 CA 21 BD 38 01 00 00 01 00 00 00 00 00 00 13 63 6F 6E 66 69 64 65 6E 63 65 63 6F 6E 6E 65 63 74 65 64 03 63 6F 6D 00 00 01 00 01
45 00 00 44 86 D5 40 00 40 11 E9 F4 93 20 53 35 93 20 50 69 47 B0 00 35 00 30 CA 20 92 0E 01 00 00 01 00 00 00 00 00 00 12 64 69 72 65 63 74 63 6F 75 72 73 65 6F 6E 6C 69 6E 65 03 63 6F 6D 00 00 01 00 01
45 00 00 3C 86 D5 40 00 40 11 E9 FC 93 20 53 35 93 20 50 69 E5 43 00 35 00 28 CA 18 9A 48 01 00 00 01 00 00 00 00 00 00 02 73 37 07 61 64 64 74 68 69 73 03 63 6F 6D 00 00 01 00 01
45 00 00 3E 86 D5 40 00 40 11 E9 FA 93 20 53 35 93 20 50 69 11 F2 00 35 00 2A CA 1A AB 75 01 00 00 01 00 00 00 00 00 00 03 77 77 77 08 65 6C 73 65 76 69 65 72 03 63 6F 6D 00 00 01 00 01
45 00 01 0E 87 FC 00 00 40 11 28 04 93 20 50 69 93 20 53 35 00 35 F2 FC 00 FA 94 99 32 32 81 80 00 01 00 01 00 03 00 05 07 61 75 74 68 6F 72 73 08 65 6C 73 65 76 69 65 72 03 63 6F 6D 00 00 01 00 01 C0 0C 00 01 00 01 00 00 00 32 00 04 91 24 D6 0A C0 14 00 02 00 01 00 00 19 0C 00 13 02 6E 73 08 65 6C 73 65 76 69 65 72 02 63 6F 02 75 6B 00 C0 14 00 02 00 01 00 00 19 0C 00 15 05 6E 73 31 2D 65 03 64 6E 73 05 70 69 70 65 78 03 6E 65 74 00 C0 14 00 02 00 01 00 00 19 0C 00 08 05 6E 73 30 2D 65 C0 67 C0 42 00 01 00 01 00 01 4E 6C 00 04 C1 83 DE 23 C0 82 00 01 00 01 00 01 4E 6C 00 04 9E 2B 81 45 C0 82 00 1C 00 01 00 01 4E 6C 00 10 20 01 06 00 01 C0 E0 00 00 00 00 00 00 35 00 1C C0 61 00 01 00 01 00 01 4E 6C 00 04 9E 2B C1 45 C0 61 00 1C 00 01 00 01 4E 6C 00 10 20 01 06 00 01 C0 E0 01 00 00 00 00 00 35 00 1C
45 00 00 41 86 DD 40 00 40 11 E9 EF 93 20 53 35 93 20 50 69 0E 10 00 35 00 2D CA 1D 5E 67 01 00 00 01 00 00 00 00 00 00 06 65 76 6F 6C 76 65 08 65 6C 73 65 76 69 65 72 03 63 6F 6D 00 00 01 00 01
45 00 01 0A 87 FE 00 00 40 11 28 06 93 20 50 69 93 20 53 35 00 35 11 F2 00 F6 DF D2 AB 75 81 80 00 01 00 01 00 03 00 05 03 77 77 77 08 65 6C 73 65 76 69 65 72 03 63 6F 6D 00 00 01 00 01 C0 0C 00 01 00 01 00 00 1C 20 00 04 D5 81 53 9B C0 10 00 02 00 01 00 00 19 0C 00 15 05 6E 73 30 2D 65 03 64 6E 73 05 70 69 70 65 78 03 6E 65 74 00 C0 10 00 02 00 01 00 00 19 0C 00 13 02 6E 73 08 65 6C 73 65 76 69 65 72 02 63 6F 02 75 6B 00 C0 10 00 02 00 01 00 00 19 0C 00 08 05 6E 73 31 2D 65 C0 44 C0 5F 00 01 00 01 00 01 4E 6C 00 04 C1 83 DE 23 C0 3E 00 01 00 01 00 01 4E 6C 00 04 9E 2B 81 45 C0 3E 00 1C 00 01 00 01 4E 6C 00 10 20 01 06 00 01 C0 E0 00 00 00 00 00 00 35 00 1C C0 7E 00 01 00 01 00 01 4E 6C 00 04 9E 2B C1 45 C0 7E 00 1C 00 01 00 01 4E 6C 00 10 20 01 06 00 01 C0 E0 01 00 00 00 00 00 35 00 1C
45 00 00 B7 87 FF 00 00 40 11 28 58 93 20 50 69 93 20 53 35 00 35 E5 43 00 A3 BD 43 9A 48 81 80 00 01 00 02 00 02 00 02 02 73 37 07 61 64 64 74 68 69 73 03 63 6F 6D 00 00 01 00 01 C0 0C 00 05 00 01 00 00 01 2C 00 1B 05 63 73 31 36 33 03 77 61 63 0B 65 64 67 65 63 61 73 74 63 64 6E 03 6E 65 74 00 C0 2C 00 01 00 01 00 00 07 76 00 04 5D B8 DC C4 C0 36 00 02 00 01 00 01 C5 82 00 06 03 6E 73 32 C0 36 C0 36 00 02 00 01 00 01 C5 82 00 06 03 6E 73 31 C0 36 C0 75 00 01 00 01 00 01 C5 82 00 04 48 15 50 05 C0 63 00 01 00 01 00 01 C5 82 00 04 48 15 50 06
45 00 00 46 86 E2 40 00 40 11 E9 E5 93 20 53 35 93 20 50 69 1F 59 00 35 00 32 CA 22 73 3F 01 00 00 01 00 00 00 00 00 00 03 77 77 77 10 67 6F 6F 67 6C 65 2D 61 6E 61 6C 79 74 69 63 73 03 63 6F 6D 00 00 01 00 01
45 00 01 EA 88 00 00 00 40 11 27 24 93 20 50 69 93 20 53 35 00 35 1F 59 01 D6 4E 0E 73 3F 81 80 00 01 00 10 00 04 00 04 03 77 77 77 10 67 6F 6F 67 6C 65 2D 61 6E 61 6C 79 74 69 63 73 03 63 6F 6D 00 00 01 00 01 C0 0C 00 05 00 01 00 01 01 30 00 20 14 77 77 77 2D 67 6F 6F 67 6C 65 2D 61 6E 61 6C 79 74 69 63 73 01 6C 06 67 6F 6F 67 6C 65 C0 21 C0 36 00 01 00 01 00 00 00 B4 00 04 C3 71 D6 D3 C0 36 00 01 00 01 00 00 00 B4 00 04 C3 71 D6 CF C0 36 00 01 00 01 00 00 00 B4 00 04 C3 71 D6 EA C0 36 00 01 00 01 00 00 00 B4 00 04 C3 71 D6 F5 C0 36 00 01 00 01 00 00 00 B4 00 04 C3 71 D6 D7 C0 36 00 01 00 01 00 00 00 B4 00 04 C3 71 D6 DD C0 36 00 01 00 01 00 00 00 B4 00 04 C3 71 D6 DE C0 36 00 01 00 01 00 00 00 B4 00 04 C3 71 D6 FB C0 36 00 01 00 01 00 00 00 B4 00 04 C3 71 D6 E6 C0 36 00 01 00 01 00 00 00 B4 00 04 C3 71 D6 DB C0 36 00 01 00 01 00 00 00 B4 00 04 C3 71 D6 EC C0 36 00 01 00 01 00 00 00 B4 00 04 C3 71 D6 E2 C0 36 00 01 00 01 00 00 00 B4 00 04 C3 71 D6 ED C0 36 00 01 00 01 00 00 00 B4 00 04 C3 71 D6 F1 C0 36 00 01 00 01 00 00 00 B4 00 04 C3 71 D6 F9 C0 4D 00 02 00 01 00 01 C5 0C 00 06 03 6E 73 31 C0 4D C0 4D 00 02 00 01 00 01 C5 0C 00 06 03 6E 73 32 C0 4D C0 4D 00 02 00 01 00 01 C5 0C 00 06 03 6E 73 33 C0 4D C0 4D 00 02 00 01 00 01 C5 0C 00 06 03 6E 73 34 C0 4D C1 52 00 01 00 01 00 04 68 0C 00 04 D8 EF 20 0A C1 64 00 01 00 01 00 04 68 0C 00 04 D8 EF 22 0A C1 76 00 01 00 01 00 04 68 0C 00 04 D8 EF 24 0A C1 88 00 01 00 01 00 04 68 0C 00 04 D8 EF 26 0A
45 00 00 4B 86 EF 40 00 40 11 E9 D3 93 20 53 35 93 20 50 69 51 DD 00 35 00 37 CA 27 FC 94 01 00 00 01 00 00 00 00 00 00 07 70 61 67 65 61 64 32 11 67 6F 6F 67 6C 65 73 79 6E 64 69 63 61 74 69 6F 6E 03 63 6F 6D 00 00 01 00 01
45 00 01 32 88 0F 00 00 40 11 27 CD 93 20 50 69 93 20 53 35 00 35 51 DD 01 1E 1F 28 FC 94 81 80 00 01 00 04 00 04 00 04 07 70 61 67 65 61 64 32 11 67 6F 6F 67 6C 65 73 79 6E 64 69 63 61 74 69 6F 6E 03 63 6F 6D 00 00 01 00 01 C0 0C 00 05 00 01 00 00 00 B3 00 1C 08 70 61 67 65 61 64 34 36 01 6C 0B 64 6F 75 62 6C 65 63 6C 69 63 6B 03 6E 65 74 00 C0 3B 00 01 00 01 00 00 00 29 00 04 AD C2 23 5A C0 3B 00 01 00 01 00 00 00 29 00 04 AD C2 23 4D C0 3B 00 01 00 01 00 00 00 29 00 04 AD C2 23 59 C0 44 00 02 00 01 00 04 F5 7F 00 0D 03 6E 73 31 06 67 6F 6F 67 6C 65 C0 26 C0 44 00 02 00 01 00 04 F5 7F 00 06 03 6E 73 32 C0 97 C0 44 00 02 00 01 00 04 F5 7F 00 06 03 6E 73 33 C0 97 C0 44 00 02 00 01 00 04 F5 7F 00 06 03 6E 73 34 C0 97 C0 93 00 01 00 01 00 04 68 0C 00 04 D8 EF 20 0A C0 AC 00 01 00 01 00 04 68 0C 00 04 D8 EF 22 0A C0 BE 00 01 00 01 00 04 68 0C 00 04 D8 EF 24 0A C0 D0 00 01 00 01 00 04 68 0C 00 04 D8 EF 26 0A
45 00 00 A7 88 10 00 00 40 11 28 57 93 20 50 69 93 20 53 35 00 35 47 B0 00 93 1F 07 92 0E 81 80 00 01 00 01 00 02 00 02 12 64 69 72 65 63 74 63 6F 75 72 73 65 6F 6E 6C 69 6E 65 03 63 6F 6D 00 00 01 00 01 C0 0C 00 01 00 01 00 00 A8 C0 00 04 46 20 68 EA C0 0C 00 02 00 01 00 02 A3 00 00 15 03 6E 73 32 0B 6D 65 64 69 61 74 65 6D 70 6C 65 03 6E 65 74 00 C0 0C 00 02 00 01 00 02 A3 00 00 06 03 6E 73 31 C0 48 C0 65 00 01 00 01 00 02 63 B1 00 04 40 CF 80 F6 C0 44 00 01 00 01 00 02 63 B1 00 04 46 20 41 89
45 00 00 3E 86 F2 40 00 40 11 E9 DD 93 20 53 35 93 20 50 69 C9 39 00 35 00 2A CA 1A 76 CB 01 00 00 01 00 00 00 00 00 00 0C 69 63 64 2D 31 30 6F 6E 6C 69 6E 65 03 63 6F 6D 00 00 01 00 01
45 00 00 A9 88 16 00 00 40 11 28 4F 93 20 50 69 93 20 53 35 00 35 3D E2 00 95 D8 0F BD 38 81 80 00 01 00 01 00 02 00 02 13 63 6F 6E 66 69 64 65 6E 63 65 63 6F 6E 6E 65 63 74 65 64 03 63 6F 6D 00 00 01 00 01 C0 0C 00 01 00 01 00 00 0E 10 00 04 B8 6A 37 42 C0 0C 00 02 00 01 00 00 0E 10 00 15 04 64 6E 73 32 0D 73 74 61 62 6C 65 74 72 61 6E 73 69 74 C0 20 C0 0C 00 02 00 01 00 00 0E 10 00 07 04 64 6E 73 31 C0 4A C0 66 00 01 00 01 00 00 74 D1 00 04 45 14 5F 04 C0 45 00 01 00 01 00 00 74 D1 00 04 41 3D BC 04
45 00 00 46 86 F9 40 00 40 11 E9 CE 93 20 53 35 93 20 50 69 3C 91 00 35 00 32 CA 22 3E 48 01 00 00 01 00 00 00 00 00 00 04 69 6E 66 6F 0F 6A 6F 75 72 6E 61 6C 73 63 6F 6E 73 75 6C 74 03 63 6F 6D 00 00 01 00 01
45 00 01 12 88 25 00 00 40 11 27 D7 93 20 50 69 93 20 53 35 00 35 3C 91 00 FE F2 F5 3E 48 81 80 00 01 00 01 00 03 00 05 04 69 6E 66 6F 0F 6A 6F 75 72 6E 61 6C 73 63 6F 6E 73 75 6C 74 03 63 6F 6D 00 00 01 00 01 C0 0C 00 01 00 01 00 01 51 80 00 04 36 F6 55 C2 C0 11 00 02 00 01 00 01 51 80 00 15 05 6E 73 31 2D 6A 03 64 6E 73 05 70 69 70 65 78 03 6E 65 74 00 C0 11 00 02 00 01 00 01 51 80 00 08 05 6E 73 30 2D 6A C0 4C C0 11 00 02 00 01 00 01 51 80 00 13 02 6E 73 08 65 6C 73 65 76 69 65 72 02 63 6F 02 75 6B 00 C0 7B 00 01 00 01 00 01 4E 6B 00 04 C1 83 DE 23 C0 67 00 01 00 01 00 01 51 80 00 04 9E 2B 81 4A C0 67 00 1C 00 01 00 01 51 80 00 10 20 01 06 00 01 C0 E0 00 00 00 00 00 00 35 00 21 C0 46 00 01 00 01 00 01 51 80 00 04 9E 2B C1 4A C0 46 00 1C 00 01 00 01 51 80 00 10 20 01 06 00 01 C0 E0 01 00 00 00 00 00 35 00 21
45 00 00 43 87 04 40 00 40 11 E9 C6 93 20 53 35 93 20 50 69 9F 34 00 35 00 2F CA 1F 19 3B 01 00 00 01 00 00 00 00 00 00 11 69 6E 6F 72 64 65 72 62 79 65 6C 73 65 76 69 65 72 03 63 6F 6D 00 00 01 00 01
45 00 01 0F 88 37 00 00 40 11 27 C8 93 20 50 69 93 20 53 35 00 35 9F 34 00 FB 6F 8B 19 3B 81 80 00 01 00 01 00 03 00 05 11 69 6E 6F 72 64 65 72 62 79 65 6C 73 65 76 69 65 72 03 63 6F 6D 00 00 01 00 01 C0 0C 00 01 00 01 00 00 02 58 00 04 32 3E F4 01 C0 0C 00 02 00 01 00 00 02 58 00 15 05 6E 73 30 2D 69 03 64 6E 73 05 70 69 70 65 78 03 6E 65 74 00 C0 0C 00 02 00 01 00 00 02 58 00 08 05 6E 73 31 2D 69 C0 49 C0 0C 00 02 00 01 00 00 02 58 00 13 02 6E 73 08 65 6C 73 65 76 69 65 72 02 63 6F 02 75 6B 00 C0 78 00 01 00 01 00 01 4E 6B 00 04 C1 83 DE 23 C0 43 00 01 00 01 00 01 51 80 00 04 9E 2B 81 49 C0 43 00 1C 00 01 00 01 51 80 00 10 20 01 06 00 01 C0 E0 00 00 00 00 00 00 35 00 20 C0 64 00 01 00 01 00 01 51 80 00 04 9E 2B C1 49 C0 64 00 1C 00 01 00 01 51 80 00 10 20 01 06 00 01 C0 E0 01 00 00 00 00 00 35 00 20
45 00 00 40 87 0F 40 00 40 11 E9 BE 93 20 53 35 93 20 50 69 69 8D 00 35 00 2C CA 1C AB 39 01 00 00 01 00 00 00 00 00 00 05 73 74 6F 72 65 08 65 6C 73 65 76 69 65 72 03 63 6F 6D 00 00 01 00 01
45 00 02 1C 88 39 00 00 40 11 26 B9 93 20 50 69 93 20 53 35 00 35 0E 10 02 08 6C A2 5E 67 81 80 00 01 00 06 00 08 00 06 06 65 76 6F 6C 76 65 08 65 6C 73 65 76 69 65 72 03 63 6F 6D 00 00 01 00 01 C0 0C 00 05 00 01 00 00 1C 20 00 11 04 70 72 6F 64 09 65 68 73 65 76 6F 6C 76 65 C0 1C C0 31 00 05 00 01 00 00 01 2C 00 1A 03 65 6C 62 05 65 76 6F 6C 76 0A 63 61 6D 70 75 73 70 61 63 6B 03 6E 65 74 00 C0 4E 00 05 00 01 00 00 01 2C 00 14 03 65 6C 62 09 65 76 6F 6C 76 2D 30 30 39 03 65 6C 73 C0 58 C0 74 00 05 00 01 00 00 01 F4 00 44 29 65 76 6F 6C 76 2D 30 30 39 2D 65 6C 61 73 74 69 63 6C 2D 6B 39 32 72 6C 61 6E 68 6E 63 36 64 2D 31 37 37 33 39 34 31 31 34 09 75 73 2D 65 61 73 74 2D 31 03 65 6C 62 09 61 6D 61 7A 6F 6E 61 77 73 C0 1C C0 94 00 01 00 01 00 00 00 3C 00 04 17 17 58 31 C0 94 00 01 00 01 00 00 00 3C 00 04 AE 81 DA 2E C0 94 00 02 00 01 00 00 07 08 00 09 06 6E 73 2D 39 34 31 C0 CC C0 94 00 02 00 01 00 00 07 08 00 09 06 6E 73 2D 39 34 37 C0 CC C0 94 00 02 00 01 00 00 07 08 00 09 06 6E 73 2D 39 33 35 C0 CC C0 94 00 02 00 01 00 00 07 08 00 09 06 6E 73 2D 39 33 34 C0 CC C0 94 00 02 00 01 00 00 07 08 00 09 06 6E 73 2D 39 32 37 C0 CC C0 94 00 02 00 01 00 00 07 08 00 09 06 6E 73 2D 39 31 36 C0 CC C0 94 00 02 00 01 00 00 07 08 00 09 06 6E 73 2D 39 32 35 C0 CC C0 94 00 02 00 01 00 00 07 08 00 09 06 6E 73 2D 39 34 34 C0 CC C1 6D 00 01 00 01 00 00 01 9B 00 04 CF AB B2 07 C1 82 00 01 00 01 00 00 00 6F 00 04 48 15 D0 D5 C1 58 00 01 00 01 00 00 00 6F 00 04 48 15 CC D1 C1 43 00 01 00 01 00 00 00 6F 00 04 57 EE 54 D7 C1 2E 00 01 00 01 00 00 00 6F 00 04 57 EE 50 D5 C1 04 00 01 00 01 00 00 00 34 00 04 CC F6 A0 05
45 00 00 39 87 13 40 00 40 11 E9 C1 93 20 53 35 93 20 50 69 51 31 00 35 00 25 CA 15 00 48 01 00 00 01 00 00 00 00 00 00 07 74 77 69 74 74 65 72 03 63 6F 6D 00 00 01 00 01
45 00 01 0C 88 3B 00 00 40 11 27 C7 93 20 50 69 93 20 53 35 00 35 69 8D 00 F8 11 1F AB 39 81 80 00 01 00 01 00 03 00 05 05 73 74 6F 72 65 08 65 6C 73 65 76 69 65 72 03 63 6F 6D 00 00 01 00 01 C0 0C 00 01 00 01 00 00 1C 20 00 04 CF 18 2A 51 C0 12 00 02 00 01 00 00 19 0B 00 15 05 6E 73 30 2D 65 03 64 6E 73 05 70 69 70 65 78 03 6E 65 74 00 C0 12 00 02 00 01 00 00 19 0B 00 08 05 6E 73 31 2D 65 C0 46 C0 12 00 02 00 01 00 00 19 0B 00 13 02 6E 73 08 65 6C 73 65 76 69 65 72 02 63 6F 02 75 6B 00 C0 75 00 01 00 01 00 01 4E 6B 00 04 C1 83 DE 23 C0 40 00 01 00 01 00 01 4E 6B 00 04 9E 2B 81 45 C0 40 00 1C 00 01 00 01 4E 6B 00 10 20 01 06 00 01 C0 E0 00 00 00 00 00 00 35 00 1C C0 61 00 01 00 01 00 01 4E 6B 00 04 9E 2B C1 45 C0 61 00 1C 00 01 00 01 4E 6B 00 10 20 01 06 00 01 C0 E0 01 00 00 00 00 00 35 00 1C
45 00 00 42 87 17 40 00 40 11 E9 B4 93 20 53 35 93 20 50 69 66 64 00 35 00 2E CA 1E 7C 79 01 00 00 01 00 00 00 00 00 00 07 77 65 62 73 68 6F 70 08 65 6C 73 65 76 69 65 72 03 63 6F 6D 00 00 01 00 01
45 00 00 FF 88 3D 00 00 40 11 27 D2 93 20 50 69 93 20 53 35 00 35 51 31 00 EB 89 0B 00 48 81 80 00 01 00 03 00 04 00 04 07 74 77 69 74 74 65 72 03 63 6F 6D 00 00 01 00 01 C0 0C 00 01 00 01 00 00 00 1E 00 04 C7 10 9C 26 C0 0C 00 01 00 01 00 00 00 1E 00 04 C7 10 9C 06 C0 0C 00 01 00 01 00 00 00 1E 00 04 C7 10 9C 66 C0 0C 00 02 00 01 00 00 75 02 00 14 03 6E 73 34 03 70 33 34 06 64 79 6E 65 63 74 03 6E 65 74 00 C0 0C 00 02 00 01 00 00 75 02 00 06 03 6E 73 31 C0 5D C0 0C 00 02 00 01 00 00 75 02 00 06 03 6E 73 33 C0 5D C0 0C 00 02 00 01 00 00 75 02 00 06 03 6E 73 32 C0 5D C0 79 00 01 00 01 00 00 75 02 00 04 D0 4E 46 22 C0 9D 00 01 00 01 00 00 75 02 00 04 CC 0D FA 22 C0 8B 00 01 00 01 00 00 75 02 00 04 D0 4E 47 22 C0 59 00 01 00 01 00 00 75 02 00 04 CC 0D FB 22
45 00 00 3C 87 1C 40 00 40 11 E9 B5 93 20 53 35 93 20 50 69 1F E5 00 35 00 28 CA 18 52 DD 01 00 00 01 00 00 00 00 00 00 03 77 68 79 06 6B 6E 6F 76 65 6C 03 63 6F 6D 00 00 01 00 01
45 00 01 0E 88 40 00 00 40 11 27 C0 93 20 50 69 93 20 53 35 00 35 66 64 00 FA C2 06 7C 79 81 80 00 01 00 01 00 03 00 05 07 77 65 62 73 68 6F 70 08 65 6C 73 65 76 69 65 72 03 63 6F 6D 00 00 01 00 01 C0 0C 00 01 00 01 00 00 1C 20 00 04 55 70 14 C1 C0 14 00 02 00 01 00 00 19 0B 00 13 02 6E 73 08 65 6C 73 65 76 69 65 72 02 63 6F 02 75 6B 00 C0 14 00 02 00 01 00 00 19 0B 00 15 05 6E 73 30 2D 65 03 64 6E 73 05 70 69 70 65 78 03 6E 65 74 00 C0 14 00 02 00 01 00 00 19 0B 00 08 05 6E 73 31 2D 65 C0 67 C0 42 00 01 00 01 00 01 4E 6B 00 04 C1 83 DE 23 C0 61 00 01 00 01 00 01 4E 6B 00 04 9E 2B 81 45 C0 61 00 1C 00 01 00 01 4E 6B 00 10 20 01 06 00 01 C0 E0 00 00 00 00 00 00 35 00 1C C0 82 00 01 00 01 00 01 4E 6B 00 04 9E 2B C1 45 C0 82 00 1C 00 01 00 01 4E 6B 00 10 20 01 06 00 01 C0 E0 01 00 00 00 00 00 35 00 1C
45 00 00 41 87 20 40 00 40 11 E9 AC 93 20 53 35 93 20 50 69 56 CD 00 35 00 2D CA 1D 15 77 01 00 00 01 00 00 00 00 00 00 03 77 77 77 0B 63 6C 69 6E 69 63 61 6C 6B 65 79 03 63 6F 6D 00 00 01 00 01
45 00 00 A1 88 47 00 00 40 11 28 26 93 20 50 69 93 20 53 35 00 35 C9 39 00 8D 9D 55 76 CB 81 80 00 01 00 01 00 02 00 02 0C 69 63 64 2D 31 30 6F 6E 6C 69 6E 65 03 63 6F 6D 00 00 01 00 01 C0 0C 00 01 00 01 00 00 A8 C0 00 04 46 20 68 EA C0 0C 00 02 00 01 00 02 A2 FF 00 15 03 6E 73 32 0B 6D 65 64 69 61 74 65 6D 70 6C 65 03 6E 65 74 00 C0 0C 00 02 00 01 00 02 A2 FF 00 06 03 6E 73 31 C0 42 C0 5F 00 01 00 01 00 02 63 B0 00 04 40 CF 80 F6 C0 3E 00 01 00 01 00 02 63 B0 00 04 46 20 41 89
45 00 00 3B 87 21 40 00 40 11 E9 B1 93 20 53 35 93 20 50 69 D0 EE 00 35 00 27 CA 17 91 54 01 00 00 01 00 00 00 00 00 00 03 77 77 77 05 63 70 6D 72 63 03 63 6F 6D 00 00 01 00 01
45 00 00 3D 87 22 40 00 40 11 E9 AE 93 20 53 35 93 20 50 69 6C 34 00 35 00 29 CA 19 2A 4A 01 00 00 01 00 00 00 00 00 00 03 63 74 31 07 61 64 64 74 68 69 73 03 63 6F 6D 00 00 01 00 01
45 00 00 E2 88 4B 00 00 40 11 27 E1 93 20 50 69 93 20 53 35 00 35 1F E5 00 CE E3 80 52 DD 81 80 00 01 00 01 00 04 00 04 03 77 68 79 06 6B 6E 6F 76 65 6C 03 63 6F 6D 00 00 01 00 01 C0 0C 00 01 00 01 00 00 0E 10 00 04 36 F1 00 D9 C0 10 00 02 00 01 00 01 51 80 00 14 03 6E 73 31 03 70 31 39 06 64 79 6E 65 63 74 03 6E 65 74 00 C0 10 00 02 00 01 00 01 51 80 00 06 03 6E 73 33 C0 40 C0 10 00 02 00 01 00 01 51 80 00 06 03 6E 73 32 C0 40 C0 10 00 02 00 01 00 01 51 80 00 06 03 6E 73 34 C0 40 C0 3C 00 01 00 01 00 01 0D 0A 00 04 D0 4E 46 13 C0 6E 00 01 00 01 00 01 0D 0A 00 04 CC 0D FA 13 C0 5C 00 01 00 01 00 01 0D 0A 00 04 D0 4E 47 13 C0 80 00 01 00 01 00 01 0D 0A 00 04 CC 0D FB 13
45 00 00 44 87 22 40 00 40 11 E9 A7 93 20 53 35 93 20 50 69 E8 F2 00 35 00 30 CA 20 C8 DB 01 00 00 01 00 00 00 00 00 00 03 77 77 77 0E 65 6C 73 65 76 69 65 72 68 65 61 6C 74 68 03 63 6F 6D 00 00 01 00 01
45 00 01 26 88 52 00 00 40 11 27 96 93 20 50 69 93 20 53 35 00 35 D0 EE 01 12 85 7B 91 54 81 80 00 01 00 01 00 06 00 06 03 77 77 77 05 63 70 6D 72 63 03 63 6F 6D 00 00 01 00 01 C0 0C 00 01 00 01 00 00 54 60 00 04 46 20 68 EA C0 10 00 02 00 01 00 00 54 60 00 15 03 6E 73 35 03 72 73 69 0A 6C 65 78 69 73 6E 65 78 69 73 C0 16 C0 10 00 02 00 01 00 00 54 60 00 06 03 6E 73 34 C0 3F C0 10 00 02 00 01 00 00 54 60 00 06 03 6E 73 33 C0 3F C0 10 00 02 00 01 00 00 54 60 00 06 03 6E 73 31 C0 3F C0 10 00 02 00 01 00 00 54 60 00 06 03 6E 73 36 C0 3F C0 10 00 02 00 01 00 00 54 60 00 06 03 6E 73 32 C0 3F C0 80 00 01 00 01 00 02 A3 00 00 04 D1 F3 30 11 C0 A4 00 01 00 01 00 02 A3 00 00 04 D1 F3 30 12 C0 6E 00 01 00 01 00 02 A3 00 00 04 45 54 B9 12 C0 5C 00 01 00 01 00 02 A3 00 00 04 48 20 D1 DF C0 3B 00 01 00 01 00 02 A3 00 00 04 48 03 F0 73 C0 92 00 01 00 01 00 02 A3 00 00 04 59 EA 08 D6
45 00 00 48 87 2A 40 00 40 11 E9 9B 93 20 53 35 93 20 50 69 8D 22 00 35 00 34 CA 24 F2 F7 01 00 00 01 00 00 00 00 00 00 03 77 77 77 12 65 6E 67 69 6E 65 65 72 69 6E 67 76 69 6C 6C 61 67 65 03 63 6F 6D 00 00 01 00 01
45 00 01 10 88 54 00 00 40 11 27 AA 93 20 50 69 93 20 53 35 00 35 E8 F2 00 FC 46 D2 C8 DB 81 80 00 01 00 01 00 03 00 05 03 77 77 77 0E 65 6C 73 65 76 69 65 72 68 65 61 6C 74 68 03 63 6F 6D 00 00 01 00 01 C0 0C 00 01 00 01 00 00 02 58 00 04 CF 18 2A 53 C0 10 00 02 00 01 00 02 A3 00 00 15 05 6E 73 31 2D 65 03 64 6E 73 05 70 69 70 65 78 03 6E 65 74 00 C0 10 00 02 00 01 00 02 A3 00 00 08 05 6E 73 30 2D 65 C0 4A C0 10 00 02 00 01 00 02 A3 00 00 13 02 6E 73 08 65 6C 73 65 76 69 65 72 02 63 6F 02 75 6B 00 C0 79 00 01 00 01 00 01 4E 6B 00 04 C1 83 DE 23 C0 65 00 01 00 01 00 01 4E 6B 00 04 9E 2B 81 45 C0 65 00 1C 00 01 00 01 4E 6B 00 10 20 01 06 00 01 C0 E0 00 00 00 00 00 00 35 00 1C C0 44 00 01 00 01 00 01 4E 6B 00 04 9E 2B C1 45 C0 44 00 1C 00 01 00 01 4E 6B 00 10 20 01 06 00 01 C0 E0 01 00 00 00 00 00 35 00 1C
45 00 00 3E 87 2B 40 00 40 11 E9 A4 93 20 53 35 93 20 50 69 78 35 00 35 00 2A CA 1A 97 8B 01 00 00 01 00 00 00 00 00 00 03 77 77 77 08 65 78 69 74 63 61 72 65 03 63 6F 6D 00 00 01 00 01
45 00 00 FE 88 59 00 00 40 11 27 B7 93 20 50 69 93 20 53 35 00 35 6C 34 00 EA 42 24 2A 4A 81 80 00 01 00 02 00 04 00 04 03 63 74 31 07 61 64 64 74 68 69 73 03 63 6F 6D 00 00 01 00 01 C0 0C 00 05 00 01 00 00 01 2C 00 12 01 61 03 73 73 6C 06 66 61 73 74 6C 79 03 6E 65 74 00 C0 2D 00 01 00 01 00 00 00 1E 00 04 B9 1F 10 82 C0 33 00 02 00 01 00 00 8A 3D 00 11 03 6E 73 31 03 70 30 34 06 64 79 6E 65 63 74 C0 3A C0 33 00 02 00 01 00 00 8A 3D 00 06 03 6E 73 32 C0 5F C0 33 00 02 00 01 00 00 8A 3D 00 06 03 6E 73 33 C0 5F C0 33 00 02 00 01 00 00 8A 3D 00 06 03 6E 73 34 C0 5F C0 5B 00 01 00 01 00 01 DB BD 00 04 D0 4E 46 04 C0 78 00 01 00 01 00 01 DB BD 00 04 CC 0D FA 04 C0 8A 00 01 00 01 00 01 DB BD 00 04 D0 4E 47 04 C0 9C 00 01 00 01 00 01 DB BD 00 04 CC 0D FB 04
45 00 01 31 88 5A 00 00 40 11 27 83 93 20 50 69 93 20 53 35 00 35 56 CD 01 1D 0A 4B 15 77 81 80 00 01 00 02 00 04 00 04 03 77 77 77 0B 63 6C 69 6E 69 63 61 6C 6B 65 79 03 63 6F 6D 00 00 01 00 01 C0 0C 00 05 00 01 00 00 01 2C 00 0B 08 65 61 73 74 31 77 77 77 C0 10 C0 31 00 01 00 01 00 00 00 3C 00 04 36 EB 89 32 C0 10 00 02 00 01 00 02 A3 00 00 16 06 6E 73 2D 38 38 30 09 61 77 73 64 6E 73 2D 34 36 03 6E 65 74 00 C0 10 00 02 00 01 00 02 A3 00 00 19 07 6E 73 2D 31 37 36 34 09 61 77 73 64 6E 73 2D 32 38 02 63 6F 02 75 6B 00 C0 10 00 02 00 01 00 02 A3 00 00 13 06 6E 73 2D 31 30 35 09 61 77 73 64 6E 73 2D 31 33 C0 1C C0 10 00 02 00 01 00 02 A3 00 00 17 07 6E 73 2D 31 34 39 30 09 61 77 73 64 6E 73 2D 35 38 03 6F 72 67 00 C0 9F 00 01 00 01 00 02 A3 00 00 04 CD FB C0 69 C0 58 00 01 00 01 00 02 91 3F 00 04 CD FB C3 70 C0 BE 00 01 00 01 00 02 A3 00 00 04 CD FB C5 D2 C0 7A 00 01 00 01 00 02 A3 00 00 04 CD FB C6 E4
45 00 00 3E 87 30 40 00 40 11 E9 9F 93 20 53 35 93 20 50 69 70 84 00 35 00 2A CA 1A 59 C3 01 00 00 01 00 00 00 00 00 00 03 77 77 77 08 66 61 63 65 62 6F 6F 6B 03 63 6F 6D 00 00 01 00 01
45 00 00 A9 88 5D 00 00 40 11 28 08 93 20 50 69 93 20 53 35 00 35 70 84 00 95 3E 29 59 C3 81 80 00 01 00 02 00 02 00 02 03 77 77 77 08 66 61 63 65 62 6F 6F 6B 03 63 6F 6D 00 00 01 00 01 C0 0C 00 05 00 01 00 00 04 6A 00 0C 04 73 74 61 72 04 63 31 30 72 C0 10 C0 2E 00 01 00 01 00 00 00 3C 00 04 AD FC 64 1B C0 33 00 02 00 01 00 01 C5 7E 00 07 01 61 02 6E 73 C0 33 C0 33 00 02 00 01 00 01 C5 7E 00 04 01 62 C0 58 C0 56 00 01 00 01 00 01 C5 7E 00 04 45 AB EF 0B C0 69 00 01 00 01 00 01 C5 7E 00 04 45 AB FF 0B
45 00 00 42 87 34 40 00 40 11 E9 97 93 20 53 35 93 20 50 69 CC D9 00 35 00 2E CA 1E E9 75 01 00 00 01 00 00 00 00 00 00 03 77 77 77 0C 66 69 72 73 74 63 6F 6E 73 75 6C 74 03 63 6F 6D 00 00 01 00 01
45 00 01 72 88 5F 00 00 40 11 27 3D 93 20 50 69 93 20 53 35 00 35 78 35 01 5E 2D 02 97 8B 81 80 00 01 00 02 00 06 00 08 03 77 77 77 08 65 78 69 74 63 61 72 65 03 63 6F 6D 00 00 01 00 01 C0 0C 00 05 00 01 00 00 07 08 00 02 C0 10 C0 10 00 01 00 01 00 00 07 08 00 04 46 20 68 EA C0 10 00 02 00 01 00 01 51 80 00 13 04 6E 73 31 34 0B 64 6E 73 6D 61 64 65 65 61 73 79 C0 19 C0 10 00 02 00 01 00 01 51 80 00 07 04 6E 73 31 35 C0 51 C0 10 00 02 00 01 00 01 51 80 00 07 04 6E 73 31 32 C0 51 C0 10 00 02 00 01 00 01 51 80 00 07 04 6E 73 31 33 C0 51 C0 10 00 02 00 01 00 01 51 80 00 07 04 6E 73 31 31 C0 51 C0 10 00 02 00 01 00 01 51 80 00 07 04 6E 73 31 30 C0 51 C0 B7 00 01 00 01 00 02 52 28 00 04 D0 5E 94 04 C0 A4 00 01 00 01 00 02 52 28 00 04 D0 50 7C 04 C0 7E 00 01 00 01 00 02 52 28 00 04 D0 50 7E 04 C0 91 00 01 00 01 00 02 52 28 00 04 D0 50 7D 04 C0 91 00 1C 00 01 00 02 52 28 00 10 26 00 18 01 00 13 00 00 00 00 00 00 00 00 00 01 C0 4C 00 01 00 01 00 02 52 28 00 04 D0 50 7F 04 C0 4C 00 1C 00 01 00 02 52 28 00 10 26 00 18 02 00 14 00 00 00 00 00 00 00 00 00 01 C0 6B 00 01 00 01 00 02 52 28 00 04 D0 5E 95 04
45 00 00 42 87 34 40 00 40 11 E9 97 93 20 53 35 93 20 50 69 40 DC 00 35 00 2E CA 1E 1A 05 01 00 00 01 00 00 00 00 00 00 03 77 77 77 0C 67 6F 6C 64 73 74 61 6E 64 61 72 64 03 63 6F 6D 00 00 01 00 01
45 00 00 3B 87 37 40 00 40 11 E9 9B 93 20 53 35 93 20 50 69 8E D2 00 35 00 27 CA 17 3A 12 01 00 00 01 00 00 00 00 00 00 01 6D 07 61 64 64 74 68 69 73 03 63 6F 6D 00 00 01 00 01
45 00 00 45 87 37 40 00 40 11 E9 91 93 20 53 35 93 20 50 69 6B 78 00 35 00 31 CA 21 8B DE 01 00 00 01 00 00 00 00 00 00 01 62 11 73 63 6F 72 65 63 61 72 64 72 65 73 65 61 72 63 68 03 63 6F 6D 00 00 01 00 01
45 00 00 FD 88 67 00 00 40 11 27 AA 93 20 50 69 93 20 53 35 00 35 8E D2 00 E9 F6 FA 3A 12 81 80 00 01 00 02 00 04 00 04 01 6D 07 61 64 64 74 68 69 73 03 63 6F 6D 00 00 01 00 01 C0 0C 00 05 00 01 00 00 01 12 00 10 01 6D 0B 61 64 64 74 68 69 73 65 64 67 65 C0 16 C0 2B 00 01 00 01 00 00 00 04 00 04 CE A5 FA 5B C0 2D 00 02 00 01 00 01 12 7B 00 14 03 6E 73 31 03 70 32 37 06 64 79 6E 65 63 74 03 6E 65 74 00 C0 2D 00 02 00 01 00 01 12 7B 00 06 03 6E 73 32 C0 5B C0 2D 00 02 00 01 00 01 12 7B 00 06 03 6E 73 33 C0 5B C0 2D 00 02 00 01 00 01 12 7B 00 06 03 6E 73 34 C0 5B C0 57 00 01 00 01 00 01 00 BA 00 04 D0 4E 46 1B C0 77 00 01 00 01 00 01 00 BA 00 04 CC 0D FA 1B C0 89 00 01 00 01 00 01 00 BA 00 04 D0 4E 47 1B C0 9B 00 01 00 01 00 01 00 BA 00 04 CC 0D FB 1B
45 00 01 EF 88 69 00 00 40 11 26 B6 93 20 50 69 93 20 53 35 00 35 6B 78 01 DB D5 24 8B DE 81 80 00 01 00 04 00 08 00 08 01 62 11 73 63 6F 72 65 63 61 72 64 72 65 73 65 61 72 63 68 03 63 6F 6D 00 00 01 00 01 C0 0C 00 05 00 01 00 01 0A 94 00 27 01 62 11 73 63 6F 72 65 63 61 72 64 72 65 73 65 61 72 63 68 03 63 6F 6D 09 65 64 67 65 73 75 69 74 65 03 6E 65 74 00 C0 35 00 05 00 01 00 00 05 13 00 13 05 61 31 32 39 34 03 77 32 30 06 61 6B 61 6D 61 69 C0 57 C0 68 00 01 00 01 00 00 00 14 00 04 C3 71 E8 48 C0 68 00 01 00 01 00 00 00 14 00 04 C3 71 E8 60 C0 6E 00 02 00 01 00 00 0D 74 00 08 05 6E 31 77 32 30 C0 72 C0 6E 00 02 00 01 00 00 0D 74 00 08 05 61 30 77 32 30 C0 72 C0 6E 00 02 00 01 00 00 0D 74 00 08 05 6E 32 77 32 30 C0 72 C0 6E 00 02 00 01 00 00 0D 74 00 08 05 61 31 77 32 30 C0 72 C0 6E 00 02 00 01 00 00 0D 74 00 08 05 6E 33 77 32 30 C0 72 C0 6E 00 02 00 01 00 00 0D 74 00 08 05 6E 30 77 32 30 C0 72 C0 6E 00 02 00 01 00 00 0D 74 00 08 05 6E 35 77 32 30 C0 72 C0 6E 00 02 00 01 00 00 0D 74 00 08 05 6E 34 77 32 30 C0 72 C0 BB 00 1C 00 01 00 00 37 A4 00 10 2A 02 26 F0 00 32 F0 00 F5 08 01 B3 92 93 51 DA C0 E3 00 1C 00 01 00 00 0D 74 00 10 2A 02 26 F0 00 7D F0 00 2B 89 01 B3 92 93 51 DA C1 0B 00 01 00 01 00 00 0D 74 00 04 D5 FE F5 07 C0 A7 00 01 00 01 00 00 61 D4 00 04 C3 3B 2B 84 C0 CF 00 01 00 01 00 00 37 A4 00 04 58 DD 51 C0 C0 F7 00 01 00 01 00 00 61 D4 00 04 5C 7A D9 02 C1 33 00 01 00 01 00 00 0D 74 00 04 5C 7A D9 03 C1 1F 00 01 00 01 00 00 37 A4 00 04 5C 7A D9 0B
45 00 01 0E 88 6A 00 00 40 11 27 96 93 20 50 69 93 20 53 35 00 35 CC D9 00 FA 6A 55 E9 75 81 80 00 01 00 01 00 03 00 05 03 77 77 77 0C 66 69 72 73 74 63 6F 6E 73 75 6C 74 03 63 6F 6D 00 00 01 00 01 C0 0C 00 01 00 01 00 01 51 80 00 04 C6 51 C8 7F C0 10 00 02 00 01 00 01 51 80 00 15 05 6E 73 30 2D 66 03 64 6E 73 05 70 69 70 65 78 03 6E 65 74 00 C0 10 00 02 00 01 00 01 51 80 00 13 02 6E 73 08 65 6C 73 65 76 69 65 72 02 63 6F 02 75 6B 00 C0 10 00 02 00 01 00 01 51 80 00 08 05 6E 73 31 2D 66 C0 48 C0 63 00 01 00 01 00 01 4E 6B 00 04 C1 83 DE 23 C0 42 00 01 00 01 00 01 51 80 00 04 9E 2B 81 46 C0 42 00 1C 00 01 00 01 51 80 00 10 20 01 06 00 01 C0 E0 00 00 00 00 00 00 35 00 1D C0 82 00 01 00 01 00 01 51 80 00 04 9E 2B C1 46 C0 82 00 1C 00 01 00 01 51 80 00 10 20 01 06 00 01 C0 E0 01 00 00 00 00 00 35 00 1D
45 00 00 3E 87 3F 40 00 40 11 E9 90 93 20 53 35 93 20 50 69 7C E2 00 35 00 2A CA 1A 8C 58 01 00 00 01 00 00 00 00 00 00 03 77 77 77 08 6C 69 6E 6B 65 64 69 6E 03 63 6F 6D 00 00 01 00 01
45 00 02 12 88 6D 00 00 40 11 26 8F 93 20 50 69 93 20 53 35 00 35 7C E2 01 FE BC 4A 8C 58 81 80 00 01 00 02 00 0A 00 0C 03 77 77 77 08 6C 69 6E 6B 65 64 69 6E 03 63 6F 6D 00 00 01 00 01 C0 0C 00 05 00 01 00 00 01 2C 00 06 03 64 75 62 C0 10 C0 2E 00 01 00 01 00 00 01 2C 00 04 5B E1 F8 50 C0 10 00 02 00 01 00 00 75 BA 00 14 03 6E 73 32 03 70 34 33 06 64 79 6E 65 63 74 03 6E 65 74 00 C0 10 00 02 00 01 00 00 75 BA 00 06 03 6E 73 31 C0 54 C0 10 00 02 00 01 00 00 75 BA 00 06 03 6E 73 33 C0 10 C0 10 00 02 00 01 00 00 75 BA 00 06 03 6E 73 34 C0 10 C0 10 00 02 00 01 00 00 75 BA 00 06 03 6E 73 31 C0 10 C0 10 00 02 00 01 00 00 75 BA 00 06 03 6E 73 34 C0 54 C0 10 00 02 00 01 00 00 75 BA 00 06 03 6E 73 36 C0 10 C0 10 00 02 00 01 00 00 75 BA 00 06 03 6E 73 35 C0 10 C0 10 00 02 00 01 00 00 75 BA 00 06 03 6E 73 33 C0 54 C0 10 00 02 00 01 00 00 75 BA 00 06 03 6E 73 32 C0 10 C0 70 00 01 00 01 00 00 75 BA 00 04 D0 4E 46 2B C0 A6 00 01 00 01 00 01 C7 3A 00 04 9C 9A 40 17 C0 A6 00 1C 00 01 00 00 B2 EC 00 10 20 01 05 02 F3 FF 00 00 00 00 00 00 00 00 00 23 C0 50 00 01 00 01 00 00 75 BA 00 04 CC 0D FA 2B C1 00 00 01 00 01 00 01 C7 3A 00 04 9C 9A 41 17 C1 00 00 1C 00 01 00 00 B2 EC 00 10 26 10 00 A1 10 14 00 00 00 00 00 00 00 00 00 23 C0 EE 00 01 00 01 00 00 75 BA 00 04 D0 4E 47 2B C0 82 00 01 00 01 00 01 C7 3A 00 04 9C 9A 42 17 C0 82 00 1C 00 01 00 00 B2 EC 00 10 26 10 00 A1 10 15 00 00 00 00 00 00 00 00 00 23 C0 B8 00 01 00 01 00 00 75 BA 00 04 CC 0D FB 2B C0 94 00 01 00 01 00 01 C7 3A 00 04 9C 9A 43 17 C0 94 00 1C 00 01 00 00 B2 EC 00 10 20 01 05 02 46 12 00 00 00 00 00 00 00 00 00 23
45 00 00 3F 87 49 40 00 40 11 E9 85 93 20 53 35 93 20 50 69 3B 2B 00 35 00 2B CA 1B 40 AC 01 00 00 01 00 00 00 00 00 00 03 77 77 77 09 6D 64 63 6F 6E 73 75 6C 74 03 63 6F 6D 00 00 01 00 01
45 00 00 F7 88 6F 00 00 40 11 27 A8 93 20 50 69 93 20 53 35 00 35 8D 22 00 E3 FF DC F2 F7 81 80 00 01 00 01 00 04 00 04 03 77 77 77 12 65 6E 67 69 6E 65 65 72 69 6E 67 76 69 6C 6C 61 67 65 03 63 6F 6D 00 00 01 00 01 C0 0C 00 01 00 01 00 00 0E 10 00 04 C6 B9 13 43 C0 10 00 02 00 01 00 00 0E 10 00 11 03 6E 73 32 0A 6C 65 78 69 73 6E 65 78 69 73 C0 23 C0 10 00 02 00 01 00 00 0E 10 00 12 03 6E 73 31 0B 6C 65 78 69 73 2D 6E 65 78 69 73 C0 23 C0 10 00 02 00 01 00 00 0E 10 00 06 03 6E 73 33 C0 4C C0 10 00 02 00 01 00 00 0E 10 00 06 03 6E 73 34 C0 4C C0 65 00 01 00 01 00 02 63 9B 00 04 8A 0C 04 03 C0 48 00 01 00 01 00 02 63 9B 00 04 8A 0C 04 02 C0 83 00 01 00 01 00 02 63 9B 00 04 C6 51 C8 0B C0 95 00 01 00 01 00 02 63 9B 00 04 CF 19 B4 02
45 00 00 3E 87 4E 40 00 40 11 E9 81 93 20 53 35 93 20 50 69 80 47 00 35 00 2A CA 1A C8 5D 01 00 00 01 00 00 00 00 00 00 03 77 77 77 08 6D 65 6E 64 65 6C 65 79 03 63 6F 6D 00 00 01 00 01
45 00 01 45 88 70 00 00 40 11 27 59 93 20 50 69 93 20 53 35 00 35 80 47 01 31 DC A3 C8 5D 81 80 00 01 00 04 00 04 00 04 03 77 77 77 08 6D 65 6E 64 65 6C 65 79 03 63 6F 6D 00 00 01 00 01 C0 0C 00 05 00 01 00 00 0A DB 00 02 C0 10 C0 10 00 01 00 01 00 00 0A DB 00 04 50 40 31 0C C0 10 00 01 00 01 00 00 0A DB 00 04 50 40 31 0B C0 10 00 01 00 01 00 00 0A DB 00 04 50 40 31 0A C0 10 00 02 00 01 00 02 4B 76 00 19 07 6E 73 2D 31 38 30 38 09 61 77 73 64 6E 73 2D 33 34 02 63 6F 02 75 6B 00 C0 10 00 02 00 01 00 02 4B 76 00 16 06 6E 73 2D 39 39 33 09 61 77 73 64 6E 73 2D 36 30 03 6E 65 74 00 C0 10 00 02 00 01 00 02 4B 76 00 13 06 6E 73 2D 32 32 37 09 61 77 73 64 6E 73 2D 32 38 C0 19 C0 10 00 02 00 01 00 02 4B 76 00 17 07 6E 73 2D 31 31 33 31 09 61 77 73 64 6E 73 2D 31 33 03 6F 72 67 00 C0 B3 00 01 00 01 00 02 4B 76 00 04 CD FB C0 E3 C0 91 00 01 00 01 00 02 4B 76 00 04 CD FB C3 E1 C0 D2 00 01 00 01 00 02 4B 76 00 04 CD FB C4 6B C0 6C 00 01 00 01 00 02 4B 76 00 04 CD FB C7 10
45 00 00 47 87 4F 40 00 40 11 E9 77 93 20 53 35 93 20 50 69 3D EB 00 35 00 33 CA 23 06 69 01 00 00 01 00 00 00 00 00 00 03 77 77 77 11 70 72 6F 63 65 64 75 72 65 73 63 6F 6E 73 75 6C 74 03 63 6F 6D 00 00 01 00 01
45 00 01 B0 88 77 00 00 40 11 26 E7 93 20 50 69 93 20 53 35 00 35 3B 2B 01 9C D7 74 40 AC 81 80 00 01 00 03 00 08 00 08 03 77 77 77 09 6D 64 63 6F 6E 73 75 6C 74 03 63 6F 6D 00 00 01 00 01 C0 0C 00 05 00 01 00 00 03 84 00 24 08 77 69 6C 64 63 61 72 64 09 6D 64 63 6F 6E 73 75 6C 74 03 63 6F 6D 07 65 64 67 65 6B 65 79 03 6E 65 74 00 C0 2F 00 05 00 01 00 00 54 60 00 15 05 65 35 30 30 34 01 62 0A 61 6B 61 6D 61 69 65 64 67 65 C0 4E C0 5F 00 01 00 01 00 00 00 14 00 04 17 3F 60 4B C0 65 00 02 00 01 00 00 00 26 00 06 03 6E 35 62 C0 67 C0 65 00 02 00 01 00 00 00 26 00 06 03 6E 30 62 C0 67 C0 65 00 02 00 01 00 00 00 26 00 06 03 6E 34 62 C0 67 C0 65 00 02 00 01 00 00 00 26 00 06 03 6E 32 62 C0 67 C0 65 00 02 00 01 00 00 00 26 00 06 03 6E 37 62 C0 67 C0 65 00 02 00 01 00 00 00 26 00 06 03 6E 33 62 C0 67 C0 65 00 02 00 01 00 00 00 26 00 06 03 6E 36 62 C0 67 C0 65 00 02 00 01 00 00 00 26 00 06 03 6E 31 62 C0 67 C0 A2 00 01 00 01 00 00 00 26 00 04 58 DD 51 C1 C1 0E 00 01 00 01 00 00 2A 56 00 04 17 3E ED 8B C0 C6 00 01 00 01 00 00 54 86 00 04 02 14 B6 AB C0 EA 00 01 00 01 00 00 00 26 00 04 59 95 AF 91 C0 B4 00 01 00 01 00 00 2A 56 00 04 50 0F EB B3 C0 90 00 01 00 01 00 00 54 86 00 04 17 3E ED 8C C0 FC 00 01 00 01 00 00 00 26 00 04 17 3E ED 89 C0 D8 00 01 00 01 00 00 2A 56 00 04 17 3E ED 8A
45 00 00 40 87 7C 40 00 40 11 E9 51 93 20 53 35 93 20 50 69 24 95 00 35 00 2C CA 1C 0B 91 01 00 00 01 00 00 00 00 00 00 03 77 77 77 0A 74 68 65 63 6C 69 6E 69 63 73 03 63 6F 6D 00 00 01 00 01
45 00 01 3B 88 79 00 00 40 11 27 5A 93 20 50 69 93 20 53 35 00 35 40 DC 01 27 B9 6C 1A 05 81 80 00 01 00 02 00 06 00 06 03 77 77 77 0C 67 6F 6C 64 73 74 61 6E 64 61 72 64 03 63 6F 6D 00 00 01 00 01 C0 0C 00 05 00 01 00 00 00 05 00 02 C0 10 C0 10 00 01 00 01 00 00 00 3C 00 04 62 81 E5 43 C0 10 00 02 00 01 00 01 51 80 00 15 03 6E 73 36 03 72 73 69 0A 6C 65 78 69 73 6E 65 78 69 73 C0 1D C0 10 00 02 00 01 00 01 51 80 00 06 03 6E 73 35 C0 54 C0 10 00 02 00 01 00 01 51 80 00 06 03 6E 73 33 C0 54 C0 10 00 02 00 01 00 01 51 80 00 06 03 6E 73 32 C0 54 C0 10 00 02 00 01 00 01 51 80 00 06 03 6E 73 31 C0 54 C0 10 00 02 00 01 00 01 51 80 00 06 03 6E 73 34 C0 54 C0 A7 00 01 00 01 00 02 A3 00 00 04 D1 F3 30 11 C0 95 00 01 00 01 00 02 A3 00 00 04 D1 F3 30 12 C0 83 00 01 00 01 00 02 A3 00 00 04 45 54 B9 12 C0 B9 00 01 00 01 00 02 A3 00 00 04 48 20 D1 DF C0 71 00 01 00 01 00 02 A3 00 00 04 48 03 F0 73 C0 50 00 01 00 01 00 02 A3 00 00 04 59 EA 08 D6
45 00 00 47 87 7D 40 00 40 11 E9 49 93 20 53 35 93 20 50 69 A8 FC 00 35 00 33 CA 23 88 4C 01 00 00 01 00 00 00 00 00 00 03 77 77 77 02 75 73 0E 65 6C 73 65 76 69 65 72 68 65 61 6C 74 68 03 63 6F 6D 00 00 01 00 01
45 00 01 13 88 80 00 00 40 11 27 7B 93 20 50 69 93 20 53 35 00 35 A8 FC 00 FF F9 5B 88 4C 81 80 00 01 00 01 00 03 00 05 03 77 77 77 02 75 73 0E 65 6C 73 65 76 69 65 72 68 65 61 6C 74 68 03 63 6F 6D 00 00 01 00 01 C0 0C 00 01 00 01 00 00 02 58 00 04 CF 18 2A 11 C0 13 00 02 00 01 00 02 A3 00 00 15 05 6E 73 30 2D 65 03 64 6E 73 05 70 69 70 65 78 03 6E 65 74 00 C0 13 00 02 00 01 00 02 A3 00 00 08 05 6E 73 31 2D 65 C0 4D C0 13 00 02 00 01 00 02 A3 00 00 13 02 6E 73 08 65 6C 73 65 76 69 65 72 02 63 6F 02 75 6B 00 C0 7C 00 01 00 01 00 01 4E 6B 00 04 C1 83 DE 23 C0 47 00 01 00 01 00 01 4E 6B 00 04 9E 2B 81 45 C0 47 00 1C 00 01 00 01 4E 6B 00 10 20 01 06 00 01 C0 E0 00 00 00 00 00 00 35 00 1C C0 68 00 01 00 01 00 01 4E 6B 00 04 9E 2B C1 45 C0 68 00 1C 00 01 00 01 4E 6B 00 10 20 01 06 00 01 C0 E0 01 00 00 00 00 00 35 00 1C
45 00 00 3E 87 86 40 00 40 11 E9 49 93 20 53 35 93 20 50 69 AB 90 00 35 00 2A CA 1A 08 76 01 00 00 01 00 00 00 00 00 00 03 65 65 73 08 65 6C 73 65 76 69 65 72 03 63 6F 6D 00 00 01 00 01
45 00 01 0C 88 82 00 00 40 11 27 80 93 20 50 69 93 20 53 35 00 35 24 95 00 F8 EB 7F 0B 91 81 80 00 01 00 01 00 03 00 05 03 77 77 77 0A 74 68 65 63 6C 69 6E 69 63 73 03 63 6F 6D 00 00 01 00 01 C0 0C 00 01 00 01 00 00 02 58 00 04 C6 51 C8 58 C0 10 00 02 00 01 00 00 02 58 00 15 05 6E 73 31 2D 74 03 64 6E 73 05 70 69 70 65 78 03 6E 65 74 00 C0 10 00 02 00 01 00 00 02 58 00 08 05 6E 73 30 2D 74 C0 46 C0 10 00 02 00 01 00 00 02 58 00 13 02 6E 73 08 65 6C 73 65 76 69 65 72 02 63 6F 02 75 6B 00 C0 75 00 01 00 01 00 01 4E 6B 00 04 C1 83 DE 23 C0 61 00 01 00 01 00 01 51 80 00 04 9E 2B 81 54 C0 61 00 1C 00 01 00 01 51 80 00 10 20 01 06 00 01 C0 E0 00 00 00 00 00 00 35 00 2B C0 40 00 01 00 01 00 01 51 80 00 04 9E 2B C1 54 C0 40 00 1C 00 01 00 01 51 80 00 10 20 01 06 00 01 C0 E0 01 00 00 00 00 00 35 00 2B
45 00 00 44 87 88 40 00 40 11 E9 41 93 20 53 35 93 20 50 69 7B F0 00 35 00 30 CA 20 16 DD 01 00 00 01 00 00 00 00 00 00 09 65 6C 73 65 76 69 65 72 36 08 63 75 73 74 68 65 6C 70 03 63 6F 6D 00 00 01 00 01
45 00 01 32 88 86 00 00 40 11 27 56 93 20 50 69 93 20 53 35 00 35 3D EB 01 1E D5 B6 06 69 81 80 00 01 00 01 00 06 00 06 03 77 77 77 11 70 72 6F 63 65 64 75 72 65 73 63 6F 6E 73 75 6C 74 03 63 6F 6D 00 00 01 00 01 C0 0C 00 01 00 01 00 00 00 05 00 04 D8 13 67 36 C0 10 00 02 00 01 00 00 0E 10 00 15 03 6E 73 35 03 72 73 69 0A 6C 65 78 69 73 6E 65 78 69 73 C0 22 C0 10 00 02 00 01 00 00 0E 10 00 06 03 6E 73 33 C0 4B C0 10 00 02 00 01 00 00 0E 10 00 06 03 6E 73 34 C0 4B C0 10 00 02 00 01 00 00 0E 10 00 06 03 6E 73 36 C0 4B C0 10 00 02 00 01 00 00 0E 10 00 06 03 6E 73 32 C0 4B C0 10 00 02 00 01 00 00 0E 10 00 06 03 6E 73 31 C0 4B C0 B0 00 01 00 01 00 02 A3 00 00 04 D1 F3 30 11 C0 9E 00 01 00 01 00 02 A3 00 00 04 D1 F3 30 12 C0 68 00 01 00 01 00 02 A3 00 00 04 45 54 B9 12 C0 7A 00 01 00 01 00 02 A3 00 00 04 48 20 D1 DF C0 47 00 01 00 01 00 02 A3 00 00 04 48 03 F0 73 C0 8C 00 01 00 01 00 02 A3 00 00 04 59 EA 08 D6
45 00 00 49 87 98 40 00 40 11 E9 2C 93 20 53 35 93 20 50 69 BE DD 00 35 00 35 CA 25 80 4C 01 00 00 01 00 00 00 00 00 00 09 67 6F 6F 67 6C 65 61 64 73 01 67 0B 64 6F 75 62 6C 65 63 6C 69 63 6B 03 6E 65 74 00 00 01 00 01
45 00 01 24 88 88 00 00 40 11 27 62 93 20 50 69 93 20 53 35 00 35 BE DD 01 10 94 0E 80 4C 81 80 00 01 00 04 00 04 00 04 09 67 6F 6F 67 6C 65 61 64 73 01 67 0B 64 6F 75 62 6C 65 63 6C 69 63 6B 03 6E 65 74 00 00 01 00 01 C0 0C 00 05 00 01 00 00 01 1A 00 0D 08 70 61 67 65 61 64 34 36 01 6C C0 18 C0 39 00 01 00 01 00 00 00 28 00 04 AD C2 23 4D C0 39 00 01 00 01 00 00 00 28 00 04 AD C2 23 5A C0 39 00 01 00 01 00 00 00 28 00 04 AD C2 23 59 C0 42 00 02 00 01 00 04 F5 7E 00 10 03 6E 73 34 06 67 6F 6F 67 6C 65 03 63 6F 6D 00 C0 42 00 02 00 01 00 04 F5 7E 00 06 03 6E 73 33 C0 86 C0 42 00 02 00 01 00 04 F5 7E 00 06 03 6E 73 31 C0 86 C0 42 00 02 00 01 00 04 F5 7E 00 06 03 6E 73 32 C0 86 C0 B0 00 01 00 01 00 04 68 0B 00 04 D8 EF 20 0A C0 C2 00 01 00 01 00 04 68 0B 00 04 D8 EF 22 0A C0 9E 00 01 00 01 00 04 68 0B 00 04 D8 EF 24 0A C0 82 00 01 00 01 00 04 68 0B 00 04 D8 EF 26 0A
45 00 00 49 87 98 40 00 40 11 E9 2C 93 20 53 35 93 20 50 69 6F 0D 00 35 00 35 CA 25 09 27 01 00 00 01 00 00 00 00 00 00 03 77 77 77 13 65 6C 73 65 76 69 65 72 66 6F 72 69 6E 64 75 73 74 72 79 03 63 6F 6D 00 00 01 00 01
45 00 01 15 88 8B 00 00 40 11 27 6E 93 20 50 69 93 20 53 35 00 35 6F 0D 01 01 50 65 09 27 81 80 00 01 00 01 00 03 00 05 03 77 77 77 13 65 6C 73 65 76 69 65 72 66 6F 72 69 6E 64 75 73 74 72 79 03 63 6F 6D 00 00 01 00 01 C0 0C 00 01 00 01 00 00 02 58 00 04 57 EC 62 49 C0 10 00 02 00 01 00 02 A3 00 00 15 05 6E 73 31 2D 65 03 64 6E 73 05 70 69 70 65 78 03 6E 65 74 00 C0 10 00 02 00 01 00 02 A3 00 00 13 02 6E 73 08 65 6C 73 65 76 69 65 72 02 63 6F 02 75 6B 00 C0 10 00 02 00 01 00 02 A3 00 00 08 05 6E 73 30 2D 65 C0 4F C0 6A 00 01 00 01 00 01 4E 6B 00 04 C1 83 DE 23 C0 89 00 01 00 01 00 01 4E 6B 00 04 9E 2B 81 45 C0 89 00 1C 00 01 00 01 4E 6B 00 10 20 01 06 00 01 C0 E0 00 00 00 00 00 00 35 00 1C C0 49 00 01 00 01 00 01 4E 6B 00 04 9E 2B C1 45 C0 49 00 1C 00 01 00 01 4E 6B 00 10 20 01 06 00 01 C0 E0 01 00 00 00 00 00 35 00 1C
45 00 00 51 87 A0 40 00 40 11 E9 1C 93 20 53 35 93 20 50 69 0E 27 00 35 00 3D CA 2D 11 4D 01 00 00 01 00 00 00 00 00 00 03 77 77 77 1B 65 6C 73 65 76 69 65 72 70 75 62 6C 69 73 68 69 6E 67 73 6F 6C 75 74 69 6F 6E 73 03 63 6F 6D 00 00 01 00 01
45 00 01 1D 88 8F 00 00 40 11 27 62 93 20 50 69 93 20 53 35 00 35 0E 27 01 09 BA 71 11 4D 81 80 00 01 00 01 00 03 00 05 03 77 77 77 1B 65 6C 73 65 76 69 65 72 70 75 62 6C 69 73 68 69 6E 67 73 6F 6C 75 74 69 6F 6E 73 03 63 6F 6D 00 00 01 00 01 C0 0C 00 01 00 01 00 01 51 80 00 04 C6 51 C8 55 C0 10 00 02 00 01 00 02 A3 00 00 13 02 6E 73 08 65 6C 73 65 76 69 65 72 02 63 6F 02 75 6B 00 C0 10 00 02 00 01 00 02 A3 00 00 15 05 6E 73 31 2D 65 03 64 6E 73 05 70 69 70 65 78 03 6E 65 74 00 C0 10 00 02 00 01 00 02 A3 00 00 08 05 6E 73 30 2D 65 C0 76 C0 51 00 01 00 01 00 01 4E 6B 00 04 C1 83 DE 23 C0 91 00 01 00 01 00 01 4E 6B 00 04 9E 2B 81 45 C0 91 00 1C 00 01 00 01 4E 6B 00 10 20 01 06 00 01 C0 E0 00 00 00 00 00 00 35 00 1C C0 70 00 01 00 01 00 01 4E 6B 00 04 9E 2B C1 45 C0 70 00 1C 00 01 00 01 4E 6B 00 10 20 01 06 00 01 C0 E0 01 00 00 00 00 00 35 00 1C
45 00 00 3A 87 AA 40 00 40 11 E9 29 93 20 53 35 93 20 50 69 96 07 00 35 00 26 CA 16 E8 DB 01 00 00 01 00 00 00 00 00 00 03 77 77 77 04 69 66 69 70 03 6F 72 67 00 00 01 00 01
45 00 00 BC 88 91 00 00 40 11 27 C1 93 20 50 69 93 20 53 35 00 35 AB 90 00 A8 41 F8 08 76 81 80 00 01 00 02 00 02 00 02 03 65 65 73 08 65 6C 73 65 76 69 65 72 03 63 6F 6D 00 00 01 00 01 C0 0C 00 05 00 01 00 00 1C 20 00 0A 07 67 73 73 70 72 6F 64 C0 10 C0 2E 00 01 00 01 00 00 00 05 00 04 91 24 D7 B4 C0 2E 00 02 00 01 00 00 1C 20 00 10 0D 73 65 75 6B 6F 78 66 61 67 73 73 30 31 C0 10 C0 2E 00 02 00 01 00 00 1C 20 00 10 0D 73 65 75 6B 72 65 61 61 67 73 73 30 31 C0 10 C0 54 00 01 00 01 00 00 1C 20 00 04 91 24 D6 A4 C0 70 00 01 00 01 00 00 1C 20 00 04 91 24 1E 78
45 00 00 42 87 AB 40 00 40 11 E9 20 93 20 53 35 93 20 50 69 5A 76 00 35 00 2E CA 1E D2 65 01 00 00 01 00 00 00 00 00 00 03 77 77 77 0C 72 65 65 64 65 6C 73 65 76 69 65 72 03 63 6F 6D 00 00 01 00 01
45 00 00 DD 88 95 00 00 40 11 27 9C 93 20 50 69 93 20 53 35 00 35 7B F0 00 C9 9A EB 16 DD 81 80 00 01 00 01 00 04 00 02 09 65 6C 73 65 76 69 65 72 36 08 63 75 73 74 68 65 6C 70 03 63 6F 6D 00 00 01 00 01 C0 0C 00 01 00 01 00 00 03 84 00 04 4A 75 CF F5 C0 16 00 02 00 01 00 00 03 84 00 18 08 65 64 6E 73 6D 77 30 31 0C 72 69 67 68 74 6E 6F 77 74 65 63 68 C0 1F C0 16 00 02 00 01 00 00 03 84 00 0B 08 65 64 6E 73 6D 77 30 32 C0 4D C0 16 00 02 00 01 00 00 03 84 00 0B 08 65 64 6E 73 63 61 30 31 C0 4D C0 16 00 02 00 01 00 00 03 84 00 0B 08 65 64 6E 73 63 61 30 32 C0 4D C0 44 00 01 00 01 00 02 A3 00 00 04 4A 75 CB 0D C0 68 00 01 00 01 00 02 A3 00 00 04 4A 75 CB 0E
45 00 00 43 87 B9 40 00 40 11 E9 11 93 20 53 35 93 20 50 69 06 B0 00 35 00 2F CA 1F 46 5A 01 00 00 01 00 00 00 00 00 00 03 77 77 77 0D 73 63 69 65 6E 63 65 64 69 72 65 63 74 03 63 6F 6D 00 00 01 00 01
45 00 00 9F 88 C3 00 00 40 11 27 AC 93 20 50 69 93 20 53 35 00 35 96 07 00 8B A5 1E E8 DB 81 80 00 01 00 01 00 02 00 02 03 77 77 77 04 69 66 69 70 03 6F 72 67 00 00 01 00 01 C0 0C 00 01 00 01 00 00 96 00 00 04 C1 AA 47 19 C0 10 00 02 00 01 00 00 96 00 00 15 09 6B 6E 6F 62 6C 61 75 63 68 03 6F 63 67 02 6F 72 02 61 74 00 C0 10 00 02 00 01 00 00 96 00 00 08 05 6F 63 67 6C 78 C0 44 C0 5B 00 01 00 01 00 01 51 80 00 04 C1 AA 47 14 C0 3A 00 01 00 01 00 01 51 80 00 04 C1 AA 47 13
45 00 00 39 87 C9 40 00 40 11 E9 0B 93 20 53 35 93 20 50 69 6B BA 00 35 00 25 CA 15 FA 91 01 00 00 01 00 00 00 00 00 00 03 77 77 77 03 74 31 31 03 6F 72 67 00 00 01 00 01
45 00 01 47 88 DE 00 00 40 11 26 E9 93 20 50 69 93 20 53 35 00 35 06 B0 01 33 4F 90 46 5A 81 80 00 01 00 04 00 04 00 04 03 77 77 77 0D 73 63 69 65 6E 63 65 64 69 72 65 63 74 03 63 6F 6D 00 00 01 00 01 C0 0C 00 05 00 01 00 00 01 2C 00 22 03 77 77 77 0D 73 63 69 65 6E 63 65 64 69 72 65 63 74 03 63 6F 6D 06 61 6B 61 64 6E 73 03 6E 65 74 00 C0 33 00 05 00 01 00 00 01 2C 00 0D 0A 6F 72 69 67 69 6E 2D 77 77 77 C0 10 C0 61 00 05 00 01 00 00 0A 59 00 02 C0 10 C0 10 00 01 00 01 00 00 0A 59 00 04 C6 51 C8 02 C0 10 00 02 00 01 00 00 0A 59 00 11 03 6E 73 32 0A 6C 65 78 69 73 6E 65 78 69 73 C0 1E C0 10 00 02 00 01 00 00 0A 59 00 06 03 6E 73 33 C0 9C C0 10 00 02 00 01 00 00 0A 59 00 12 03 6E 73 31 0B 6C 65 78 69 73 2D 6E 65 78 69 73 C0 1E C0 10 00 02 00 01 00 00 0A 59 00 06 03 6E 73 34 C0 9C C0 C7 00 01 00 01 00 02 63 9B 00 04 8A 0C 04 03 C0 98 00 01 00 01 00 02 63 9B 00 04 8A 0C 04 02 C0 B5 00 01 00 01 00 02 63 9B 00 04 C6 51 C8 0B C0 E5 00 01 00 01 00 02 63 9B 00 04 CF 19 B4 02
45 00 00 3D 87 DF 40 00 40 11 E8 F1 93 20 53 35 93 20 50 69 6E 0C 00 35 00 29 CA 19 A5 F7 01 00 00 01 00 00 00 00 00 00 03 77 77 77 07 61 64 64 74 68 69 73 03 63 6F 6D 00 00 01 00 01
45 00 00 E3 88 E0 00 00 40 11 27 4B 93 20 50 69 93 20 53 35 00 35 6E 0C 00 CF 15 26 A5 F7 81 80 00 01 00 01 00 04 00 04 03 77 77 77 07 61 64 64 74 68 69 73 03 63 6F 6D 00 00 01 00 01 C0 0C 00 01 00 01 00 00 01 2C 00 04 D0 33 26 CC C0 10 00 02 00 01 00 01 08 94 00 14 03 6E 73 32 03 70 32 37 06 64 79 6E 65 63 74 03 6E 65 74 00 C0 10 00 02 00 01 00 01 08 94 00 06 03 6E 73 34 C0 41 C0 10 00 02 00 01 00 01 08 94 00 06 03 6E 73 33 C0 41 C0 10 00 02 00 01 00 01 08 94 00 06 03 6E 73 31 C0 41 C0 81 00 01 00 01 00 01 00 BA 00 04 D0 4E 46 1B C0 3D 00 01 00 01 00 01 00 BA 00 04 CC 0D FA 1B C0 6F 00 01 00 01 00 01 00 BA 00 04 D0 4E 47 1B C0 5D 00 01 00 01 00 01 00 BA 00 04 CC 0D FB 1B
45 00 01 15 88 EC 00 00 40 11 27 0D 93 20 50 69 93 20 53 35 00 35 5A 76 01 01 57 6C D2 65 81 80 00 01 00 01 00 05 00 05 03 77 77 77 0C 72 65 65 64 65 6C 73 65 76 69 65 72 03 63 6F 6D 00 00 01 00 01 C0 0C 00 01 00 01 00 00 00 05 00 04 C1 84 30 58 C0 0C 00 02 00 01 00 00 0E 0F 00 13 06 6A 70 31 2D 6E 73 03 67 6C 62 05 64 69 67 65 78 C0 1D C0 0C 00 02 00 01 00 00 0E 0F 00 09 06 64 65 31 2D 6E 73 C0 49 C0 0C 00 02 00 01 00 00 0E 0F 00 09 06 75 6B 31 2D 6E 73 C0 49 C0 0C 00 02 00 01 00 00 0E 0F 00 09 06 75 73 32 2D 6E 73 C0 49 C0 0C 00 02 00 01 00 00 0E 0F 00 09 06 75 73 31 2D 6E 73 C0 49 C0 61 00 01 00 01 00 00 54 5F 00 04 C2 AE 10 99 C0 42 00 01 00 01 00 00 54 5F 00 04 CB DF 44 0E C0 76 00 01 00 01 00 00 54 5F 00 04 D5 E1 84 0C C0 A0 00 01 00 01 00 00 54 5F 00 04 A4 6D 10 0A C0 8B 00 01 00 01 00 00 54 5F 00 04 A4 6D 90 0A
45 00 00 F6 88 F7 00 00 40 11 27 21 93 20 50 69 93 20 53 35 00 35 6B BA 00 E2 03 96 FA 91 81 80 00 01 00 02 00 04 00 04 03 77 77 77 03 74 31 31 03 6F 72 67 00 00 01 00 01 C0 0C 00 05 00 01 00 00 A8 C0 00 02 C0 10 C0 10 00 01 00 01 00 00 01 F4 00 04 90 31 C6 1E C0 10 00 02 00 01 00 01 51 7F 00 14 06 6E 73 34 31 39 37 03 64 6E 73 03 64 79 6E 03 63 6F 6D 00 C0 10 00 02 00 01 00 01 51 7F 00 09 06 6E 73 31 31 37 31 C0 4E C0 10 00 02 00 01 00 01 51 7F 00 09 06 6E 73 33 31 37 39 C0 4E C0 10 00 02 00 01 00 01 51 7F 00 09 06 6E 73 32 31 34 36 C0 4E C0 67 00 01 00 01 00 00 07 07 00 04 D0 4C 3A AB C0 91 00 01 00 01 00 00 07 07 00 04 D0 4C 3B 92 C0 7C 00 01 00 01 00 00 07 07 00 04 D0 4C 3C B3 C0 47 00 01 00 01 00 00 07 07 00 04 D0 4C 3D C5
45 00 00 41 89 FC 40 00 40 11 E6 D0 93 20 53 35 93 20 50 69 AD 68 00 35 00 2D CA 1D 8F B3 01 00 00 01 00 00 00 00 00 00 04 61 6A 61 78 0A 67 6F 6F 67 6C 65 61 70 69 73 03 63 6F 6D 00 00 01 00 01
45 00 00 FB 89 05 00 00 40 11 27 0E 93 20 50 69 93 20 53 35 00 35 AD 68 00 E7 0E 08 8F B3 81 80 00 01 00 02 00 04 00 04 04 61 6A 61 78 0A 67 6F 6F 67 6C 65 61 70 69 73 03 63 6F 6D 00 00 01 00 01 C0 0C 00 05 00 01 00 00 0C EF 00 16 0A 67 6F 6F 67 6C 65 61 70 69 73 01 6C 06 67 6F 6F 67 6C 65 C0 1C C0 31 00 01 00 01 00 00 01 2C 00 04 AD C2 46 5F C0 3E 00 02 00 01 00 01 C5 08 00 06 03 6E 73 33 C0 3E C0 3E 00 02 00 01 00 01 C5 08 00 06 03 6E 73 32 C0 3E C0 3E 00 02 00 01 00 01 C5 08 00 06 03 6E 73 31 C0 3E C0 3E 00 02 00 01 00 01 C5 08 00 06 03 6E 73 34 C0 3E C0 87 00 01 00 01 00 04 68 08 00 04 D8 EF 20 0A C0 75 00 01 00 01 00 04 68 08 00 04 D8 EF 22 0A C0 63 00 01 00 01 00 04 68 08 00 04 D8 EF 24 0A C0 99 00 01 00 01 00 04 68 08 00 04 D8 EF 26 0A
45 00 00 40 8A 25 40 00 40 11 E6 A8 93 20 53 35 93 20 50 69 D0 F5 00 35 00 2C CA 1C C4 5F 01 00 00 01 00 00 00 00 00 00 03 63 64 6E 0A 6F 70 74 69 6D 69 7A 65 6C 79 03 63 6F 6D 00 00 01 00 01
45 00 01 AD 89 27 00 00 40 11 26 3A 93 20 50 69 93 20 53 35 00 35 D0 F5 01 99 D4 D3 C4 5F 81 80 00 01 00 03 00 08 00 08 03 63 64 6E 0A 6F 70 74 69 6D 69 7A 65 6C 79 03 63 6F 6D 00 00 01 00 01 C0 0C 00 05 00 01 00 00 00 1E 00 20 03 63 64 6E 0A 6F 70 74 69 6D 69 7A 65 6C 79 03 63 6F 6D 07 65 64 67 65 6B 65 79 03 6E 65 74 00 C0 30 00 05 00 01 00 00 15 9D 00 15 05 65 36 36 34 30 01 67 0A 61 6B 61 6D 61 69 65 64 67 65 C0 4B C0 5C 00 01 00 01 00 00 00 14 00 04 17 3F 54 D3 C0 62 00 02 00 01 00 00 03 86 00 06 03 6E 32 67 C0 64 C0 62 00 02 00 01 00 00 03 86 00 06 03 6E 34 67 C0 64 C0 62 00 02 00 01 00 00 03 86 00 06 03 6E 37 67 C0 64 C0 62 00 02 00 01 00 00 03 86 00 06 03 6E 35 67 C0 64 C0 62 00 02 00 01 00 00 03 86 00 06 03 6E 36 67 C0 64 C0 62 00 02 00 01 00 00 03 86 00 06 03 6E 31 67 C0 64 C0 62 00 02 00 01 00 00 03 86 00 06 03 6E 30 67 C0 64 C0 62 00 02 00 01 00 00 03 86 00 06 03 6E 33 67 C0 64 C0 F9 00 01 00 01 00 00 03 86 00 04 C3 1B 9B C4 C0 E7 00 01 00 01 00 00 2D B6 00 04 58 DD 51 C1 C0 8D 00 01 00 01 00 00 57 E6 00 04 17 3E ED 89 C1 0B 00 01 00 01 00 00 03 86 00 04 02 14 B6 A9 C0 9F 00 01 00 01 00 00 2D B6 00 04 59 95 AF 8A C0 C3 00 01 00 01 00 00 57 E6 00 04 17 3E ED 8A C0 D5 00 01 00 01 00 00 03 86 00 04 17 3E ED 8B C0 B1 00 01 00 01 00 00 2D B6 00 04 17 3E ED 8C
45 00 00 4A 8A 3E 40 00 40 11 E6 85 93 20 53 35 93 20 50 69 CC 9F 00 35 00 36 CA 26 71 00 01 00 00 01 00 00 00 00 00 00 09 33 32 35 32 33 38 36 37 36 03 6C 6F 67 0A 6F 70 74 69 6D 69 7A 65 6C 79 03 63 6F 6D 00 00 01 00 01
45 00 02 10 89 2A 00 00 40 11 25 D4 93 20 50 69 93 20 53 35 00 35 CC 9F 01 FC EB A9 71 00 81 80 00 01 00 09 00 08 00 06 09 33 32 35 32 33 38 36 37 36 03 6C 6F 67 0A 6F 70 74 69 6D 69 7A 65 6C 79 03 63 6F 6D 00 00 01 00 01 C0 0C 00 05 00 01 00 00 0E 10 00 32 09 64 75 61 6C 73 74 61 63 6B 0D 6C 6F 67 2D 33 33 34 37 38 38 39 31 31 09 75 73 2D 65 61 73 74 2D 31 03 65 6C 62 09 61 6D 61 7A 6F 6E 61 77 73 C0 25 C0 3A 00 01 00 01 00 00 00 3C 00 04 17 17 69 A9 C0 3A 00 01 00 01 00 00 00 3C 00 04 B8 49 AC F0 C0 3A 00 01 00 01 00 00 00 3C 00 04 6B 15 FA C6 C0 3A 00 01 00 01 00 00 00 3C 00 04 6B 15 FF 84 C0 3A 00 01 00 01 00 00 00 3C 00 04 36 F3 61 80 C0 3A 00 01 00 01 00 00 00 3C 00 04 36 F3 30 D6 C0 3A 00 01 00 01 00 00 00 3C 00 04 17 17 FE 4F C0 3A 00 01 00 01 00 00 00 3C 00 04 36 E1 CB E6 C0 44 00 02 00 01 00 00 02 C9 00 09 06 6E 73 2D 39 33 34 C0 60 C0 44 00 02 00 01 00 00 02 C9 00 09 06 6E 73 2D 39 32 35 C0 60 C0 44 00 02 00 01 00 00 02 C9 00 09 06 6E 73 2D 39 34 34 C0 60 C0 44 00 02 00 01 00 00 02 C9 00 09 06 6E 73 2D 39 34 31 C0 60 C0 44 00 02 00 01 00 00 02 C9 00 09 06 6E 73 2D 39 33 35 C0 60 C0 44 00 02 00 01 00 00 02 C9 00 09 06 6E 73 2D 39 32 37 C0 60 C0 44 00 02 00 01 00 00 02 C9 00 09 06 6E 73 2D 39 31 36 C0 60 C0 44 00 02 00 01 00 00 02 C9 00 09 06 6E 73 2D 39 34 37 C0 60 C1 76 00 01 00 01 00 00 01 98 00 04 CF AB B2 07 C1 0D 00 01 00 01 00 00 00 6C 00 04 48 15 D0 D5 C1 61 00 01 00 01 00 00 00 6C 00 04 48 15 CC D1 C0 F8 00 01 00 01 00 00 00 6C 00 04 57 EE 54 D7 C1 4C 00 01 00 01 00 00 00 6C 00 04 57 EE 50 D5 C1 37 00 01 00 01 00 00 00 31 00 04 CC F6 A0 05
45 00 00 3F 8A 8C 40 00 40 11 E6 42 93 20 53 35 93 20 50 69 BD ED 00 35 00 2B CA 1B 2E 6B 01 00 00 01 00 00 00 00 00 00 04 68 74 74 70 04 66 65 6C 6B 04 63 76 75 74 02 63 7A 00 00 01 00 01
45 00 00 71 89 2B 00 00 40 11 27 72 93 20 50 69 93 20 53 35 00 35 BD ED 00 5D D7 26 2E 6B 85 83 00 01 00 00 00 01 00 00 04 68 74 74 70 04 66 65 6C 6B 04 63 76 75 74 02 63 7A 00 00 01 00 01 C0 11 00 06 00 01 00 00 0E 10 00 26 02 6E 73 C0 11 0A 68 6F 73 74 6D 61 73 74 65 72 C0 11 77 FD 7E 86 00 00 54 60 00 00 0E 10 00 12 75 00 00 00 0E 10
45 00 00 3F 8A 8C 40 00 40 11 E6 42 93 20 53 35 93 20 50 69 CE 7D 00 35 00 2B CA 1B F5 DA 01 00 00 01 00 00 00 00 00 00 04 68 74 74 70 04 66 65 6C 6B 04 63 76 75 74 02 63 7A 00 00 01 00 01
45 00 00 71 89 2C 00 00 40 11 27 71 93 20 50 69 93 20 53 35 00 35 CE 7D 00 5D FF 26 F5 DA 85 83 00 01 00 00 00 01 00 00 04 68 74 74 70 04 66 65 6C 6B 04 63 76 75 74 02 63 7A 00 00 01 00 01 C0 11 00 06 00 01 00 00 0E 10 00 26 02 6E 73 C0 11 0A 68 6F 73 74 6D 61 73 74 65 72 C0 11 77 FD 7E 86 00 00 54 60 00 00 0E 10 00 12 75 00 00 00 0E 10
45 00 00 32 8A 8C 40 00 40 11 E6 4F 93 20 53 35 93 20 50 69 CB 4D 00 35 00 1E CA 0E C1 83 01 00 00 01 00 00 00 00 00 00 04 68 74 74 70 00 00 01 00 01
45 00 00 7D 89 2F 00 00 40 11 27 62 93 20 50 69 93 20 53 35 00 35 CB 4D 00 69 D9 43 C1 83 81 83 00 01 00 00 00 01 00 00 04 68 74 74 70 00 00 01 00 01 00 00 06 00 01 00 00 2A 30 00 40 01 61 0C 72 6F 6F 74 2D 73 65 72 76 65 72 73 03 6E 65 74 00 05 6E 73 74 6C 64 0C 76 65 72 69 73 69 67 6E 2D 67 72 73 03 63 6F 6D 00 77 FD 80 14 00 00 07 08 00 00 03 84 00 09 3A 80 00 01 51 80
45 00 00 3F 8F 18 40 00 40 11 E1 B6 93 20 53 35 93 20 50 69 89 5D 00 35 00 2B CA 1B 76 2B 01 00 00 01 00 00 00 00 00 00 04 68 65 6C 70 08 65 6C 73 65 76 69 65 72 03 63 6F 6D 00 00 01 00 01
45 00 00 F9 89 5F 00 00 40 11 26 B6 93 20 50 69 93 20 53 35 00 35 89 5D 00 E5 30 A2 76 2B 81 80 00 01 00 02 00 04 00 02 04 68 65 6C 70 08 65 6C 73 65 76 69 65 72 03 63 6F 6D 00 00 01 00 01 C0 0C 00 05 00 01 00 00 1C 20 00 15 09 65 6C 73 65 76 69 65 72 36 08 63 75 73 74 68 65 6C 70 C0 1A C0 2F 00 01 00 01 00 00 03 7C 00 04 4A 75 CF F5 C0 39 00 02 00 01 00 00 03 7C 00 18 08 65 64 6E 73 63 61 30 31 0C 72 69 67 68 74 6E 6F 77 74 65 63 68 C0 1A C0 39 00 02 00 01 00 00 03 7C 00 0B 08 65 64 6E 73 6D 77 30 32 C0 69 C0 39 00 02 00 01 00 00 03 7C 00 0B 08 65 64 6E 73 6D 77 30 31 C0 69 C0 39 00 02 00 01 00 00 03 7C 00 0B 08 65 64 6E 73 63 61 30 32 C0 69 C0 9B 00 01 00 01 00 02 A2 F8 00 04 4A 75 CB 0D C0 84 00 01 00 01 00 02 A2 F8 00 04 4A 75 CB 0E
45 00 00 49 90 DA 40 00 40 11 DF EA 93 20 53 35 93 20 50 69 07 EA 00 35 00 35 CA 25 D5 A0 01 00 00 01 00 00 00 00 00 00 0E 73 75 70 70 6F 72 74 63 6F 6E 74 65 6E 74 08 65 6C 73 65 76 69 65 72 03 63 6F 6D 00 00 01 00 01
45 00 01 15 89 66 00 00 40 11 26 93 93 20 50 69 93 20 53 35 00 35 07 EA 01 01 F2 A8 D5 A0 81 80 00 01 00 01 00 03 00 05 0E 73 75 70 70 6F 72 74 63 6F 6E 74 65 6E 74 08 65 6C 73 65 76 69 65 72 03 63 6F 6D 00 00 01 00 01 C0 0C 00 01 00 01 00 00 1C 20 00 04 C6 51 C8 55 C0 1B 00 02 00 01 00 00 19 01 00 15 05 6E 73 31 2D 65 03 64 6E 73 05 70 69 70 65 78 03 6E 65 74 00 C0 1B 00 02 00 01 00 00 19 01 00 13 02 6E 73 08 65 6C 73 65 76 69 65 72 02 63 6F 02 75 6B 00 C0 1B 00 02 00 01 00 00 19 01 00 08 05 6E 73 30 2D 65 C0 4F C0 6A 00 01 00 01 00 01 4E 61 00 04 C1 83 DE 23 C0 89 00 01 00 01 00 01 4E 61 00 04 9E 2B 81 45 C0 89 00 1C 00 01 00 01 4E 61 00 10 20 01 06 00 01 C0 E0 00 00 00 00 00 00 35 00 1C C0 49 00 01 00 01 00 01 4E 61 00 04 9E 2B C1 45 C0 49 00 1C 00 01 00 01 4E 61 00 10 20 01 06 00 01 C0 E0 01 00 00 00 00 00 35 00 1C
45 00 00 3E 91 4F 40 00 40 11 DF 80 93 20 53 35 93 20 50 69 04 CA 00 35 00 2A CA 1A 76 F5 01 00 00 01 00 00 00 00 00 00 03 77 77 77 08 72 6E 65 6E 67 61 67 65 03 63 6F 6D 00 00 01 00 01
45 00 01 29 89 75 00 00 40 11 26 70 93 20 50 69 93 20 53 35 00 35 04 CA 01 15 F6 A6 76 F5 81 80 00 01 00 03 00 04 00 04 03 77 77 77 08 72 6E 65 6E 67 61 67 65 03 63 6F 6D 00 00 01 00 01 C0 0C 00 05 00 01 00 01 51 80 00 0D 0A 76 69 70 61 63 73 67 62 30 31 C0 10 C0 2E 00 05 00 01 00 00 00 78 00 1A 0A 76 69 70 61 63 73 67 62 30 31 0C 72 69 67 68 74 6E 6F 77 74 65 63 68 C0 19 C0 47 00 01 00 01 00 00 0E 10 00 04 D0 48 5A 98 C0 52 00 02 00 01 00 00 0E 10 00 0B 08 65 64 6E 73 6D 77 30 32 C0 52 C0 52 00 02 00 01 00 00 0E 10 00 0B 08 65 64 6E 73 63 61 30 32 C0 52 C0 52 00 02 00 01 00 00 0E 10 00 0B 08 65 64 6E 73 63 61 30 31 C0 52 C0 52 00 02 00 01 00 00 0E 10 00 0B 08 65 64 6E 73 6D 77 30 31 C0 52 C0 AB 00 01 00 01 00 00 0E 10 00 04 D8 88 E5 3C C0 94 00 01 00 01 00 00 0E 10 00 04 D8 88 E5 3D C0 C2 00 01 00 01 00 02 A2 F6 00 04 4A 75 CB 0D C0 7D 00 01 00 01 00 02 A2 F6 00 04 4A 75 CB 0E
45 00 00 3F B1 59 40 00 40 11 BF 75 93 20 53 35 93 20 50 69 28 36 00 35 00 2B CA 1B 48 33 01 00 00 01 00 00 00 00 00 00 04 68 74 74 70 04 66 65 6C 6B 04 63 76 75 74 02 63 7A 00 00 01 00 01
45 00 00 71 8B 8D 00 00 40 11 25 10 93 20 50 69 93 20 53 35 00 35 28 36 00 5D 53 16 48 33 85 83 00 01 00 00 00 01 00 00 04 68 74 74 70 04 66 65 6C 6B 04 63 76 75 74 02 63 7A 00 00 01 00 01 C0 11 00 06 00 01 00 00 0E 10 00 26 02 6E 73 C0 11 0A 68 6F 73 74 6D 61 73 74 65 72 C0 11 77 FD 7E 86 00 00 54 60 00 00 0E 10 00 12 75 00 00 00 0E 10
45 00 00 3F B1 5A 40 00 40 11 BF 74 93 20 53 35 93 20 50 69 E2 48 00 35 00 2B CA 1B E1 04 01 00 00 01 00 00 00 00 00 00 04 68 74 74 70 04 66 65 6C 6B 04 63 76 75 74 02 63 7A 00 00 01 00 01
45 00 00 71 8B 8F 00 00 40 11 25 0E 93 20 50 69 93 20 53 35 00 35 E2 48 00 5D 00 32 E1 04 85 83 00 01 00 00 00 01 00 00 04 68 74 74 70 04 66 65 6C 6B 04 63 76 75 74 02 63 7A 00 00 01 00 01 C0 11 00 06 00 01 00 00 0E 10 00 26 02 6E 73 C0 11 0A 68 6F 73 74 6D 61 73 74 65 72 C0 11 77 FD 7E 86 00 00 54 60 00 00 0E 10 00 12 75 00 00 00 0E 10
45 00 00 32 B1 5A 40 00 40 11 BF 81 93 20 53 35 93 20 50 69 E1 34 00 35 00 1E CA 0E DB 65 01 00 00 01 00 00 00 00 00 00 04 68 74 74 70 00 00 01 00 01
45 00 00 7D 8B 90 00 00 40 11 25 01 93 20 50 69 93 20 53 35 00 35 E1 34 00 69 D1 7A DB 65 81 83 00 01 00 00 00 01 00 00 04 68 74 74 70 00 00 01 00 01 00 00 06 00 01 00 00 2A 08 00 40 01 61 0C 72 6F 6F 74 2D 73 65 72 76 65 72 73 03 6E 65 74 00 05 6E 73 74 6C 64 0C 76 65 72 69 73 69 67 6E 2D 67 72 73 03 63 6F 6D 00 77 FD 80 14 00 00 07 08 00 00 03 84 00 09 3A 80 00 01 51 80
45 00 00 4A C8 35 40 00 40 11 A8 8E 93 20 53 35 93 20 50 69 5D C2 00 35 00 36 CA 26 24 84 01 00 00 01 00 00 00 00 00 00 0F 6A 6F 75 72 6E 61 6C 69 6E 73 69 67 68 74 73 08 65 6C 73 65 76 69 65 72 03 63 6F 6D 00 00 01 00 01
45 00 01 16 8D CD 00 00 40 11 22 2B 93 20 50 69 93 20 53 35 00 35 5D C2 01 02 CD 02 24 84 81 80 00 01 00 01 00 03 00 05 0F 6A 6F 75 72 6E 61 6C 69 6E 73 69 67 68 74 73 08 65 6C 73 65 76 69 65 72 03 63 6F 6D 00 00 01 00 01 C0 0C 00 01 00 01 00 00 1C 20 00 04 57 E9 C1 32 C0 1C 00 02 00 01 00 00 18 C9 00 15 05 6E 73 31 2D 65 03 64 6E 73 05 70 69 70 65 78 03 6E 65 74 00 C0 1C 00 02 00 01 00 00 18 C9 00 08 05 6E 73 30 2D 65 C0 50 C0 1C 00 02 00 01 00 00 18 C9 00 13 02 6E 73 08 65 6C 73 65 76 69 65 72 02 63 6F 02 75 6B 00 C0 7F 00 01 00 01 00 01 4E 29 00 04 C1 83 DE 23 C0 6B 00 01 00 01 00 01 4E 29 00 04 9E 2B 81 45 C0 6B 00 1C 00 01 00 01 4E 29 00 10 20 01 06 00 01 C0 E0 00 00 00 00 00 00 35 00 1C C0 4A 00 01 00 01 00 01 4E 29 00 04 9E 2B C1 45 C0 4A 00 1C 00 01 00 01 4E 29 00 10 20 01 06 00 01 C0 E0 01 00 00 00 00 00 35 00 1C
45 00 00 49 CC 94 40 00 40 11 A4 30 93 20 53 35 93 20 50 69 C4 35 00 35 00 35 CA 25 1C 0B 01 00 00 01 00 00 00 00 00 00 09 67 6F 6F 67 6C 65 61 64 73 01 67 0B 64 6F 75 62 6C 65 63 6C 69 63 6B 03 6E 65 74 00 00 01 00 01
45 00 01 24 8D EE 00 00 40 11 21 FC 93 20 50 69 93 20 53 35 00 35 C4 35 01 10 39 6C 1C 0B 81 80 00 01 00 04 00 04 00 04 09 67 6F 6F 67 6C 65 61 64 73 01 67 0B 64 6F 75 62 6C 65 63 6C 69 63 6B 03 6E 65 74 00 00 01 00 01 C0 0C 00 05 00 01 00 00 00 D3 00 0D 08 70 61 67 65 61 64 34 36 01 6C C0 18 C0 39 00 01 00 01 00 00 01 14 00 04 AD C2 23 4D C0 39 00 01 00 01 00 00 01 14 00 04 AD C2 23 5A C0 39 00 01 00 01 00 00 01 14 00 04 AD C2 23 59 C0 42 00 02 00 01 00 04 F5 37 00 10 03 6E 73 34 06 67 6F 6F 67 6C 65 03 63 6F 6D 00 C0 42 00 02 00 01 00 04 F5 37 00 06 03 6E 73 33 C0 86 C0 42 00 02 00 01 00 04 F5 37 00 06 03 6E 73 31 C0 86 C0 42 00 02 00 01 00 04 F5 37 00 06 03 6E 73 32 C0 86 C0 B0 00 01 00 01 00 04 67 C4 00 04 D8 EF 20 0A C0 C2 00 01 00 01 00 04 67 C4 00 04 D8 EF 22 0A C0 9E 00 01 00 01 00 04 67 C4 00 04 D8 EF 24 0A C0 82 00 01 00 01 00 04 67 C4 00 04 D8 EF 26 0A
45 00 00 3E CD 9A 40 00 40 11 A3 35 93 20 53 35 93 20 50 69 70 E3 00 35 00 2A CA 1A 64 04 01 00 00 01 00 00 00 00 00 00 03 65 65 73 08 65 6C 73 65 76 69 65 72 03 63 6F 6D 00 00 01 00 01
45 00 00 BC 8D F9 00 00 40 11 22 59 93 20 50 69 93 20 53 35 00 35 70 E3 00 A8 22 7F 64 04 81 80 00 01 00 02 00 02 00 02 03 65 65 73 08 65 6C 73 65 76 69 65 72 03 63 6F 6D 00 00 01 00 01 C0 0C 00 05 00 01 00 00 1B D8 00 0A 07 67 73 73 70 72 6F 64 C0 10 C0 2E 00 01 00 01 00 00 00 05 00 04 91 24 D7 B4 C0 2E 00 02 00 01 00 00 1B D8 00 10 0D 73 65 75 6B 6F 78 66 61 67 73 73 30 31 C0 10 C0 2E 00 02 00 01 00 00 1B D8 00 10 0D 73 65 75 6B 72 65 61 61 67 73 73 30 31 C0 10 C0 54 00 01 00 01 00 00 1B D8 00 04 91 24 D6 A4 C0 70 00 01 00 01 00 00 1B D8 00 04 91 24 1E 78
45 00 00 45 CF 2A 40 00 40 11 A1 9E 93 20 53 35 93 20 50 69 AE B8 00 35 00 31 CA 21 C9 F0 01 00 00 01 00 00 00 00 00 00 03 77 77 77 06 65 74 68 69 63 73 08 65 6C 73 65 76 69 65 72 03 63 6F 6D 00 00 01 00 01
45 00 01 11 8E 17 00 00 40 11 21 E6 93 20 50 69 93 20 53 35 00 35 AE B8 00 FD 70 D1 C9 F0 81 80 00 01 00 01 00 03 00 05 03 77 77 77 06 65 74 68 69 63 73 08 65 6C 73 65 76 69 65 72 03 63 6F 6D 00 00 01 00 01 C0 0C 00 01 00 01 00 00 1C 20 00 04 C6 51 C8 55 C0 17 00 02 00 01 00 00 18 C2 00 15 05 6E 73 31 2D 65 03 64 6E 73 05 70 69 70 65 78 03 6E 65 74 00 C0 17 00 02 00 01 00 00 18 C2 00 13 02 6E 73 08 65 6C 73 65 76 69 65 72 02 63 6F 02 75 6B 00 C0 17 00 02 00 01 00 00 18 C2 00 08 05 6E 73 30 2D 65 C0 4B C0 66 00 01 00 01 00 01 4E 22 00 04 C1 83 DE 23 C0 85 00 01 00 01 00 01 4E 22 00 04 9E 2B 81 45 C0 85 00 1C 00 01 00 01 4E 22 00 10 20 01 06 00 01 C0 E0 00 00 00 00 00 00 35 00 1C C0 45 00 01 00 01 00 01 4E 22 00 04 9E 2B C1 45 C0 45 00 1C 00 01 00 01 4E 22 00 10 20 01 06 00 01 C0 E0 01 00 00 00 00 00 35 00 1C
45 00 00 3B CF 35 40 00 40 11 A1 9D 93 20 53 35 93 20 50 69 58 73 00 35 00 27 CA 17 4E AE 01 00 00 01 00 00 00 00 00 00 03 77 77 77 05 61 64 6F 62 65 03 63 6F 6D 00 00 01 00 01
45 00 00 DA 8E 1F 00 00 40 11 22 15 93 20 50 69 93 20 53 35 00 35 58 73 00 C6 D7 6E 4E AE 81 80 00 01 00 02 00 03 00 03 03 77 77 77 05 61 64 6F 62 65 03 63 6F 6D 00 00 01 00 01 C0 0C 00 05 00 01 00 00 24 81 00 0B 03 77 77 77 04 77 69 70 34 C0 10 C0 2B 00 01 00 01 00 00 00 1E 00 04 C1 68 D7 3D C0 2F 00 02 00 01 00 00 01 2C 00 0C 09 73 6A 31 67 74 6D 30 30 31 C0 10 C0 2F 00 02 00 01 00 00 01 2C 00 0C 09 64 61 31 67 74 6D 30 30 31 C0 10 C0 2F 00 02 00 01 00 00 01 2C 00 0C 09 64 75 31 67 74 6D 30 30 31 C0 10 C0 6A 00 01 00 01 00 00 28 8C 00 04 C0 96 10 F7 C0 82 00 01 00 01 00 00 28 8C 00 04 C1 68 D7 F7 C0 52 00 01 00 01 00 00 28 8C 00 04 C0 96 13 F7
45 00 00 48 CF FA 40 00 40 11 A0 CB 93 20 53 35 93 20 50 69 34 C1 00 35 00 34 CA 24 E9 A4 01 00 00 01 00 00 00 00 00 00 0D 65 64 69 74 6F 72 73 75 70 64 61 74 65 08 65 6C 73 65 76 69 65 72 03 63 6F 6D 00 00 01 00 01
45 00 01 14 8E 23 00 00 40 11 21 D7 93 20 50 69 93 20 53 35 00 35 34 C1 01 00 A9 2C E9 A4 81 80 00 01 00 01 00 03 00 05 0D 65 64 69 74 6F 72 73 75 70 64 61 74 65 08 65 6C 73 65 76 69 65 72 03 63 6F 6D 00 00 01 00 01 C0 0C 00 01 00 01 00 00 1C 20 00 04 46 21 EF F5 C0 1A 00 02 00 01 00 00 18 C1 00 13 02 6E 73 08 65 6C 73 65 76 69 65 72 02 63 6F 02 75 6B 00 C0 1A 00 02 00 01 00 00 18 C1 00 15 05 6E 73 30 2D 65 03 64 6E 73 05 70 69 70 65 78 03 6E 65 74 00 C0 1A 00 02 00 01 00 00 18 C1 00 08 05 6E 73 31 2D 65 C0 6D C0 48 00 01 00 01 00 01 4E 21 00 04 C1 83 DE 23 C0 67 00 01 00 01 00 01 4E 21 00 04 9E 2B 81 45 C0 67 00 1C 00 01 00 01 4E 21 00 10 20 01 06 00 01 C0 E0 00 00 00 00 00 00 35 00 1C C0 88 00 01 00 01 00 01 4E 21 00 04 9E 2B C1 45 C0 88 00 1C 00 01 00 01 4E 21 00 10 20 01 06 00 01 C0 E0 01 00 00 00 00 00 35 00 1C
45 00 00 47 D0 8D 40 00 40 11 A0 39 93 20 53 35 93 20 50 69 14 0E 00 35 00 33 CA 23 80 4F 01 00 00 01 00 00 00 00 00 00 0C 74 72 61 69 6E 69 6E 67 64 65 73 6B 08 65 6C 73 65 76 69 65 72 03 63 6F 6D 00 00 01 00 01
45 00 01 13 8E 2A 00 00 40 11 21 D1 93 20 50 69 93 20 53 35 00 35 14 0E 00 FF 2C 07 80 4F 81 80 00 01 00 01 00 03 00 05 0C 74 72 61 69 6E 69 6E 67 64 65 73 6B 08 65 6C 73 65 76 69 65 72 03 63 6F 6D 00 00 01 00 01 C0 0C 00 01 00 01 00 00 1C 20 00 04 46 21 EF F5 C0 19 00 02 00 01 00 00 18 C0 00 15 05 6E 73 31 2D 65 03 64 6E 73 05 70 69 70 65 78 03 6E 65 74 00 C0 19 00 02 00 01 00 00 18 C0 00 13 02 6E 73 08 65 6C 73 65 76 69 65 72 02 63 6F 02 75 6B 00 C0 19 00 02 00 01 00 00 18 C0 00 08 05 6E 73 30 2D 65 C0 4D C0 68 00 01 00 01 00 01 4E 20 00 04 C1 83 DE 23 C0 87 00 01 00 01 00 01 4E 20 00 04 9E 2B 81 45 C0 87 00 1C 00 01 00 01 4E 20 00 10 20 01 06 00 01 C0 E0 00 00 00 00 00 00 35 00 1C C0 47 00 01 00 01 00 01 4E 20 00 04 9E 2B C1 45 C0 47 00 1C 00 01 00 01 4E 20 00 10 20 01 06 00 01 C0 E0 01 00 00 00 00 00 35 00 1C
45 00 00 3E F0 BF 40 00 40 11 80 10 93 20 53 35 93 20 50 69 A8 31 00 35 00 2A CA 1A EC B3 01 00 00 01 00 00 00 00 00 00 03 65 65 73 08 65 6C 73 65 76 69 65 72 03 63 6F 6D 00 00 01 00 01
45 00 00 BC 8F E6 00 00 40 11 20 6C 93 20 50 69 93 20 53 35 00 35 A8 31 00 A8 63 35 EC B3 81 80 00 01 00 02 00 02 00 02 03 65 65 73 08 65 6C 73 65 76 69 65 72 03 63 6F 6D 00 00 01 00 01 C0 0C 00 05 00 01 00 00 1B B4 00 0A 07 67 73 73 70 72 6F 64 C0 10 C0 2E 00 01 00 01 00 00 00 05 00 04 91 24 D7 B4 C0 2E 00 02 00 01 00 00 1B B4 00 10 0D 73 65 75 6B 6F 78 66 61 67 73 73 30 31 C0 10 C0 2E 00 02 00 01 00 00 1B B4 00 10 0D 73 65 75 6B 72 65 61 61 67 73 73 30 31 C0 10 C0 54 00 01 00 01 00 00 1B B4 00 04 91 24 D6 A4 C0 70 00 01 00 01 00 00 1B B4 00 04 91 24 1E 78
45 00 00 3E 33 2E 40 00 40 11 3D A2 93 20 53 35 93 20 50 69 34 47 00 35 00 2A CA 1A 39 C2 01 00 00 01 00 00 00 00 00 00 03 65 65 73 08 65 6C 73 65 76 69 65 72 03 63 6F 6D 00 00 01 00 01
45 00 00 BC 94 FE 00 00 40 11 1B 54 93 20 50 69 93 20 53 35 00 35 34 47 00 A8 8B 65 39 C2 81 80 00 01 00 02 00 02 00 02 03 65 65 73 08 65 6C 73 65 76 69 65 72 03 63 6F 6D 00 00 01 00 01 C0 0C 00 05 00 01 00 00 1B 70 00 0A 07 67 73 73 70 72 6F 64 C0 10 C0 2E 00 01 00 01 00 00 00 05 00 04 91 24 D7 B4 C0 2E 00 02 00 01 00 00 1B 70 00 10 0D 73 65 75 6B 6F 78 66 61 67 73 73 30 31 C0 10 C0 2E 00 02 00 01 00 00 1B 70 00 10 0D 73 65 75 6B 72 65 61 61 67 73 73 30 31 C0 10 C0 54 00 01 00 01 00 00 1B 70 00 04 91 24 D6 A4 C0 70 00 01 00 01 00 00 1B 70 00 04 91 24 1E 78
45 00 00 3E 79 5A 40 00 40 11 F7 75 93 20 53 35 93 20 50 69 08 CE 00 35 00 2A CA 1A 03 CB 01 00 00 01 00 00 00 00 00 00 03 65 65 73 08 65 6C 73 65 76 69 65 72 03 63 6F 6D 00 00 01 00 01
45 00 00 BC 99 DF 00 00 40 11 16 73 93 20 50 69 93 20 53 35 00 35 08 CE 00 A8 EE 3D 03 CB 81 80 00 01 00 02 00 02 00 02 03 65 65 73 08 65 6C 73 65 76 69 65 72 03 63 6F 6D 00 00 01 00 01 C0 0C 00 05 00 01 00 00 1B 28 00 0A 07 67 73 73 70 72 6F 64 C0 10 C0 2E 00 01 00 01 00 00 00 05 00 04 91 24 D7 B4 C0 2E 00 02 00 01 00 00 1B 28 00 10 0D 73 65 75 6B 72 65 61 61 67 73 73 30 31 C0 10 C0 2E 00 02 00 01 00 00 1B 28 00 10 0D 73 65 75 6B 6F 78 66 61 67 73 73 30 31 C0 10 C0 70 00 01 00 01 00 00 1B 28 00 04 91 24 D6 A4 C0 54 00 01 00 01 00 00 1B 28 00 04 91 24 1E 78
45 00 00 3E BD 3A 40 00 40 11 B3 95 93 20 53 35 93 20 50 69 1B A5 00 35 00 2A CA 1A 9D 89 01 00 00 01 00 00 00 00 00 00 03 65 65 73 08 65 6C 73 65 76 69 65 72 03 63 6F 6D 00 00 01 00 01
45 00 00 BC A4 26 00 00 40 11 0C 2C 93 20 50 69 93 20 53 35 00 35 1B A5 00 A8 43 01 9D 89 81 80 00 01 00 02 00 02 00 02 03 65 65 73 08 65 6C 73 65 76 69 65 72 03 63 6F 6D 00 00 01 00 01 C0 0C 00 05 00 01 00 00 1A E3 00 0A 07 67 73 73 70 72 6F 64 C0 10 C0 2E 00 01 00 01 00 00 00 05 00 04 91 24 D7 B4 C0 2E 00 02 00 01 00 00 1A E3 00 10 0D 73 65 75 6B 72 65 61 61 67 73 73 30 31 C0 10 C0 2E 00 02 00 01 00 00 1A E3 00 10 0D 73 65 75 6B 6F 78 66 61 67 73 73 30 31 C0 10 C0 70 00 01 00 01 00 00 1A E3 00 04 91 24 D6 A4 C0 54 00 01 00 01 00 00 1A E3 00 04 91 24 1E 78
45 00 00 3D 00 A8 40 00 40 11 70 29 93 20 53 35 93 20 50 69 C3 99 00 35 00 29 CA 19 E2 90 01 00 00 01 00 00 00 00 00 00 04 70 6C 75 73 06 67 6F 6F 67 6C 65 03 63 6F 6D 00 00 01 00 01
45 00 01 B5 AA 2E 00 00 40 11 05 2B 93 20 50 69 93 20 53 35 00 35 C3 99 01 A1 30 11 E2 90 81 80 00 01 00 0F 00 04 00 04 04 70 6C 75 73 06 67 6F 6F 67 6C 65 03 63 6F 6D 00 00 01 00 01 C0 0C 00 01 00 01 00 00 00 6F 00 04 C3 71 D6 DE C0 0C 00 01 00 01 00 00 00 6F 00 04 C3 71 D6 EC C0 0C 00 01 00 01 00 00 00 6F 00 04 C3 71 D6 EA C0 0C 00 01 00 01 00 00 00 6F 00 04 C3 71 D6 F5 C0 0C 00 01 00 01 00 00 00 6F 00 04 C3 71 D6 E6 C0 0C 00 01 00 01 00 00 00 6F 00 04 C3 71 D6 DB C0 0C 00 01 00 01 00 00 00 6F 00 04 C3 71 D6 D7 C0 0C 00 01 00 01 00 00 00 6F 00 04 C3 71 D6 E2 C0 0C 00 01 00 01 00 00 00 6F 00 04 C3 71 D6 CF C0 0C 00 01 00 01 00 00 00 6F 00 04 C3 71 D6 F9 C0 0C 00 01 00 01 00 00 00 6F 00 04 C3 71 D6 FB C0 0C 00 01 00 01 00 00 00 6F 00 04 C3 71 D6 DD C0 0C 00 01 00 01 00 00 00 6F 00 04 C3 71 D6 D3 C0 0C 00 01 00 01 00 00 00 6F 00 04 C3 71 D6 F1 C0 0C 00 01 00 01 00 00 00 6F 00 04 C3 71 D6 ED C0 11 00 02 00 01 00 01 C3 89 00 06 03 6E 73 34 C0 11 C0 11 00 02 00 01 00 01 C3 89 00 06 03 6E 73 32 C0 11 C0 11 00 02 00 01 00 01 C3 89 00 06 03 6E 73 33 C0 11 C0 11 00 02 00 01 00 01 C3 89 00 06 03 6E 73 31 C0 11 C1 53 00 01 00 01 00 04 66 89 00 04 D8 EF 20 0A C1 2F 00 01 00 01 00 04 66 89 00 04 D8 EF 22 0A C1 41 00 01 00 01 00 04 66 89 00 04 D8 EF 24 0A C1 1D 00 01 00 01 00 04 66 89 00 04 D8 EF 26 0A
45 00 00 3E 01 29 40 00 40 11 6F A7 93 20 53 35 93 20 50 69 3B DE 00 35 00 2A CA 1A 06 6B 01 00 00 01 00 00 00 00 00 00 03 65 65 73 08 65 6C 73 65 76 69 65 72 03 63 6F 6D 00 00 01 00 01
45 00 00 BC AA 41 00 00 40 11 06 11 93 20 50 69 93 20 53 35 00 35 3B DE 00 A8 BB 44 06 6B 81 80 00 01 00 02 00 02 00 02 03 65 65 73 08 65 6C 73 65 76 69 65 72 03 63 6F 6D 00 00 01 00 01 C0 0C 00 05 00 01 00 00 1A 9D 00 0A 07 67 73 73 70 72 6F 64 C0 10 C0 2E 00 01 00 01 00 00 00 05 00 04 91 24 D7 B4 C0 2E 00 02 00 01 00 00 1A 9D 00 10 0D 73 65 75 6B 6F 78 66 61 67 73 73 30 31 C0 10 C0 2E 00 02 00 01 00 00 1A 9D 00 10 0D 73 65 75 6B 72 65 61 61 67 73 73 30 31 C0 10 C0 54 00 01 00 01 00 00 1A 9D 00 04 91 24 D6 A4 C0 70 00 01 00 01 00 00 1A 9D 00 04 91 24 1E 78
45 00 00 3F 17 EC 40 00 40 11 58 E3 93 20 53 35 93 20 50 69 9E 21 00 35 00 2B CA 1B 11 E4 01 00 00 01 00 00 00 00 00 00 03 77 77 77 06 67 6F 6F 67 6C 65 03 63 6F 6D 02 61 72 00 00 01 00 01
45 00 00 3D 17 EC 40 00 40 11 58 E5 93 20 53 35 93 20 50 69 DA 84 00 35 00 29 CA 19 42 DC 01 00 00 01 00 00 00 00 00 00 04 61 70 69 73 06 67 6F 6F 67 6C 65 03 63 6F 6D 00 00 01 00 01
45 00 00 3E 17 EC 40 00 40 11 58 E4 93 20 53 35 93 20 50 69 2A 59 00 35 00 2A CA 1A 45 0F 01 00 00 01 00 00 00 00 00 00 02 69 64 06 67 6F 6F 67 6C 65 03 63 6F 6D 02 61 72 00 00 01 00 01
45 00 00 3D 17 EC 40 00 40 11 58 E5 93 20 53 35 93 20 50 69 5D 95 00 35 00 29 CA 19 76 63 01 00 00 01 00 00 00 00 00 00 03 73 73 6C 07 67 73 74 61 74 69 63 03 63 6F 6D 00 00 01 00 01
45 00 01 CA AB 20 00 00 40 11 04 24 93 20 50 69 93 20 53 35 00 35 DA 84 01 B6 04 9E 42 DC 81 80 00 01 00 10 00 04 00 04 04 61 70 69 73 06 67 6F 6F 67 6C 65 03 63 6F 6D 00 00 01 00 01 C0 0C 00 05 00 01 00 08 5E 58 00 09 04 70 6C 75 73 01 6C C0 11 C0 2D 00 01 00 01 00 00 00 59 00 04 C3 71 D6 DE C0 2D 00 01 00 01 00 00 00 59 00 04 C3 71 D6 D3 C0 2D 00 01 00 01 00 00 00 59 00 04 C3 71 D6 EA C0 2D 00 01 00 01 00 00 00 59 00 04 C3 71 D6 EC C0 2D 00 01 00 01 00 00 00 59 00 04 C3 71 D6 F1 C0 2D 00 01 00 01 00 00 00 59 00 04 C3 71 D6 F5 C0 2D 00 01 00 01 00 00 00 59 00 04 C3 71 D6 E6 C0 2D 00 01 00 01 00 00 00 59 00 04 C3 71 D6 DD C0 2D 00 01 00 01 00 00 00 59 00 04 C3 71 D6 E2 C0 2D 00 01 00 01 00 00 00 59 00 04 C3 71 D6 F9 C0 2D 00 01 00 01 00 00 00 59 00 04 C3 71 D6 ED C0 2D 00 01 00 01 00 00 00 59 00 04 C3 71 D6 D7 C0 2D 00 01 00 01 00 00 00 59 00 04 C3 71 D6 FB C0 2D 00 01 00 01 00 00 00 59 00 04 C3 71 D6 CF C0 2D 00 01 00 01 00 00 00 59 00 04 C3 71 D6 DB C0 11 00 02 00 01 00 01 C3 71 00 06 03 6E 73 31 C0 11 C0 11 00 02 00 01 00 01 C3 71 00 06 03 6E 73 33 C0 11 C0 11 00 02 00 01 00 01 C3 71 00 06 03 6E 73 32 C0 11 C0 11 00 02 00 01 00 01 C3 71 00 06 03 6E 73 34 C0 11 C1 32 00 01 00 01 00 04 66 71 00 04 D8 EF 20 0A C1 56 00 01 00 01 00 04 66 71 00 04 D8 EF 22 0A C1 44 00 01 00 01 00 04 66 71 00 04 D8 EF 24 0A C1 68 00 01 00 01 00 04 66 71 00 04 D8 EF 26 0A
45 00 01 D3 AB 22 00 00 40 11 04 19 93 20 50 69 93 20 53 35 00 35 2A 59 01 BF 2F 88 45 0F 81 80 00 01 00 10 00 04 00 04 02 69 64 06 67 6F 6F 67 6C 65 03 63 6F 6D 02 61 72 00 00 01 00 01 C0 0C 00 05 00 01 00 01 49 7B 00 11 02 69 64 01 6C 06 67 6F 6F 67 6C 65 03 63 6F 6D 00 C0 2E 00 01 00 01 00 00 00 E5 00 04 C3 71 D6 D7 C0 2E 00 01 00 01 00 00 00 E5 00 04 C3 71 D6 D3 C0 2E 00 01 00 01 00 00 00 E5 00 04 C3 71 D6 F1 C0 2E 00 01 00 01 00 00 00 E5 00 04 C3 71 D6 DE C0 2E 00 01 00 01 00 00 00 E5 00 04 C3 71 D6 E6 C0 2E 00 01 00 01 00 00 00 E5 00 04 C3 71 D6 ED C0 2E 00 01 00 01 00 00 00 E5 00 04 C3 71 D6 FB C0 2E 00 01 00 01 00 00 00 E5 00 04 C3 71 D6 EC C0 2E 00 01 00 01 00 00 00 E5 00 04 C3 71 D6 DD C0 2E 00 01 00 01 00 00 00 E5 00 04 C3 71 D6 F5 C0 2E 00 01 00 01 00 00 00 E5 00 04 C3 71 D6 CF C0 2E 00 01 00 01 00 00 00 E5 00 04 C3 71 D6 F9 C0 2E 00 01 00 01 00 00 00 E5 00 04 C3 71 D6 E2 C0 2E 00 01 00 01 00 00 00 E5 00 04 C3 71 D6 EA C0 2E 00 01 00 01 00 00 00 E5 00 04 C3 71 D6 DB C0 33 00 02 00 01 00 01 C3 71 00 06 03 6E 73 34 C0 33 C0 33 00 02 00 01 00 01 C3 71 00 06 03 6E 73 32 C0 33 C0 33 00 02 00 01 00 01 C3 71 00 06 03 6E 73 33 C0 33 C0 33 00 02 00 01 00 01 C3 71 00 06 03 6E 73 31 C0 33 C1 71 00 01 00 01 00 04 66 71 00 04 D8 EF 20 0A C1 4D 00 01 00 01 00 04 66 71 00 04 D8 EF 22 0A C1 5F 00 01 00 01 00 04 66 71 00 04 D8 EF 24 0A C1 3B 00 01 00 01 00 04 66 71 00 04 D8 EF 26 0A
45 00 00 DC AB 23 00 00 40 11 05 0F 93 20 50 69 93 20 53 35 00 35 5D 95 00 C8 AF E2 76 63 81 80 00 01 00 01 00 04 00 04 03 73 73 6C 07 67 73 74 61 74 69 63 03 63 6F 6D 00 00 01 00 01 C0 0C 00 01 00 01 00 00 00 E5 00 04 AD C2 23 4F C0 10 00 02 00 01 00 01 C3 71 00 0D 03 6E 73 34 06 67 6F 6F 67 6C 65 C0 18 C0 10 00 02 00 01 00 01 C3 71 00 06 03 6E 73 32 C0 41 C0 10 00 02 00 01 00 01 C3 71 00 06 03 6E 73 33 C0 41 C0 10 00 02 00 01 00 01 C3 71 00 06 03 6E 73 31 C0 41 C0 7A 00 01 00 01 00 04 66 71 00 04 D8 EF 20 0A C0 56 00 01 00 01 00 04 66 71 00 04 D8 EF 22 0A C0 68 00 01 00 01 00 04 66 71 00 04 D8 EF 24 0A C0 3D 00 01 00 01 00 04 66 71 00 04 D8 EF 26 0A
45 00 00 3C 17 EC 40 00 40 11 58 E6 93 20 53 35 93 20 50 69 3F BA 00 35 00 28 CA 18 7D A9 01 00 00 01 00 00 00 00 00 00 03 77 77 77 06 67 6F 6F 67 6C 65 03 63 6F 6D 00 00 01 00 01
45 00 00 3D 17 EC 40 00 40 11 58 E5 93 20 53 35 93 20 50 69 59 86 00 35 00 29 CA 19 6D 19 01 00 00 01 00 00 00 00 00 00 03 77 77 77 07 67 73 74 61 74 69 63 03 63 6F 6D 00 00 01 00 01
45 00 00 DC AB 25 00 00 40 11 05 0D 93 20 50 69 93 20 53 35 00 35 59 86 00 C8 D5 2C 6D 19 81 80 00 01 00 01 00 04 00 04 03 77 77 77 07 67 73 74 61 74 69 63 03 63 6F 6D 00 00 01 00 01 C0 0C 00 01 00 01 00 00 00 C9 00 04 AD C2 23 4F C0 10 00 02 00 01 00 01 C3 71 00 0D 03 6E 73 34 06 67 6F 6F 67 6C 65 C0 18 C0 10 00 02 00 01 00 01 C3 71 00 06 03 6E 73 33 C0 41 C0 10 00 02 00 01 00 01 C3 71 00 06 03 6E 73 32 C0 41 C0 10 00 02 00 01 00 01 C3 71 00 06 03 6E 73 31 C0 41 C0 7A 00 01 00 01 00 04 66 71 00 04 D8 EF 20 0A C0 68 00 01 00 01 00 04 66 71 00 04 D8 EF 22 0A C0 56 00 01 00 01 00 04 66 71 00 04 D8 EF 24 0A C0 3D 00 01 00 01 00 04 66 71 00 04 D8 EF 26 0A
45 00 01 14 AB 26 00 00 40 11 04 D4 93 20 50 69 93 20 53 35 00 35 3F BA 01 00 8E 90 7D A9 81 80 00 01 00 05 00 04 00 04 03 77 77 77 06 67 6F 6F 67 6C 65 03 63 6F 6D 00 00 01 00 01 C0 0C 00 01 00 01 00 00 01 2C 00 04 AD C2 71 B2 C0 0C 00 01 00 01 00 00 01 2C 00 04 AD C2 71 B0 C0 0C 00 01 00 01 00 00 01 2C 00 04 AD C2 71 B3 C0 0C 00 01 00 01 00 00 01 2C 00 04 AD C2 71 B1 C0 0C 00 01 00 01 00 00 01 2C 00 04 AD C2 71 B4 C0 10 00 02 00 01 00 01 C3 71 00 06 03 6E 73 32 C0 10 C0 10 00 02 00 01 00 01 C3 71 00 06 03 6E 73 33 C0 10 C0 10 00 02 00 01 00 01 C3 71 00 06 03 6E 73 34 C0 10 C0 10 00 02 00 01 00 01 C3 71 00 06 03 6E 73 31 C0 10 C0 B2 00 01 00 01 00 04 66 71 00 04 D8 EF 20 0A C0 7C 00 01 00 01 00 04 66 71 00 04 D8 EF 22 0A C0 8E 00 01 00 01 00 04 66 71 00 04 D8 EF 24 0A C0 A0 00 01 00 01 00 04 66 71 00 04 D8 EF 26 0A
45 00 01 01 AB 28 00 00 40 11 04 E5 93 20 50 69 93 20 53 35 00 35 9E 21 00 ED E8 BF 11 E4 81 80 00 01 00 03 00 04 00 04 03 77 77 77 06 67 6F 6F 67 6C 65 03 63 6F 6D 02 61 72 00 00 01 00 01 C0 0C 00 01 00 01 00 00 01 2C 00 04 AD C2 71 B7 C0 0C 00 01 00 01 00 00 01 2C 00 04 AD C2 71 BF C0 0C 00 01 00 01 00 00 01 2C 00 04 AD C2 71 B8 C0 10 00 02 00 01 00 00 0E 10 00 10 03 6E 73 32 06 67 6F 6F 67 6C 65 03 63 6F 6D 00 C0 10 00 02 00 01 00 00 0E 10 00 06 03 6E 73 33 C0 63 C0 10 00 02 00 01 00 00 0E 10 00 06 03 6E 73 34 C0 63 C0 10 00 02 00 01 00 00 0E 10 00 06 03 6E 73 31 C0 63 C0 9F 00 01 00 01 00 04 66 71 00 04 D8 EF 20 0A C0 5F 00 01 00 01 00 04 66 71 00 04 D8 EF 22 0A C0 7B 00 01 00 01 00 04 66 71 00 04 D8 EF 24 0A C0 8D 00 01 00 01 00 04 66 71 00 04 D8 EF 26 0A
45 00 00 43 19 20 40 00 40 11 57 AB 93 20 53 35 93 20 50 69 A0 C4 00 35 00 2F CA 1F BD A2 01 00 00 01 00 00 00 00 00 00 03 74 65 78 0D 73 74 61 63 6B 65 78 63 68 61 6E 67 65 03 63 6F 6D 00 00 01 00 01
45 00 00 B5 AB 32 00 00 40 11 05 27 93 20 50 69 93 20 53 35 00 35 A0 C4 00 A1 FF 1B BD A2 81 80 00 01 00 01 00 03 00 02 03 74 65 78 0D 73 74 61 63 6B 65 78 63 68 61 6E 67 65 03 63 6F 6D 00 00 01 00 01 C0 0C 00 01 00 01 00 00 01 2C 00 04 C6 FC CE 10 C0 10 00 02 00 01 00 00 01 2C 00 12 03 6E 73 32 0B 73 65 72 76 65 72 66 61 75 6C 74 C0 1E C0 10 00 02 00 01 00 00 01 2C 00 06 03 6E 73 33 C0 47 C0 10 00 02 00 01 00 00 01 2C 00 06 03 6E 73 31 C0 47 C0 73 00 01 00 01 00 02 65 24 00 04 C6 FC CE 50 C0 43 00 01 00 01 00 02 65 24 00 04 C6 FC CE 51
45 00 00 3D 19 81 40 00 40 11 57 50 93 20 53 35 93 20 50 69 8C BB 00 35 00 29 CA 19 EF FC 01 00 00 01 00 00 00 00 00 00 03 63 64 6E 07 73 73 74 61 74 69 63 03 6E 65 74 00 00 01 00 01
45 00 00 3E 19 81 40 00 40 11 57 4F 93 20 53 35 93 20 50 69 83 36 00 35 00 2A CA 1A C1 B4 01 00 00 01 00 00 00 00 00 00 03 77 77 77 08 67 72 61 76 61 74 61 72 03 63 6F 6D 00 00 01 00 01
45 00 00 B8 AB 3B 00 00 40 11 05 1B 93 20 50 69 93 20 53 35 00 35 83 36 00 A4 AE 67 C1 B4 81 80 00 01 00 02 00 02 00 02 03 77 77 77 08 67 72 61 76 61 74 61 72 03 63 6F 6D 00 00 01 00 01 C0 0C 00 05 00 01 00 00 22 45 00 1A 04 63 73 39 31 03 77 61 63 0B 65 64 67 65 63 61 73 74 63 64 6E 03 6E 65 74 00 C0 2E 00 01 00 01 00 00 08 5D 00 04 44 E8 23 79 C0 37 00 02 00 01 00 01 C3 E5 00 06 03 6E 73 31 C0 37 C0 37 00 02 00 01 00 01 C3 E5 00 06 03 6E 73 32 C0 37 C0 64 00 01 00 01 00 01 C3 E5 00 04 48 15 50 05 C0 76 00 01 00 01 00 01 C3 E5 00 04 48 15 50 06
45 00 01 45 AB 3D 00 00 40 11 04 8C 93 20 50 69 93 20 53 35 00 35 8C BB 01 31 81 7D EF FC 81 80 00 01 00 06 00 02 00 04 03 63 64 6E 07 73 73 74 61 74 69 63 03 6E 65 74 00 00 01 00 01 C0 0C 00 05 00 01 00 00 0E 10 00 1D 07 73 73 74 61 74 69 63 03 6E 65 74 03 63 64 6E 0A 63 6C 6F 75 64 66 6C 61 72 65 C0 18 C0 2D 00 01 00 01 00 00 01 2C 00 04 8D 65 72 3B C0 2D 00 01 00 01 00 00 01 2C 00 04 BE 5D F7 3A C0 2D 00 01 00 01 00 00 01 2C 00 04 BE 5D F5 3A C0 2D 00 01 00 01 00 00 01 2C 00 04 BE 5D F4 3A C0 2D 00 01 00 01 00 00 01 2C 00 04 BE 5D F6 3A C0 3D 00 02 00 01 00 02 50 C5 00 18 04 66 72 65 64 02 6E 73 0A 63 6C 6F 75 64 66 6C 61 72 65 03 63 6F 6D 00 C0 3D 00 02 00 01 00 02 50 C5 00 07 04 6A 65 61 6E C0 AB C0 A6 00 01 00 01 00 00 FF 45 00 04 AD F5 3B 71 C0 A6 00 1C 00 01 00 00 FF 45 00 10 24 00 CB 00 20 49 00 01 00 00 00 00 AD F5 3B 71 C0 CA 00 01 00 01 00 00 FF 45 00 04 AD F5 3A 79 C0 CA 00 1C 00 01 00 00 FF 45 00 10 24 00 CB 00 20 49 00 01 00 00 00 00 AD F5 3A 79
45 00 00 47 1A 72 40 00 40 11 56 55 93 20 53 35 93 20 50 69 05 0B 00 35 00 33 CA 23 62 0A 01 00 00 01 00 00 00 00 00 00 07 61 6E 64 72 6F 69 64 0D 73 74 61 63 6B 65 78 63 68 61 6E 67 65 03 63 6F 6D 00 00 01 00 01
45 00 00 45 1A 72 40 00 40 11 56 57 93 20 53 35 93 20 50 69 23 AA 00 35 00 31 CA 21 F0 81 01 00 00 01 00 00 00 00 00 00 05 61 70 70 6C 65 0D 73 74 61 63 6B 65 78 63 68 61 6E 67 65 03 63 6F 6D 00 00 01 00 01
45 00 00 3B 1A 72 40 00 40 11 56 61 93 20 53 35 93 20 50 69 46 A9 00 35 00 27 CA 17 59 76 01 00 00 01 00 00 00 00 00 00 09 61 73 6B 75 62 75 6E 74 75 03 63 6F 6D 00 00 01 00 01
45 00 00 42 1A 75 40 00 40 11 56 57 93 20 53 35 93 20 50 69 36 00 00 35 00 2E CA 1E 93 63 01 00 00 01 00 00 00 00 00 00 05 70 69 78 65 6C 0A 71 75 61 6E 74 73 65 72 76 65 03 63 6F 6D 00 00 01 00 01
45 00 02 16 AB 47 00 00 40 11 03 B1 93 20 50 69 93 20 53 35 00 35 36 00 02 02 4C 5B 93 63 81 80 00 01 00 0A 00 0A 00 02 05 70 69 78 65 6C 0A 71 75 61 6E 74 73 65 72 76 65 03 63 6F 6D 00 00 01 00 01 C0 0C 00 05 00 01 00 00 67 D2 00 22 06 6D 61 70 2D 70 62 0A 71 75 61 6E 74 73 65 72 76 65 03 63 6F 6D 06 61 6B 61 64 6E 73 03 6E 65 74 00 C0 32 00 05 00 01 00 00 15 62 00 11 0E 61 6E 79 63 61 73 74 2D 65 75 72 6F 70 65 C0 39 C0 60 00 01 00 01 00 00 01 2C 00 04 5F AC 5E 0F C0 60 00 01 00 01 00 00 01 2C 00 04 5F AC 5E 18 C0 60 00 01 00 01 00 00 01 2C 00 04 5F AC 5E 0C C0 60 00 01 00 01 00 00 01 2C 00 04 5F AC 5E 15 C0 60 00 01 00 01 00 00 01 2C 00 04 5F AC 5E 27 C0 60 00 01 00 01 00 00 01 2C 00 04 5F AC 5E 23 C0 60 00 01 00 01 00 00 01 2C 00 04 5F AC 5E 2C C0 60 00 01 00 01 00 00 01 2C 00 04 5F AC 5E 33 C0 48 00 02 00 01 00 01 C3 CB 00 0A 07 6E 73 31 2D 31 32 39 C0 48 C0 48 00 02 00 01 00 01 C3 CB 00 0A 07 6E 73 36 2D 31 32 39 C0 48 C0 48 00 02 00 01 00 01 C3 CB 00 0A 07 6E 73 33 2D 31 32 39 C0 48 C0 48 00 02 00 01 00 01 C3 CB 00 0B 08 6E 73 31 31 2D 31 32 38 C0 48 C0 48 00 02 00 01 00 01 C3 CB 00 14 07 6E 73 32 2D 31 33 31 06 61 6B 61 64 6E 73 03 6F 72 67 00 C0 48 00 02 00 01 00 01 C3 CB 00 0A 07 6E 73 33 2D 31 33 31 C1 5E C0 48 00 02 00 01 00 01 C3 CB 00 0A 07 6E 73 36 2D 31 33 31 C1 5E C0 48 00 02 00 01 00 01 C3 CB 00 0A 07 6E 73 32 2D 31 32 39 C0 48 C0 48 00 02 00 01 00 01 C3 CB 00 0B 08 6E 73 31 37 2D 31 33 33 C1 5E C0 48 00 02 00 01 00 01 C3 CB 00 0B 08 6E 73 32 30 2D 31 33 31 C1 5E C0 FD 00 01 00 01 00 01 C3 CB 00 04 C1 6C 58 81 C1 A2 00 01 00 01 00 01 C3 CB 00 04 02 16 E6 81
45 00 00 4A 1A 85 40 00 40 11 56 3F 93 20 53 35 93 20 50 69 64 78 00 35 00 36 CA 26 D9 07 01 00 00 01 00 00 00 00 00 00 07 73 6F 63 6B 65 74 73 02 6E 79 0D 73 74 61 63 6B 65 78 63 68 61 6E 67 65 03 63 6F 6D 00 00 01 00 01
45 00 00 B9 AB 5F 00 00 40 11 04 F6 93 20 50 69 93 20 53 35 00 35 05 0B 00 A5 D9 B8 62 0A 81 80 00 01 00 01 00 03 00 02 07 61 6E 64 72 6F 69 64 0D 73 74 61 63 6B 65 78 63 68 61 6E 67 65 03 63 6F 6D 00 00 01 00 01 C0 0C 00 01 00 01 00 00 01 2C 00 04 C6 FC CE 10 C0 14 00 02 00 01 00 00 01 2A 00 12 03 6E 73 33 0B 73 65 72 76 65 72 66 61 75 6C 74 C0 22 C0 14 00 02 00 01 00 00 01 2A 00 06 03 6E 73 31 C0 4B C0 14 00 02 00 01 00 00 01 2A 00 06 03 6E 73 32 C0 4B C0 65 00 01 00 01 00 02 65 22 00 04 C6 FC CE 50 C0 77 00 01 00 01 00 02 65 22 00 04 C6 FC CE 51
45 00 00 48 1A 8B 40 00 40 11 56 3B 93 20 53 35 93 20 50 69 0F 27 00 35 00 34 CA 24 9A 67 01 00 00 01 00 00 00 00 00 00 08 62 69 63 79 63 6C 65 73 0D 73 74 61 63 6B 65 78 63 68 61 6E 67 65 03 63 6F 6D 00 00 01 00 01
45 00 00 AD AB 61 00 00 40 11 05 00 93 20 50 69 93 20 53 35 00 35 46 A9 00 99 F1 41 59 76 81 80 00 01 00 01 00 03 00 02 09 61 73 6B 75 62 75 6E 74 75 03 63 6F 6D 00 00 01 00 01 C0 0C 00 01 00 01 00 00 01 2C 00 04 C6 FC CE 18 C0 0C 00 02 00 01 00 00 01 2C 00 12 03 6E 73 32 0B 73 65 72 76 65 72 66 61 75 6C 74 C0 16 C0 0C 00 02 00 01 00 00 01 2C 00 06 03 6E 73 33 C0 3F C0 0C 00 02 00 01 00 00 01 2C 00 06 03 6E 73 31 C0 3F C0 6B 00 01 00 01 00 02 65 22 00 04 C6 FC CE 50 C0 3B 00 01 00 01 00 02 65 22 00 04 C6 FC CE 51
45 00 00 44 1A 8D 40 00 40 11 56 3D 93 20 53 35 93 20 50 69 E6 09 00 35 00 30 CA 20 BA D7 01 00 00 01 00 00 00 00 00 00 04 63 68 61 74 0D 73 74 61 63 6B 65 78 63 68 61 6E 67 65 03 63 6F 6D 00 00 01 00 01
45 00 00 B7 AB 62 00 00 40 11 04 F5 93 20 50 69 93 20 53 35 00 35 23 AA 00 A3 AC 08 F0 81 81 80 00 01 00 01 00 03 00 02 05 61 70 70 6C 65 0D 73 74 61 63 6B 65 78 63 68 61 6E 67 65 03 63 6F 6D 00 00 01 00 01 C0 0C 00 01 00 01 00 00 01 2C 00 04 C6 FC CE 10 C0 12 00 02 00 01 00 00 01 2A 00 12 03 6E 73 33 0B 73 65 72 76 65 72 66 61 75 6C 74 C0 20 C0 12 00 02 00 01 00 00 01 2A 00 06 03 6E 73 32 C0 49 C0 12 00 02 00 01 00 00 01 2A 00 06 03 6E 73 31 C0 49 C0 75 00 01 00 01 00 02 65 22 00 04 C6 FC CE 50 C0 63 00 01 00 01 00 02 65 22 00 04 C6 FC CE 51
45 00 00 4C 1A 8D 40 00 40 11 56 35 93 20 53 35 93 20 50 69 6D DE 00 35 00 38 CA 28 53 39 01 00 00 01 00 00 00 00 00 00 0C 63 68 72 69 73 74 69 61 6E 69 74 79 0D 73 74 61 63 6B 65 78 63 68 61 6E 67 65 03 63 6F 6D 00 00 01 00 01
45 00 00 CC AB 65 00 00 40 11 04 DD 93 20 50 69 93 20 53 35 00 35 64 78 00 B8 36 70 D9 07 81 80 00 01 00 01 00 03 00 03 07 73 6F 63 6B 65 74 73 02 6E 79 0D 73 74 61 63 6B 65 78 63 68 61 6E 67 65 03 63 6F 6D 00 00 01 00 01 C0 0C 00 01 00 01 00 00 01 2C 00 04 C6 FC CE 19 C0 17 00 02 00 01 00 00 01 2A 00 12 03 6E 73 32 0B 73 65 72 76 65 72 66 61 75 6C 74 C0 25 C0 17 00 02 00 01 00 00 01 2A 00 06 03 6E 73 33 C0 4E C0 17 00 02 00 01 00 00 01 2A 00 06 03 6E 73 31 C0 4E C0 7A 00 01 00 01 00 02 65 22 00 04 C6 FC CE 50 C0 4A 00 01 00 01 00 02 65 22 00 04 C6 FC CE 51 C0 68 00 01 00 01 00 00 01 2C 00 04 45 3B C4 D9
45 00 00 CA AB 66 00 00 40 11 04 DE 93 20 50 69 93 20 53 35 00 35 0F 27 00 B6 D2 0F 9A 67 81 80 00 01 00 01 00 03 00 03 08 62 69 63 79 63 6C 65 73 0D 73 74 61 63 6B 65 78 63 68 61 6E 67 65 03 63 6F 6D 00 00 01 00 01 C0 0C 00 01 00 01 00 00 01 2C 00 04 C6 FC CE 10 C0 15 00 02 00 01 00 00 01 2A 00 12 03 6E 73 32 0B 73 65 72 76 65 72 66 61 75 6C 74 C0 23 C0 15 00 02 00 01 00 00 01 2A 00 06 03 6E 73 33 C0 4C C0 15 00 02 00 01 00 00 01 2A 00 06 03 6E 73 31 C0 4C C0 78 00 01 00 01 00 02 65 22 00 04 C6 FC CE 50 C0 48 00 01 00 01 00 02 65 22 00 04 C6 FC CE 51 C0 66 00 01 00 01 00 00 01 2C 00 04 45 3B C4 D9
45 00 00 47 1A A6 40 00 40 11 56 21 93 20 53 35 93 20 50 69 E6 3D 00 35 00 33 CA 23 65 3D 01 00 00 01 00 00 00 00 00 00 07 63 6F 6F 6B 69 6E 67 0D 73 74 61 63 6B 65 78 63 68 61 6E 67 65 03 63 6F 6D 00 00 01 00 01
45 00 00 CE AB 67 00 00 40 11 04 D9 93 20 50 69 93 20 53 35 00 35 6D DE 00 BA EE 53 53 39 81 80 00 01 00 01 00 03 00 03 0C 63 68 72 69 73 74 69 61 6E 69 74 79 0D 73 74 61 63 6B 65 78 63 68 61 6E 67 65 03 63 6F 6D 00 00 01 00 01 C0 0C 00 01 00 01 00 00 01 2C 00 04 C6 FC CE 10 C0 19 00 02 00 01 00 00 01 2A 00 12 03 6E 73 32 0B 73 65 72 76 65 72 66 61 75 6C 74 C0 27 C0 19 00 02 00 01 00 00 01 2A 00 06 03 6E 73 31 C0 50 C0 19 00 02 00 01 00 00 01 2A 00 06 03 6E 73 33 C0 50 C0 6A 00 01 00 01 00 02 65 22 00 04 C6 FC CE 50 C0 4C 00 01 00 01 00 02 65 22 00 04 C6 FC CE 51 C0 7C 00 01 00 01 00 00 01 2C 00 04 45 3B C4 D9
45 00 00 36 1A A6 40 00 40 11 56 32 93 20 53 35 93 20 50 69 BE 01 00 35 00 22 CA 12 ED CC 01 00 00 01 00 00 00 00 00 00 04 63 74 61 6E 03 6F 72 67 00 00 01 00 01
45 00 00 C6 AB 6A 00 00 40 11 04 DE 93 20 50 69 93 20 53 35 00 35 E6 09 00 B2 C4 A5 BA D7 81 80 00 01 00 01 00 03 00 03 04 63 68 61 74 0D 73 74 61 63 6B 65 78 63 68 61 6E 67 65 03 63 6F 6D 00 00 01 00 01 C0 0C 00 01 00 01 00 00 01 2C 00 04 C6 FC CE 1D C0 11 00 02 00 01 00 00 01 2A 00 12 03 6E 73 31 0B 73 65 72 76 65 72 66 61 75 6C 74 C0 1F C0 11 00 02 00 01 00 00 01 2A 00 06 03 6E 73 33 C0 48 C0 11 00 02 00 01 00 00 01 2A 00 06 03 6E 73 32 C0 48 C0 44 00 01 00 01 00 02 65 22 00 04 C6 FC CE 50 C0 74 00 01 00 01 00 02 65 22 00 04 C6 FC CE 51 C0 62 00 01 00 01 00 00 01 2C 00 04 45 3B C4 D9
45 00 00 44 1A A7 40 00 40 11 56 23 93 20 53 35 93 20 50 69 76 2E 00 35 00 30 CA 20 79 48 01 00 00 01 00 00 00 00 00 00 04 64 61 74 61 0D 73 74 61 63 6B 65 78 63 68 61 6E 67 65 03 63 6F 6D 00 00 01 00 01
45 00 00 C3 AB 6C 00 00 40 11 04 DF 93 20 50 69 93 20 53 35 00 35 BE 01 00 AF 59 40 ED CC 81 80 00 01 00 01 00 03 00 03 04 63 74 61 6E 03 6F 72 67 00 00 01 00 01 C0 0C 00 01 00 01 00 00 38 40 00 04 B0 1C 36 B8 C0 0C 00 02 00 01 00 00 38 40 00 11 06 63 6F 6D 65 64 79 05 64 61 6E 74 65 02 64 65 00 C0 0C 00 02 00 01 00 00 38 40 00 12 03 6E 73 31 0B 66 72 65 65 66 72 69 65 6E 64 73 C0 11 C0 0C 00 02 00 01 00 00 38 40 00 06 03 6E 73 32 C0 57 C0 53 00 01 00 01 00 01 4B D5 00 04 42 36 99 8B C0 71 00 01 00 01 00 01 4B D5 00 04 82 E1 02 B2 C0 36 00 01 00 01 00 00 08 65 00 04 B0 1C 36 B8
45 00 00 43 1A AC 40 00 40 11 56 1F 93 20 53 35 93 20 50 69 6C 87 00 35 00 2F CA 1F 45 5F 01 00 00 01 00 00 00 00 00 00 03 64 62 61 0D 73 74 61 63 6B 65 78 63 68 61 6E 67 65 03 63 6F 6D 00 00 01 00 01
45 00 00 3B 1A BB 40 00 40 11 56 18 93 20 53 35 93 20 50 69 2F 07 00 35 00 27 CA 17 16 EC 01 00 00 01 00 00 00 00 00 00 09 73 74 61 63 6B 61 75 74 68 03 63 6F 6D 00 00 01 00 01
45 00 00 C9 AB 70 00 00 40 11 04 D5 93 20 50 69 93 20 53 35 00 35 E6 3D 00 B5 67 5C 65 3D 81 80 00 01 00 01 00 03 00 03 07 63 6F 6F 6B 69 6E 67 0D 73 74 61 63 6B 65 78 63 68 61 6E 67 65 03 63 6F 6D 00 00 01 00 01 C0 0C 00 01 00 01 00 00 01 2C 00 04 C6 FC CE 10 C0 14 00 02 00 01 00 00 01 2A 00 12 03 6E 73 33 0B 73 65 72 76 65 72 66 61 75 6C 74 C0 22 C0 14 00 02 00 01 00 00 01 2A 00 06 03 6E 73 32 C0 4B C0 14 00 02 00 01 00 00 01 2A 00 06 03 6E 73 31 C0 4B C0 77 00 01 00 01 00 02 65 22 00 04 C6 FC CE 50 C0 65 00 01 00 01 00 02 65 22 00 04 C6 FC CE 51 C0 47 00 01 00 01 00 00 01 2C 00 04 45 3B C4 D9
45 00 00 43 1A C0 40 00 40 11 56 0B 93 20 53 35 93 20 50 69 1A B2 00 35 00 2F CA 1F 7F A0 01 00 00 01 00 00 00 00 00 00 03 64 69 79 0D 73 74 61 63 6B 65 78 63 68 61 6E 67 65 03 63 6F 6D 00 00 01 00 01
45 00 00 C6 AB 72 00 00 40 11 04 D6 93 20 50 69 93 20 53 35 00 35 76 2E 00 B2 8F FC 79 48 81 80 00 01 00 01 00 03 00 03 04 64 61 74 61 0D 73 74 61 63 6B 65 78 63 68 61 6E 67 65 03 63 6F 6D 00 00 01 00 01 C0 0C 00 01 00 01 00 00 01 2C 00 04 C6 FC CE 1D C0 11 00 02 00 01 00 00 01 2A 00 12 03 6E 73 31 0B 73 65 72 76 65 72 66 61 75 6C 74 C0 1F C0 11 00 02 00 01 00 00 01 2A 00 06 03 6E 73 32 C0 48 C0 11 00 02 00 01 00 00 01 2A 00 06 03 6E 73 33 C0 48 C0 44 00 01 00 01 00 02 65 22 00 04 C6 FC CE 50 C0 62 00 01 00 01 00 02 65 22 00 04 C6 FC CE 51 C0 74 00 01 00 01 00 00 01 2C 00 04 45 3B C4 D9
45 00 00 46 1A C3 40 00 40 11 56 05 93 20 53 35 93 20 50 69 A7 2E 00 35 00 32 CA 22 A8 89 01 00 00 01 00 00 00 00 00 00 06 64 72 75 70 61 6C 0D 73 74 61 63 6B 65 78 63 68 61 6E 67 65 03 63 6F 6D 00 00 01 00 01
45 00 00 C5 AB 74 00 00 40 11 04 D5 93 20 50 69 93 20 53 35 00 35 6C 87 00 B1 0F D7 45 5F 81 80 00 01 00 01 00 03 00 03 03 64 62 61 0D 73 74 61 63 6B 65 78 63 68 61 6E 67 65 03 63 6F 6D 00 00 01 00 01 C0 0C 00 01 00 01 00 00 01 2C 00 04 C6 FC CE 10 C0 10 00 02 00 01 00 00 01 2A 00 12 03 6E 73 33 0B 73 65 72 76 65 72 66 61 75 6C 74 C0 1E C0 10 00 02 00 01 00 00 01 2A 00 06 03 6E 73 32 C0 47 C0 10 00 02 00 01 00 00 01 2A 00 06 03 6E 73 31 C0 47 C0 73 00 01 00 01 00 02 65 22 00 04 C6 FC CE 50 C0 61 00 01 00 01 00 02 65 22 00 04 C6 FC CE 51 C0 43 00 01 00 01 00 00 01 2C 00 04 45 3B C4 D9
45 00 00 4B 1A C8 40 00 40 11 55 FB 93 20 53 35 93 20 50 69 88 D4 00 35 00 37 CA 27 76 91 01 00 00 01 00 00 00 00 00 00 0B 65 6C 65 63 74 72 6F 6E 69 63 73 0D 73 74 61 63 6B 65 78 63 68 61 6E 67 65 03 63 6F 6D 00 00 01 00 01
45 00 00 BD AB 76 00 00 40 11 04 DB 93 20 50 69 93 20 53 35 00 35 2F 07 00 A9 D2 76 16 EC 81 80 00 01 00 01 00 03 00 03 09 73 74 61 63 6B 61 75 74 68 03 63 6F 6D 00 00 01 00 01 C0 0C 00 01 00 01 00 00 01 2C 00 04 C6 FC CE 15 C0 0C 00 02 00 01 00 00 01 2C 00 12 03 6E 73 32 0B 73 65 72 76 65 72 66 61 75 6C 74 C0 16 C0 0C 00 02 00 01 00 00 01 2C 00 06 03 6E 73 33 C0 3F C0 0C 00 02 00 01 00 00 01 2C 00 06 03 6E 73 31 C0 3F C0 6B 00 01 00 01 00 02 65 22 00 04 C6 FC CE 50 C0 3B 00 01 00 01 00 02 65 22 00 04 C6 FC CE 51 C0 59 00 01 00 01 00 00 01 2C 00 04 45 3B C4 D9
45 00 00 C5 AB 77 00 00 40 11 04 D2 93 20 50 69 93 20 53 35 00 35 1A B2 00 B1 20 53 7F A0 81 80 00 01 00 01 00 03 00 03 03 64 69 79 0D 73 74 61 63 6B 65 78 63 68 61 6E 67 65 03 63 6F 6D 00 00 01 00 01 C0 0C 00 01 00 01 00 00 01 2C 00 04 C6 FC CE 10 C0 10 00 02 00 01 00 00 01 2A 00 12 03 6E 73 31 0B 73 65 72 76 65 72 66 61 75 6C 74 C0 1E C0 10 00 02 00 01 00 00 01 2A 00 06 03 6E 73 33 C0 47 C0 10 00 02 00 01 00 00 01 2A 00 06 03 6E 73 32 C0 47 C0 43 00 01 00 01 00 02 65 22 00 04 C6 FC CE 50 C0 73 00 01 00 01 00 02 65 22 00 04 C6 FC CE 51 C0 61 00 01 00 01 00 00 01 2C 00 04 45 3B C4 D9
45 00 00 47 1A DB 40 00 40 11 55 EC 93 20 53 35 93 20 50 69 D1 53 00 35 00 33 CA 23 37 80 01 00 00 01 00 00 00 00 00 00 07 65 6E 67 6C 69 73 68 0D 73 74 61 63 6B 65 78 63 68 61 6E 67 65 03 63 6F 6D 00 00 01 00 01
45 00 00 C8 AB 79 00 00 40 11 04 CD 93 20 50 69 93 20 53 35 00 35 A7 2E 00 B4 A1 4F A8 89 81 80 00 01 00 01 00 03 00 03 06 64 72 75 70 61 6C 0D 73 74 61 63 6B 65 78 63 68 61 6E 67 65 03 63 6F 6D 00 00 01 00 01 C0 0C 00 01 00 01 00 00 01 2C 00 04 C6 FC CE 10 C0 13 00 02 00 01 00 00 01 2A 00 12 03 6E 73 33 0B 73 65 72 76 65 72 66 61 75 6C 74 C0 21 C0 13 00 02 00 01 00 00 01 2A 00 06 03 6E 73 31 C0 4A C0 13 00 02 00 01 00 00 01 2A 00 06 03 6E 73 32 C0 4A C0 64 00 01 00 01 00 02 65 22 00 04 C6 FC CE 50 C0 76 00 01 00 01 00 02 65 22 00 04 C6 FC CE 51 C0 46 00 01 00 01 00 00 01 2C 00 04 45 3B C4 D9
45 00 00 47 1A DC 40 00 40 11 55 EB 93 20 53 35 93 20 50 69 54 76 00 35 00 33 CA 23 A1 EF 01 00 00 01 00 00 00 00 00 00 07 67 61 6D 65 64 65 76 0D 73 74 61 63 6B 65 78 63 68 61 6E 67 65 03 63 6F 6D 00 00 01 00 01
45 00 00 CD AB 7B 00 00 40 11 04 C6 93 20 50 69 93 20 53 35 00 35 88 D4 00 B9 C0 81 76 91 81 80 00 01 00 01 00 03 00 03 0B 65 6C 65 63 74 72 6F 6E 69 63 73 0D 73 74 61 63 6B 65 78 63 68 61 6E 67 65 03 63 6F 6D 00 00 01 00 01 C0 0C 00 01 00 01 00 00 01 2C 00 04 C6 FC CE 10 C0 18 00 02 00 01 00 00 01 2A 00 12 03 6E 73 33 0B 73 65 72 76 65 72 66 61 75 6C 74 C0 26 C0 18 00 02 00 01 00 00 01 2A 00 06 03 6E 73 31 C0 4F C0 18 00 02 00 01 00 00 01 2A 00 06 03 6E 73 32 C0 4F C0 69 00 01 00 01 00 02 65 22 00 04 C6 FC CE 50 C0 7B 00 01 00 01 00 02 65 22 00 04 C6 FC CE 51 C0 4B 00 01 00 01 00 00 01 2C 00 04 45 3B C4 D9
45 00 00 46 1A E1 40 00 40 11 55 E7 93 20 53 35 93 20 50 69 E7 83 00 35 00 32 CA 22 AB ED 01 00 00 01 00 00 00 00 00 00 06 67 61 6D 69 6E 67 0D 73 74 61 63 6B 65 78 63 68 61 6E 67 65 03 63 6F 6D 00 00 01 00 01
45 00 00 C9 AB 7D 00 00 40 11 04 C8 93 20 50 69 93 20 53 35 00 35 D1 53 00 B5 A5 08 37 80 81 80 00 01 00 01 00 03 00 03 07 65 6E 67 6C 69 73 68 0D 73 74 61 63 6B 65 78 63 68 61 6E 67 65 03 63 6F 6D 00 00 01 00 01 C0 0C 00 01 00 01 00 00 01 2C 00 04 C6 FC CE 10 C0 14 00 02 00 01 00 00 01 2A 00 12 03 6E 73 32 0B 73 65 72 76 65 72 66 61 75 6C 74 C0 22 C0 14 00 02 00 01 00 00 01 2A 00 06 03 6E 73 33 C0 4B C0 14 00 02 00 01 00 00 01 2A 00 06 03 6E 73 31 C0 4B C0 77 00 01 00 01 00 02 65 22 00 04 C6 FC CE 50 C0 47 00 01 00 01 00 02 65 22 00 04 C6 FC CE 51 C0 65 00 01 00 01 00 00 01 2C 00 04 45 3B C4 D9
45 00 00 43 1A F5 40 00 40 11 55 D6 93 20 53 35 93 20 50 69 2F B0 00 35 00 2F CA 1F 12 AE 01 00 00 01 00 00 00 00 00 00 03 67 69 73 0D 73 74 61 63 6B 65 78 63 68 61 6E 67 65 03 63 6F 6D 00 00 01 00 01
45 00 00 C9 AB 7F 00 00 40 11 04 C6 93 20 50 69 93 20 53 35 00 35 54 76 00 B5 D9 65 A1 EF 81 80 00 01 00 01 00 03 00 03 07 67 61 6D 65 64 65 76 0D 73 74 61 63 6B 65 78 63 68 61 6E 67 65 03 63 6F 6D 00 00 01 00 01 C0 0C 00 01 00 01 00 00 01 2C 00 04 C6 FC CE 10 C0 14 00 02 00 01 00 00 01 2A 00 12 03 6E 73 32 0B 73 65 72 76 65 72 66 61 75 6C 74 C0 22 C0 14 00 02 00 01 00 00 01 2A 00 06 03 6E 73 33 C0 4B C0 14 00 02 00 01 00 00 01 2A 00 06 03 6E 73 31 C0 4B C0 77 00 01 00 01 00 02 65 22 00 04 C6 FC CE 50 C0 47 00 01 00 01 00 02 65 22 00 04 C6 FC CE 51 C0 65 00 01 00 01 00 00 01 2C 00 04 45 3B C4 D9
45 00 00 47 1A F7 40 00 40 11 55 D0 93 20 53 35 93 20 50 69 72 8A 00 35 00 33 CA 23 22 1A 01 00 00 01 00 00 00 00 00 00 07 6A 75 64 61 69 73 6D 0D 73 74 61 63 6B 65 78 63 68 61 6E 67 65 03 63 6F 6D 00 00 01 00 01
45 00 00 C8 AB 81 00 00 40 11 04 C5 93 20 50 69 93 20 53 35 00 35 E7 83 00 B4 7A 8E AB ED 81 80 00 01 00 01 00 03 00 03 06 67 61 6D 69 6E 67 0D 73 74 61 63 6B 65 78 63 68 61 6E 67 65 03 63 6F 6D 00 00 01 00 01 C0 0C 00 01 00 01 00 00 01 2C 00 04 C6 FC CE 10 C0 13 00 02 00 01 00 00 01 2A 00 12 03 6E 73 32 0B 73 65 72 76 65 72 66 61 75 6C 74 C0 21 C0 13 00 02 00 01 00 00 01 2A 00 06 03 6E 73 31 C0 4A C0 13 00 02 00 01 00 00 01 2A 00 06 03 6E 73 33 C0 4A C0 64 00 01 00 01 00 02 65 22 00 04 C6 FC CE 50 C0 46 00 01 00 01 00 02 65 22 00 04 C6 FC CE 51 C0 76 00 01 00 01 00 00 01 2C 00 04 45 3B C4 D9
45 00 00 4B 1A FD 40 00 40 11 55 C6 93 20 53 35 93 20 50 69 DB 9F 00 35 00 37 CA 27 16 A3 01 00 00 01 00 00 00 00 00 00 0B 6D 61 74 68 65 6D 61 74 69 63 61 0D 73 74 61 63 6B 65 78 63 68 61 6E 67 65 03 63 6F 6D 00 00 01 00 01
45 00 00 C5 AB 84 00 00 40 11 04 C5 93 20 50 69 93 20 53 35 00 35 2F B0 00 B1 78 4A 12 AE 81 80 00 01 00 01 00 03 00 03 03 67 69 73 0D 73 74 61 63 6B 65 78 63 68 61 6E 67 65 03 63 6F 6D 00 00 01 00 01 C0 0C 00 01 00 01 00 00 01 2C 00 04 C6 FC CE 10 C0 10 00 02 00 01 00 00 01 2A 00 12 03 6E 73 33 0B 73 65 72 76 65 72 66 61 75 6C 74 C0 1E C0 10 00 02 00 01 00 00 01 2A 00 06 03 6E 73 32 C0 47 C0 10 00 02 00 01 00 00 01 2A 00 06 03 6E 73 31 C0 47 C0 73 00 01 00 01 00 02 65 22 00 04 C6 FC CE 50 C0 61 00 01 00 01 00 02 65 22 00 04 C6 FC CE 51 C0 43 00 01 00 01 00 00 01 2C 00 04 45 3B C4 D9
45 00 00 48 1B 0F 40 00 40 11 55 B7 93 20 53 35 93 20 50 69 92 0B 00 35 00 34 CA 24 95 DE 01 00 00 01 00 00 00 00 00 00 04 6D 65 74 61 03 74 65 78 0D 73 74 61 63 6B 65 78 63 68 61 6E 67 65 03 63 6F 6D 00 00 01 00 01
45 00 00 C9 AB 86 00 00 40 11 04 BF 93 20 50 69 93 20 53 35 00 35 72 8A 00 B5 1D 31 22 1A 81 80 00 01 00 01 00 03 00 03 07 6A 75 64 61 69 73 6D 0D 73 74 61 63 6B 65 78 63 68 61 6E 67 65 03 63 6F 6D 00 00 01 00 01 C0 0C 00 01 00 01 00 00 01 2C 00 04 C6 FC CE 10 C0 14 00 02 00 01 00 00 01 2A 00 12 03 6E 73 33 0B 73 65 72 76 65 72 66 61 75 6C 74 C0 22 C0 14 00 02 00 01 00 00 01 2A 00 06 03 6E 73 32 C0 4B C0 14 00 02 00 01 00 00 01 2A 00 06 03 6E 73 31 C0 4B C0 77 00 01 00 01 00 02 65 22 00 04 C6 FC CE 50 C0 65 00 01 00 01 00 02 65 22 00 04 C6 FC CE 51 C0 47 00 01 00 01 00 00 01 2C 00 04 45 3B C4 D9
45 00 00 3E 1B 12 40 00 40 11 55 BE 93 20 53 35 93 20 50 69 65 1B 00 35 00 2A CA 1A 5F A2 01 00 00 01 00 00 00 00 00 00 06 6D 69 72 72 6F 72 06 73 77 69 74 63 68 02 63 68 00 00 01 00 01
45 00 01 EF AB 87 00 00 40 11 03 98 93 20 50 69 93 20 53 35 00 35 65 1B 01 DB 9B 01 5F A2 81 80 00 01 00 02 00 07 00 0D 06 6D 69 72 72 6F 72 06 73 77 69 74 63 68 02 63 68 00 00 01 00 01 C0 0C 00 05 00 01 00 01 11 B6 00 09 06 66 72 69 73 61 6C C0 13 C0 2E 00 01 00 01 00 01 11 B6 00 04 82 3B 0A 24 C0 1A 00 02 00 01 00 02 61 FE 00 08 01 64 03 6E 69 63 C0 1A C0 1A 00 02 00 01 00 02 61 FE 00 04 01 63 C0 55 C0 1A 00 02 00 01 00 02 61 FE 00 04 01 61 C0 55 C0 1A 00 02 00 01 00 02 61 FE 00 04 01 66 C0 55 C0 1A 00 02 00 01 00 02 61 FE 00 04 01 68 C0 55 C0 1A 00 02 00 01 00 02 61 FE 00 04 01 65 C0 55 C0 1A 00 02 00 01 00 02 61 FE 00 04 01 62 C0 55 C0 77 00 01 00 01 00 02 61 FE 00 04 82 3B 01 50 C0 77 00 1C 00 01 00 02 61 FE 00 10 20 01 06 20 00 00 00 00 00 00 00 00 00 00 00 04 C0 B7 00 01 00 01 00 02 61 FE 00 04 82 3B D3 0A C0 B7 00 1C 00 01 00 02 61 FE 00 10 20 01 06 20 00 00 00 00 00 00 00 00 00 00 00 05 C0 67 00 01 00 01 00 02 61 FE 00 04 93 1C 00 27 C0 67 00 1C 00 01 00 02 61 FE 00 10 20 01 04 18 00 01 00 00 00 00 00 00 00 00 00 39 C0 53 00 01 00 01 00 02 61 FE 00 04 C8 A0 00 05 C0 53 00 1C 00 01 00 02 61 FE 00 10 20 01 12 FF 00 00 0A 20 00 00 00 00 00 00 00 05 C0 A7 00 01 00 01 00 02 61 FE 00 04 C2 00 11 01 C0 A7 00 1C 00 01 00 02 61 FE 00 10 20 01 06 78 00 03 00 00 00 00 00 00 00 00 00 01 C0 87 00 01 00 01 00 02 61 FE 00 04 C2 92 6A 0A C0 87 00 1C 00 01 00 02 61 FE 00 10 20 01 06 7C 10 10 00 02 00 00 00 00 00 00 00 53 C0 97 00 01 00 01 00 02 61 FE 00 04 C2 2A 30 78
45 00 00 45 1B 12 40 00 40 11 55 B7 93 20 53 35 93 20 50 69 F9 CB 00 35 00 31 CA 21 BF 6B 01 00 00 01 00 00 00 00 00 00 05 70 68 6F 74 6F 0D 73 74 61 63 6B 65 78 63 68 61 6E 67 65 03 63 6F 6D 00 00 01 00 01
45 00 00 CD AB 89 00 00 40 11 04 B8 93 20 50 69 93 20 53 35 00 35 DB 9F 00 B9 D2 BC 16 A3 81 80 00 01 00 01 00 03 00 03 0B 6D 61 74 68 65 6D 61 74 69 63 61 0D 73 74 61 63 6B 65 78 63 68 61 6E 67 65 03 63 6F 6D 00 00 01 00 01 C0 0C 00 01 00 01 00 00 01 2C 00 04 C6 FC CE 10 C0 18 00 02 00 01 00 00 01 2A 00 12 03 6E 73 31 0B 73 65 72 76 65 72 66 61 75 6C 74 C0 26 C0 18 00 02 00 01 00 00 01 2A 00 06 03 6E 73 33 C0 4F C0 18 00 02 00 01 00 00 01 2A 00 06 03 6E 73 32 C0 4F C0 4B 00 01 00 01 00 02 65 22 00 04 C6 FC CE 50 C0 7B 00 01 00 01 00 02 65 22 00 04 C6 FC CE 51 C0 69 00 01 00 01 00 00 01 2C 00 04 45 3B C4 D9
45 00 00 4B 1B 17 40 00 40 11 55 AC 93 20 53 35 93 20 50 69 BC 30 00 35 00 37 CA 27 24 3E 01 00 00 01 00 00 00 00 00 00 0B 70 72 6F 67 72 61 6D 6D 65 72 73 0D 73 74 61 63 6B 65 78 63 68 61 6E 67 65 03 63 6F 6D 00 00 01 00 01
45 00 00 CA AB 8B 00 00 40 11 04 B9 93 20 50 69 93 20 53 35 00 35 92 0B 00 B6 66 F8 95 DE 81 80 00 01 00 01 00 03 00 03 04 6D 65 74 61 03 74 65 78 0D 73 74 61 63 6B 65 78 63 68 61 6E 67 65 03 63 6F 6D 00 00 01 00 01 C0 0C 00 01 00 01 00 00 01 2C 00 04 C6 FC CE 10 C0 15 00 02 00 01 00 00 01 2A 00 12 03 6E 73 31 0B 73 65 72 76 65 72 66 61 75 6C 74 C0 23 C0 15 00 02 00 01 00 00 01 2A 00 06 03 6E 73 32 C0 4C C0 15 00 02 00 01 00 00 01 2A 00 06 03 6E 73 33 C0 4C C0 48 00 01 00 01 00 02 65 22 00 04 C6 FC CE 50 C0 66 00 01 00 01 00 02 65 22 00 04 C6 FC CE 51 C0 78 00 01 00 01 00 00 01 2C 00 04 45 3B C4 D9
45 00 00 43 1B 28 40 00 40 11 55 A3 93 20 53 35 93 20 50 69 87 6A 00 35 00 2F CA 1F 18 5F 01 00 00 01 00 00 00 00 00 00 03 72 70 67 0D 73 74 61 63 6B 65 78 63 68 61 6E 67 65 03 63 6F 6D 00 00 01 00 01
45 00 00 C7 AB 8D 00 00 40 11 04 BA 93 20 50 69 93 20 53 35 00 35 F9 CB 00 B3 79 F8 BF 6B 81 80 00 01 00 01 00 03 00 03 05 70 68 6F 74 6F 0D 73 74 61 63 6B 65 78 63 68 61 6E 67 65 03 63 6F 6D 00 00 01 00 01 C0 0C 00 01 00 01 00 00 01 2C 00 04 C6 FC CE 10 C0 12 00 02 00 01 00 00 01 2A 00 12 03 6E 73 32 0B 73 65 72 76 65 72 66 61 75 6C 74 C0 20 C0 12 00 02 00 01 00 00 01 2A 00 06 03 6E 73 33 C0 49 C0 12 00 02 00 01 00 00 01 2A 00 06 03 6E 73 31 C0 49 C0 75 00 01 00 01 00 02 65 22 00 04 C6 FC CE 50 C0 45 00 01 00 01 00 02 65 22 00 04 C6 FC CE 51 C0 63 00 01 00 01 00 00 01 2C 00 04 45 3B C4 D9
45 00 00 45 1B 2E 40 00 40 11 55 9B 93 20 53 35 93 20 50 69 F4 B4 00 35 00 31 CA 21 BD 09 01 00 00 01 00 00 00 00 00 00 05 73 63 69 66 69 0D 73 74 61 63 6B 65 78 63 68 61 6E 67 65 03 63 6F 6D 00 00 01 00 01
45 00 00 CD AB 8F 00 00 40 11 04 B2 93 20 50 69 93 20 53 35 00 35 BC 30 00 B9 D8 6B 24 3E 81 80 00 01 00 01 00 03 00 03 0B 70 72 6F 67 72 61 6D 6D 65 72 73 0D 73 74 61 63 6B 65 78 63 68 61 6E 67 65 03 63 6F 6D 00 00 01 00 01 C0 0C 00 01 00 01 00 00 01 2C 00 04 C6 FC CE 10 C0 18 00 02 00 01 00 00 01 2A 00 12 03 6E 73 32 0B 73 65 72 76 65 72 66 61 75 6C 74 C0 26 C0 18 00 02 00 01 00 00 01 2A 00 06 03 6E 73 31 C0 4F C0 18 00 02 00 01 00 00 01 2A 00 06 03 6E 73 33 C0 4F C0 69 00 01 00 01 00 02 65 22 00 04 C6 FC CE 50 C0 4B 00 01 00 01 00 02 65 22 00 04 C6 FC CE 51 C0 7B 00 01 00 01 00 00 01 2C 00 04 45 3B C4 D9
45 00 00 48 1B 31 40 00 40 11 55 95 93 20 53 35 93 20 50 69 29 BE 00 35 00 34 CA 24 8D 37 01 00 00 01 00 00 00 00 00 00 08 73 65 63 75 72 69 74 79 0D 73 74 61 63 6B 65 78 63 68 61 6E 67 65 03 63 6F 6D 00 00 01 00 01
45 00 00 C5 AB 91 00 00 40 11 04 B8 93 20 50 69 93 20 53 35 00 35 87 6A 00 B1 13 E0 18 5F 81 80 00 01 00 01 00 03 00 03 03 72 70 67 0D 73 74 61 63 6B 65 78 63 68 61 6E 67 65 03 63 6F 6D 00 00 01 00 01 C0 0C 00 01 00 01 00 00 01 2C 00 04 C6 FC CE 10 C0 10 00 02 00 01 00 00 01 2A 00 12 03 6E 73 31 0B 73 65 72 76 65 72 66 61 75 6C 74 C0 1E C0 10 00 02 00 01 00 00 01 2A 00 06 03 6E 73 33 C0 47 C0 10 00 02 00 01 00 00 01 2A 00 06 03 6E 73 32 C0 47 C0 43 00 01 00 01 00 02 65 22 00 04 C6 FC CE 50 C0 73 00 01 00 01 00 02 65 22 00 04 C6 FC CE 51 C0 61 00 01 00 01 00 00 01 2C 00 04 45 3B C4 D9
45 00 00 3D 1B 43 40 00 40 11 55 8E 93 20 53 35 93 20 50 69 09 BC 00 35 00 29 CA 19 13 8E 01 00 00 01 00 00 00 00 00 00 0B 73 65 72 76 65 72 66 61 75 6C 74 03 63 6F 6D 00 00 01 00 01
45 00 00 C7 AB 9F 00 00 40 11 04 A8 93 20 50 69 93 20 53 35 00 35 F4 B4 00 B3 9A 7A BD 09 81 80 00 01 00 01 00 03 00 03 05 73 63 69 66 69 0D 73 74 61 63 6B 65 78 63 68 61 6E 67 65 03 63 6F 6D 00 00 01 00 01 C0 0C 00 01 00 01 00 00 01 2C 00 04 C6 FC CE 10 C0 12 00 02 00 01 00 00 01 29 00 12 03 6E 73 32 0B 73 65 72 76 65 72 66 61 75 6C 74 C0 20 C0 12 00 02 00 01 00 00 01 29 00 06 03 6E 73 33 C0 49 C0 12 00 02 00 01 00 00 01 29 00 06 03 6E 73 31 C0 49 C0 75 00 01 00 01 00 02 65 21 00 04 C6 FC CE 50 C0 45 00 01 00 01 00 02 65 21 00 04 C6 FC CE 51 C0 63 00 01 00 01 00 00 01 2B 00 04 45 3B C4 D9
45 00 00 4A 1B 4A 40 00 40 11 55 7A 93 20 53 35 93 20 50 69 86 5A 00 35 00 36 CA 26 20 DD 01 00 00 01 00 00 00 00 00 00 0A 73 68 61 72 65 70 6F 69 6E 74 0D 73 74 61 63 6B 65 78 63 68 61 6E 67 65 03 63 6F 6D 00 00 01 00 01
45 00 00 CA AB A1 00 00 40 11 04 A3 93 20 50 69 93 20 53 35 00 35 29 BE 00 B6 C9 7F 8D 37 81 80 00 01 00 01 00 03 00 03 08 73 65 63 75 72 69 74 79 0D 73 74 61 63 6B 65 78 63 68 61 6E 67 65 03 63 6F 6D 00 00 01 00 01 C0 0C 00 01 00 01 00 00 01 2C 00 04 C6 FC CE 10 C0 15 00 02 00 01 00 00 01 29 00 12 03 6E 73 31 0B 73 65 72 76 65 72 66 61 75 6C 74 C0 23 C0 15 00 02 00 01 00 00 01 29 00 06 03 6E 73 32 C0 4C C0 15 00 02 00 01 00 00 01 29 00 06 03 6E 73 33 C0 4C C0 48 00 01 00 01 00 02 65 21 00 04 C6 FC CE 50 C0 66 00 01 00 01 00 02 65 21 00 04 C6 FC CE 51 C0 78 00 01 00 01 00 00 01 2B 00 04 45 3B C4 D9
45 00 00 48 1B 4C 40 00 40 11 55 7A 93 20 53 35 93 20 50 69 26 E3 00 35 00 34 CA 24 40 6B 01 00 00 01 00 00 00 00 00 00 08 73 6B 65 70 74 69 63 73 0D 73 74 61 63 6B 65 78 63 68 61 6E 67 65 03 63 6F 6D 00 00 01 00 01
45 00 00 D5 AB A3 00 00 40 11 04 96 93 20 50 69 93 20 53 35 00 35 09 BC 00 C1 6F D5 13 8E 81 80 00 01 00 01 00 04 00 04 0B 73 65 72 76 65 72 66 61 75 6C 74 03 63 6F 6D 00 00 01 00 01 C0 0C 00 01 00 01 00 00 01 2C 00 04 C6 FC CE 10 C0 0C 00 02 00 01 00 00 01 2C 00 06 03 6E 73 34 C0 0C C0 0C 00 02 00 01 00 00 01 2C 00 06 03 6E 73 32 C0 0C C0 0C 00 02 00 01 00 00 01 2C 00 06 03 6E 73 31 C0 0C C0 0C 00 02 00 01 00 00 01 2C 00 06 03 6E 73 33 C0 0C C0 61 00 01 00 01 00 02 65 21 00 04 C6 FC CE 50 C0 4F 00 01 00 01 00 02 65 21 00 04 C6 FC CE 51 C0 73 00 01 00 01 00 00 01 2B 00 04 45 3B C4 D9 C0 3D 00 01 00 01 00 00 01 2B 00 04 45 3B C4 7A
45 00 00 3F 1B 5E 40 00 40 11 55 71 93 20 53 35 93 20 50 69 A7 C8 00 35 00 2B CA 1B 14 E7 01 00 00 01 00 00 00 00 00 00 0D 73 74 61 63 6B 65 78 63 68 61 6E 67 65 03 63 6F 6D 00 00 01 00 01
45 00 00 CC AB AA 00 00 40 11 04 98 93 20 50 69 93 20 53 35 00 35 86 5A 00 B8 6B CD 20 DD 81 80 00 01 00 01 00 03 00 03 0A 73 68 61 72 65 70 6F 69 6E 74 0D 73 74 61 63 6B 65 78 63 68 61 6E 67 65 03 63 6F 6D 00 00 01 00 01 C0 0C 00 01 00 01 00 00 01 2C 00 04 C6 FC CE 10 C0 17 00 02 00 01 00 00 01 29 00 12 03 6E 73 32 0B 73 65 72 76 65 72 66 61 75 6C 74 C0 25 C0 17 00 02 00 01 00 00 01 29 00 06 03 6E 73 33 C0 4E C0 17 00 02 00 01 00 00 01 29 00 06 03 6E 73 31 C0 4E C0 7A 00 01 00 01 00 02 65 21 00 04 C6 FC CE 50 C0 4A 00 01 00 01 00 02 65 21 00 04 C6 FC CE 51 C0 68 00 01 00 01 00 00 01 2B 00 04 45 3B C4 D9
45 00 00 3F 1B 8D 40 00 40 11 55 42 93 20 53 35 93 20 50 69 C4 A0 00 35 00 2B CA 1B C5 2F 01 00 00 01 00 00 00 00 00 00 0D 73 74 61 63 6B 6F 76 65 72 66 6C 6F 77 03 63 6F 6D 00 00 01 00 01
45 00 00 C1 AB B0 00 00 40 11 04 9D 93 20 50 69 93 20 53 35 00 35 C4 A0 00 AD A5 A2 C5 2F 81 80 00 01 00 01 00 03 00 03 0D 73 74 61 63 6B 6F 76 65 72 66 6C 6F 77 03 63 6F 6D 00 00 01 00 01 C0 0C 00 01 00 01 00 00 01 2C 00 04 C6 FC CE 10 C0 0C 00 02 00 01 00 00 01 2C 00 12 03 6E 73 31 0B 73 65 72 76 65 72 66 61 75 6C 74 C0 1A C0 0C 00 02 00 01 00 00 01 2C 00 06 03 6E 73 33 C0 43 C0 0C 00 02 00 01 00 00 01 2C 00 06 03 6E 73 32 C0 43 C0 3F 00 01 00 01 00 02 65 21 00 04 C6 FC CE 50 C0 6F 00 01 00 01 00 02 65 21 00 04 C6 FC CE 51 C0 5D 00 01 00 01 00 00 01 2B 00 04 45 3B C4 D9
45 00 00 3B 1B A7 40 00 40 11 55 2C 93 20 53 35 93 20 50 69 72 8E 00 35 00 27 CA 17 36 DD 01 00 00 01 00 00 00 00 00 00 09 73 75 70 65 72 75 73 65 72 03 63 6F 6D 00 00 01 00 01
45 00 00 BD AB B3 00 00 40 11 04 9E 93 20 50 69 93 20 53 35 00 35 72 8E 00 A9 6E E0 36 DD 81 80 00 01 00 01 00 03 00 03 09 73 75 70 65 72 75 73 65 72 03 63 6F 6D 00 00 01 00 01 C0 0C 00 01 00 01 00 00 01 2C 00 04 C6 FC CE 10 C0 0C 00 02 00 01 00 00 01 2C 00 12 03 6E 73 33 0B 73 65 72 76 65 72 66 61 75 6C 74 C0 16 C0 0C 00 02 00 01 00 00 01 2C 00 06 03 6E 73 31 C0 3F C0 0C 00 02 00 01 00 00 01 2C 00 06 03 6E 73 32 C0 3F C0 59 00 01 00 01 00 02 65 21 00 04 C6 FC CE 50 C0 6B 00 01 00 01 00 02 65 21 00 04 C6 FC CE 51 C0 3B 00 01 00 01 00 00 01 2B 00 04 45 3B C4 D9
45 00 00 42 1B C2 40 00 40 11 55 0A 93 20 53 35 93 20 50 69 5F 28 00 35 00 2E CA 1E D7 41 01 00 00 01 00 00 00 00 00 00 03 74 65 78 0C 62 6C 6F 67 6F 76 65 72 66 6C 6F 77 03 63 6F 6D 00 00 01 00 01
45 00 00 C4 AB B6 00 00 40 11 04 94 93 20 50 69 93 20 53 35 00 35 5F 28 00 B0 EF 09 D7 41 81 80 00 01 00 01 00 03 00 03 03 74 65 78 0C 62 6C 6F 67 6F 76 65 72 66 6C 6F 77 03 63 6F 6D 00 00 01 00 01 C0 0C 00 01 00 01 00 00 01 2C 00 04 C6 FC CE 13 C0 10 00 02 00 01 00 00 01 2C 00 12 03 6E 73 31 0B 73 65 72 76 65 72 66 61 75 6C 74 C0 1D C0 10 00 02 00 01 00 00 01 2C 00 06 03 6E 73 33 C0 46 C0 10 00 02 00 01 00 00 01 2C 00 06 03 6E 73 32 C0 46 C0 42 00 01 00 01 00 02 65 21 00 04 C6 FC CE 50 C0 72 00 01 00 01 00 02 65 21 00 04 C6 FC CE 51 C0 60 00 01 00 01 00 00 01 2B 00 04 45 3B C4 D9
45 00 00 46 1B DD 40 00 40 11 54 EB 93 20 53 35 93 20 50 69 1A 80 00 35 00 32 CA 22 B7 EA 01 00 00 01 00 00 00 00 00 00 06 74 72 61 76 65 6C 0D 73 74 61 63 6B 65 78 63 68 61 6E 67 65 03 63 6F 6D 00 00 01 00 01
45 00 00 C8 AB B9 00 00 40 11 04 8D 93 20 50 69 93 20 53 35 00 35 1A 80 00 B4 18 A3 B7 EA 81 80 00 01 00 01 00 03 00 03 06 74 72 61 76 65 6C 0D 73 74 61 63 6B 65 78 63 68 61 6E 67 65 03 63 6F 6D 00 00 01 00 01 C0 0C 00 01 00 01 00 00 01 2C 00 04 C6 FC CE 10 C0 13 00 02 00 01 00 00 01 29 00 12 03 6E 73 32 0B 73 65 72 76 65 72 66 61 75 6C 74 C0 21 C0 13 00 02 00 01 00 00 01 29 00 06 03 6E 73 31 C0 4A C0 13 00 02 00 01 00 00 01 29 00 06 03 6E 73 33 C0 4A C0 64 00 01 00 01 00 02 65 21 00 04 C6 FC CE 50 C0 46 00 01 00 01 00 02 65 21 00 04 C6 FC CE 51 C0 76 00 01 00 01 00 00 01 2B 00 04 45 3B C4 D9
45 00 00 44 1C 15 40 00 40 11 54 B5 93 20 53 35 93 20 50 69 B9 BF 00 35 00 30 CA 20 BA 22 01 00 00 01 00 00 00 00 00 00 04 75 6E 69 78 0D 73 74 61 63 6B 65 78 63 68 61 6E 67 65 03 63 6F 6D 00 00 01 00 01
45 00 00 C6 AB BD 00 00 40 11 04 8B 93 20 50 69 93 20 53 35 00 35 B9 BF 00 B2 E7 9D BA 22 81 80 00 01 00 01 00 03 00 03 04 75 6E 69 78 0D 73 74 61 63 6B 65 78 63 68 61 6E 67 65 03 63 6F 6D 00 00 01 00 01 C0 0C 00 01 00 01 00 00 01 2C 00 04 C6 FC CE 10 C0 11 00 02 00 01 00 00 01 29 00 12 03 6E 73 33 0B 73 65 72 76 65 72 66 61 75 6C 74 C0 1F C0 11 00 02 00 01 00 00 01 29 00 06 03 6E 73 31 C0 48 C0 11 00 02 00 01 00 00 01 29 00 06 03 6E 73 32 C0 48 C0 62 00 01 00 01 00 02 65 21 00 04 C6 FC CE 50 C0 74 00 01 00 01 00 02 65 21 00 04 C6 FC CE 51 C0 44 00 01 00 01 00 00 01 2B 00 04 45 3B C4 D9
45 00 00 42 1C 2F 40 00 40 11 54 9D 93 20 53 35 93 20 50 69 B4 6E 00 35 00 2E CA 1E A1 81 01 00 00 01 00 00 00 00 00 00 02 75 78 0D 73 74 61 63 6B 65 78 63 68 61 6E 67 65 03 63 6F 6D 00 00 01 00 01
45 00 00 CA AB BF 00 00 40 11 04 85 93 20 50 69 93 20 53 35 00 35 26 E3 00 B6 1E 34 40 6B 81 80 00 01 00 01 00 03 00 03 08 73 6B 65 70 74 69 63 73 0D 73 74 61 63 6B 65 78 63 68 61 6E 67 65 03 63 6F 6D 00 00 01 00 01 C0 0C 00 01 00 01 00 00 01 2C 00 04 C6 FC CE 10 C0 15 00 02 00 01 00 00 01 29 00 12 03 6E 73 31 0B 73 65 72 76 65 72 66 61 75 6C 74 C0 23 C0 15 00 02 00 01 00 00 01 29 00 06 03 6E 73 32 C0 4C C0 15 00 02 00 01 00 00 01 29 00 06 03 6E 73 33 C0 4C C0 48 00 01 00 01 00 02 65 21 00 04 C6 FC CE 50 C0 66 00 01 00 01 00 02 65 21 00 04 C6 FC CE 51 C0 78 00 01 00 01 00 00 01 2B 00 04 45 3B C4 D9
45 00 00 47 1C 34 40 00 40 11 54 93 93 20 53 35 93 20 50 69 56 2B 00 35 00 33 CA 23 B1 12 01 00 00 01 00 00 00 00 00 00 07 77 65 62 61 70 70 73 0D 73 74 61 63 6B 65 78 63 68 61 6E 67 65 03 63 6F 6D 00 00 01 00 01
45 00 00 C1 AB C1 00 00 40 11 04 8C 93 20 50 69 93 20 53 35 00 35 A7 C8 00 AD 9A DB 14 E7 81 80 00 01 00 01 00 03 00 03 0D 73 74 61 63 6B 65 78 63 68 61 6E 67 65 03 63 6F 6D 00 00 01 00 01 C0 0C 00 01 00 01 00 00 01 2C 00 04 C6 FC CE 10 C0 0C 00 02 00 01 00 00 01 28 00 12 03 6E 73 32 0B 73 65 72 76 65 72 66 61 75 6C 74 C0 1A C0 0C 00 02 00 01 00 00 01 28 00 06 03 6E 73 33 C0 43 C0 0C 00 02 00 01 00 00 01 28 00 06 03 6E 73 31 C0 43 C0 6F 00 01 00 01 00 02 65 20 00 04 C6 FC CE 50 C0 3F 00 01 00 01 00 02 65 20 00 04 C6 FC CE 51 C0 5D 00 01 00 01 00 00 01 2A 00 04 45 3B C4 D9
45 00 00 4A 1C 44 40 00 40 11 54 80 93 20 53 35 93 20 50 69 0C 95 00 35 00 36 CA 26 B8 10 01 00 00 01 00 00 00 00 00 00 0A 77 65 62 6D 61 73 74 65 72 73 0D 73 74 61 63 6B 65 78 63 68 61 6E 67 65 03 63 6F 6D 00 00 01 00 01
45 00 00 C4 AB C3 00 00 40 11 04 87 93 20 50 69 93 20 53 35 00 35 B4 6E 00 B0 76 15 A1 81 81 80 00 01 00 01 00 03 00 03 02 75 78 0D 73 74 61 63 6B 65 78 63 68 61 6E 67 65 03 63 6F 6D 00 00 01 00 01 C0 0C 00 01 00 01 00 00 01 2C 00 04 C6 FC CE 10 C0 0F 00 02 00 01 00 00 01 28 00 12 03 6E 73 32 0B 73 65 72 76 65 72 66 61 75 6C 74 C0 1D C0 0F 00 02 00 01 00 00 01 28 00 06 03 6E 73 33 C0 46 C0 0F 00 02 00 01 00 00 01 28 00 06 03 6E 73 31 C0 46 C0 72 00 01 00 01 00 02 65 20 00 04 C6 FC CE 50 C0 42 00 01 00 01 00 02 65 20 00 04 C6 FC CE 51 C0 60 00 01 00 01 00 00 01 2A 00 04 45 3B C4 D9
45 00 00 49 1C 49 40 00 40 11 54 7C 93 20 53 35 93 20 50 69 D7 B6 00 35 00 35 CA 25 DC E9 01 00 00 01 00 00 00 00 00 00 09 77 6F 72 64 70 72 65 73 73 0D 73 74 61 63 6B 65 78 63 68 61 6E 67 65 03 63 6F 6D 00 00 01 00 01
45 00 00 C9 AB C5 00 00 40 11 04 80 93 20 50 69 93 20 53 35 00 35 56 2B 00 B5 C9 7F B1 12 81 80 00 01 00 01 00 03 00 03 07 77 65 62 61 70 70 73 0D 73 74 61 63 6B 65 78 63 68 61 6E 67 65 03 63 6F 6D 00 00 01 00 01 C0 0C 00 01 00 01 00 00 01 2C 00 04 C6 FC CE 10 C0 14 00 02 00 01 00 00 01 28 00 12 03 6E 73 31 0B 73 65 72 76 65 72 66 61 75 6C 74 C0 22 C0 14 00 02 00 01 00 00 01 28 00 06 03 6E 73 33 C0 4B C0 14 00 02 00 01 00 00 01 28 00 06 03 6E 73 32 C0 4B C0 47 00 01 00 01 00 02 65 20 00 04 C6 FC CE 50 C0 77 00 01 00 01 00 02 65 20 00 04 C6 FC CE 51 C0 65 00 01 00 01 00 00 01 2A 00 04 45 3B C4 D9
45 00 00 3A 1C 50 40 00 40 11 54 84 93 20 53 35 93 20 50 69 58 E7 00 35 00 26 CA 16 C7 D3 01 00 00 01 00 00 00 00 00 00 03 77 77 77 04 63 74 61 6E 03 6F 72 67 00 00 01 00 01
45 00 00 DA AB C6 00 00 40 11 04 6E 93 20 50 69 93 20 53 35 00 35 58 E7 00 C6 2A 87 C7 D3 81 80 00 01 00 02 00 03 00 03 03 77 77 77 04 63 74 61 6E 03 6F 72 67 00 00 01 00 01 C0 0C 00 05 00 01 00 00 32 93 00 11 06 63 6F 6D 65 64 79 05 64 61 6E 74 65 02 64 65 00 C0 2A 00 01 00 01 00 00 08 63 00 04 B0 1C 36 B8 C0 31 00 02 00 01 00 00 08 63 00 0B 03 6E 73 32 04 65 74 65 73 C0 37 C0 31 00 02 00 01 00 00 08 63 00 06 03 6E 73 33 C0 5B C0 31 00 02 00 01 00 00 08 63 00 02 C0 2A C0 57 00 01 00 01 00 01 4B D3 00 04 BC 5E 71 2F C0 57 00 1C 00 01 00 01 4B D3 00 10 2A 01 01 98 02 A0 00 00 00 00 00 00 00 00 00 47 C0 6E 00 01 00 01 00 01 4B D3 00 04 2E ED DC E6
45 00 00 3B 1C 50 40 00 40 11 54 83 93 20 53 35 93 20 50 69 DD F9 00 35 00 27 CA 17 A8 83 01 00 00 01 00 00 00 00 00 00 03 77 77 77 03 74 65 78 02 61 63 02 75 6B 00 00 01 00 01
45 00 00 CC AB CA 00 00 40 11 04 78 93 20 50 69 93 20 53 35 00 35 0C 95 00 B8 58 5B B8 10 81 80 00 01 00 01 00 03 00 03 0A 77 65 62 6D 61 73 74 65 72 73 0D 73 74 61 63 6B 65 78 63 68 61 6E 67 65 03 63 6F 6D 00 00 01 00 01 C0 0C 00 01 00 01 00 00 01 2C 00 04 C6 FC CE 10 C0 17 00 02 00 01 00 00 01 28 00 12 03 6E 73 32 0B 73 65 72 76 65 72 66 61 75 6C 74 C0 25 C0 17 00 02 00 01 00 00 01 28 00 06 03 6E 73 33 C0 4E C0 17 00 02 00 01 00 00 01 28 00 06 03 6E 73 31 C0 4E C0 7A 00 01 00 01 00 02 65 20 00 04 C6 FC CE 50 C0 4A 00 01 00 01 00 02 65 20 00 04 C6 FC CE 51 C0 68 00 01 00 01 00 00 01 2A 00 04 45 3B C4 D9
45 00 00 CB AB CB 00 00 40 11 04 78 93 20 50 69 93 20 53 35 00 35 D7 B6 00 B7 85 A3 DC E9 81 80 00 01 00 01 00 03 00 03 09 77 6F 72 64 70 72 65 73 73 0D 73 74 61 63 6B 65 78 63 68 61 6E 67 65 03 63 6F 6D 00 00 01 00 01 C0 0C 00 01 00 01 00 00 01 2C 00 04 C6 FC CE 10 C0 16 00 02 00 01 00 00 01 28 00 12 03 6E 73 31 0B 73 65 72 76 65 72 66 61 75 6C 74 C0 24 C0 16 00 02 00 01 00 00 01 28 00 06 03 6E 73 33 C0 4D C0 16 00 02 00 01 00 00 01 28 00 06 03 6E 73 32 C0 4D C0 49 00 01 00 01 00 02 65 20 00 04 C6 FC CE 50 C0 79 00 01 00 01 00 02 65 20 00 04 C6 FC CE 51 C0 67 00 01 00 01 00 00 01 2A 00 04 45 3B C4 D9
45 00 01 9F AB CC 00 00 40 11 03 A3 93 20 50 69 93 20 53 35 00 35 DD F9 01 8B 25 97 A8 83 81 80 00 01 00 02 00 06 00 09 03 77 77 77 03 74 65 78 02 61 63 02 75 6B 00 00 01 00 01 C0 0C 00 05 00 01 00 00 21 C0 00 10 06 77 77 77 2D 74 32 02 63 6C 03 63 61 6D C0 14 C0 2B 00 01 00 01 00 00 54 60 00 04 80 E8 00 16 C0 32 00 02 00 01 00 00 54 60 00 0F 08 61 75 74 68 64 6E 73 30 03 63 73 78 C0 35 C0 32 00 02 00 01 00 00 54 60 00 07 04 64 6E 73 31 C0 32 C0 32 00 02 00 01 00 00 54 60 00 0B 04 64 6E 73 30 03 65 6E 67 C0 35 C0 32 00 02 00 01 00 00 54 60 00 07 04 64 6E 73 30 C0 32 C0 32 00 02 00 01 00 00 54 60 00 09 03 6E 73 32 02 69 63 C0 14 C0 32 00 02 00 01 00 00 54 60 00 0B 08 61 75 74 68 64 6E 73 31 C0 60 C0 AF 00 01 00 01 00 00 D4 F0 00 04 9B C6 8E 52 C0 9C 00 01 00 01 00 00 0B 11 00 04 80 E8 00 13 C0 9C 00 1C 00 01 00 00 13 1F 00 10 20 01 06 30 02 12 02 67 00 00 00 00 00 0D 00 A0 C0 85 00 01 00 01 00 00 9E E5 00 04 81 A9 08 08 C0 72 00 01 00 01 00 00 08 4A 00 04 80 E8 00 12 C0 57 00 01 00 01 00 00 9E E5 00 04 83 6F 08 25 C0 57 00 1C 00 01 00 01 10 3F 00 10 20 01 06 30 02 12 00 08 00 00 00 00 00 0D 00 A0 C0 C4 00 01 00 01 00 00 2B 1A 00 04 83 6F 0C 25 C0 C4 00 1C 00 01 00 00 2B 1A 00 10 20 01 06 30 02 12 00 12 00 00 00 00 00 0D 00 A1
45 00 00 47 20 AB 40 00 40 11 50 1C 93 20 53 35 93 20 50 69 7E 6C 00 35 00 33 CA 23 51 92 01 00 00 01 00 00 00 00 00 00 07 63 61 72 65 65 72 73 0D 73 74 61 63 6B 6F 76 65 72 66 6C 6F 77 03 63 6F 6D 00 00 01 00 01
45 00 00 3F 20 AD 40 00 40 11 50 22 93 20 53 35 93 20 50 69 FB 64 00 35 00 2B CA 1B 17 5F 01 00 00 01 00 00 00 00 00 00 06 73 74 61 74 69 63 06 61 64 7A 65 72 6B 03 6E 65 74 00 00 01 00 01
45 00 01 16 AB EA 00 00 40 11 04 0E 93 20 50 69 93 20 53 35 00 35 FB 64 01 02 B5 A0 17 5F 81 80 00 01 00 05 00 02 00 02 06 73 74 61 74 69 63 06 61 64 7A 65 72 6B 03 6E 65 74 00 00 01 00 01 C0 0C 00 05 00 01 00 00 0E 10 00 26 0D 61 64 7A 65 72 6B 2D 73 74 61 74 69 63 07 63 6C 69 65 6E 74 73 0A 74 75 72 62 6F 62 79 74 65 73 03 63 6F 6D 00 C0 2F 00 05 00 01 00 00 6A DC 00 06 01 62 01 67 C0 45 C0 61 00 05 00 01 00 00 03 84 00 17 03 77 61 63 04 36 45 38 44 0B 65 64 67 65 63 61 73 74 63 64 6E C0 1A C0 73 00 05 00 01 00 00 0E 10 00 10 03 67 70 31 03 77 61 63 05 76 32 63 64 6E C0 1A C0 96 00 01 00 01 00 00 0E 10 00 04 5D B8 DC 14 C0 9E 00 02 00 01 00 02 62 09 00 06 03 6E 73 31 C0 9E C0 9E 00 02 00 01 00 02 62 09 00 06 03 6E 73 32 C0 9E C0 C2 00 01 00 01 00 02 62 09 00 04 48 15 50 05 C0 D4 00 01 00 01 00 02 62 09 00 04 48 15 50 06
45 00 00 C9 AB EB 00 00 40 11 04 5A 93 20 50 69 93 20 53 35 00 35 7E 6C 00 B5 F3 B5 51 92 81 80 00 01 00 01 00 03 00 03 07 63 61 72 65 65 72 73 0D 73 74 61 63 6B 6F 76 65 72 66 6C 6F 77 03 63 6F 6D 00 00 01 00 01 C0 0C 00 01 00 01 00 00 01 2C 00 04 C6 FC CE 11 C0 14 00 02 00 01 00 00 01 27 00 12 03 6E 73 33 0B 73 65 72 76 65 72 66 61 75 6C 74 C0 22 C0 14 00 02 00 01 00 00 01 27 00 06 03 6E 73 31 C0 4B C0 14 00 02 00 01 00 00 01 27 00 06 03 6E 73 32 C0 4B C0 65 00 01 00 01 00 02 65 1C 00 04 C6 FC CE 50 C0 77 00 01 00 01 00 02 65 1C 00 04 C6 FC CE 51 C0 47 00 01 00 01 00 00 01 26 00 04 45 3B C4 D9
45 00 00 44 20 F2 40 00 40 11 4F D8 93 20 53 35 93 20 50 69 D4 77 00 35 00 30 CA 20 D1 8C 01 00 00 01 00 00 00 00 00 00 04 62 6C 6F 67 0D 73 74 61 63 6B 65 78 63 68 61 6E 67 65 03 63 6F 6D 00 00 01 00 01
45 00 00 44 20 F2 40 00 40 11 4F D8 93 20 53 35 93 20 50 69 47 FA 00 35 00 30 CA 20 F3 49 01 00 00 01 00 00 00 00 00 00 04 63 68 61 74 0D 73 74 61 63 6B 6F 76 65 72 66 6C 6F 77 03 63 6F 6D 00 00 01 00 01
45 00 00 3F 20 F2 40 00 40 11 4F DD 93 20 53 35 93 20 50 69 DF 57 00 35 00 2B CA 1B 5A A6 01 00 00 01 00 00 00 00 00 00 06 65 6E 67 69 6E 65 06 61 64 7A 65 72 6B 03 6E 65 74 00 00 01 00 01
45 00 02 12 AB F2 00 00 40 11 03 0A 93 20 50 69 93 20 53 35 00 35 DF 57 01 FE B4 7E 5A A6 81 80 00 01 00 09 00 08 00 07 06 65 6E 67 69 6E 65 06 61 64 7A 65 72 6B 03 6E 65 74 00 00 01 00 01 C0 0C 00 05 00 01 00 00 0E 10 00 2F 11 65 6E 67 69 6E 65 33 2D 37 37 34 35 39 35 39 38 30 09 75 73 2D 65 61 73 74 2D 31 03 65 6C 62 09 61 6D 61 7A 6F 6E 61 77 73 03 63 6F 6D 00 C0 2F 00 01 00 01 00 00 00 3C 00 04 17 17 68 FB C0 2F 00 01 00 01 00 00 00 3C 00 04 36 E1 AE 85 C0 2F 00 01 00 01 00 00 00 3C 00 04 17 17 CE 7A C0 2F 00 01 00 01 00 00 00 3C 00 04 AE 81 E8 CF C0 2F 00 01 00 01 00 00 00 3C 00 04 36 F3 9B 42 C0 2F 00 01 00 01 00 00 00 3C 00 04 17 15 9E 9E C0 2F 00 01 00 01 00 00 00 3C 00 04 36 F3 3B 11 C0 2F 00 01 00 01 00 00 00 3C 00 04 36 F3 74 44 C0 2F 00 02 00 01 00 00 07 08 00 09 06 6E 73 2D 39 33 35 C0 4F C0 2F 00 02 00 01 00 00 07 08 00 09 06 6E 73 2D 39 32 35 C0 4F C0 2F 00 02 00 01 00 00 07 08 00 09 06 6E 73 2D 39 34 34 C0 4F C0 2F 00 02 00 01 00 00 07 08 00 09 06 6E 73 2D 39 31 36 C0 4F C0 2F 00 02 00 01 00 00 07 08 00 09 06 6E 73 2D 39 33 34 C0 4F C0 2F 00 02 00 01 00 00 07 08 00 09 06 6E 73 2D 39 34 31 C0 4F C0 2F 00 02 00 01 00 00 07 08 00 09 06 6E 73 2D 39 32 37 C0 4F C0 2F 00 02 00 01 00 00 07 08 00 09 06 6E 73 2D 39 34 37 C0 4F C1 29 00 01 00 01 00 00 03 84 00 04 CF AB B2 07 C0 FF 00 01 00 01 00 00 01 29 00 04 48 15 D0 D5 C1 68 00 01 00 01 00 00 01 29 00 04 48 15 CC D1 C1 3E 00 01 00 01 00 00 01 29 00 04 57 EE 54 D7 C0 EA 00 01 00 01 00 00 01 29 00 04 57 EE 50 D5 C1 53 00 01 00 01 00 00 37 B4 00 04 CC F6 A0 05 C1 14 00 01 00 01 00 00 31 7F 00 04 CD FB E4 06
45 00 00 44 21 08 40 00 40 11 4F C2 93 20 53 35 93 20 50 69 90 02 00 35 00 30 CA 20 B5 92 01 00 00 01 00 00 00 00 00 00 04 6D 65 74 61 0D 73 74 61 63 6B 6F 76 65 72 66 6C 6F 77 03 63 6F 6D 00 00 01 00 01
45 00 00 C6 AB F4 00 00 40 11 04 54 93 20 50 69 93 20 53 35 00 35 D4 77 00 B2 C8 A2 D1 8C 81 80 00 01 00 01 00 03 00 03 04 62 6C 6F 67 0D 73 74 61 63 6B 65 78 63 68 61 6E 67 65 03 63 6F 6D 00 00 01 00 01 C0 0C 00 01 00 01 00 00 01 2C 00 04 C6 FC CE 14 C0 11 00 02 00 01 00 00 01 24 00 12 03 6E 73 32 0B 73 65 72 76 65 72 66 61 75 6C 74 C0 1F C0 11 00 02 00 01 00 00 01 24 00 06 03 6E 73 31 C0 48 C0 11 00 02 00 01 00 00 01 24 00 06 03 6E 73 33 C0 48 C0 62 00 01 00 01 00 02 65 1C 00 04 C6 FC CE 50 C0 44 00 01 00 01 00 02 65 1C 00 04 C6 FC CE 51 C0 74 00 01 00 01 00 00 01 26 00 04 45 3B C4 D9
45 00 00 45 21 0C 40 00 40 11 4F BD 93 20 53 35 93 20 50 69 E6 8F 00 35 00 31 CA 21 7B C8 01 00 00 01 00 00 00 00 00 00 0B 63 64 6E 2D 63 61 72 65 65 72 73 07 73 73 74 61 74 69 63 03 6E 65 74 00 00 01 00 01
45 00 00 3B 21 0C 40 00 40 11 4F C7 93 20 53 35 93 20 50 69 82 20 00 35 00 27 CA 17 9E AF 01 00 00 01 00 00 00 00 00 00 09 73 74 61 63 6B 61 70 70 73 03 63 6F 6D 00 00 01 00 01
45 00 00 C6 AB F7 00 00 40 11 04 51 93 20 50 69 93 20 53 35 00 35 47 FA 00 B2 12 45 F3 49 81 80 00 01 00 01 00 03 00 03 04 63 68 61 74 0D 73 74 61 63 6B 6F 76 65 72 66 6C 6F 77 03 63 6F 6D 00 00 01 00 01 C0 0C 00 01 00 01 00 00 01 2C 00 04 C6 FC CE 1D C0 11 00 02 00 01 00 00 01 27 00 12 03 6E 73 33 0B 73 65 72 76 65 72 66 61 75 6C 74 C0 1F C0 11 00 02 00 01 00 00 01 27 00 06 03 6E 73 31 C0 48 C0 11 00 02 00 01 00 00 01 27 00 06 03 6E 73 32 C0 48 C0 62 00 01 00 01 00 02 65 1C 00 04 C6 FC CE 50 C0 74 00 01 00 01 00 02 65 1C 00 04 C6 FC CE 51 C0 44 00 01 00 01 00 00 01 26 00 04 45 3B C4 D9
45 00 00 C6 AB F9 00 00 40 11 04 4F 93 20 50 69 93 20 53 35 00 35 90 02 00 B2 1D EA B5 92 81 80 00 01 00 01 00 03 00 03 04 6D 65 74 61 0D 73 74 61 63 6B 6F 76 65 72 66 6C 6F 77 03 63 6F 6D 00 00 01 00 01 C0 0C 00 01 00 01 00 00 01 2C 00 04 C6 FC CE 10 C0 11 00 02 00 01 00 00 01 26 00 12 03 6E 73 31 0B 73 65 72 76 65 72 66 61 75 6C 74 C0 1F C0 11 00 02 00 01 00 00 01 26 00 06 03 6E 73 33 C0 48 C0 11 00 02 00 01 00 00 01 26 00 06 03 6E 73 32 C0 48 C0 44 00 01 00 01 00 02 65 1B 00 04 C6 FC CE 50 C0 74 00 01 00 01 00 02 65 1B 00 04 C6 FC CE 51 C0 62 00 01 00 01 00 00 01 25 00 04 45 3B C4 D9
45 00 01 4D AB FA 00 00 40 11 03 C7 93 20 50 69 93 20 53 35 00 35 E6 8F 01 39 25 17 7B C8 81 80 00 01 00 06 00 02 00 04 0B 63 64 6E 2D 63 61 72 65 65 72 73 07 73 73 74 61 74 69 63 03 6E 65 74 00 00 01 00 01 C0 0C 00 05 00 01 00 00 0E 10 00 1D 07 73 73 74 61 74 69 63 03 6E 65 74 03 63 64 6E 0A 63 6C 6F 75 64 66 6C 61 72 65 C0 20 C0 35 00 01 00 01 00 00 01 24 00 04 BE 5D F5 3A C0 35 00 01 00 01 00 00 01 24 00 04 8D 65 72 3B C0 35 00 01 00 01 00 00 01 24 00 04 BE 5D F7 3A C0 35 00 01 00 01 00 00 01 24 00 04 BE 5D F6 3A C0 35 00 01 00 01 00 00 01 24 00 04 BE 5D F4 3A C0 45 00 02 00 01 00 02 50 BD 00 18 04 6A 65 61 6E 02 6E 73 0A 63 6C 6F 75 64 66 6C 61 72 65 03 63 6F 6D 00 C0 45 00 02 00 01 00 02 50 BD 00 07 04 66 72 65 64 C0 B3 C0 D2 00 01 00 01 00 00 FF 3D 00 04 AD F5 3B 71 C0 D2 00 1C 00 01 00 00 FF 3D 00 10 24 00 CB 00 20 49 00 01 00 00 00 00 AD F5 3B 71 C0 AE 00 01 00 01 00 00 FF 3D 00 04 AD F5 3A 79 C0 AE 00 1C 00 01 00 00 FF 3D 00 10 24 00 CB 00 20 49 00 01 00 00 00 00 AD F5 3A 79
45 00 00 BD AB FB 00 00 40 11 04 56 93 20 50 69 93 20 53 35 00 35 82 20 00 A9 15 94 9E AF 81 80 00 01 00 01 00 03 00 03 09 73 74 61 63 6B 61 70 70 73 03 63 6F 6D 00 00 01 00 01 C0 0C 00 01 00 01 00 00 01 2C 00 04 C6 FC CE 10 C0 0C 00 02 00 01 00 00 01 2C 00 12 03 6E 73 31 0B 73 65 72 76 65 72 66 61 75 6C 74 C0 16 C0 0C 00 02 00 01 00 00 01 2C 00 06 03 6E 73 32 C0 3F C0 0C 00 02 00 01 00 00 01 2C 00 06 03 6E 73 33 C0 3F C0 3B 00 01 00 01 00 02 65 1B 00 04 C6 FC CE 50 C0 59 00 01 00 01 00 02 65 1B 00 04 C6 FC CE 51 C0 6B 00 01 00 01 00 00 01 25 00 04 45 3B C4 D9
45 00 00 49 2C 72 40 00 40 11 44 53 93 20 53 35 93 20 50 69 F1 A0 00 35 00 35 CA 25 55 67 01 00 00 01 00 00 00 00 00 00 0A 61 64 7A 65 72 6B 2D 77 77 77 02 73 33 09 61 6D 61 7A 6F 6E 61 77 73 03 63 6F 6D 00 00 01 00 01
45 00 01 96 AC E5 00 00 40 11 02 93 93 20 50 69 93 20 53 35 00 35 F1 A0 01 82 59 CD 55 67 81 80 00 01 00 02 00 08 00 08 0A 61 64 7A 65 72 6B 2D 77 77 77 02 73 33 09 61 6D 61 7A 6F 6E 61 77 73 03 63 6F 6D 00 00 01 00 01 C0 0C 00 05 00 01 00 00 09 60 00 09 06 73 33 2D 31 2D 77 C0 1A C0 39 00 01 00 01 00 00 00 3C 00 04 B0 20 66 77 C0 39 00 02 00 01 00 00 26 77 00 09 06 6E 73 2D 39 32 31 C0 1A C0 39 00 02 00 01 00 00 26 77 00 09 06 6E 73 2D 39 31 32 C0 1A C0 39 00 02 00 01 00 00 26 77 00 09 06 6E 73 2D 39 32 33 C0 1A C0 39 00 02 00 01 00 00 26 77 00 09 06 6E 73 2D 39 34 32 C0 1A C0 39 00 02 00 01 00 00 26 77 00 09 06 6E 73 2D 39 32 32 C0 1A C0 39 00 02 00 01 00 00 26 77 00 09 06 6E 73 2D 39 32 34 C0 1A C0 39 00 02 00 01 00 00 26 77 00 09 06 6E 73 2D 39 31 31 C0 1A C0 39 00 02 00 01 00 00 26 77 00 09 06 6E 73 2D 39 34 31 C0 1A C0 DC 00 01 00 01 00 00 03 84 00 04 CF AB B2 06 C0 73 00 01 00 01 00 00 02 58 00 04 CC F6 A2 05 C0 5E 00 01 00 01 00 00 02 58 00 04 48 15 C0 D7 C0 B2 00 01 00 01 00 00 03 84 00 04 48 15 C0 D3 C0 88 00 01 00 01 00 00 03 84 00 04 48 15 D0 D7 C0 C7 00 01 00 01 00 00 02 58 00 04 48 15 D0 D7 C0 F1 00 01 00 01 00 00 37 A8 00 04 CC F6 A0 05 C0 9D 00 01 00 01 00 00 1E C6 00 04 CC F6 A0 07
45 00 00 3E 46 F4 40 00 40 11 29 DC 93 20 53 35 93 20 50 69 1E DB 00 35 00 2A CA 1A 34 6B 01 00 00 01 00 00 00 00 00 00 03 65 65 73 08 65 6C 73 65 76 69 65 72 03 63 6F 6D 00 00 01 00 01
45 00 00 BC AE 24 00 00 40 11 02 2E 93 20 50 69 93 20 53 35 00 35 1E DB 00 A8 AB AA 34 6B 81 80 00 01 00 02 00 02 00 02 03 65 65 73 08 65 6C 73 65 76 69 65 72 03 63 6F 6D 00 00 01 00 01 C0 0C 00 05 00 01 00 00 1A 56 00 0A 07 67 73 73 70 72 6F 64 C0 10 C0 2E 00 01 00 01 00 00 00 05 00 04 91 24 D7 B4 C0 2E 00 02 00 01 00 00 1A 56 00 10 0D 73 65 75 6B 72 65 61 61 67 73 73 30 31 C0 10 C0 2E 00 02 00 01 00 00 1A 56 00 10 0D 73 65 75 6B 6F 78 66 61 67 73 73 30 31 C0 10 C0 70 00 01 00 01 00 00 1A 56 00 04 91 24 D6 A4 C0 54 00 01 00 01 00 00 1A 56 00 04 91 24 1E 78
45 00 00 3F 6B B8 40 00 40 11 05 17 93 20 53 35 93 20 50 69 B7 27 00 35 00 2B CA 1B B2 ED 01 00 00 01 00 00 00 00 00 00 06 65 6E 67 69 6E 65 06 61 64 7A 65 72 6B 03 6E 65 74 00 00 01 00 01
45 00 02 12 B0 79 00 00 40 11 FE 82 93 20 50 69 93 20 53 35 00 35 B7 27 01 FE B6 C9 B2 ED 81 80 00 01 00 09 00 08 00 07 06 65 6E 67 69 6E 65 06 61 64 7A 65 72 6B 03 6E 65 74 00 00 01 00 01 C0 0C 00 05 00 01 00 00 0D C3 00 2F 11 65 6E 67 69 6E 65 33 2D 37 37 34 35 39 35 39 38 30 09 75 73 2D 65 61 73 74 2D 31 03 65 6C 62 09 61 6D 61 7A 6F 6E 61 77 73 03 63 6F 6D 00 C0 2F 00 01 00 01 00 00 00 3C 00 04 17 17 68 FB C0 2F 00 01 00 01 00 00 00 3C 00 04 36 EB 8A 8B C0 2F 00 01 00 01 00 00 00 3C 00 04 17 15 9E 9E C0 2F 00 01 00 01 00 00 00 3C 00 04 17 17 CE 7A C0 2F 00 01 00 01 00 00 00 3C 00 04 36 F3 74 44 C0 2F 00 01 00 01 00 00 00 3C 00 04 AE 81 E8 CF C0 2F 00 01 00 01 00 00 00 3C 00 04 36 F3 9B 42 C0 2F 00 01 00 01 00 00 00 3C 00 04 36 E1 AE 85 C0 2F 00 02 00 01 00 00 06 BB 00 09 06 6E 73 2D 39 31 36 C0 4F C0 2F 00 02 00 01 00 00 06 BB 00 09 06 6E 73 2D 39 34 37 C0 4F C0 2F 00 02 00 01 00 00 06 BB 00 09 06 6E 73 2D 39 33 35 C0 4F C0 2F 00 02 00 01 00 00 06 BB 00 09 06 6E 73 2D 39 33 34 C0 4F C0 2F 00 02 00 01 00 00 06 BB 00 09 06 6E 73 2D 39 34 34 C0 4F C0 2F 00 02 00 01 00 00 06 BB 00 09 06 6E 73 2D 39 32 37 C0 4F C0 2F 00 02 00 01 00 00 06 BB 00 09 06 6E 73 2D 39 32 35 C0 4F C0 2F 00 02 00 01 00 00 06 BB 00 09 06 6E 73 2D 39 34 31 C0 4F C0 EA 00 01 00 01 00 00 03 37 00 04 CF AB B2 07 C1 68 00 01 00 01 00 00 00 DC 00 04 48 15 D0 D5 C1 53 00 01 00 01 00 00 00 DC 00 04 48 15 CC D1 C1 29 00 01 00 01 00 00 00 DC 00 04 57 EE 54 D7 C1 14 00 01 00 01 00 00 00 DC 00 04 57 EE 50 D5 C1 7D 00 01 00 01 00 00 37 67 00 04 CC F6 A0 05 C1 3E 00 01 00 01 00 00 31 32 00 04 CD FB E4 06
45 00 00 3E 8C 4A 40 00 40 11 E4 85 93 20 53 35 93 20 50 69 85 4B 00 35 00 2A CA 1A 22 AC 01 00 00 01 00 00 00 00 00 00 03 65 65 73 08 65 6C 73 65 76 69 65 72 03 63 6F 6D 00 00 01 00 01
45 00 00 BC B3 60 00 00 40 11 FC F1 93 20 50 69 93 20 53 35 00 35 85 4B 00 A8 58 5C 22 AC 81 80 00 01 00 02 00 02 00 02 03 65 65 73 08 65 6C 73 65 76 69 65 72 03 63 6F 6D 00 00 01 00 01 C0 0C 00 05 00 01 00 00 1A 0F 00 0A 07 67 73 73 70 72 6F 64 C0 10 C0 2E 00 01 00 01 00 00 00 05 00 04 91 24 D7 B4 C0 2E 00 02 00 01 00 00 1A 0F 00 10 0D 73 65 75 6B 6F 78 66 61 67 73 73 30 31 C0 10 C0 2E 00 02 00 01 00 00 1A 0F 00 10 0D 73 65 75 6B 72 65 61 61 67 73 73 30 31 C0 10 C0 54 00 01 00 01 00 00 1A 0F 00 04 91 24 D6 A4 C0 70 00 01 00 01 00 00 1A 0F 00 04 91 24 1E 78
45 00 00 3D 8F 30 40 00 40 11 E1 A0 93 20 53 35 93 20 50 69 7D 7C 00 35 00 29 CA 19 13 61 01 00 00 01 00 00 00 00 00 00 04 61 70 69 73 06 67 6F 6F 67 6C 65 03 63 6F 6D 00 00 01 00 01
45 00 01 CA B3 71 00 00 40 11 FB D2 93 20 50 69 93 20 53 35 00 35 7D 7C 01 B6 04 2A 13 61 81 80 00 01 00 10 00 04 00 04 04 61 70 69 73 06 67 6F 6F 67 6C 65 03 63 6F 6D 00 00 01 00 01 C0 0C 00 05 00 01 00 08 5D DE 00 09 04 70 6C 75 73 01 6C C0 11 C0 2D 00 01 00 01 00 00 01 11 00 04 C3 71 D6 E2 C0 2D 00 01 00 01 00 00 01 11 00 04 C3 71 D6 DB C0 2D 00 01 00 01 00 00 01 11 00 04 C3 71 D6 ED C0 2D 00 01 00 01 00 00 01 11 00 04 C3 71 D6 DE C0 2D 00 01 00 01 00 00 01 11 00 04 C3 71 D6 F1 C0 2D 00 01 00 01 00 00 01 11 00 04 C3 71 D6 EC C0 2D 00 01 00 01 00 00 01 11 00 04 C3 71 D6 EA C0 2D 00 01 00 01 00 00 01 11 00 04 C3 71 D6 D3 C0 2D 00 01 00 01 00 00 01 11 00 04 C3 71 D6 DD C0 2D 00 01 00 01 00 00 01 11 00 04 C3 71 D6 F9 C0 2D 00 01 00 01 00 00 01 11 00 04 C3 71 D6 D7 C0 2D 00 01 00 01 00 00 01 11 00 04 C3 71 D6 FB C0 2D 00 01 00 01 00 00 01 11 00 04 C3 71 D6 E6 C0 2D 00 01 00 01 00 00 01 11 00 04 C3 71 D6 F5 C0 2D 00 01 00 01 00 00 01 11 00 04 C3 71 D6 CF C0 11 00 02 00 01 00 01 C2 F7 00 06 03 6E 73 34 C0 11 C0 11 00 02 00 01 00 01 C2 F7 00 06 03 6E 73 33 C0 11 C0 11 00 02 00 01 00 01 C2 F7 00 06 03 6E 73 32 C0 11 C0 11 00 02 00 01 00 01 C2 F7 00 06 03 6E 73 31 C0 11 C1 68 00 01 00 01 00 04 65 F7 00 04 D8 EF 20 0A C1 56 00 01 00 01 00 04 65 F7 00 04 D8 EF 22 0A C1 44 00 01 00 01 00 04 65 F7 00 04 D8 EF 24 0A C1 32 00 01 00 01 00 04 65 F7 00 04 D8 EF 26 0A
45 00 00 38 8F 54 40 00 40 11 E1 81 93 20 53 35 93 20 50 69 5E 20 00 35 00 24 CA 14 A7 02 01 00 00 01 00 00 00 00 00 00 06 74 65 78 64 6F 63 03 6E 65 74 00 00 01 00 01
45 00 00 E6 B3 81 00 00 40 11 FC A6 93 20 50 69 93 20 53 35 00 35 5E 20 00 D2 73 12 A7 02 81 80 00 01 00 01 00 03 00 03 06 74 65 78 64 6F 63 03 6E 65 74 00 00 01 00 01 C0 0C 00 01 00 01 00 01 51 80 00 04 B0 09 D4 BD C0 0C 00 02 00 01 00 01 51 80 00 17 08 72 6F 62 6F 74 6E 73 32 09 73 65 63 6F 6E 64 2D 6E 73 02 64 65 00 C0 0C 00 02 00 01 00 01 51 80 00 18 08 72 6F 62 6F 74 6E 73 33 09 73 65 63 6F 6E 64 2D 6E 73 03 63 6F 6D 00 C0 0C 00 02 00 01 00 01 51 80 00 0F 03 6E 73 31 08 66 69 72 73 74 2D 6E 73 C0 4B C0 38 00 01 00 01 00 01 00 3F 00 04 D5 85 69 06 C0 5B 00 01 00 01 00 00 0D 75 00 04 C1 2F 63 03 C0 5B 00 1C 00 01 00 02 6D B2 00 10 2A 00 11 58 00 04 00 00 00 00 00 00 0A DD 00 A3
45 00 00 4E 9B 80 40 00 40 11 D5 3F 93 20 53 35 93 20 50 69 CD 6B 00 35 00 3A CA 2A F9 EA 01 00 00 01 00 00 00 00 00 00 13 61 73 73 6F 72 74 65 64 2D 65 78 70 65 72 69 65 6E 63 65 08 62 6C 6F 67 73 70 6F 74 03 63 6F 6D 00 00 01 00 01
45 00 01 18 B4 1E 00 00 40 11 FB D7 93 20 50 69 93 20 53 35 00 35 CD 6B 01 04 81 08 F9 EA 81 80 00 01 00 02 00 04 00 04 13 61 73 73 6F 72 74 65 64 2D 65 78 70 65 72 69 65 6E 63 65 08 62 6C 6F 67 73 70 6F 74 03 63 6F 6D 00 00 01 00 01 C0 0C 00 05 00 01 00 00 0E 10 00 1F 08 62 6C 6F 67 73 70 6F 74 01 6C 11 67 6F 6F 67 6C 65 75 73 65 72 63 6F 6E 74 65 6E 74 C0 29 C0 3E 00 01 00 01 00 00 00 69 00 04 AD C2 46 84 C0 49 00 02 00 01 00 01 C6 51 00 0D 03 6E 73 34 06 67 6F 6F 67 6C 65 C0 29 C0 49 00 02 00 01 00 01 C6 51 00 06 03 6E 73 33 C0 7D C0 49 00 02 00 01 00 01 C6 51 00 06 03 6E 73 31 C0 7D C0 49 00 02 00 01 00 01 C6 51 00 06 03 6E 73 32 C0 7D C0 A4 00 01 00 01 00 04 65 EA 00 04 D8 EF 20 0A C0 B6 00 01 00 01 00 04 65 EA 00 04 D8 EF 22 0A C0 92 00 01 00 01 00 04 65 EA 00 04 D8 EF 24 0A C0 79 00 01 00 01 00 04 65 EA 00 04 D8 EF 26 0A
45 00 00 4D 9B A3 40 00 40 11 D5 1D 93 20 53 35 93 20 50 69 19 1A 00 35 00 39 CA 29 47 B7 01 00 00 01 00 00 00 00 00 00 13 61 73 73 6F 72 74 65 64 2D 65 78 70 65 72 69 65 6E 63 65 08 62 6C 6F 67 73 70 6F 74 02 63 7A 00 00 01 00 01
45 00 01 1A B4 20 00 00 40 11 FB D3 93 20 50 69 93 20 53 35 00 35 19 1A 01 06 08 F9 47 B7 81 80 00 01 00 02 00 04 00 04 13 61 73 73 6F 72 74 65 64 2D 65 78 70 65 72 69 65 6E 63 65 08 62 6C 6F 67 73 70 6F 74 02 63 7A 00 00 01 00 01 C0 0C 00 05 00 01 00 00 02 58 00 22 08 62 6C 6F 67 73 70 6F 74 01 6C 11 67 6F 6F 67 6C 65 75 73 65 72 63 6F 6E 74 65 6E 74 03 63 6F 6D 00 C0 3D 00 01 00 01 00 00 00 69 00 04 AD C2 46 84 C0 48 00 02 00 01 00 01 C6 51 00 0D 03 6E 73 32 06 67 6F 6F 67 6C 65 C0 5A C0 48 00 02 00 01 00 01 C6 51 00 06 03 6E 73 34 C0 7F C0 48 00 02 00 01 00 01 C6 51 00 06 03 6E 73 33 C0 7F C0 48 00 02 00 01 00 01 C6 51 00 06 03 6E 73 31 C0 7F C0 B8 00 01 00 01 00 04 65 EA 00 04 D8 EF 20 0A C0 7B 00 01 00 01 00 04 65 EA 00 04 D8 EF 22 0A C0 A6 00 01 00 01 00 04 65 EA 00 04 D8 EF 24 0A C0 94 00 01 00 01 00 04 65 EA 00 04 D8 EF 26 0A
45 00 00 3D 9B D1 40 00 40 11 D4 FF 93 20 53 35 93 20 50 69 12 76 00 35 00 29 CA 19 4F 7A 01 00 00 01 00 00 00 00 00 00 03 77 77 77 07 62 6C 6F 67 67 65 72 03 63 6F 6D 00 00 01 00 01
45 00 00 3E 9B D1 40 00 40 11 D4 FE 93 20 53 35 93 20 50 69 CA 5A 00 35 00 2A CA 1A 89 30 01 00 00 01 00 00 00 00 00 00 03 77 77 77 08 62 6C 6F 67 62 6C 6F 67 03 63 6F 6D 00 00 01 00 01
45 00 00 F4 B4 21 00 00 40 11 FB F8 93 20 50 69 93 20 53 35 00 35 12 76 00 E0 4E 08 4F 7A 81 80 00 01 00 02 00 04 00 04 03 77 77 77 07 62 6C 6F 67 67 65 72 03 63 6F 6D 00 00 01 00 01 C0 0C 00 05 00 01 00 00 00 6B 00 13 07 62 6C 6F 67 67 65 72 01 6C 06 67 6F 6F 67 6C 65 C0 18 C0 2D 00 01 00 01 00 00 00 6B 00 04 AD C2 46 BF C0 37 00 02 00 01 00 01 C2 EA 00 06 03 6E 73 32 C0 37 C0 37 00 02 00 01 00 01 C2 EA 00 06 03 6E 73 33 C0 37 C0 37 00 02 00 01 00 01 C2 EA 00 06 03 6E 73 31 C0 37 C0 37 00 02 00 01 00 01 C2 EA 00 06 03 6E 73 34 C0 37 C0 80 00 01 00 01 00 04 65 EA 00 04 D8 EF 20 0A C0 5C 00 01 00 01 00 04 65 EA 00 04 D8 EF 22 0A C0 6E 00 01 00 01 00 04 65 EA 00 04 D8 EF 24 0A C0 92 00 01 00 01 00 04 65 EA 00 04 D8 EF 26 0A
45 00 00 F5 B4 23 00 00 40 11 FB F5 93 20 50 69 93 20 53 35 00 35 CA 5A 00 E1 1C 83 89 30 81 80 00 01 00 02 00 04 00 04 03 77 77 77 08 62 6C 6F 67 62 6C 6F 67 03 63 6F 6D 00 00 01 00 01 C0 0C 00 05 00 01 00 00 0E 10 00 13 07 62 6C 6F 67 67 65 72 01 6C 06 67 6F 6F 67 6C 65 C0 19 C0 2E 00 01 00 01 00 00 00 6B 00 04 AD C2 46 BF C0 38 00 02 00 01 00 01 C2 EA 00 06 03 6E 73 32 C0 38 C0 38 00 02 00 01 00 01 C2 EA 00 06 03 6E 73 31 C0 38 C0 38 00 02 00 01 00 01 C2 EA 00 06 03 6E 73 34 C0 38 C0 38 00 02 00 01 00 01 C2 EA 00 06 03 6E 73 33 C0 38 C0 6F 00 01 00 01 00 04 65 EA 00 04 D8 EF 20 0A C0 5D 00 01 00 01 00 04 65 EA 00 04 D8 EF 22 0A C0 93 00 01 00 01 00 04 65 EA 00 04 D8 EF 24 0A C0 81 00 01 00 01 00 04 65 EA 00 04 D8 EF 26 0A
45 00 00 3E A3 C1 40 00 40 11 CD 0E 93 20 53 35 93 20 50 69 DE 9B 00 35 00 2A CA 1A 63 74 01 00 00 01 00 00 00 00 00 00 07 6D 69 6E 74 61 6B 61 04 73 64 73 75 03 65 64 75 00 00 01 00 01
45 00 00 93 B8 64 00 00 40 11 F8 16 93 20 50 69 93 20 53 35 00 35 DE 9B 00 7F 7C 0D 63 74 81 80 00 01 00 01 00 02 00 02 07 6D 69 6E 74 61 6B 61 04 73 64 73 75 03 65 64 75 00 00 01 00 01 C0 0C 00 01 00 01 00 00 38 40 00 04 82 BF 8C 22 C0 14 00 02 00 01 00 00 38 40 00 0B 03 6E 73 31 04 75 63 73 64 C0 19 C0 14 00 02 00 01 00 00 38 40 00 02 C0 14 C0 3E 00 01 00 01 00 02 94 B7 00 04 80 36 10 02 C0 14 00 01 00 01 00 02 A2 FF 00 04 82 BF E5 0E
45 00 00 49 A6 AA 40 00 40 11 CA 1A 93 20 53 35 93 20 50 69 07 C3 00 35 00 35 CA 25 08 37 01 00 00 01 00 00 00 00 00 00 09 67 6F 6F 67 6C 65 61 64 73 01 67 0B 64 6F 75 62 6C 65 63 6C 69 63 6B 03 6E 65 74 00 00 01 00 01
45 00 00 47 A6 AA 40 00 40 11 CA 1C 93 20 53 35 93 20 50 69 52 90 00 35 00 33 CA 23 D2 36 01 00 00 01 00 00 00 00 00 00 03 6C 68 33 11 67 6F 6F 67 6C 65 75 73 65 72 63 6F 6E 74 65 6E 74 03 63 6F 6D 00 00 01 00 01
45 00 01 24 BA 7C 00 00 40 11 F5 6D 93 20 50 69 93 20 53 35 00 35 07 C3 01 10 8C F4 08 37 81 80 00 01 00 04 00 04 00 04 09 67 6F 6F 67 6C 65 61 64 73 01 67 0B 64 6F 75 62 6C 65 63 6C 69 63 6B 03 6E 65 74 00 00 01 00 01 C0 0C 00 05 00 01 00 00 00 61 00 0D 08 70 61 67 65 61 64 34 36 01 6C C0 18 C0 39 00 01 00 01 00 00 00 61 00 04 AD C2 23 4D C0 39 00 01 00 01 00 00 00 61 00 04 AD C2 23 5A C0 39 00 01 00 01 00 00 00 61 00 04 AD C2 23 59 C0 42 00 02 00 01 00 04 F3 52 00 10 03 6E 73 32 06 67 6F 6F 67 6C 65 03 63 6F 6D 00 C0 42 00 02 00 01 00 04 F3 52 00 06 03 6E 73 34 C0 86 C0 42 00 02 00 01 00 04 F3 52 00 06 03 6E 73 33 C0 86 C0 42 00 02 00 01 00 04 F3 52 00 06 03 6E 73 31 C0 86 C0 C2 00 01 00 01 00 04 65 DF 00 04 D8 EF 20 0A C0 82 00 01 00 01 00 04 65 DF 00 04 D8 EF 22 0A C0 B0 00 01 00 01 00 04 65 DF 00 04 D8 EF 24 0A C0 9E 00 01 00 01 00 04 65 DF 00 04 D8 EF 26 0A
45 00 01 23 BA 7E 00 00 40 11 F5 6C 93 20 50 69 93 20 53 35 00 35 52 90 01 0F C4 D3 D2 36 81 80 00 01 00 04 00 04 00 04 03 6C 68 33 11 67 6F 6F 67 6C 65 75 73 65 72 63 6F 6E 74 65 6E 74 03 63 6F 6D 00 00 01 00 01 C0 0C 00 05 00 01 00 00 75 FF 00 11 0C 67 6F 6F 67 6C 65 68 6F 73 74 65 64 01 6C C0 10 C0 37 00 01 00 01 00 00 01 2C 00 04 AD C2 2C EB C0 37 00 01 00 01 00 00 01 2C 00 04 AD C2 2C EC C0 37 00 01 00 01 00 00 01 2C 00 04 AD C2 2C EA C0 10 00 02 00 01 00 01 C6 46 00 0D 03 6E 73 33 06 67 6F 6F 67 6C 65 C0 22 C0 10 00 02 00 01 00 01 C6 46 00 06 03 6E 73 34 C0 88 C0 10 00 02 00 01 00 01 C6 46 00 06 03 6E 73 32 C0 88 C0 10 00 02 00 01 00 01 C6 46 00 06 03 6E 73 31 C0 88 C0 C1 00 01 00 01 00 04 65 DF 00 04 D8 EF 20 0A C0 AF 00 01 00 01 00 04 65 DF 00 04 D8 EF 22 0A C0 84 00 01 00 01 00 04 65 DF 00 04 D8 EF 24 0A C0 9D 00 01 00 01 00 04 65 DF 00 04 D8 EF 26 0A
45 00 00 41 A6 AE 40 00 40 11 CA 1E 93 20 53 35 93 20 50 69 D6 6C 00 35 00 2D CA 1D 97 F6 01 00 00 01 00 00 00 00 00 00 03 63 64 6E 03 61 70 69 07 74 77 69 74 74 65 72 03 63 6F 6D 00 00 01 00 01
45 00 00 3B A6 AE 40 00 40 11 CA 24 93 20 53 35 93 20 50 69 F4 E7 00 35 00 27 CA 17 62 D2 01 00 00 01 00 00 00 00 00 00 01 70 07 74 77 69 74 74 65 72 03 63 6F 6D 00 00 01 00 01
45 00 00 39 A6 AE 40 00 40 11 CA 26 93 20 53 35 93 20 50 69 3D C7 00 35 00 25 CA 15 AA 4A 01 00 00 01 00 00 00 00 00 00 07 74 77 69 74 74 65 72 03 63 6F 6D 00 00 01 00 01
45 00 00 42 A6 AE 40 00 40 11 CA 1D 93 20 53 35 93 20 50 69 DE 0C 00 35 00 2E CA 1E E6 78 01 00 00 01 00 00 00 00 00 00 08 70 6C 61 74 66 6F 72 6D 07 74 77 69 74 74 65 72 03 63 6F 6D 00 00 01 00 01
45 00 01 A5 BA 82 00 00 40 11 F4 E6 93 20 50 69 93 20 53 35 00 35 F4 E7 01 91 F6 31 62 D2 81 80 00 01 00 03 00 08 00 08 01 70 07 74 77 69 74 74 65 72 03 63 6F 6D 00 00 01 00 01 C0 0C 00 05 00 01 00 00 08 9D 00 1D 03 73 61 6E 07 74 77 69 74 74 65 72 03 63 6F 6D 07 65 64 67 65 6B 65 79 03 6E 65 74 00 C0 2B 00 05 00 01 00 00 01 5D 00 15 05 65 35 39 30 33 01 67 0A 61 6B 61 6D 61 69 65 64 67 65 C0 43 C0 54 00 01 00 01 00 00 00 14 00 04 17 3F 51 E0 C0 5A 00 02 00 01 00 00 01 5D 00 06 03 6E 37 67 C0 5C C0 5A 00 02 00 01 00 00 01 5D 00 06 03 6E 34 67 C0 5C C0 5A 00 02 00 01 00 00 01 5D 00 06 03 6E 35 67 C0 5C C0 5A 00 02 00 01 00 00 01 5D 00 06 03 6E 30 67 C0 5C C0 5A 00 02 00 01 00 00 01 5D 00 06 03 6E 32 67 C0 5C C0 5A 00 02 00 01 00 00 01 5D 00 06 03 6E 33 67 C0 5C C0 5A 00 02 00 01 00 00 01 5D 00 06 03 6E 36 67 C0 5C C0 5A 00 02 00 01 00 00 01 5D 00 06 03 6E 31 67 C0 5C C0 BB 00 01 00 01 00 00 01 5D 00 04 C3 1B 9B C4 C1 03 00 01 00 01 00 00 2B 8D 00 04 58 DD 51 C1 C0 CD 00 01 00 01 00 00 55 BD 00 04 17 3E ED 89 C0 DF 00 01 00 01 00 00 01 5D 00 04 02 14 B6 A9 C0 97 00 01 00 01 00 00 2B 8D 00 04 59 95 AF 8A C0 A9 00 01 00 01 00 00 55 BD 00 04 17 3E ED 8A C0 F1 00 01 00 01 00 00 01 5D 00 04 17 3E ED 8B C0 85 00 01 00 01 00 00 2B 8D 00 04 17 3E ED 8C
45 00 00 3E A6 AF 40 00 40 11 CA 20 93 20 53 35 93 20 50 69 0A EE 00 35 00 2A CA 1A 57 53 01 00 00 01 00 00 00 00 00 00 03 77 77 77 08 66 61 63 65 62 6F 6F 6B 03 63 6F 6D 00 00 01 00 01
45 00 00 A9 BA 85 00 00 40 11 F5 DF 93 20 50 69 93 20 53 35 00 35 0A EE 00 95 2F 8D 57 53 81 80 00 01 00 02 00 02 00 02 03 77 77 77 08 66 61 63 65 62 6F 6F 6B 03 63 6F 6D 00 00 01 00 01 C0 0C 00 05 00 01 00 00 02 3E 00 0C 04 73 74 61 72 04 63 31 30 72 C0 10 C0 2E 00 01 00 01 00 00 00 3C 00 04 AD FC 64 1B C0 33 00 02 00 01 00 01 C3 52 00 07 01 62 02 6E 73 C0 33 C0 33 00 02 00 01 00 01 C3 52 00 04 01 61 C0 58 C0 69 00 01 00 01 00 01 C3 52 00 04 45 AB EF 0B C0 56 00 01 00 01 00 01 C3 52 00 04 45 AB FF 0B
45 00 01 AB BA 86 00 00 40 11 F4 DC 93 20 50 69 93 20 53 35 00 35 D6 6C 01 97 E8 52 97 F6 81 80 00 01 00 03 00 08 00 08 03 63 64 6E 03 61 70 69 07 74 77 69 74 74 65 72 03 63 6F 6D 00 00 01 00 01 C0 0C 00 05 00 01 00 00 00 1E 00 1D 03 73 61 6E 07 74 77 69 74 74 65 72 03 63 6F 6D 07 65 64 67 65 6B 65 79 03 6E 65 74 00 C0 31 00 05 00 01 00 00 01 5D 00 15 05 65 35 39 30 33 01 67 0A 61 6B 61 6D 61 69 65 64 67 65 C0 49 C0 5A 00 01 00 01 00 00 00 14 00 04 17 3F 51 E0 C0 60 00 02 00 01 00 00 01 5D 00 06 03 6E 36 67 C0 62 C0 60 00 02 00 01 00 00 01 5D 00 06 03 6E 30 67 C0 62 C0 60 00 02 00 01 00 00 01 5D 00 06 03 6E 31 67 C0 62 C0 60 00 02 00 01 00 00 01 5D 00 06 03 6E 37 67 C0 62 C0 60 00 02 00 01 00 00 01 5D 00 06 03 6E 35 67 C0 62 C0 60 00 02 00 01 00 00 01 5D 00 06 03 6E 32 67 C0 62 C0 60 00 02 00 01 00 00 01 5D 00 06 03 6E 33 67 C0 62 C0 60 00 02 00 01 00 00 01 5D 00 06 03 6E 34 67 C0 62 C0 9D 00 01 00 01 00 00 01 5D 00 04 C3 1B 9B C4 C0 AF 00 01 00 01 00 00 2B 8D 00 04 58 DD 51 C1 C0 E5 00 01 00 01 00 00 55 BD 00 04 17 3E ED 89 C0 F7 00 01 00 01 00 00 01 5D 00 04 02 14 B6 A9 C1 09 00 01 00 01 00 00 2B 8D 00 04 59 95 AF 8A C0 D3 00 01 00 01 00 00 55 BD 00 04 17 3E ED 8A C0 8B 00 01 00 01 00 00 01 5D 00 04 17 3E ED 8B C0 C1 00 01 00 01 00 00 2B 8D 00 04 17 3E ED 8C
45 00 00 FF BA 87 00 00 40 11 F5 87 93 20 50 69 93 20 53 35 00 35 3D C7 00 EB D2 83 AA 4A 81 80 00 01 00 03 00 04 00 04 07 74 77 69 74 74 65 72 03 63 6F 6D 00 00 01 00 01 C0 0C 00 01 00 01 00 00 00 1E 00 04 C7 10 9C 06 C0 0C 00 01 00 01 00 00 00 1E 00 04 C7 10 9C 46 C0 0C 00 01 00 01 00 00 00 1E 00 04 C7 10 9C C6 C0 0C 00 02 00 01 00 00 72 D6 00 14 03 6E 73 32 03 70 33 34 06 64 79 6E 65 63 74 03 6E 65 74 00 C0 0C 00 02 00 01 00 00 72 D6 00 06 03 6E 73 34 C0 5D C0 0C 00 02 00 01 00 00 72 D6 00 06 03 6E 73 33 C0 5D C0 0C 00 02 00 01 00 00 72 D6 00 06 03 6E 73 31 C0 5D C0 9D 00 01 00 01 00 00 72 D6 00 04 D0 4E 46 22 C0 59 00 01 00 01 00 00 72 D6 00 04 CC 0D FA 22 C0 8B 00 01 00 01 00 00 72 D6 00 04 D0 4E 47 22 C0 79 00 01 00 01 00 00 72 D6 00 04 CC 0D FB 22
45 00 01 AC BA 88 00 00 40 11 F4 D9 93 20 50 69 93 20 53 35 00 35 DE 0C 01 98 60 4C E6 78 81 80 00 01 00 03 00 08 00 08 08 70 6C 61 74 66 6F 72 6D 07 74 77 69 74 74 65 72 03 63 6F 6D 00 00 01 00 01 C0 0C 00 05 00 01 00 00 00 1E 00 1D 03 73 61 6E 07 74 77 69 74 74 65 72 03 63 6F 6D 07 65 64 67 65 6B 65 79 03 6E 65 74 00 C0 32 00 05 00 01 00 00 01 5D 00 15 05 65 35 39 30 33 01 67 0A 61 6B 61 6D 61 69 65 64 67 65 C0 4A C0 5B 00 01 00 01 00 00 00 14 00 04 17 3F 51 E0 C0 61 00 02 00 01 00 00 01 5D 00 06 03 6E 30 67 C0 63 C0 61 00 02 00 01 00 00 01 5D 00 06 03 6E 36 67 C0 63 C0 61 00 02 00 01 00 00 01 5D 00 06 03 6E 37 67 C0 63 C0 61 00 02 00 01 00 00 01 5D 00 06 03 6E 33 67 C0 63 C0 61 00 02 00 01 00 00 01 5D 00 06 03 6E 35 67 C0 63 C0 61 00 02 00 01 00 00 01 5D 00 06 03 6E 31 67 C0 63 C0 61 00 02 00 01 00 00 01 5D 00 06 03 6E 32 67 C0 63 C0 61 00 02 00 01 00 00 01 5D 00 06 03 6E 34 67 C0 63 C0 8C 00 01 00 01 00 00 01 5D 00 04 C3 1B 9B C4 C0 E6 00 01 00 01 00 00 2B 8D 00 04 58 DD 51 C1 C0 F8 00 01 00 01 00 00 55 BD 00 04 17 3E ED 89 C0 C2 00 01 00 01 00 00 01 5D 00 04 02 14 B6 A9 C1 0A 00 01 00 01 00 00 2B 8D 00 04 59 95 AF 8A C0 D4 00 01 00 01 00 00 55 BD 00 04 17 3E ED 8A C0 9E 00 01 00 01 00 00 01 5D 00 04 17 3E ED 8B C0 B0 00 01 00 01 00 00 2B 8D 00 04 17 3E ED 8C
45 00 00 3F A6 B8 40 00 40 11 CA 16 93 20 53 35 93 20 50 69 9A 38 00 35 00 2B CA 1B 95 FB 01 00 00 01 00 00 00 00 00 00 01 34 02 62 70 08 62 6C 6F 67 73 70 6F 74 03 63 6F 6D 00 00 01 00 01
45 00 01 0B BA 89 00 00 40 11 F5 79 93 20 50 69 93 20 53 35 00 35 9A 38 00 F7 B7 E9 95 FB 81 80 00 01 00 02 00 04 00 04 01 34 02 62 70 08 62 6C 6F 67 73 70 6F 74 03 63 6F 6D 00 00 01 00 01 C0 0C 00 05 00 01 00 08 FF 17 00 21 0A 70 68 6F 74 6F 73 2D 75 67 63 01 6C 11 67 6F 6F 67 6C 65 75 73 65 72 63 6F 6E 74 65 6E 74 C0 1A C0 2F 00 01 00 01 00 00 00 60 00 04 AD C2 46 84 C0 3C 00 02 00 01 00 01 C6 46 00 0D 03 6E 73 33 06 67 6F 6F 67 6C 65 C0 1A C0 3C 00 02 00 01 00 01 C6 46 00 06 03 6E 73 32 C0 70 C0 3C 00 02 00 01 00 01 C6 46 00 06 03 6E 73 34 C0 70 C0 3C 00 02 00 01 00 01 C6 46 00 06 03 6E 73 31 C0 70 C0 A9 00 01 00 01 00 04 65 DF 00 04 D8 EF 20 0A C0 85 00 01 00 01 00 04 65 DF 00 04 D8 EF 22 0A C0 6C 00 01 00 01 00 04 65 DF 00 04 D8 EF 24 0A C0 97 00 01 00 01 00 04 65 DF 00 04 D8 EF 26 0A
45 00 00 4A A6 FE 40 00 40 11 C9 C5 93 20 53 35 93 20 50 69 9B E3 00 35 00 36 CA 26 19 66 01 00 00 01 00 00 00 00 00 00 0F 66 62 63 64 6E 2D 70 72 6F 66 69 6C 65 2D 61 08 61 6B 61 6D 61 69 68 64 03 6E 65 74 00 00 01 00 01
45 00 00 45 A6 FE 40 00 40 11 C9 CA 93 20 53 35 93 20 50 69 EA 2B 00 35 00 31 CA 21 D3 39 01 00 00 01 00 00 00 00 00 00 0A 66 62 73 74 61 74 69 63 2D 61 08 61 6B 61 6D 61 69 68 64 03 6E 65 74 00 00 01 00 01
45 00 02 12 BA 8C 00 00 40 11 F4 6F 93 20 50 69 93 20 53 35 00 35 9B E3 01 FE 66 8E 19 66 81 80 00 01 00 0C 00 08 00 00 0F 66 62 63 64 6E 2D 70 72 6F 66 69 6C 65 2D 61 08 61 6B 61 6D 61 69 68 64 03 6E 65 74 00 00 01 00 01 C0 0C 00 05 00 01 00 00 00 F9 00 29 0F 66 62 63 64 6E 2D 70 72 6F 66 69 6C 65 2D 61 08 61 6B 61 6D 61 69 68 64 03 6E 65 74 09 65 64 67 65 73 75 69 74 65 C0 25 C0 3A 00 05 00 01 00 00 00 81 00 2F 0F 66 62 63 64 6E 2D 70 72 6F 66 69 6C 65 2D 61 02 61 6B 05 66 62 63 64 6E 08 61 6B 61 6D 61 69 68 64 03 6E 65 74 06 61 6B 61 64 6E 73 C0 25 C0 6F 00 05 00 01 00 00 00 09 00 14 05 61 32 30 34 37 04 64 73 70 6C 06 61 6B 61 6D 61 69 C0 25 C0 AA 00 01 00 01 00 00 00 14 00 04 17 3E ED 41 C0 AA 00 01 00 01 00 00 00 14 00 04 17 3E ED 10 C0 AA 00 01 00 01 00 00 00 14 00 04 17 3E ED 1E C0 AA 00 01 00 01 00 00 00 14 00 04 17 3E ED 50 C0 AA 00 01 00 01 00 00 00 14 00 04 17 3E ED 4F C0 AA 00 01 00 01 00 00 00 14 00 04 17 3E ED 27 C0 AA 00 01 00 01 00 00 00 14 00 04 17 3E ED 2E C0 AA 00 01 00 01 00 00 00 14 00 04 17 3E ED 07 C0 AA 00 01 00 01 00 00 00 14 00 04 17 3E ED 0F C0 B0 00 02 00 01 00 00 05 DB 00 09 06 6E 33 64 73 70 6C C0 B5 C0 B0 00 02 00 01 00 00 05 DB 00 09 06 6E 31 64 73 70 6C C0 B5 C0 B0 00 02 00 01 00 00 05 DB 00 09 06 6E 32 64 73 70 6C C0 B5 C0 B0 00 02 00 01 00 00 05 DB 00 09 06 6E 36 64 73 70 6C C0 B5 C0 B0 00 02 00 01 00 00 05 DB 00 09 06 6E 30 64 73 70 6C C0 B5 C0 B0 00 02 00 01 00 00 05 DB 00 09 06 6E 34 64 73 70 6C C0 B5 C0 B0 00 02 00 01 00 00 05 DB 00 09 06 6E 37 64 73 70 6C C0 B5 C0 B0 00 02 00 01 00 00 05 DB 00 09 06 6E 35 64 73 70 6C C0 B5
45 00 01 F5 BA 8F 00 00 40 11 F4 89 93 20 50 69 93 20 53 35 00 35 EA 2B 01 E1 5E DB D3 39 81 80 00 01 00 04 00 08 00 08 0A 66 62 73 74 61 74 69 63 2D 61 08 61 6B 61 6D 61 69 68 64 03 6E 65 74 00 00 01 00 01 C0 0C 00 05 00 01 00 00 01 2C 00 24 0A 66 62 73 74 61 74 69 63 2D 61 08 61 6B 61 6D 61 69 68 64 03 6E 65 74 09 65 64 67 65 73 75 69 74 65 C0 20 C0 35 00 05 00 01 00 00 01 68 00 14 05 61 31 31 36 38 04 64 73 77 34 06 61 6B 61 6D 61 69 C0 20 C0 65 00 01 00 01 00 00 00 14 00 04 C3 71 E8 48 C0 65 00 01 00 01 00 00 00 14 00 04 C3 71 E8 59 C0 6B 00 02 00 01 00 00 05 72 00 09 06 6E 32 64 73 77 34 C0 70 C0 6B 00 02 00 01 00 00 05 72 00 09 06 6E 30 64 73 77 34 C0 70 C0 6B 00 02 00 01 00 00 05 72 00 09 06 6E 33 64 73 77 34 C0 70 C0 6B 00 02 00 01 00 00 05 72 00 09 06 6E 35 64 73 77 34 C0 70 C0 6B 00 02 00 01 00 00 05 72 00 09 06 61 31 64 73 77 34 C0 70 C0 6B 00 02 00 01 00 00 05 72 00 09 06 6E 34 64 73 77 34 C0 70 C0 6B 00 02 00 01 00 00 05 72 00 09 06 61 30 64 73 77 34 C0 70 C0 6B 00 02 00 01 00 00 05 72 00 09 06 6E 31 64 73 77 34 C0 70 C1 23 00 1C 00 01 00 00 05 72 00 10 2A 02 26 F0 00 32 F0 00 F5 0A 01 B3 92 93 51 DA C0 F9 00 1C 00 01 00 00 59 D2 00 10 2A 02 26 F0 00 7D F0 00 2B 85 01 B3 92 93 51 DA C0 BA 00 01 00 01 00 00 05 72 00 04 58 DD 51 C3 C1 38 00 01 00 01 00 00 2F A2 00 04 5C 7A D9 0B C0 A5 00 01 00 01 00 00 59 D2 00 04 D5 FE F5 05 C0 CF 00 01 00 01 00 00 2F A2 00 04 C3 3B 2B 85 C1 0E 00 01 00 01 00 00 05 72 00 04 5C 7A D9 05 C0 E4 00 01 00 01 00 00 2F A2 00 04 5C 7A D9 04
45 00 00 3F A7 E0 40 00 40 11 C8 EE 93 20 53 35 93 20 50 69 72 26 00 35 00 2B CA 1B E5 AD 01 00 00 01 00 00 00 00 00 00 04 69 6D 67 31 08 62 6C 6F 67 62 6C 6F 67 03 63 6F 6D 00 00 01 00 01
45 00 00 F6 BA A5 00 00 40 11 F5 72 93 20 50 69 93 20 53 35 00 35 72 26 00 E2 B0 48 E5 AD 81 80 00 01 00 02 00 04 00 04 04 69 6D 67 31 08 62 6C 6F 67 62 6C 6F 67 03 63 6F 6D 00 00 01 00 01 C0 0C 00 05 00 01 00 01 41 87 00 13 07 62 6C 6F 67 67 65 72 01 6C 06 67 6F 6F 67 6C 65 C0 1A C0 2F 00 01 00 01 00 00 00 5F 00 04 AD C2 46 BF C0 39 00 02 00 01 00 01 C2 DE 00 06 03 6E 73 32 C0 39 C0 39 00 02 00 01 00 01 C2 DE 00 06 03 6E 73 31 C0 39 C0 39 00 02 00 01 00 01 C2 DE 00 06 03 6E 73 33 C0 39 C0 39 00 02 00 01 00 01 C2 DE 00 06 03 6E 73 34 C0 39 C0 70 00 01 00 01 00 04 65 DE 00 04 D8 EF 20 0A C0 5E 00 01 00 01 00 04 65 DE 00 04 D8 EF 22 0A C0 82 00 01 00 01 00 04 65 DE 00 04 D8 EF 24 0A C0 94 00 01 00 01 00 04 65 DE 00 04 D8 EF 26 0A
45 00 00 41 A7 E0 40 00 40 11 C8 EC 93 20 53 35 93 20 50 69 EA 11 00 35 00 2D CA 1D 37 C4 01 00 00 01 00 00 00 00 00 00 08 61 63 63 6F 75 6E 74 73 06 67 6F 6F 67 6C 65 03 63 6F 6D 00 00 01 00 01
45 00 00 F2 BA A7 00 00 40 11 F5 74 93 20 50 69 93 20 53 35 00 35 EA 11 00 DE 41 EE 37 C4 81 80 00 01 00 02 00 04 00 04 08 61 63 63 6F 75 6E 74 73 06 67 6F 6F 67 6C 65 03 63 6F 6D 00 00 01 00 01 C0 0C 00 05 00 01 00 08 5E 1C 00 0D 08 61 63 63 6F 75 6E 74 73 01 6C C0 15 C0 31 00 01 00 01 00 00 01 2C 00 04 AD C2 46 54 C0 15 00 02 00 01 00 01 C2 DE 00 06 03 6E 73 33 C0 15 C0 15 00 02 00 01 00 01 C2 DE 00 06 03 6E 73 34 C0 15 C0 15 00 02 00 01 00 01 C2 DE 00 06 03 6E 73 32 C0 15 C0 15 00 02 00 01 00 01 C2 DE 00 06 03 6E 73 31 C0 15 C0 90 00 01 00 01 00 04 65 DE 00 04 D8 EF 20 0A C0 7E 00 01 00 01 00 04 65 DE 00 04 D8 EF 22 0A C0 5A 00 01 00 01 00 04 65 DE 00 04 D8 EF 24 0A C0 6C 00 01 00 01 00 04 65 DE 00 04 D8 EF 26 0A
45 00 00 46 A7 E9 40 00 40 11 C8 DE 93 20 53 35 93 20 50 69 CE E3 00 35 00 32 CA 22 7A E4 01 00 00 01 00 00 00 00 00 00 03 77 77 77 10 67 6F 6F 67 6C 65 2D 61 6E 61 6C 79 74 69 63 73 03 63 6F 6D 00 00 01 00 01
45 00 01 EA BA A8 00 00 40 11 F4 7B 93 20 50 69 93 20 53 35 00 35 CE E3 01 D6 B4 E4 7A E4 81 80 00 01 00 10 00 04 00 04 03 77 77 77 10 67 6F 6F 67 6C 65 2D 61 6E 61 6C 79 74 69 63 73 03 63 6F 6D 00 00 01 00 01 C0 0C 00 05 00 01 00 00 FF 01 00 20 14 77 77 77 2D 67 6F 6F 67 6C 65 2D 61 6E 61 6C 79 74 69 63 73 01 6C 06 67 6F 6F 67 6C 65 C0 21 C0 36 00 01 00 01 00 00 00 03 00 04 C3 71 D6 DD C0 36 00 01 00 01 00 00 00 03 00 04 C3 71 D6 F5 C0 36 00 01 00 01 00 00 00 03 00 04 C3 71 D6 FB C0 36 00 01 00 01 00 00 00 03 00 04 C3 71 D6 EC C0 36 00 01 00 01 00 00 00 03 00 04 C3 71 D6 D7 C0 36 00 01 00 01 00 00 00 03 00 04 C3 71 D6 ED C0 36 00 01 00 01 00 00 00 03 00 04 C3 71 D6 CF C0 36 00 01 00 01 00 00 00 03 00 04 C3 71 D6 E2 C0 36 00 01 00 01 00 00 00 03 00 04 C3 71 D6 D3 C0 36 00 01 00 01 00 00 00 03 00 04 C3 71 D6 DB C0 36 00 01 00 01 00 00 00 03 00 04 C3 71 D6 E6 C0 36 00 01 00 01 00 00 00 03 00 04 C3 71 D6 F1 C0 36 00 01 00 01 00 00 00 03 00 04 C3 71 D6 DE C0 36 00 01 00 01 00 00 00 03 00 04 C3 71 D6 EA C0 36 00 01 00 01 00 00 00 03 00 04 C3 71 D6 F9 C0 4D 00 02 00 01 00 01 C2 DD 00 06 03 6E 73 32 C0 4D C0 4D 00 02 00 01 00 01 C2 DD 00 06 03 6E 73 33 C0 4D C0 4D 00 02 00 01 00 01 C2 DD 00 06 03 6E 73 31 C0 4D C0 4D 00 02 00 01 00 01 C2 DD 00 06 03 6E 73 34 C0 4D C1 76 00 01 00 01 00 04 65 DD 00 04 D8 EF 20 0A C1 52 00 01 00 01 00 04 65 DD 00 04 D8 EF 22 0A C1 64 00 01 00 01 00 04 65 DD 00 04 D8 EF 24 0A C1 88 00 01 00 01 00 04 65 DD 00 04 D8 EF 26 0A
45 00 00 44 A8 A4 40 00 40 11 C8 25 93 20 53 35 93 20 50 69 40 A8 00 35 00 30 CA 20 1B F7 01 00 00 01 00 00 00 00 00 00 05 66 61 72 6D 33 0C 73 74 61 74 69 63 66 6C 69 63 6B 72 03 63 6F 6D 00 00 01 00 01
45 00 00 3F A8 AA 40 00 40 11 C8 24 93 20 53 35 93 20 50 69 EE CF 00 35 00 2B CA 1B 21 1E 01 00 00 01 00 00 00 00 00 00 01 32 02 62 70 08 62 6C 6F 67 73 70 6F 74 03 63 6F 6D 00 00 01 00 01
45 00 01 0B BA AC 00 00 40 11 F5 56 93 20 50 69 93 20 53 35 00 35 EE CF 00 F7 C9 09 21 1E 81 80 00 01 00 02 00 04 00 04 01 32 02 62 70 08 62 6C 6F 67 73 70 6F 74 03 63 6F 6D 00 00 01 00 01 C0 0C 00 05 00 01 00 09 2C 33 00 21 0A 70 68 6F 74 6F 73 2D 75 67 63 01 6C 11 67 6F 6F 67 6C 65 75 73 65 72 63 6F 6E 74 65 6E 74 C0 1A C0 2F 00 01 00 01 00 00 00 5E 00 04 AD C2 46 84 C0 3C 00 02 00 01 00 01 C6 44 00 0D 03 6E 73 32 06 67 6F 6F 67 6C 65 C0 1A C0 3C 00 02 00 01 00 01 C6 44 00 06 03 6E 73 34 C0 70 C0 3C 00 02 00 01 00 01 C6 44 00 06 03 6E 73 31 C0 70 C0 3C 00 02 00 01 00 01 C6 44 00 06 03 6E 73 33 C0 70 C0 97 00 01 00 01 00 04 65 DD 00 04 D8 EF 20 0A C0 6C 00 01 00 01 00 04 65 DD 00 04 D8 EF 22 0A C0 A9 00 01 00 01 00 04 65 DD 00 04 D8 EF 24 0A C0 85 00 01 00 01 00 04 65 DD 00 04 D8 EF 26 0A
45 00 00 FA BA AF 00 00 40 11 F5 64 93 20 50 69 93 20 53 35 00 35 40 A8 00 E6 FD 26 1B F7 81 80 00 01 00 03 00 02 00 02 05 66 61 72 6D 33 0C 73 74 61 74 69 63 66 6C 69 63 6B 72 03 63 6F 6D 00 00 01 00 01 C0 0C 00 05 00 01 00 00 01 2C 00 26 05 66 61 72 6D 33 06 73 74 61 74 69 63 06 66 6C 69 63 6B 72 03 67 30 30 08 79 61 68 6F 6F 64 6E 73 03 6E 65 74 00 C0 34 00 05 00 01 00 00 01 2C 00 1E 09 70 78 65 2D 66 61 72 6D 33 06 73 74 61 74 69 63 06 66 6C 69 63 6B 72 03 61 30 30 C0 4C C0 66 00 01 00 01 00 00 01 2C 00 04 4D EE A0 B8 C0 7E 00 02 00 01 00 02 52 04 00 0C 03 79 66 32 05 79 61 68 6F 6F C0 1F C0 7E 00 02 00 01 00 02 52 04 00 06 03 79 66 31 C0 A4 C0 B8 00 01 00 01 00 00 72 57 00 04 44 8E FE 0F C0 A0 00 01 00 01 00 00 72 57 00 04 44 B4 82 0F
45 00 00 3F A8 B4 40 00 40 11 C8 1A 93 20 53 35 93 20 50 69 5E A2 00 35 00 2B CA 1B B1 51 01 00 00 01 00 00 00 00 00 00 01 31 02 62 70 08 62 6C 6F 67 73 70 6F 74 03 63 6F 6D 00 00 01 00 01
45 00 00 41 A8 B4 40 00 40 11 C8 18 93 20 53 35 93 20 50 69 AC 34 00 35 00 2D CA 1D 56 FC 01 00 00 01 00 00 00 00 00 00 07 64 34 30 78 64 36 30 07 77 69 6B 69 64 6F 74 03 63 6F 6D 00 00 01 00 01
45 00 00 46 A8 B4 40 00 40 11 C8 13 93 20 53 35 93 20 50 69 23 83 00 35 00 32 CA 22 12 94 01 00 00 01 00 00 00 00 00 00 02 65 6E 07 73 75 70 70 6F 72 74 09 77 6F 72 64 70 72 65 73 73 03 63 6F 6D 00 00 01 00 01
45 00 01 0B BA B0 00 00 40 11 F5 52 93 20 50 69 93 20 53 35 00 35 5E A2 00 F7 E9 2F B1 51 81 80 00 01 00 02 00 04 00 04 01 31 02 62 70 08 62 6C 6F 67 73 70 6F 74 03 63 6F 6D 00 00 01 00 01 C0 0C 00 05 00 01 00 08 FF 15 00 21 0A 70 68 6F 74 6F 73 2D 75 67 63 01 6C 11 67 6F 6F 67 6C 65 75 73 65 72 63 6F 6E 74 65 6E 74 C0 1A C0 2F 00 01 00 01 00 00 00 5E 00 04 AD C2 46 84 C0 3C 00 02 00 01 00 01 C6 44 00 0D 03 6E 73 34 06 67 6F 6F 67 6C 65 C0 1A C0 3C 00 02 00 01 00 01 C6 44 00 06 03 6E 73 31 C0 70 C0 3C 00 02 00 01 00 01 C6 44 00 06 03 6E 73 32 C0 70 C0 3C 00 02 00 01 00 01 C6 44 00 06 03 6E 73 33 C0 70 C0 85 00 01 00 01 00 04 65 DD 00 04 D8 EF 20 0A C0 97 00 01 00 01 00 04 65 DD 00 04 D8 EF 22 0A C0 A9 00 01 00 01 00 04 65 DD 00 04 D8 EF 24 0A C0 6C 00 01 00 01 00 04 65 DD 00 04 D8 EF 26 0A
45 00 00 3E A8 B4 40 00 40 11 C8 1B 93 20 53 35 93 20 50 69 BA 69 00 35 00 2A CA 1A A4 24 01 00 00 01 00 00 00 00 00 00 02 65 6E 09 77 69 6B 69 70 65 64 69 61 03 6F 72 67 00 00 01 00 01
45 00 00 FA BA B3 00 00 40 11 F5 60 93 20 50 69 93 20 53 35 00 35 BA 69 00 E6 25 02 A4 24 81 80 00 01 00 03 00 03 00 03 02 65 6E 09 77 69 6B 69 70 65 64 69 61 03 6F 72 67 00 00 01 00 01 C0 0C 00 05 00 01 00 00 00 C2 00 19 0C 77 69 6B 69 70 65 64 69 61 2D 6C 62 09 77 69 6B 69 6D 65 64 69 61 C0 19 C0 2E 00 05 00 01 00 00 00 34 00 15 0C 77 69 6B 69 70 65 64 69 61 2D 6C 62 05 65 73 61 6D 73 C0 3B C0 53 00 01 00 01 00 00 0A C8 00 04 5B C6 AE E1 C0 3B 00 02 00 01 00 01 04 A9 00 06 03 6E 73 31 C0 3B C0 3B 00 02 00 01 00 01 04 A9 00 06 03 6E 73 32 C0 3B C0 3B 00 02 00 01 00 01 04 A9 00 06 03 6E 73 30 C0 3B C0 A8 00 01 00 01 00 01 04 A9 00 04 D0 50 9A EE C0 84 00 01 00 01 00 01 04 A9 00 04 D0 50 98 D6 C0 96 00 01 00 01 00 01 04 A9 00 04 5B C6 AE EF
45 00 00 38 A8 B4 40 00 40 11 C8 21 93 20 53 35 93 20 50 69 8C 2E 00 35 00 24 CA 14 C6 E6 01 00 00 01 00 00 00 00 00 00 06 67 69 74 68 75 62 03 63 6F 6D 00 00 01 00 01
45 00 00 DE BA B7 00 00 40 11 F5 78 93 20 50 69 93 20 53 35 00 35 8C 2E 00 CA 75 4D C6 E6 81 80 00 01 00 01 00 04 00 04 06 67 69 74 68 75 62 03 63 6F 6D 00 00 01 00 01 C0 0C 00 01 00 01 00 00 00 1E 00 04 C0 1E FC 81 C0 0C 00 02 00 01 00 01 03 49 00 14 03 6E 73 32 03 70 31 36 06 64 79 6E 65 63 74 03 6E 65 74 00 C0 0C 00 02 00 01 00 01 03 49 00 06 03 6E 73 33 C0 3C C0 0C 00 02 00 01 00 01 03 49 00 06 03 6E 73 34 C0 3C C0 0C 00 02 00 01 00 01 03 49 00 06 03 6E 73 31 C0 3C C0 7C 00 01 00 01 00 01 03 49 00 04 D0 4E 46 10 C0 38 00 01 00 01 00 01 03 49 00 04 CC 0D FA 10 C0 58 00 01 00 01 00 01 03 49 00 04 D0 4E 47 10 C0 6A 00 01 00 01 00 01 03 49 00 04 CC 0D FB 10
45 00 00 46 A8 B9 40 00 40 11 C8 0E 93 20 53 35 93 20 50 69 8D 13 00 35 00 32 CA 22 0A 04 01 00 00 01 00 00 00 00 00 00 0A 6E 69 6B 6F 6E 61 6E 64 79 65 09 77 6F 72 64 70 72 65 73 73 03 63 6F 6D 00 00 01 00 01
45 00 01 1A BA B9 00 00 40 11 F5 3A 93 20 50 69 93 20 53 35 00 35 AC 34 01 06 3A 9C 56 FC 81 80 00 01 00 01 00 04 00 04 07 64 34 30 78 64 36 30 07 77 69 6B 69 64 6F 74 03 63 6F 6D 00 00 01 00 01 C0 0C 00 01 00 01 00 00 00 3C 00 04 36 F3 77 BE C0 14 00 02 00 01 00 02 61 82 00 17 07 6E 73 2D 31 32 32 31 09 61 77 73 64 6E 73 2D 32 34 03 6F 72 67 00 C0 14 00 02 00 01 00 02 61 82 00 16 06 6E 73 2D 35 33 32 09 61 77 73 64 6E 73 2D 30 32 03 6E 65 74 00 C0 14 00 02 00 01 00 02 61 82 00 19 07 6E 73 2D 31 38 37 33 09 61 77 73 64 6E 73 2D 34 32 02 63 6F 02 75 6B 00 C0 14 00 02 00 01 00 02 61 82 00 13 06 6E 73 2D 34 36 31 09 61 77 73 64 6E 73 2D 35 37 C0 1C C0 AB 00 01 00 01 00 02 61 82 00 04 CD FB C1 CD C0 64 00 01 00 01 00 02 61 82 00 04 CD FB C2 14 C0 41 00 01 00 01 00 02 61 82 00 04 CD FB C4 C5 C0 86 00 01 00 01 00 02 61 82 00 04 CD FB C7 51
45 00 00 3C A8 BB 40 00 40 11 C8 16 93 20 53 35 93 20 50 69 EB 7B 00 35 00 28 CA 18 F6 8E 01 00 00 01 00 00 00 00 00 00 05 70 61 67 65 73 04 65 62 61 79 03 63 6F 6D 00 00 01 00 01
45 00 01 60 BA BD 00 00 40 11 F4 F0 93 20 50 69 93 20 53 35 00 35 EB 7B 01 4C F3 89 F6 8E 81 80 00 01 00 08 00 04 00 04 05 70 61 67 65 73 04 65 62 61 79 03 63 6F 6D 00 00 01 00 01 C0 0C 00 01 00 01 00 00 01 2C 00 04 42 D3 A0 C4 C0 0C 00 01 00 01 00 00 01 2C 00 04 42 87 D2 64 C0 0C 00 01 00 01 00 00 01 2C 00 04 42 D3 A0 57 C0 0C 00 01 00 01 00 00 01 2C 00 04 42 D3 A0 58 C0 0C 00 01 00 01 00 00 01 2C 00 04 42 87 CA EB C0 0C 00 01 00 01 00 00 01 2C 00 04 42 87 CD 0D C0 0C 00 01 00 01 00 00 01 2C 00 04 42 87 CD 0E C0 0C 00 01 00 01 00 00 01 2C 00 04 42 87 D2 65 C0 12 00 02 00 01 00 02 4F BE 00 13 08 73 6A 63 2D 64 6E 73 32 07 65 62 61 79 64 6E 73 C0 17 C0 12 00 02 00 01 00 02 4F BE 00 0B 08 73 6A 63 2D 64 6E 73 31 C0 B5 C0 12 00 02 00 01 00 02 4F BE 00 0B 08 73 6D 66 2D 64 6E 73 32 C0 B5 C0 12 00 02 00 01 00 02 4F BE 00 0B 08 73 6D 66 2D 64 6E 73 31 C0 B5 C0 CB 00 01 00 01 00 02 4F BE 00 04 42 87 CF 89 C0 AC 00 01 00 01 00 02 4F BE 00 04 42 87 CF 8A C0 F9 00 01 00 01 00 02 4F BE 00 04 42 87 DF 89 C0 E2 00 01 00 01 00 02 4F BE 00 04 42 87 D7 05
45 00 00 3F A8 EB 40 00 40 11 C7 E3 93 20 53 35 93 20 50 69 FF 2B 00 35 00 2B CA 1B E0 1A 01 00 00 01 00 00 00 00 00 00 06 70 61 6E 64 61 73 06 70 79 64 61 74 61 03 6F 72 67 00 00 01 00 01
45 00 01 87 BA C0 00 00 40 11 F4 C6 93 20 50 69 93 20 53 35 00 35 23 83 01 73 87 D5 12 94 81 80 00 01 00 07 00 06 00 06 02 65 6E 07 73 75 70 70 6F 72 74 09 77 6F 72 64 70 72 65 73 73 03 63 6F 6D 00 00 01 00 01 C0 0C 00 05 00 01 00 00 38 40 00 09 06 76 69 70 2D 6C 62 C0 17 C0 36 00 01 00 01 00 00 01 2C 00 04 4C 4A FF 7B C0 36 00 01 00 01 00 00 01 2C 00 04 C0 00 52 FA C0 36 00 01 00 01 00 00 01 2C 00 04 42 9B 0B F4 C0 36 00 01 00 01 00 00 01 2C 00 04 C0 00 53 FA C0 36 00 01 00 01 00 00 01 2C 00 04 4C 4A FF 75 C0 36 00 01 00 01 00 00 01 2C 00 04 42 9B 09 F4 C0 17 00 02 00 01 00 00 38 40 00 06 03 6E 73 31 C0 17 C0 17 00 02 00 01 00 00 38 40 00 06 03 6E 73 35 C0 17 C0 17 00 02 00 01 00 00 38 40 00 06 03 6E 73 33 C0 17 C0 17 00 02 00 01 00 00 38 40 00 06 03 6E 73 36 C0 17 C0 17 00 02 00 01 00 00 38 40 00 06 03 6E 73 34 C0 17 C0 17 00 02 00 01 00 00 38 40 00 06 03 6E 73 32 C0 17 C0 AB 00 01 00 01 00 02 61 7F 00 04 48 E9 45 0E C1 05 00 01 00 01 00 02 61 7F 00 04 45 AE F8 94 C0 CF 00 01 00 01 00 02 61 7F 00 04 CF C6 70 2F C0 F3 00 01 00 01 00 02 61 7F 00 04 48 E9 68 62 C0 BD 00 01 00 01 00 02 61 7F 00 04 45 AE F8 95 C0 E1 00 01 00 01 00 02 61 7F 00 04 CF C6 70 30
45 00 00 47 A8 F3 40 00 40 11 C7 D3 93 20 53 35 93 20 50 69 A2 6F 00 35 00 33 CA 23 BA DD 01 00 00 01 00 00 00 00 00 00 0B 73 65 6D 72 65 73 65 61 72 63 68 09 77 6F 72 64 70 72 65 73 73 03 63 6F 6D 00 00 01 00 01
45 00 01 83 BA C3 00 00 40 11 F4 C7 93 20 50 69 93 20 53 35 00 35 8D 13 01 6F 0C 63 0A 04 81 80 00 01 00 07 00 06 00 06 0A 6E 69 6B 6F 6E 61 6E 64 79 65 09 77 6F 72 64 70 72 65 73 73 03 63 6F 6D 00 00 01 00 01 C0 0C 00 05 00 01 00 00 38 40 00 05 02 6C 62 C0 17 C0 36 00 01 00 01 00 00 01 2C 00 04 42 9B 09 EE C0 36 00 01 00 01 00 00 01 2C 00 04 4C 4A FE 7B C0 36 00 01 00 01 00 00 01 2C 00 04 4C 4A FE 78 C0 36 00 01 00 01 00 00 01 2C 00 04 C0 00 50 FA C0 36 00 01 00 01 00 00 01 2C 00 04 C0 00 51 FA C0 36 00 01 00 01 00 00 01 2C 00 04 42 9B 0B EE C0 17 00 02 00 01 00 00 38 40 00 06 03 6E 73 32 C0 17 C0 17 00 02 00 01 00 00 38 40 00 06 03 6E 73 34 C0 17 C0 17 00 02 00 01 00 00 38 40 00 06 03 6E 73 33 C0 17 C0 17 00 02 00 01 00 00 38 40 00 06 03 6E 73 35 C0 17 C0 17 00 02 00 01 00 00 38 40 00 06 03 6E 73 36 C0 17 C0 17 00 02 00 01 00 00 38 40 00 06 03 6E 73 31 C0 17 C1 01 00 01 00 01 00 02 61 7F 00 04 48 E9 45 0E C0 A7 00 01 00 01 00 02 61 7F 00 04 45 AE F8 94 C0 CB 00 01 00 01 00 02 61 7F 00 04 CF C6 70 2F C0 B9 00 01 00 01 00 02 61 7F 00 04 48 E9 68 62 C0 DD 00 01 00 01 00 02 61 7F 00 04 45 AE F8 95 C0 EF 00 01 00 01 00 02 61 7F 00 04 CF C6 70 30
45 00 00 42 A8 F9 40 00 40 11 C7 D2 93 20 53 35 93 20 50 69 72 FE 00 35 00 2E CA 1E 6D 15 01 00 00 01 00 00 00 00 00 00 05 73 69 6D 6F 6E 0A 68 65 69 6D 6C 69 63 68 65 72 03 63 6F 6D 00 00 01 00 01
45 00 01 84 BA CE 00 00 40 11 F4 BB 93 20 50 69 93 20 53 35 00 35 A2 6F 01 70 7B 79 BA DD 81 80 00 01 00 07 00 06 00 06 0B 73 65 6D 72 65 73 65 61 72 63 68 09 77 6F 72 64 70 72 65 73 73 03 63 6F 6D 00 00 01 00 01 C0 0C 00 05 00 01 00 00 38 40 00 05 02 6C 62 C0 18 C0 37 00 01 00 01 00 00 01 2C 00 04 C0 00 50 FA C0 37 00 01 00 01 00 00 01 2C 00 04 4C 4A FE 7B C0 37 00 01 00 01 00 00 01 2C 00 04 C0 00 51 FA C0 37 00 01 00 01 00 00 01 2C 00 04 42 9B 09 EE C0 37 00 01 00 01 00 00 01 2C 00 04 4C 4A FE 78 C0 37 00 01 00 01 00 00 01 2C 00 04 42 9B 0B EE C0 18 00 02 00 01 00 00 38 40 00 06 03 6E 73 35 C0 18 C0 18 00 02 00 01 00 00 38 40 00 06 03 6E 73 34 C0 18 C0 18 00 02 00 01 00 00 38 40 00 06 03 6E 73 33 C0 18 C0 18 00 02 00 01 00 00 38 40 00 06 03 6E 73 32 C0 18 C0 18 00 02 00 01 00 00 38 40 00 06 03 6E 73 36 C0 18 C0 18 00 02 00 01 00 00 38 40 00 06 03 6E 73 31 C0 18 C1 02 00 01 00 01 00 02 61 7F 00 04 48 E9 45 0E C0 DE 00 01 00 01 00 02 61 7F 00 04 45 AE F8 94 C0 CC 00 01 00 01 00 02 61 7F 00 04 CF C6 70 2F C0 BA 00 01 00 01 00 02 61 7F 00 04 48 E9 68 62 C0 A8 00 01 00 01 00 02 61 7F 00 04 45 AE F8 95 C0 F0 00 01 00 01 00 02 61 7F 00 04 CF C6 70 30
45 00 00 43 A9 0D 40 00 40 11 C7 BD 93 20 53 35 93 20 50 69 FD 54 00 35 00 2F CA 1F 50 29 01 00 00 01 00 00 00 00 00 00 07 73 75 70 70 6F 72 74 09 65 6E 74 68 6F 75 67 68 74 03 63 6F 6D 00 00 01 00 01
45 00 00 D5 BA D0 00 00 40 11 F5 68 93 20 50 69 93 20 53 35 00 35 72 FE 00 C1 85 62 6D 15 81 80 00 01 00 01 00 02 00 04 05 73 69 6D 6F 6E 0A 68 65 69 6D 6C 69 63 68 65 72 03 63 6F 6D 00 00 01 00 01 C0 0C 00 01 00 01 00 00 54 60 00 04 5C 2A BE 20 C0 12 00 02 00 01 00 02 A3 00 00 0D 03 6E 73 36 04 6E 69 6E 65 02 63 68 00 C0 12 00 02 00 01 00 02 A3 00 00 06 03 6E 73 35 C0 46 C0 5B 00 01 00 01 00 01 51 80 00 04 C1 11 55 7A C0 5B 00 1C 00 01 00 01 51 80 00 10 2A 02 04 18 49 99 00 00 00 00 00 00 00 85 01 22 C0 42 00 01 00 01 00 01 51 80 00 04 D9 96 FA 06 C0 42 00 1C 00 01 00 01 51 80 00 10 2A 02 04 18 49 99 00 00 00 00 00 00 02 50 00 06
45 00 00 40 A9 0E 40 00 40 11 C7 BF 93 20 53 35 93 20 50 69 AD F8 00 35 00 2C CA 1C A3 C5 01 00 00 01 00 00 00 00 00 00 03 77 77 77 0A 62 61 72 74 68 77 6F 72 6B 73 03 63 6F 6D 00 00 01 00 01
45 00 02 11 BA D5 00 00 40 11 F4 27 93 20 50 69 93 20 53 35 00 35 FF 2B 01 FD 8F 8F E0 1A 81 80 00 01 00 02 00 05 00 14 06 70 61 6E 64 61 73 06 70 79 64 61 74 61 03 6F 72 67 00 00 01 00 01 C0 0C 00 05 00 01 00 00 02 58 00 02 C0 13 C0 13 00 01 00 01 00 00 07 08 00 04 32 38 BC 8D C0 13 00 02 00 01 00 01 51 80 00 1C 04 64 6E 73 32 11 72 65 67 69 73 74 72 61 72 2D 73 65 72 76 65 72 73 03 63 6F 6D 00 C0 13 00 02 00 01 00 01 51 80 00 07 04 64 6E 73 35 C0 52 C0 13 00 02 00 01 00 01 51 80 00 07 04 64 6E 73 31 C0 52 C0 13 00 02 00 01 00 01 51 80 00 07 04 64 6E 73 33 C0 52 C0 13 00 02 00 01 00 01 51 80 00 07 04 64 6E 73 34 C0 52 C0 88 00 01 00 01 00 02 15 7A 00 04 32 07 E6 1A C0 88 00 01 00 01 00 02 15 7A 00 04 42 5A 52 C2 C0 88 00 01 00 01 00 02 15 7A 00 04 44 E9 FA 2D C0 88 00 01 00 01 00 02 15 7A 00 04 45 10 F4 19 C0 4D 00 01 00 01 00 02 15 7A 00 04 D0 40 7A F4 C0 4D 00 01 00 01 00 02 15 7A 00 04 D0 40 7A F2 C0 9B 00 01 00 01 00 02 15 7A 00 04 AD E0 7D 0C C0 9B 00 01 00 01 00 02 15 7A 00 04 B8 AD 70 D8 C0 9B 00 01 00 01 00 02 15 7A 00 04 BC 8A 60 D5 C0 9B 00 01 00 01 00 02 15 7A 00 04 43 E4 E4 D8 C0 AE 00 01 00 01 00 02 15 7A 00 04 25 3A 4D EA C0 AE 00 01 00 01 00 02 15 7A 00 04 32 17 53 30 C0 AE 00 01 00 01 00 02 15 7A 00 04 AD EC 37 63 C0 AE 00 01 00 01 00 02 15 7A 00 04 B8 AB A3 5B C0 AE 00 01 00 01 00 02 15 7A 00 04 B8 AD 93 42 C0 75 00 01 00 01 00 02 15 7A 00 04 45 A0 21 4B C0 75 00 01 00 01 00 02 15 7A 00 04 48 14 26 89 C0 75 00 01 00 01 00 02 15 7A 00 04 5F D3 09 23 C0 75 00 01 00 01 00 02 15 7A 00 04 BC 8A 02 17 C0 75 00 01 00 01 00 02 15 7A 00 04 D5 E5 77 E5
45 00 00 3C A9 16 40 00 40 11 C7 BB 93 20 53 35 93 20 50 69 7B 0F 00 35 00 28 CA 18 A1 84 01 00 00 01 00 00 00 00 00 00 03 77 77 77 06 66 6C 69 63 6B 72 03 63 6F 6D 00 00 01 00 01
45 00 00 B2 BA D7 00 00 40 11 F5 84 93 20 50 69 93 20 53 35 00 35 AD F8 00 9E 66 91 A3 C5 81 80 00 01 00 02 00 02 00 02 03 77 77 77 0A 62 61 72 74 68 77 6F 72 6B 73 03 63 6F 6D 00 00 01 00 01 C0 0C 00 05 00 01 00 00 0E 10 00 02 C0 10 C0 10 00 01 00 01 00 00 02 58 00 04 D0 6D B5 B8 C0 10 00 02 00 01 00 00 0E 10 00 15 04 6E 73 31 39 0D 64 6F 6D 61 69 6E 63 6F 6E 74 72 6F 6C C0 1B C0 10 00 02 00 01 00 00 0E 10 00 07 04 6E 73 32 30 C0 53 C0 4E 00 01 00 01 00 02 53 F3 00 04 D8 45 B9 0A C0 6F 00 01 00 01 00 02 53 F3 00 04 D0 6D FF 0A
45 00 00 48 A9 16 40 00 40 11 C7 AF 93 20 53 35 93 20 50 69 2F 65 00 35 00 34 CA 24 32 3B 01 00 00 01 00 00 00 00 00 00 03 77 77 77 12 6C 75 6D 69 6E 6F 75 73 2D 6C 61 6E 64 73 63 61 70 65 03 63 6F 6D 00 00 01 00 01
45 00 00 DE BA DB 00 00 40 11 F5 54 93 20 50 69 93 20 53 35 00 35 2F 65 00 CA BB C6 32 3B 81 80 00 01 00 01 00 02 00 04 03 77 77 77 12 6C 75 6D 69 6E 6F 75 73 2D 6C 61 6E 64 73 63 61 70 65 03 63 6F 6D 00 00 01 00 01 C0 0C 00 01 00 01 00 00 03 84 00 04 32 61 E2 7A C0 10 00 02 00 01 00 00 03 84 00 10 03 6E 73 31 09 73 6F 66 74 6C 61 79 65 72 C0 23 C0 10 00 02 00 01 00 00 03 84 00 06 03 6E 73 32 C0 4C C0 48 00 01 00 01 00 01 0A DA 00 04 43 E4 FE 04 C0 48 00 1C 00 01 00 01 0A DA 00 10 26 07 F0 D0 00 00 00 0F 00 01 00 00 00 00 00 01 C0 64 00 01 00 01 00 01 0A DA 00 04 43 E4 FF 05 C0 64 00 1C 00 01 00 01 0A DA 00 10 26 07 F0 D0 00 00 00 0F 00 02 00 00 00 00 00 01
45 00 00 3C A9 1B 40 00 40 11 C7 B6 93 20 53 35 93 20 50 69 F1 0D 00 35 00 28 CA 18 15 3A 01 00 00 01 00 00 00 00 00 00 03 77 77 77 03 6D 69 72 03 63 6F 6D 02 6D 79 00 00 01 00 01
45 00 01 5B BA E0 00 00 40 11 F4 D2 93 20 50 69 93 20 53 35 00 35 7B 0F 01 47 91 07 A1 84 81 80 00 01 00 08 00 02 00 02 03 77 77 77 06 66 6C 69 63 6B 72 03 63 6F 6D 00 00 01 00 01 C0 0C 00 05 00 01 00 00 01 2C 00 26 13 66 6C 69 63 6B 72 2D 70 61 6E 64 61 2D 70 6F 6C 69 63 65 03 61 30 30 08 79 61 68 6F 6F 64 6E 73 03 6E 65 74 00 C0 2C 00 05 00 01 00 00 01 2C 00 1D 12 67 65 6F 79 63 70 69 2D 75 6E 6F 2D 64 65 6C 75 78 65 05 67 79 63 70 69 01 62 C0 44 C0 5E 00 05 00 01 00 00 01 2C 00 0E 0B 67 65 6F 79 63 70 69 2D 75 6E 6F C0 71 C0 87 00 05 00 01 00 00 01 2C 00 14 0B 65 75 2D 79 63 70 69 2D 75 6E 6F 05 61 79 63 70 69 C0 77 C0 A1 00 01 00 01 00 00 01 2C 00 04 42 C4 42 D4 C0 A1 00 01 00 01 00 00 01 2C 00 04 42 C4 42 9C C0 A1 00 01 00 01 00 00 01 2C 00 04 42 C4 42 D5 C0 A1 00 01 00 01 00 00 01 2C 00 04 42 C4 42 9D C0 AD 00 02 00 01 00 02 52 03 00 0C 03 79 66 32 05 79 61 68 6F 6F C0 17 C0 AD 00 02 00 01 00 02 52 03 00 06 03 79 66 31 C1 05 C1 19 00 01 00 01 00 00 72 56 00 04 44 8E FE 0F C1 01 00 01 00 01 00 00 72 56 00 04 44 B4 82 0F
45 00 00 3E A9 29 40 00 40 11 C7 A6 93 20 53 35 93 20 50 69 CB 70 00 35 00 2A CA 1A 68 49 01 00 00 01 00 00 00 00 00 00 03 77 77 77 08 6E 69 6B 6F 6E 75 73 61 03 63 6F 6D 00 00 01 00 01
45 00 00 EA BA E3 00 00 40 11 F5 40 93 20 50 69 93 20 53 35 00 35 CB 70 00 D6 FA 7B 68 49 81 80 00 01 00 01 00 05 00 03 03 77 77 77 08 6E 69 6B 6F 6E 75 73 61 03 63 6F 6D 00 00 01 00 01 C0 0C 00 01 00 01 00 00 0E 10 00 04 42 0B 8C 4B C0 10 00 02 00 01 00 00 02 58 00 0F 03 6E 73 31 05 6E 69 6B 6F 6E 03 6E 65 74 00 C0 10 00 02 00 01 00 00 02 58 00 09 06 6E 69 6B 6E 73 31 C0 10 C0 10 00 02 00 01 00 00 02 58 00 09 06 6E 69 6B 6E 73 33 C0 10 C0 10 00 02 00 01 00 00 02 58 00 09 06 6E 69 6B 6E 73 32 C0 10 C0 10 00 02 00 01 00 00 02 58 00 06 03 6E 73 32 C0 42 C0 59 00 01 00 01 00 02 A3 00 00 04 42 0B 84 52 C0 83 00 01 00 01 00 02 A3 00 00 04 42 0B 84 53 C0 6E 00 01 00 01 00 02 A3 00 00 04 42 0B 89 C5
45 00 00 46 A9 42 40 00 40 11 C7 85 93 20 53 35 93 20 50 69 AA 4C 00 35 00 32 CA 22 E9 F6 01 00 00 01 00 00 00 00 00 00 03 77 77 77 0E 70 68 6F 74 6F 73 79 6E 74 68 65 73 69 73 02 63 6F 02 6E 7A 00 00 01 00 01
45 00 01 0D BA E6 00 00 40 11 F5 1A 93 20 50 69 93 20 53 35 00 35 FD 54 00 F9 75 90 50 29 81 80 00 01 00 02 00 04 00 04 07 73 75 70 70 6F 72 74 09 65 6E 74 68 6F 75 67 68 74 03 63 6F 6D 00 00 01 00 01 C0 0C 00 05 00 01 00 00 03 84 00 18 09 65 6E 74 68 6F 75 67 68 74 03 73 73 6C 07 7A 65 6E 64 65 73 6B C0 1E C0 33 00 01 00 01 00 00 03 84 00 04 C0 A1 95 A5 C0 41 00 02 00 01 00 00 01 2C 00 14 03 6E 73 33 03 70 30 38 06 64 79 6E 65 63 74 03 6E 65 74 00 C0 41 00 02 00 01 00 00 01 2C 00 06 03 6E 73 31 C0 6B C0 41 00 02 00 01 00 00 01 2C 00 06 03 6E 73 34 C0 6B C0 41 00 02 00 01 00 00 01 2C 00 06 03 6E 73 32 C0 6B C0 87 00 01 00 01 00 01 0A EA 00 04 D0 4E 46 08 C0 AB 00 01 00 01 00 01 0A EA 00 04 CC 0D FA 08 C0 67 00 01 00 01 00 01 0A EA 00 04 D0 4E 47 08 C0 99 00 01 00 01 00 01 0A EA 00 04 CC 0D FB 08
45 00 00 A5 BA F9 00 00 40 11 F5 6F 93 20 50 69 93 20 53 35 00 35 F1 0D 00 91 6B 8C 15 3A 81 80 00 01 00 02 00 02 00 02 03 77 77 77 03 6D 69 72 03 63 6F 6D 02 6D 79 00 00 01 00 01 C0 0C 00 05 00 01 00 00 38 40 00 02 C0 10 C0 10 00 01 00 01 00 00 38 40 00 04 7C D9 E9 38 C0 10 00 02 00 01 00 01 51 7F 00 0D 03 6E 73 32 06 6D 69 72 6E 65 74 C0 14 C0 10 00 02 00 01 00 01 51 7F 00 06 03 6E 73 31 C0 4E C0 63 00 01 00 01 00 01 51 7F 00 04 7C D9 E9 35 C0 4A 00 01 00 01 00 01 51 7F 00 04 7C D9 E9 38
45 00 00 B7 BA FA 00 00 40 11 F5 5C 93 20 50 69 93 20 53 35 00 35 AA 4C 00 A3 52 49 E9 F6 81 80 00 01 00 02 00 02 00 02 03 77 77 77 0E 70 68 6F 74 6F 73 79 6E 74 68 65 73 69 73 02 63 6F 02 6E 7A 00 00 01 00 01 C0 0C 00 05 00 01 00 00 38 40 00 02 C0 10 C0 10 00 01 00 01 00 00 38 40 00 04 7B 64 75 09 C0 10 00 02 00 01 00 01 51 7F 00 15 03 6E 73 32 0B 73 65 72 76 65 72 73 6E 61 63 6B 03 6E 65 74 00 C0 10 00 02 00 01 00 01 51 7F 00 06 03 6E 73 31 C0 58 C0 75 00 01 00 01 00 00 38 3F 00 04 7B 64 75 09 C0 54 00 01 00 01 00 00 38 3F 00 04 43 E3 53 5F
45 00 00 3D B0 6C 40 00 40 11 C0 64 93 20 53 35 93 20 50 69 C4 E1 00 35 00 29 CA 19 52 EE 01 00 00 01 00 00 00 00 00 00 03 63 73 69 07 67 73 74 61 74 69 63 03 63 6F 6D 00 00 01 00 01
45 00 00 DC BB 48 00 00 40 11 F4 E9 93 20 50 69 93 20 53 35 00 35 C4 E1 00 C8 26 62 52 EE 81 80 00 01 00 01 00 04 00 04 03 63 73 69 07 67 73 74 61 74 69 63 03 63 6F 6D 00 00 01 00 01 C0 0C 00 01 00 01 00 00 01 2C 00 04 AD C2 22 EF C0 10 00 02 00 01 00 01 C2 D5 00 0D 03 6E 73 33 06 67 6F 6F 67 6C 65 C0 18 C0 10 00 02 00 01 00 01 C2 D5 00 06 03 6E 73 31 C0 41 C0 10 00 02 00 01 00 01 C2 D5 00 06 03 6E 73 34 C0 41 C0 10 00 02 00 01 00 01 C2 D5 00 06 03 6E 73 32 C0 41 C0 56 00 01 00 01 00 04 65 D5 00 04 D8 EF 20 0A C0 7A 00 01 00 01 00 04 65 D5 00 04 D8 EF 22 0A C0 3D 00 01 00 01 00 04 65 D5 00 04 D8 EF 24 0A C0 68 00 01 00 01 00 04 65 D5 00 04 D8 EF 26 0A
45 00 00 3D B0 7B 40 00 40 11 C0 55 93 20 53 35 93 20 50 69 D2 D9 00 35 00 29 CA 19 72 56 01 00 00 01 00 00 00 00 00 00 04 62 75 67 73 06 70 79 74 68 6F 6E 03 6F 72 67 00 00 01 00 01
45 00 00 3D B0 7B 40 00 40 11 C0 55 93 20 53 35 93 20 50 69 CF 1E 00 35 00 29 CA 19 43 DF 01 00 00 01 00 00 00 00 00 00 0B 63 6F 6E 73 75 6D 65 72 69 73 74 03 63 6F 6D 00 00 01 00 01
45 00 00 39 B0 7B 40 00 40 11 C0 59 93 20 53 35 93 20 50 69 DF BE 00 35 00 25 CA 15 47 5C 01 00 00 01 00 00 00 00 00 00 04 63 6F 72 65 03 74 63 6C 02 74 6B 00 00 01 00 01
45 00 00 E3 BB 4C 00 00 40 11 F4 DE 93 20 50 69 93 20 53 35 00 35 D2 D9 00 CF 89 D2 72 56 81 80 00 01 00 01 00 04 00 04 04 62 75 67 73 06 70 79 74 68 6F 6E 03 6F 72 67 00 00 01 00 01 C0 0C 00 01 00 01 00 01 51 80 00 04 2E 04 C5 46 C0 11 00 02 00 01 00 01 16 0B 00 14 03 6E 73 34 03 70 31 31 06 64 79 6E 65 63 74 03 6E 65 74 00 C0 11 00 02 00 01 00 01 16 0B 00 06 03 6E 73 32 C0 41 C0 11 00 02 00 01 00 01 16 0B 00 06 03 6E 73 31 C0 41 C0 11 00 02 00 01 00 01 16 0B 00 06 03 6E 73 33 C0 41 C0 6F 00 01 00 01 00 01 04 A2 00 04 D0 4E 46 0B C0 5D 00 01 00 01 00 01 04 A2 00 04 CC 0D FA 0B C0 81 00 01 00 01 00 01 04 A2 00 04 D0 4E 47 0B C0 3D 00 01 00 01 00 01 04 A2 00 04 CC 0D FB 0B
45 00 00 42 B0 80 40 00 40 11 C0 4B 93 20 53 35 93 20 50 69 86 B1 00 35 00 2E CA 1E 1B 3A 01 00 00 01 00 00 00 00 00 00 06 66 6F 72 75 6D 73 09 6D 61 63 72 75 6D 6F 72 73 03 63 6F 6D 00 00 01 00 01
45 00 00 D8 BB 57 00 00 40 11 F4 DE 93 20 50 69 93 20 53 35 00 35 86 B1 00 C4 4D B8 1B 3A 81 80 00 01 00 01 00 02 00 04 06 66 6F 72 75 6D 73 09 6D 61 63 72 75 6D 6F 72 73 03 63 6F 6D 00 00 01 00 01 C0 0C 00 01 00 01 00 00 01 2C 00 04 AD C0 6C E8 C0 13 00 02 00 01 00 00 07 08 00 10 03 6E 73 31 09 73 6F 66 74 6C 61 79 65 72 C0 1D C0 13 00 02 00 01 00 00 07 08 00 06 03 6E 73 32 C0 46 C0 42 00 01 00 01 00 01 0A D2 00 04 43 E4 FE 04 C0 42 00 1C 00 01 00 01 0A D2 00 10 26 07 F0 D0 00 00 00 0F 00 01 00 00 00 00 00 01 C0 5E 00 01 00 01 00 01 0A D2 00 04 43 E4 FF 05 C0 5E 00 1C 00 01 00 01 0A D2 00 10 26 07 F0 D0 00 00 00 0F 00 02 00 00 00 00 00 01
45 00 00 38 B0 DA 40 00 40 11 BF FB 93 20 53 35 93 20 50 69 60 AF 00 35 00 24 CA 14 C7 09 01 00 00 01 00 00 00 00 00 00 06 67 69 67 61 6F 6D 03 63 6F 6D 00 00 01 00 01
45 00 01 08 BB 5A 00 00 40 11 F4 AB 93 20 50 69 93 20 53 35 00 35 60 AF 00 F4 D7 03 C7 09 81 80 00 01 00 06 00 03 00 03 06 67 69 67 61 6F 6D 03 63 6F 6D 00 00 01 00 01 C0 0C 00 01 00 01 00 00 01 2C 00 04 4C 4A FF 7B C0 0C 00 01 00 01 00 00 01 2C 00 04 C0 00 53 FA C0 0C 00 01 00 01 00 00 01 2C 00 04 4C 4A FF 75 C0 0C 00 01 00 01 00 00 01 2C 00 04 C0 00 52 FA C0 0C 00 01 00 01 00 00 01 2C 00 04 42 9B 09 F4 C0 0C 00 01 00 01 00 00 01 2C 00 04 42 9B 0B F4 C0 0C 00 02 00 01 00 00 38 40 00 10 03 6E 73 32 09 77 6F 72 64 70 72 65 73 73 C0 13 C0 0C 00 02 00 01 00 00 38 40 00 06 03 6E 73 33 C0 8C C0 0C 00 02 00 01 00 00 38 40 00 06 03 6E 73 31 C0 8C C0 B6 00 01 00 01 00 02 61 77 00 04 48 E9 45 0E C0 88 00 01 00 01 00 02 61 77 00 04 45 AE F8 94 C0 A4 00 01 00 01 00 02 61 77 00 04 CF C6 70 2F
45 00 00 3A B0 F7 40 00 40 11 BF DC 93 20 53 35 93 20 50 69 13 F6 00 35 00 26 CA 16 62 A3 01 00 00 01 00 00 00 00 00 00 08 6F 73 78 64 61 69 6C 79 03 63 6F 6D 00 00 01 00 01
45 00 01 0D BB 5C 00 00 40 11 F4 A4 93 20 50 69 93 20 53 35 00 35 CF 1E 00 F9 13 11 43 DF 81 80 00 01 00 06 00 03 00 03 0B 63 6F 6E 73 75 6D 65 72 69 73 74 03 63 6F 6D 00 00 01 00 01 C0 0C 00 01 00 01 00 00 01 2C 00 04 4C 4A FF 75 C0 0C 00 01 00 01 00 00 01 2C 00 04 42 9B 0B F4 C0 0C 00 01 00 01 00 00 01 2C 00 04 4C 4A FF 7B C0 0C 00 01 00 01 00 00 01 2C 00 04 42 9B 09 F4 C0 0C 00 01 00 01 00 00 01 2C 00 04 C0 00 52 FA C0 0C 00 01 00 01 00 00 01 2C 00 04 C0 00 53 FA C0 0C 00 02 00 01 00 01 51 80 00 10 03 6E 73 32 09 77 6F 72 64 70 72 65 73 73 C0 18 C0 0C 00 02 00 01 00 01 51 80 00 06 03 6E 73 31 C0 91 C0 0C 00 02 00 01 00 01 51 80 00 06 03 6E 73 33 C0 91 C0 A9 00 01 00 01 00 02 61 77 00 04 48 E9 45 0E C0 8D 00 01 00 01 00 02 61 77 00 04 45 AE F8 94 C0 BB 00 01 00 01 00 02 61 77 00 04 CF C6 70 2F
45 00 00 3C B0 F9 40 00 40 11 BF D8 93 20 53 35 93 20 50 69 0E 2F 00 35 00 28 CA 18 71 3A 01 00 00 01 00 00 00 00 00 00 0A 74 68 65 6E 65 78 74 77 65 62 03 63 6F 6D 00 00 01 00 01
45 00 00 E2 BB 5E 00 00 40 11 F4 CD 93 20 50 69 93 20 53 35 00 35 0E 2F 00 CE D3 54 71 3A 81 80 00 01 00 01 00 04 00 04 0A 74 68 65 6E 65 78 74 77 65 62 03 63 6F 6D 00 00 01 00 01 C0 0C 00 01 00 01 00 00 01 2C 00 04 B8 6A 92 66 C0 0C 00 02 00 01 00 01 10 99 00 14 03 6E 73 31 03 70 30 33 06 64 79 6E 65 63 74 03 6E 65 74 00 C0 0C 00 02 00 01 00 01 10 99 00 06 03 6E 73 33 C0 40 C0 0C 00 02 00 01 00 01 10 99 00 06 03 6E 73 34 C0 40 C0 0C 00 02 00 01 00 01 10 99 00 06 03 6E 73 32 C0 40 C0 3C 00 01 00 01 00 02 31 A4 00 04 D0 4E 46 03 C0 80 00 01 00 01 00 02 31 A4 00 04 CC 0D FA 03 C0 5C 00 01 00 01 00 02 31 A4 00 04 D0 4E 47 03 C0 6E 00 01 00 01 00 02 31 A4 00 04 CC 0D FB 03
45 00 00 39 B0 FE 40 00 40 11 BF D6 93 20 53 35 93 20 50 69 E7 01 00 35 00 25 CA 15 31 F7 01 00 00 01 00 00 00 00 00 00 07 74 68 72 61 78 69 6C 03 6F 72 67 00 00 01 00 01
45 00 00 9E BB 62 00 00 40 11 F5 0D 93 20 50 69 93 20 53 35 00 35 13 F6 00 8A A7 38 62 A3 81 80 00 01 00 01 00 02 00 02 08 6F 73 78 64 61 69 6C 79 03 63 6F 6D 00 00 01 00 01 C0 0C 00 01 00 01 00 00 0E 10 00 04 42 E4 30 27 C0 0C 00 02 00 01 00 00 0E 10 00 15 04 6E 73 30 38 0D 64 6F 6D 61 69 6E 63 6F 6E 74 72 6F 6C C0 15 C0 0C 00 02 00 01 00 00 0E 10 00 07 04 6E 73 30 37 C0 3F C0 5B 00 01 00 01 00 02 6D 60 00 04 D8 45 B9 04 C0 3A 00 01 00 01 00 02 6D 60 00 04 D0 6D FF 04
45 00 00 51 B1 18 40 00 40 11 BF A4 93 20 53 35 93 20 50 69 49 16 00 35 00 3D CA 2D 50 F4 01 00 00 01 00 00 00 00 00 00 16 77 69 73 64 6F 6D 74 68 72 6F 75 67 68 6B 6E 6F 77 6C 65 64 67 65 08 62 6C 6F 67 73 70 6F 74 03 63 6F 6D 00 00 01 00 01
45 00 01 1B BB 64 00 00 40 11 F4 8E 93 20 50 69 93 20 53 35 00 35 49 16 01 07 FB FE 50 F4 81 80 00 01 00 02 00 04 00 04 16 77 69 73 64 6F 6D 74 68 72 6F 75 67 68 6B 6E 6F 77 6C 65 64 67 65 08 62 6C 6F 67 73 70 6F 74 03 63 6F 6D 00 00 01 00 01 C0 0C 00 05 00 01 00 00 0E 10 00 1F 08 62 6C 6F 67 73 70 6F 74 01 6C 11 67 6F 6F 67 6C 65 75 73 65 72 63 6F 6E 74 65 6E 74 C0 2C C0 41 00 01 00 01 00 00 00 53 00 04 AD C2 46 84 C0 4C 00 02 00 01 00 01 C6 3B 00 0D 03 6E 73 33 06 67 6F 6F 67 6C 65 C0 2C C0 4C 00 02 00 01 00 01 C6 3B 00 06 03 6E 73 31 C0 80 C0 4C 00 02 00 01 00 01 C6 3B 00 06 03 6E 73 34 C0 80 C0 4C 00 02 00 01 00 01 C6 3B 00 06 03 6E 73 32 C0 80 C0 95 00 01 00 01 00 04 65 D4 00 04 D8 EF 20 0A C0 B9 00 01 00 01 00 04 65 D4 00 04 D8 EF 22 0A C0 7C 00 01 00 01 00 04 65 D4 00 04 D8 EF 24 0A C0 A7 00 01 00 01 00 04 65 D4 00 04 D8 EF 26 0A
45 00 00 40 B1 1D 40 00 40 11 BF B0 93 20 53 35 93 20 50 69 2F 12 00 35 00 2C CA 1C 04 F4 01 00 00 01 00 00 00 00 00 00 03 77 77 77 0A 73 61 6E 73 6D 69 72 72 6F 72 03 63 6F 6D 00 00 01 00 01
45 00 00 9B BB 67 00 00 40 11 F5 0B 93 20 50 69 93 20 53 35 00 35 E7 01 00 87 A9 90 31 F7 81 80 00 01 00 01 00 02 00 02 07 74 68 72 61 78 69 6C 03 6F 72 67 00 00 01 00 01 C0 0C 00 01 00 01 00 00 1C 20 00 04 AE 22 AB 2E C0 0C 00 02 00 01 00 00 1C 20 00 13 04 6E 73 31 32 08 7A 6F 6E 65 65 64 69 74 03 63 6F 6D 00 C0 0C 00 02 00 01 00 00 1C 20 00 07 04 6E 73 31 38 C0 3E C0 39 00 01 00 01 00 02 77 E8 00 04 D1 3E 40 2E C0 58 00 01 00 01 00 02 62 D8 00 04 32 16 FE 9F
45 00 01 3E BB 6B 00 00 40 11 F4 64 93 20 50 69 93 20 53 35 00 35 2F 12 01 2A 1E 88 04 F4 81 80 00 01 00 04 00 02 00 04 03 77 77 77 0A 73 61 6E 73 6D 69 72 72 6F 72 03 63 6F 6D 00 00 01 00 01 C0 0C 00 05 00 01 00 00 01 2C 00 27 03 77 77 77 0A 73 61 6E 73 6D 69 72 72 6F 72 03 63 6F 6D 03 63 64 6E 0A 63 6C 6F 75 64 66 6C 61 72 65 03 6E 65 74 00 C0 30 00 05 00 01 00 00 01 2C 00 13 10 63 66 2D 70 72 6F 74 65 63 74 65 64 2D 77 77 77 C0 34 C0 63 00 01 00 01 00 00 01 2C 00 04 6C A2 C6 9D C0 63 00 01 00 01 00 00 01 2C 00 04 6C A2 C7 9D C0 47 00 02 00 01 00 02 50 2A 00 15 04 6A 65 61 6E 02 6E 73 0A 63 6C 6F 75 64 66 6C 61 72 65 C0 1B C0 47 00 02 00 01 00 02 50 2A 00 07 04 66 72 65 64 C0 A7 C0 C3 00 01 00 01 00 00 FE AA 00 04 AD F5 3B 71 C0 C3 00 1C 00 01 00 00 FE AA 00 10 24 00 CB 00 20 49 00 01 00 00 00 00 AD F5 3B 71 C0 A2 00 01 00 01 00 00 FE AA 00 04 AD F5 3A 79 C0 A2 00 1C 00 01 00 00 FE AA 00 10 24 00 CB 00 20 49 00 01 00 00 00 00 AD F5 3A 79
45 00 00 39 BB F8 00 00 40 11 F4 DC 93 20 50 69 93 20 53 35 00 35 DF BE 00 25 5D 47 47 5C 81 82 00 01 00 00 00 00 00 00 04 63 6F 72 65 03 74 63 6C 02 74 6B 00 00 01 00 01
45 00 00 3E D2 9A 40 00 40 11 9E 35 93 20 53 35 93 20 50 69 04 EB 00 35 00 2A CA 1A 1D 98 01 00 00 01 00 00 00 00 00 00 03 65 65 73 08 65 6C 73 65 76 69 65 72 03 63 6F 6D 00 00 01 00 01
45 00 00 BC BE 7B 00 00 40 11 F1 D6 93 20 50 69 93 20 53 35 00 35 04 EB 00 A8 DF 38 1D 98 81 80 00 01 00 02 00 02 00 02 03 65 65 73 08 65 6C 73 65 76 69 65 72 03 63 6F 6D 00 00 01 00 01 C0 0C 00 05 00 01 00 00 19 C7 00 0A 07 67 73 73 70 72 6F 64 C0 10 C0 2E 00 01 00 01 00 00 00 05 00 04 91 24 D7 B4 C0 2E 00 02 00 01 00 00 19 C7 00 10 0D 73 65 75 6B 72 65 61 61 67 73 73 30 31 C0 10 C0 2E 00 02 00 01 00 00 19 C7 00 10 0D 73 65 75 6B 6F 78 66 61 67 73 73 30 31 C0 10 C0 70 00 01 00 01 00 00 19 C7 00 04 91 24 D6 A4 C0 54 00 01 00 01 00 00 19 C7 00 04 91 24 1E 78
45 00 00 3E 18 F3 40 00 40 11 57 DD 93 20 53 35 93 20 50 69 77 AA 00 35 00 2A CA 1A C3 98 01 00 00 01 00 00 00 00 00 00 03 65 65 73 08 65 6C 73 65 76 69 65 72 03 63 6F 6D 00 00 01 00 01
45 00 00 BC C4 0C 00 00 40 11 EC 45 93 20 50 69 93 20 53 35 00 35 77 AA 00 A8 C7 E0 C3 98 81 80 00 01 00 02 00 02 00 02 03 65 65 73 08 65 6C 73 65 76 69 65 72 03 63 6F 6D 00 00 01 00 01 C0 0C 00 05 00 01 00 00 19 7F 00 0A 07 67 73 73 70 72 6F 64 C0 10 C0 2E 00 01 00 01 00 00 00 05 00 04 91 24 D7 B4 C0 2E 00 02 00 01 00 00 19 7F 00 10 0D 73 65 75 6B 72 65 61 61 67 73 73 30 31 C0 10 C0 2E 00 02 00 01 00 00 19 7F 00 10 0D 73 65 75 6B 6F 78 66 61 67 73 73 30 31 C0 10 C0 70 00 01 00 01 00 00 19 7F 00 04 91 24 D6 A4 C0 54 00 01 00 01 00 00 19 7F 00 04 91 24 1E 78
45 00 00 3C 21 AF 40 00 40 11 4F 23 93 20 53 35 93 20 50 69 13 4A 00 35 00 28 CA 18 6C 8E 01 00 00 01 00 00 00 00 00 00 07 73 6D 2D 70 72 6F 64 03 61 6E 79 02 64 6F 00 00 01 00 01
45 00 01 DD C4 53 00 00 40 11 EA DD 93 20 50 69 93 20 53 35 00 35 13 4A 01 C9 6B AC 6C 8E 81 80 00 01 00 03 00 08 00 08 07 73 6D 2D 70 72 6F 64 03 61 6E 79 02 64 6F 00 00 01 00 01 C0 0C 00 05 00 01 00 00 00 03 00 1E 07 73 6D 2D 70 72 6F 64 10 65 6C 61 73 74 69 63 62 65 61 6E 73 74 61 6C 6B 03 63 6F 6D 00 C0 2C 00 05 00 01 00 00 00 3C 00 33 18 61 77 73 65 62 2D 73 6D 2D 70 72 6F 64 33 2D 37 38 33 30 34 30 38 35 37 09 75 73 2D 65 61 73 74 2D 31 03 65 6C 62 09 61 6D 61 7A 6F 6E 61 77 73 C0 45 C0 56 00 01 00 01 00 00 00 3C 00 04 36 F3 98 ED C0 56 00 02 00 01 00 00 07 08 00 09 06 6E 73 2D 39 34 31 C0 7D C0 56 00 02 00 01 00 00 07 08 00 09 06 6E 73 2D 39 31 36 C0 7D C0 56 00 02 00 01 00 00 07 08 00 09 06 6E 73 2D 39 32 37 C0 7D C0 56 00 02 00 01 00 00 07 08 00 09 06 6E 73 2D 39 34 34 C0 7D C0 56 00 02 00 01 00 00 07 08 00 09 06 6E 73 2D 39 33 35 C0 7D C0 56 00 02 00 01 00 00 07 08 00 09 06 6E 73 2D 39 33 34 C0 7D C0 56 00 02 00 01 00 00 07 08 00 09 06 6E 73 2D 39 34 37 C0 7D C0 56 00 02 00 01 00 00 07 08 00 09 06 6E 73 2D 39 32 35 C0 7D C0 BA 00 01 00 01 00 00 02 7D 00 04 CF AB B2 07 C1 38 00 01 00 01 00 00 00 22 00 04 48 15 D0 D5 C0 CF 00 01 00 01 00 00 00 22 00 04 48 15 CC D1 C1 0E 00 01 00 01 00 00 00 22 00 04 57 EE 54 D7 C0 F9 00 01 00 01 00 00 00 22 00 04 57 EE 50 D5 C0 A5 00 01 00 01 00 00 36 AD 00 04 CC F6 A0 05 C0 E4 00 01 00 01 00 00 30 78 00 04 CD FB E4 06 C1 23 00 01 00 01 00 00 00 22 00 04 CC F6 A2 0A
45 00 00 3E 62 28 40 00 40 11 0E A8 93 20 53 35 93 20 50 69 9F F0 00 35 00 2A CA 1A 18 3F 01 00 00 01 00 00 00 00 00 00 03 65 65 73 08 65 6C 73 65 76 69 65 72 03 63 6F 6D 00 00 01 00 01
45 00 00 BC C7 FF 00 00 40 11 E8 52 93 20 50 69 93 20 53 35 00 35 9F F0 00 A8 4C 6B 18 3F 81 80 00 01 00 02 00 02 00 02 03 65 65 73 08 65 6C 73 65 76 69 65 72 03 63 6F 6D 00 00 01 00 01 C0 0C 00 05 00 01 00 00 19 34 00 0A 07 67 73 73 70 72 6F 64 C0 10 C0 2E 00 01 00 01 00 00 00 05 00 04 91 24 D7 B4 C0 2E 00 02 00 01 00 00 19 34 00 10 0D 73 65 75 6B 6F 78 66 61 67 73 73 30 31 C0 10 C0 2E 00 02 00 01 00 00 19 34 00 10 0D 73 65 75 6B 72 65 61 61 67 73 73 30 31 C0 10 C0 54 00 01 00 01 00 00 19 34 00 04 91 24 D6 A4 C0 70 00 01 00 01 00 00 19 34 00 04 91 24 1E 78
45 00 00 43 6A F9 40 00 40 11 05 D2 93 20 53 35 93 20 50 69 A0 5C 00 35 00 2F CA 1F CD BA 01 00 00 01 00 00 00 00 00 00 03 74 65 78 0D 73 74 61 63 6B 65 78 63 68 61 6E 67 65 03 63 6F 6D 00 00 01 00 01
45 00 00 41 6A F9 40 00 40 11 05 D4 93 20 53 35 93 20 50 69 7F CF 00 35 00 2D CA 1D 2A EB 01 00 00 01 00 00 00 00 00 00 04 61 6A 61 78 0A 67 6F 6F 67 6C 65 61 70 69 73 03 63 6F 6D 00 00 01 00 01
45 00 00 3D 6A F9 40 00 40 11 05 D8 93 20 53 35 93 20 50 69 49 4C 00 35 00 29 CA 19 25 A1 01 00 00 01 00 00 00 00 00 00 03 63 64 6E 07 73 73 74 61 74 69 63 03 6E 65 74 00 00 01 00 01
45 00 00 FB C8 93 00 00 40 11 E7 7F 93 20 50 69 93 20 53 35 00 35 7F CF 00 E7 78 84 2A EB 81 80 00 01 00 02 00 04 00 04 04 61 6A 61 78 0A 67 6F 6F 67 6C 65 61 70 69 73 03 63 6F 6D 00 00 01 00 01 C0 0C 00 05 00 01 00 00 09 FD 00 16 0A 67 6F 6F 67 6C 65 61 70 69 73 01 6C 06 67 6F 6F 67 6C 65 C0 1C C0 31 00 01 00 01 00 00 00 D6 00 04 AD C2 46 5F C0 3E 00 02 00 01 00 01 C2 16 00 06 03 6E 73 31 C0 3E C0 3E 00 02 00 01 00 01 C2 16 00 06 03 6E 73 34 C0 3E C0 3E 00 02 00 01 00 01 C2 16 00 06 03 6E 73 32 C0 3E C0 3E 00 02 00 01 00 01 C2 16 00 06 03 6E 73 33 C0 3E C0 63 00 01 00 01 00 04 65 16 00 04 D8 EF 20 0A C0 87 00 01 00 01 00 04 65 16 00 04 D8 EF 22 0A C0 99 00 01 00 01 00 04 65 16 00 04 D8 EF 24 0A C0 75 00 01 00 01 00 04 65 16 00 04 D8 EF 26 0A
45 00 00 41 6A F9 40 00 40 11 05 D4 93 20 53 35 93 20 50 69 A3 37 00 35 00 2D CA 1D B8 7A 01 00 00 01 00 00 00 00 00 00 04 65 64 67 65 0A 71 75 61 6E 74 73 65 72 76 65 03 63 6F 6D 00 00 01 00 01
45 00 00 42 6A F9 40 00 40 11 05 D3 93 20 53 35 93 20 50 69 F8 BF 00 35 00 2E CA 1E FA AA 01 00 00 01 00 00 00 00 00 00 05 70 69 78 65 6C 0A 71 75 61 6E 74 73 65 72 76 65 03 63 6F 6D 00 00 01 00 01
45 00 00 46 6A F9 40 00 40 11 05 CF 93 20 53 35 93 20 50 69 6E 9A 00 35 00 32 CA 22 C6 BC 01 00 00 01 00 00 00 00 00 00 03 77 77 77 10 67 6F 6F 67 6C 65 2D 61 6E 61 6C 79 74 69 63 73 03 63 6F 6D 00 00 01 00 01
45 00 01 EA C8 97 00 00 40 11 E6 8C 93 20 50 69 93 20 53 35 00 35 6E 9A 01 D6 C9 4C C6 BC 81 80 00 01 00 10 00 04 00 04 03 77 77 77 10 67 6F 6F 67 6C 65 2D 61 6E 61 6C 79 74 69 63 73 03 63 6F 6D 00 00 01 00 01 C0 0C 00 05 00 01 00 00 FE 3A 00 20 14 77 77 77 2D 67 6F 6F 67 6C 65 2D 61 6E 61 6C 79 74 69 63 73 01 6C 06 67 6F 6F 67 6C 65 C0 21 C0 36 00 01 00 01 00 00 00 7B 00 04 C3 71 D6 F9 C0 36 00 01 00 01 00 00 00 7B 00 04 C3 71 D6 F1 C0 36 00 01 00 01 00 00 00 7B 00 04 C3 71 D6 ED C0 36 00 01 00 01 00 00 00 7B 00 04 C3 71 D6 D3 C0 36 00 01 00 01 00 00 00 7B 00 04 C3 71 D6 EC C0 36 00 01 00 01 00 00 00 7B 00 04 C3 71 D6 DD C0 36 00 01 00 01 00 00 00 7B 00 04 C3 71 D6 EA C0 36 00 01 00 01 00 00 00 7B 00 04 C3 71 D6 DB C0 36 00 01 00 01 00 00 00 7B 00 04 C3 71 D6 E6 C0 36 00 01 00 01 00 00 00 7B 00 04 C3 71 D6 DE C0 36 00 01 00 01 00 00 00 7B 00 04 C3 71 D6 FB C0 36 00 01 00 01 00 00 00 7B 00 04 C3 71 D6 D7 C0 36 00 01 00 01 00 00 00 7B 00 04 C3 71 D6 E2 C0 36 00 01 00 01 00 00 00 7B 00 04 C3 71 D6 CF C0 36 00 01 00 01 00 00 00 7B 00 04 C3 71 D6 F5 C0 4D 00 02 00 01 00 01 C2 16 00 06 03 6E 73 32 C0 4D C0 4D 00 02 00 01 00 01 C2 16 00 06 03 6E 73 33 C0 4D C0 4D 00 02 00 01 00 01 C2 16 00 06 03 6E 73 31 C0 4D C0 4D 00 02 00 01 00 01 C2 16 00 06 03 6E 73 34 C0 4D C1 76 00 01 00 01 00 04 65 16 00 04 D8 EF 20 0A C1 52 00 01 00 01 00 04 65 16 00 04 D8 EF 22 0A C1 64 00 01 00 01 00 04 65 16 00 04 D8 EF 24 0A C1 88 00 01 00 01 00 04 65 16 00 04 D8 EF 26 0A
45 00 01 E8 C8 98 00 00 40 11 E6 8D 93 20 50 69 93 20 53 35 00 35 A3 37 01 D4 1F 79 B8 7A 81 80 00 01 00 05 00 08 00 08 04 65 64 67 65 0A 71 75 61 6E 74 73 65 72 76 65 03 63 6F 6D 00 00 01 00 01 C0 0C 00 05 00 01 00 00 29 13 00 22 06 6D 61 70 2D 6A 73 0A 71 75 61 6E 74 73 65 72 76 65 03 63 6F 6D 06 61 6B 61 64 6E 73 03 6E 65 74 00 C0 31 00 05 00 01 00 00 10 31 00 20 04 65 64 67 65 0A 71 75 61 6E 74 73 65 72 76 65 03 63 6F 6D 09 65 64 67 65 73 75 69 74 65 C0 4E C0 5F 00 05 00 01 00 00 0C F3 00 11 05 61 31 38 31 31 01 67 06 61 6B 61 6D 61 69 C0 4E C0 8B 00 01 00 01 00 00 00 14 00 04 C3 71 E8 59 C0 8B 00 01 00 01 00 00 00 14 00 04 C3 71 E8 49 C0 91 00 02 00 01 00 00 23 5D 00 06 03 6E 33 67 C0 93 C0 91 00 02 00 01 00 00 23 5D 00 06 03 6E 36 67 C0 93 C0 91 00 02 00 01 00 00 23 5D 00 06 03 6E 30 67 C0 93 C0 91 00 02 00 01 00 00 23 5D 00 06 03 6E 32 67 C0 93 C0 91 00 02 00 01 00 00 23 5D 00 06 03 6E 37 67 C0 93 C0 91 00 02 00 01 00 00 23 5D 00 06 03 6E 31 67 C0 93 C0 91 00 02 00 01 00 00 23 5D 00 06 03 6E 34 67 C0 93 C0 91 00 02 00 01 00 00 23 5D 00 06 03 6E 35 67 C0 93 C0 EC 00 01 00 01 00 00 23 5D 00 04 C3 71 E8 56 C1 22 00 01 00 01 00 00 4D 8D 00 04 50 EF C8 2E C0 FE 00 01 00 01 00 00 77 BD 00 04 17 3E ED 73 C0 C8 00 01 00 01 00 00 23 5D 00 04 58 DD 51 C3 C1 34 00 01 00 01 00 00 4D 8D 00 04 C3 71 E8 57 C1 46 00 01 00 01 00 00 77 BD 00 04 50 EF 94 5C C0 DA 00 01 00 01 00 00 23 5D 00 04 C3 71 E8 5C C1 10 00 01 00 01 00 00 4D 8D 00 04 C3 71 E8 55
45 00 00 3B 6A F9 40 00 40 11 05 DA 93 20 53 35 93 20 50 69 F6 66 00 35 00 27 CA 17 CA B3 01 00 00 01 00 00 00 00 00 00 09 73 74 61 63 6B 61 75 74 68 03 63 6F 6D 00 00 01 00 01
45 00 02 16 C8 9A 00 00 40 11 E6 5D 93 20 50 69 93 20 53 35 00 35 F8 BF 02 02 9D 75 FA AA 81 80 00 01 00 0A 00 0A 00 02 05 70 69 78 65 6C 0A 71 75 61 6E 74 73 65 72 76 65 03 63 6F 6D 00 00 01 00 01 C0 0C 00 05 00 01 00 00 66 7A 00 22 06 6D 61 70 2D 70 62 0A 71 75 61 6E 74 73 65 72 76 65 03 63 6F 6D 06 61 6B 61 64 6E 73 03 6E 65 74 00 C0 32 00 05 00 01 00 00 14 0A 00 11 0E 61 6E 79 63 61 73 74 2D 65 75 72 6F 70 65 C0 39 C0 60 00 01 00 01 00 00 01 2C 00 04 5F AC 5E 3B C0 60 00 01 00 01 00 00 01 2C 00 04 5F AC 5E 36 C0 60 00 01 00 01 00 00 01 2C 00 04 5F AC 5E 1E C0 60 00 01 00 01 00 00 01 2C 00 04 5F AC 5E 15 C0 60 00 01 00 01 00 00 01 2C 00 04 5F AC 5E 21 C0 60 00 01 00 01 00 00 01 2C 00 04 5F AC 5E 22 C0 60 00 01 00 01 00 00 01 2C 00 04 5F AC 5E 39 C0 60 00 01 00 01 00 00 01 2C 00 04 5F AC 5E 2A C0 48 00 02 00 01 00 01 C2 73 00 15 08 6E 73 32 30 2D 31 33 31 06 61 6B 61 64 6E 73 03 6F 72 67 00 C0 48 00 02 00 01 00 01 C2 73 00 0A 07 6E 73 33 2D 31 33 31 C1 06 C0 48 00 02 00 01 00 01 C2 73 00 0A 07 6E 73 36 2D 31 32 39 C0 48 C0 48 00 02 00 01 00 01 C2 73 00 0A 07 6E 73 36 2D 31 33 31 C1 06 C0 48 00 02 00 01 00 01 C2 73 00 0A 07 6E 73 31 2D 31 32 39 C0 48 C0 48 00 02 00 01 00 01 C2 73 00 0B 08 6E 73 31 31 2D 31 32 38 C0 48 C0 48 00 02 00 01 00 01 C2 73 00 0A 07 6E 73 32 2D 31 32 39 C0 48 C0 48 00 02 00 01 00 01 C2 73 00 0A 07 6E 73 33 2D 31 32 39 C0 48 C0 48 00 02 00 01 00 01 C2 73 00 0B 08 6E 73 31 37 2D 31 33 33 C1 06 C0 48 00 02 00 01 00 01 C2 73 00 0A 07 6E 73 32 2D 31 33 31 C1 06 C1 60 00 01 00 01 00 01 C2 73 00 04 C1 6C 58 81 C1 8D 00 01 00 01 00 01 C2 73 00 04 02 16 E6 81
45 00 01 45 C8 9B 00 00 40 11 E7 2D 93 20 50 69 93 20 53 35 00 35 49 4C 01 31 4F 01 25 A1 81 80 00 01 00 06 00 02 00 04 03 63 64 6E 07 73 73 74 61 74 69 63 03 6E 65 74 00 00 01 00 01 C0 0C 00 05 00 01 00 00 0C B7 00 1D 07 73 73 74 61 74 69 63 03 6E 65 74 03 63 64 6E 0A 63 6C 6F 75 64 66 6C 61 72 65 C0 18 C0 2D 00 01 00 01 00 00 01 2C 00 04 BE 5D F5 3A C0 2D 00 01 00 01 00 00 01 2C 00 04 BE 5D F4 3A C0 2D 00 01 00 01 00 00 01 2C 00 04 BE 5D F6 3A C0 2D 00 01 00 01 00 00 01 2C 00 04 8D 65 72 3B C0 2D 00 01 00 01 00 00 01 2C 00 04 BE 5D F7 3A C0 3D 00 02 00 01 00 02 4F 6C 00 18 04 6A 65 61 6E 02 6E 73 0A 63 6C 6F 75 64 66 6C 61 72 65 03 63 6F 6D 00 C0 3D 00 02 00 01 00 02 4F 6C 00 07 04 66 72 65 64 C0 AB C0 CA 00 01 00 01 00 00 FD EC 00 04 AD F5 3B 71 C0 CA 00 1C 00 01 00 00 FD EC 00 10 24 00 CB 00 20 49 00 01 00 00 00 00 AD F5 3B 71 C0 A6 00 01 00 01 00 00 FD EC 00 04 AD F5 3A 79 C0 A6 00 1C 00 01 00 00 FD EC 00 10 24 00 CB 00 20 49 00 01 00 00 00 00 AD F5 3A 79
45 00 00 B5 C8 A1 00 00 40 11 E7 B7 93 20 50 69 93 20 53 35 00 35 A0 5C 00 A1 B5 6E CD BA 81 80 00 01 00 01 00 03 00 02 03 74 65 78 0D 73 74 61 63 6B 65 78 63 68 61 6E 67 65 03 63 6F 6D 00 00 01 00 01 C0 0C 00 01 00 01 00 00 01 2C 00 04 C6 FC CE 10 C0 10 00 02 00 01 00 00 01 2C 00 12 03 6E 73 31 0B 73 65 72 76 65 72 66 61 75 6C 74 C0 1E C0 10 00 02 00 01 00 00 01 2C 00 06 03 6E 73 32 C0 47 C0 10 00 02 00 01 00 00 01 2C 00 06 03 6E 73 33 C0 47 C0 43 00 01 00 01 00 02 63 CA 00 04 C6 FC CE 50 C0 61 00 01 00 01 00 02 63 CA 00 04 C6 FC CE 51
45 00 00 AD C8 A2 00 00 40 11 E7 BE 93 20 50 69 93 20 53 35 00 35 F6 66 00 99 BA 3E CA B3 81 80 00 01 00 01 00 03 00 02 09 73 74 61 63 6B 61 75 74 68 03 63 6F 6D 00 00 01 00 01 C0 0C 00 01 00 01 00 00 01 2C 00 04 C6 FC CE 15 C0 0C 00 02 00 01 00 00 01 2C 00 12 03 6E 73 32 0B 73 65 72 76 65 72 66 61 75 6C 74 C0 16 C0 0C 00 02 00 01 00 00 01 2C 00 06 03 6E 73 31 C0 3F C0 0C 00 02 00 01 00 00 01 2C 00 06 03 6E 73 33 C0 3F C0 59 00 01 00 01 00 02 63 CA 00 04 C6 FC CE 50 C0 3B 00 01 00 01 00 02 63 CA 00 04 C6 FC CE 51
45 00 00 3D 6F 59 40 00 40 11 01 78 93 20 53 35 93 20 50 69 2C 84 00 35 00 29 CA 19 D0 89 01 00 00 01 00 00 00 00 00 00 03 73 73 6C 07 67 73 74 61 74 69 63 03 63 6F 6D 00 00 01 00 01
45 00 00 3C 6F 59 40 00 40 11 01 79 93 20 53 35 93 20 50 69 E1 A9 00 35 00 28 CA 18 6E 19 01 00 00 01 00 00 00 00 00 00 03 77 77 77 06 67 6F 6F 67 6C 65 03 63 6F 6D 00 00 01 00 01
45 00 00 3D 6F 59 40 00 40 11 01 78 93 20 53 35 93 20 50 69 4D AE 00 35 00 29 CA 19 D1 4E 01 00 00 01 00 00 00 00 00 00 03 77 77 77 07 67 73 74 61 74 69 63 03 63 6F 6D 00 00 01 00 01
45 00 00 DC C8 DE 00 00 40 11 E7 53 93 20 50 69 93 20 53 35 00 35 2C 84 00 C8 A9 6E D0 89 81 80 00 01 00 01 00 04 00 04 03 73 73 6C 07 67 73 74 61 74 69 63 03 63 6F 6D 00 00 01 00 01 C0 0C 00 01 00 01 00 00 01 2C 00 04 AD C2 23 4F C0 10 00 02 00 01 00 01 C2 11 00 0D 03 6E 73 34 06 67 6F 6F 67 6C 65 C0 18 C0 10 00 02 00 01 00 01 C2 11 00 06 03 6E 73 31 C0 41 C0 10 00 02 00 01 00 01 C2 11 00 06 03 6E 73 33 C0 41 C0 10 00 02 00 01 00 01 C2 11 00 06 03 6E 73 32 C0 41 C0 56 00 01 00 01 00 04 65 11 00 04 D8 EF 20 0A C0 7A 00 01 00 01 00 04 65 11 00 04 D8 EF 22 0A C0 68 00 01 00 01 00 04 65 11 00 04 D8 EF 24 0A C0 3D 00 01 00 01 00 04 65 11 00 04 D8 EF 26 0A
45 00 01 14 C8 DF 00 00 40 11 E7 1A 93 20 50 69 93 20 53 35 00 35 E1 A9 01 00 07 31 6E 19 81 80 00 01 00 05 00 04 00 04 03 77 77 77 06 67 6F 6F 67 6C 65 03 63 6F 6D 00 00 01 00 01 C0 0C 00 01 00 01 00 00 01 2C 00 04 AD C2 71 B3 C0 0C 00 01 00 01 00 00 01 2C 00 04 AD C2 71 B4 C0 0C 00 01 00 01 00 00 01 2C 00 04 AD C2 71 B2 C0 0C 00 01 00 01 00 00 01 2C 00 04 AD C2 71 B1 C0 0C 00 01 00 01 00 00 01 2C 00 04 AD C2 71 B0 C0 10 00 02 00 01 00 01 C2 11 00 06 03 6E 73 31 C0 10 C0 10 00 02 00 01 00 01 C2 11 00 06 03 6E 73 33 C0 10 C0 10 00 02 00 01 00 01 C2 11 00 06 03 6E 73 32 C0 10 C0 10 00 02 00 01 00 01 C2 11 00 06 03 6E 73 34 C0 10 C0 7C 00 01 00 01 00 04 65 11 00 04 D8 EF 20 0A C0 A0 00 01 00 01 00 04 65 11 00 04 D8 EF 22 0A C0 8E 00 01 00 01 00 04 65 11 00 04 D8 EF 24 0A C0 B2 00 01 00 01 00 04 65 11 00 04 D8 EF 26 0A
45 00 00 DC C8 E0 00 00 40 11 E7 51 93 20 50 69 93 20 53 35 00 35 4D AE 00 C8 E6 63 D1 4E 81 80 00 01 00 01 00 04 00 04 03 77 77 77 07 67 73 74 61 74 69 63 03 63 6F 6D 00 00 01 00 01 C0 0C 00 01 00 01 00 00 01 2C 00 04 AD C2 2C EF C0 10 00 02 00 01 00 01 C2 11 00 0D 03 6E 73 31 06 67 6F 6F 67 6C 65 C0 18 C0 10 00 02 00 01 00 01 C2 11 00 06 03 6E 73 33 C0 41 C0 10 00 02 00 01 00 01 C2 11 00 06 03 6E 73 32 C0 41 C0 10 00 02 00 01 00 01 C2 11 00 06 03 6E 73 34 C0 41 C0 3D 00 01 00 01 00 04 65 11 00 04 D8 EF 20 0A C0 68 00 01 00 01 00 04 65 11 00 04 D8 EF 22 0A C0 56 00 01 00 01 00 04 65 11 00 04 D8 EF 24 0A C0 7A 00 01 00 01 00 04 65 11 00 04 D8 EF 26 0A
45 00 00 45 6F 7E 40 00 40 11 01 4B 93 20 53 35 93 20 50 69 BF A5 00 35 00 31 CA 21 25 7C 01 00 00 01 00 00 00 00 00 00 03 77 77 77 0F 6C 61 74 65 78 2D 63 6F 6D 6D 75 6E 69 74 79 03 6F 72 67 00 00 01 00 01
45 00 00 B7 C8 E1 00 00 40 11 E7 75 93 20 50 69 93 20 53 35 00 35 BF A5 00 A3 9B 7C 25 7C 81 80 00 01 00 02 00 02 00 02 03 77 77 77 0F 6C 61 74 65 78 2D 63 6F 6D 6D 75 6E 69 74 79 03 6F 72 67 00 00 01 00 01 C0 0C 00 05 00 01 00 00 07 08 00 02 C0 10 C0 10 00 01 00 01 00 00 07 08 00 04 B0 09 D4 BC C0 10 00 02 00 01 00 01 4A 78 00 16 02 6E 73 0D 6E 61 6D 65 73 70 61 63 65 34 79 6F 75 03 63 6F 6D 00 C0 10 00 02 00 01 00 01 4A 78 00 06 03 6E 73 32 C0 56 C0 53 00 01 00 01 00 02 66 C9 00 04 50 43 10 7C C0 75 00 01 00 01 00 02 66 C9 00 04 C1 DF 4D 03
45 00 00 39 6F E7 40 00 40 11 00 EE 93 20 53 35 93 20 50 69 27 CB 00 35 00 25 CA 15 CB A5 01 00 00 01 00 00 00 00 00 00 07 74 65 78 62 6C 6F 67 03 6E 65 74 00 00 01 00 01
45 00 00 3C 6F E8 40 00 40 11 00 EA 93 20 53 35 93 20 50 69 3A BC 00 35 00 28 CA 18 C4 92 01 00 00 01 00 00 00 00 00 00 03 77 77 77 07 67 6F 6C 61 74 65 78 02 64 65 00 00 01 00 01
45 00 00 42 6F E8 40 00 40 11 00 E4 93 20 53 35 93 20 50 69 A1 17 00 35 00 2E CA 1E AF 3E 01 00 00 01 00 00 00 00 00 00 03 77 77 77 0C 74 65 78 6E 69 63 63 65 6E 74 65 72 03 6F 72 67 00 00 01 00 01
45 00 00 3E 6F E8 40 00 40 11 00 E8 93 20 53 35 93 20 50 69 D7 90 00 35 00 2A CA 1A A3 A3 01 00 00 01 00 00 00 00 00 00 03 77 77 77 08 74 65 78 61 6D 70 6C 65 03 6E 65 74 00 00 01 00 01
45 00 01 18 C8 F2 00 00 40 11 E7 03 93 20 50 69 93 20 53 35 00 35 D7 90 01 04 48 04 A3 A3 81 80 00 01 00 01 00 03 00 05 03 77 77 77 08 74 65 78 61 6D 70 6C 65 03 6E 65 74 00 00 01 00 01 C0 0C 00 01 00 01 00 01 51 80 00 04 B0 09 D4 BB C0 10 00 02 00 01 00 01 51 80 00 11 03 6E 73 31 08 66 69 72 73 74 2D 6E 73 02 64 65 00 C0 10 00 02 00 01 00 01 51 80 00 18 08 72 6F 62 6F 74 6E 73 33 09 73 65 63 6F 6E 64 2D 6E 73 03 63 6F 6D 00 C0 10 00 02 00 01 00 01 51 80 00 15 08 72 6F 62 6F 74 6E 73 32 09 73 65 63 6F 6E 64 2D 6E 73 C0 4B C0 3E 00 01 00 01 00 00 01 73 00 04 D5 EF F2 EE C0 3E 00 1C 00 01 00 00 00 46 00 10 2A 01 04 F8 00 00 A1 01 00 00 00 00 00 0A 00 01 C0 7F 00 01 00 01 00 00 FF 59 00 04 D5 85 69 06 C0 5B 00 01 00 01 00 00 0C 8F 00 04 C1 2F 63 03 C0 5B 00 1C 00 01 00 02 6C CC 00 10 2A 00 11 58 00 04 00 00 00 00 00 00 0A DD 00 A3
45 00 01 14 C8 F3 00 00 40 11 E7 06 93 20 50 69 93 20 53 35 00 35 3A BC 01 00 BD 17 C4 92 81 80 00 01 00 01 00 03 00 05 03 77 77 77 07 67 6F 6C 61 74 65 78 02 64 65 00 00 01 00 01 C0 0C 00 01 00 01 00 01 51 80 00 04 2E 04 32 94 C0 10 00 02 00 01 00 01 51 80 00 15 08 72 6F 62 6F 74 6E 73 32 09 73 65 63 6F 6E 64 2D 6E 73 C0 18 C0 10 00 02 00 01 00 01 51 80 00 18 08 72 6F 62 6F 74 6E 73 33 09 73 65 63 6F 6E 64 2D 6E 73 03 63 6F 6D 00 C0 10 00 02 00 01 00 01 51 80 00 0F 03 6E 73 31 08 66 69 72 73 74 2D 6E 73 C0 18 C0 81 00 01 00 01 00 00 01 73 00 04 D5 EF F2 EE C0 81 00 1C 00 01 00 00 00 46 00 10 2A 01 04 F8 00 00 A1 01 00 00 00 00 00 0A 00 01 C0 3C 00 01 00 01 00 00 FF 59 00 04 D5 85 69 06 C0 5D 00 01 00 01 00 00 0C 8F 00 04 C1 2F 63 03 C0 5D 00 1C 00 01 00 02 6C CC 00 10 2A 00 11 58 00 04 00 00 00 00 00 00 0A DD 00 A3
45 00 00 B4 C8 F5 00 00 40 11 E7 64 93 20 50 69 93 20 53 35 00 35 A1 17 00 A0 D5 FC AF 3E 81 80 00 01 00 02 00 02 00 02 03 77 77 77 0C 74 65 78 6E 69 63 63 65 6E 74 65 72 03 6F 72 67 00 00 01 00 01 C0 0C 00 05 00 01 00 00 0E 10 00 02 C0 10 C0 10 00 01 00 01 00 00 0E 10 00 04 57 E6 29 82 C0 10 00 02 00 01 00 01 51 80 00 17 03 6E 73 32 0D 6E 61 6D 65 73 70 61 63 65 34 79 6F 75 03 63 6F 6D 00 C0 10 00 02 00 01 00 01 51 80 00 05 02 6E 73 C0 54 C0 73 00 01 00 01 00 02 66 C9 00 04 50 43 10 7C C0 50 00 01 00 01 00 02 66 C9 00 04 C1 DF 4D 03
45 00 00 9E C8 F6 00 00 40 11 E7 79 93 20 50 69 93 20 53 35 00 35 27 CB 00 8A D1 5D CB A5 81 80 00 01 00 01 00 02 00 02 07 74 65 78 62 6C 6F 67 03 6E 65 74 00 00 01 00 01 C0 0C 00 01 00 01 00 00 1C 20 00 04 51 A9 91 57 C0 0C 00 02 00 01 00 00 1C 20 00 13 08 73 68 61 64 65 73 31 31 05 72 7A 6F 6E 65 02 64 65 00 C0 0C 00 02 00 01 00 00 1C 20 00 0A 07 64 6F 63 6B 73 30 35 C0 42 C0 58 00 01 00 01 00 01 51 80 00 04 51 A9 92 0F C0 39 00 01 00 01 00 01 51 80 00 04 55 D6 00 F1
45 00 00 3F 70 30 40 00 40 11 00 9F 93 20 53 35 93 20 50 69 9C B2 00 35 00 2B CA 1B 57 DE 01 00 00 01 00 00 00 00 00 00 04 6C 69 6E 6B 08 70 61 63 6B 74 70 75 62 03 63 6F 6D 00 00 01 00 01
45 00 00 3A 70 30 40 00 40 11 00 A4 93 20 53 35 93 20 50 69 AA 4B 00 35 00 26 CA 16 59 22 01 00 00 01 00 00 00 00 00 00 08 74 65 78 61 6D 70 6C 65 03 6E 65 74 00 00 01 00 01
45 00 00 38 70 30 40 00 40 11 00 A6 93 20 53 35 93 20 50 69 71 50 00 35 00 24 CA 14 DE A9 01 00 00 01 00 00 00 00 00 00 07 74 65 78 77 65 6C 74 02 64 65 00 00 01 00 01
45 00 01 3D C8 FB 00 00 40 11 E6 D5 93 20 50 69 93 20 53 35 00 35 9C B2 01 29 3F 69 57 DE 81 80 00 01 00 01 00 04 00 06 04 6C 69 6E 6B 08 70 61 63 6B 74 70 75 62 03 63 6F 6D 00 00 01 00 01 C0 0C 00 01 00 01 00 01 51 80 00 04 53 A6 A9 F2 C0 11 00 02 00 01 00 02 A3 00 00 13 04 64 6E 73 34 07 65 61 73 79 64 6E 73 04 69 6E 66 6F 00 C0 11 00 02 00 01 00 02 A3 00 00 12 04 64 6E 73 33 07 65 61 73 79 64 6E 73 03 6F 72 67 00 C0 11 00 02 00 01 00 02 A3 00 00 12 04 64 6E 73 32 07 65 61 73 79 64 6E 73 03 6E 65 74 00 C0 11 00 02 00 01 00 02 A3 00 00 0F 04 64 6E 73 31 07 65 61 73 79 64 6E 73 C0 1A C0 9A 00 01 00 01 00 02 56 E7 00 04 40 44 C0 D2 C0 9A 00 1C 00 01 00 02 56 E7 00 10 20 01 18 38 F0 01 00 00 00 00 00 00 00 00 00 10 C0 7C 00 01 00 01 00 00 17 B6 00 04 48 34 02 01 C0 5E 00 01 00 01 00 01 20 AE 00 04 40 44 C3 0A C0 3F 00 01 00 01 00 00 5C A7 00 04 C2 00 02 13 C0 3F 00 1C 00 01 00 00 5C A7 00 10 20 01 06 78 00 05 00 00 00 00 00 00 00 00 00 13
45 00 00 3B 70 33 40 00 40 11 00 A0 93 20 53 35 93 20 50 69 74 96 00 35 00 27 CA 17 74 18 01 00 00 01 00 00 00 00 00 00 03 77 77 77 05 70 68 70 62 62 03 63 6F 6D 00 00 01 00 01
45 00 00 D7 C8 FC 00 00 40 11 E7 3A 93 20 50 69 93 20 53 35 00 35 74 96 00 C3 FD B2 74 18 81 80 00 01 00 01 00 02 00 04 03 77 77 77 05 70 68 70 62 62 03 63 6F 6D 00 00 01 00 01 C0 0C 00 01 00 01 00 00 00 33 00 04 8C D3 0F F4 C0 10 00 02 00 01 00 02 66 C6 00 15 04 65 72 69 6E 02 6E 73 0A 63 6C 6F 75 64 66 6C 61 72 65 C0 16 C0 10 00 02 00 01 00 02 66 C6 00 07 04 65 72 69 63 C0 40 C0 5C 00 01 00 01 00 02 2E AB 00 04 AD F5 3B 70 C0 5C 00 1C 00 01 00 02 2E AB 00 10 24 00 CB 00 20 49 00 01 00 00 00 00 AD F5 3B 70 C0 3B 00 01 00 01 00 02 66 C6 00 04 AD F5 3A 71 C0 3B 00 1C 00 01 00 02 66 C6 00 10 24 00 CB 00 20 49 00 01 00 00 00 00 AD F5 3A 71
45 00 01 14 C8 FE 00 00 40 11 E6 FB 93 20 50 69 93 20 53 35 00 35 AA 4B 01 00 23 B7 59 22 81 80 00 01 00 01 00 03 00 05 08 74 65 78 61 6D 70 6C 65 03 6E 65 74 00 00 01 00 01 C0 0C 00 01 00 01 00 01 51 80 00 04 B0 09 D4 BB C0 0C 00 02 00 01 00 01 51 7F 00 17 08 72 6F 62 6F 74 6E 73 32 09 73 65 63 6F 6E 64 2D 6E 73 02 64 65 00 C0 0C 00 02 00 01 00 01 51 7F 00 0F 03 6E 73 31 08 66 69 72 73 74 2D 6E 73 C0 4D C0 0C 00 02 00 01 00 01 51 7F 00 18 08 72 6F 62 6F 74 6E 73 33 09 73 65 63 6F 6E 64 2D 6E 73 03 63 6F 6D 00 C0 5D 00 01 00 01 00 00 01 72 00 04 D5 EF F2 EE C0 5D 00 1C 00 01 00 00 00 45 00 10 2A 01 04 F8 00 00 A1 01 00 00 00 00 00 0A 00 01 C0 3A 00 01 00 01 00 00 FF 58 00 04 D5 85 69 06 C0 78 00 01 00 01 00 00 0C 8E 00 04 C1 2F 63 03 C0 78 00 1C 00 01 00 02 6C CB 00 10 2A 00 11 58 00 04 00 00 00 00 00 00 0A DD 00 A3
45 00 01 10 C9 00 00 00 40 11 E6 FD 93 20 50 69 93 20 53 35 00 35 71 50 00 FC CB 5C DE A9 81 80 00 01 00 01 00 03 00 05 07 74 65 78 77 65 6C 74 02 64 65 00 00 01 00 01 C0 0C 00 01 00 01 00 01 51 80 00 04 B0 09 57 63 C0 0C 00 02 00 01 00 01 51 80 00 18 08 72 6F 62 6F 74 6E 73 33 09 73 65 63 6F 6E 64 2D 6E 73 03 63 6F 6D 00 C0 0C 00 02 00 01 00 01 51 80 00 0F 03 6E 73 31 08 66 69 72 73 74 2D 6E 73 C0 14 C0 0C 00 02 00 01 00 01 51 80 00 15 08 72 6F 62 6F 74 6E 73 32 09 73 65 63 6F 6E 64 2D 6E 73 C0 14 C0 5C 00 01 00 01 00 00 01 72 00 04 D5 EF F2 EE C0 5C 00 1C 00 01 00 00 00 45 00 10 2A 01 04 F8 00 00 A1 01 00 00 00 00 00 0A 00 01 C0 77 00 01 00 01 00 00 FF 58 00 04 D5 85 69 06 C0 38 00 01 00 01 00 00 0C 8E 00 04 C1 2F 63 03 C0 38 00 1C 00 01 00 02 6C CB 00 10 2A 00 11 58 00 04 00 00 00 00 00 00 0A DD 00 A3
45 00 00 3F 72 8C 40 00 40 11 FE 42 93 20 53 35 93 20 50 69 4C 1E 00 35 00 2B CA 1B 11 4D 01 00 00 01 00 00 00 00 00 00 03 77 77 77 06 67 6F 6F 67 6C 65 03 63 6F 6D 02 61 72 00 00 01 00 01
45 00 01 01 C9 34 00 00 40 11 E6 D8 93 20 50 69 93 20 53 35 00 35 4C 1E 00 ED 53 65 11 4D 81 80 00 01 00 03 00 04 00 04 03 77 77 77 06 67 6F 6F 67 6C 65 03 63 6F 6D 02 61 72 00 00 01 00 01 C0 0C 00 01 00 01 00 00 01 2C 00 04 AD C2 71 BF C0 0C 00 01 00 01 00 00 01 2C 00 04 AD C2 71 B7 C0 0C 00 01 00 01 00 00 01 2C 00 04 AD C2 71 B8 C0 10 00 02 00 01 00 00 0C AD 00 10 03 6E 73 34 06 67 6F 6F 67 6C 65 03 63 6F 6D 00 C0 10 00 02 00 01 00 00 0C AD 00 06 03 6E 73 32 C0 63 C0 10 00 02 00 01 00 00 0C AD 00 06 03 6E 73 33 C0 63 C0 10 00 02 00 01 00 00 0C AD 00 06 03 6E 73 31 C0 63 C0 9F 00 01 00 01 00 04 65 0E 00 04 D8 EF 20 0A C0 7B 00 01 00 01 00 04 65 0E 00 04 D8 EF 22 0A C0 8D 00 01 00 01 00 04 65 0E 00 04 D8 EF 24 0A C0 5F 00 01 00 01 00 04 65 0E 00 04 D8 EF 26 0A
45 00 00 3A 72 B0 40 00 40 11 FE 23 93 20 53 35 93 20 50 69 26 FF 00 35 00 26 CA 16 BB DE 01 00 00 01 00 00 00 00 00 00 04 63 74 61 6E 03 74 75 67 03 6F 72 67 00 00 01 00 01
45 00 00 DA C9 35 00 00 40 11 E6 FE 93 20 50 69 93 20 53 35 00 35 26 FF 00 C6 CC 02 BB DE 81 80 00 01 00 02 00 03 00 03 04 63 74 61 6E 03 74 75 67 03 6F 72 67 00 00 01 00 01 C0 0C 00 05 00 01 00 00 31 35 00 11 06 63 6F 6D 65 64 79 05 64 61 6E 74 65 02 64 65 00 C0 2A 00 01 00 01 00 00 07 05 00 04 B0 1C 36 B8 C0 31 00 02 00 01 00 00 07 05 00 0B 03 6E 73 32 04 65 74 65 73 C0 37 C0 31 00 02 00 01 00 00 07 05 00 02 C0 2A C0 31 00 02 00 01 00 00 07 05 00 06 03 6E 73 33 C0 5B C0 57 00 01 00 01 00 01 4A 75 00 04 BC 5E 71 2F C0 57 00 1C 00 01 00 01 4A 75 00 10 2A 01 01 98 02 A0 00 00 00 00 00 00 00 00 00 47 C0 7C 00 01 00 01 00 01 4A 75 00 04 2E ED DC E6
45 00 00 3E A9 71 40 00 40 11 C7 5E 93 20 53 35 93 20 50 69 B9 31 00 35 00 2A CA 1A 50 99 01 00 00 01 00 00 00 00 00 00 03 65 65 73 08 65 6C 73 65 76 69 65 72 03 63 6F 6D 00 00 01 00 01
45 00 00 BC CD 98 00 00 40 11 E2 B9 93 20 50 69 93 20 53 35 00 35 B9 31 00 A8 FC 3C 50 99 81 80 00 01 00 02 00 02 00 02 03 65 65 73 08 65 6C 73 65 76 69 65 72 03 63 6F 6D 00 00 01 00 01 C0 0C 00 05 00 01 00 00 18 EB 00 0A 07 67 73 73 70 72 6F 64 C0 10 C0 2E 00 01 00 01 00 00 00 05 00 04 91 24 D7 B4 C0 2E 00 02 00 01 00 00 18 EB 00 10 0D 73 65 75 6B 6F 78 66 61 67 73 73 30 31 C0 10 C0 2E 00 02 00 01 00 00 18 EB 00 10 0D 73 65 75 6B 72 65 61 61 67 73 73 30 31 C0 10 C0 54 00 01 00 01 00 00 18 EB 00 04 91 24 D6 A4 C0 70 00 01 00 01 00 00 18 EB 00 04 91 24 1E 78
45 00 00 3E F1 C0 40 00 40 11 7F 0F 93 20 53 35 93 20 50 69 0B 8F 00 35 00 2A CA 1A CA 74 01 00 00 01 00 00 00 00 00 00 03 65 65 73 08 65 6C 73 65 76 69 65 72 03 63 6F 6D 00 00 01 00 01
45 00 00 BC D7 AD 00 00 40 11 D8 A4 93 20 50 69 93 20 53 35 00 35 0B 8F 00 A8 31 76 CA 74 81 80 00 01 00 02 00 02 00 02 03 65 65 73 08 65 6C 73 65 76 69 65 72 03 63 6F 6D 00 00 01 00 01 C0 0C 00 05 00 01 00 00 18 A1 00 0A 07 67 73 73 70 72 6F 64 C0 10 C0 2E 00 01 00 01 00 00 00 05 00 04 91 24 D7 B4 C0 2E 00 02 00 01 00 00 18 A1 00 10 0D 73 65 75 6B 6F 78 66 61 67 73 73 30 31 C0 10 C0 2E 00 02 00 01 00 00 18 A1 00 10 0D 73 65 75 6B 72 65 61 61 67 73 73 30 31 C0 10 C0 54 00 01 00 01 00 00 18 A1 00 04 91 24 D6 A4 C0 70 00 01 00 01 00 00 18 A1 00 04 91 24 1E 78
45 00 00 3E 39 FA 40 00 40 11 36 D6 93 20 53 35 93 20 50 69 CB 91 00 35 00 2A CA 1A 1A 31 01 00 00 01 00 00 00 00 00 00 03 65 65 73 08 65 6C 73 65 76 69 65 72 03 63 6F 6D 00 00 01 00 01
45 00 00 BC DD B0 00 00 40 11 D2 A1 93 20 50 69 93 20 53 35 00 35 CB 91 00 A8 23 29 1A 31 81 80 00 01 00 02 00 02 00 02 03 65 65 73 08 65 6C 73 65 76 69 65 72 03 63 6F 6D 00 00 01 00 01 C0 0C 00 05 00 01 00 00 18 57 00 0A 07 67 73 73 70 72 6F 64 C0 10 C0 2E 00 01 00 01 00 00 00 05 00 04 91 24 D7 B4 C0 2E 00 02 00 01 00 00 18 57 00 10 0D 73 65 75 6B 72 65 61 61 67 73 73 30 31 C0 10 C0 2E 00 02 00 01 00 00 18 57 00 10 0D 73 65 75 6B 6F 78 66 61 67 73 73 30 31 C0 10 C0 70 00 01 00 01 00 00 18 57 00 04 91 24 D6 A4 C0 54 00 01 00 01 00 00 18 57 00 04 91 24 1E 78
45 00 00 3D 4B 94 40 00 40 11 25 3D 93 20 53 35 93 20 50 69 8F CC 00 35 00 29 CA 19 96 BB 01 00 00 01 00 00 00 00 00 00 04 70 6C 75 73 06 67 6F 6F 67 6C 65 03 63 6F 6D 00 00 01 00 01
45 00 01 B5 DF 29 00 00 40 11 D0 2F 93 20 50 69 93 20 53 35 00 35 8F CC 01 A1 AF BB 96 BB 81 80 00 01 00 0F 00 04 00 04 04 70 6C 75 73 06 67 6F 6F 67 6C 65 03 63 6F 6D 00 00 01 00 01 C0 0C 00 01 00 01 00 00 01 27 00 04 C3 71 D6 DD C0 0C 00 01 00 01 00 00 01 27 00 04 C3 71 D6 DB C0 0C 00 01 00 01 00 00 01 27 00 04 C3 71 D6 E2 C0 0C 00 01 00 01 00 00 01 27 00 04 C3 71 D6 F9 C0 0C 00 01 00 01 00 00 01 27 00 04 C3 71 D6 E6 C0 0C 00 01 00 01 00 00 01 27 00 04 C3 71 D6 CF C0 0C 00 01 00 01 00 00 01 27 00 04 C3 71 D6 D7 C0 0C 00 01 00 01 00 00 01 27 00 04 C3 71 D6 FB C0 0C 00 01 00 01 00 00 01 27 00 04 C3 71 D6 F5 C0 0C 00 01 00 01 00 00 01 27 00 04 C3 71 D6 D3 C0 0C 00 01 00 01 00 00 01 27 00 04 C3 71 D6 EA C0 0C 00 01 00 01 00 00 01 27 00 04 C3 71 D6 ED C0 0C 00 01 00 01 00 00 01 27 00 04 C3 71 D6 DE C0 0C 00 01 00 01 00 00 01 27 00 04 C3 71 D6 EC C0 0C 00 01 00 01 00 00 01 27 00 04 C3 71 D6 F1 C0 11 00 02 00 01 00 01 C1 30 00 06 03 6E 73 33 C0 11 C0 11 00 02 00 01 00 01 C1 30 00 06 03 6E 73 31 C0 11 C0 11 00 02 00 01 00 01 C1 30 00 06 03 6E 73 34 C0 11 C0 11 00 02 00 01 00 01 C1 30 00 06 03 6E 73 32 C0 11 C1 2F 00 01 00 01 00 04 64 30 00 04 D8 EF 20 0A C1 53 00 01 00 01 00 04 64 30 00 04 D8 EF 22 0A C1 1D 00 01 00 01 00 04 64 30 00 04 D8 EF 24 0A C1 41 00 01 00 01 00 04 64 30 00 04 D8 EF 26 0A
45 00 00 3E 80 4A 40 00 40 11 F0 85 93 20 53 35 93 20 50 69 54 3D 00 35 00 2A CA 1A A5 C5 01 00 00 01 00 00 00 00 00 00 03 65 65 73 08 65 6C 73 65 76 69 65 72 03 63 6F 6D 00 00 01 00 01
45 00 00 BC E2 1A 00 00 40 11 CE 37 93 20 50 69 93 20 53 35 00 35 54 3D 00 A8 10 51 A5 C5 81 80 00 01 00 02 00 02 00 02 03 65 65 73 08 65 6C 73 65 76 69 65 72 03 63 6F 6D 00 00 01 00 01 C0 0C 00 05 00 01 00 00 18 0F 00 0A 07 67 73 73 70 72 6F 64 C0 10 C0 2E 00 01 00 01 00 00 00 05 00 04 91 24 D7 B4 C0 2E 00 02 00 01 00 00 18 0F 00 10 0D 73 65 75 6B 72 65 61 61 67 73 73 30 31 C0 10 C0 2E 00 02 00 01 00 00 18 0F 00 10 0D 73 65 75 6B 6F 78 66 61 67 73 73 30 31 C0 10 C0 70 00 01 00 01 00 00 18 0F 00 04 91 24 D6 A4 C0 54 00 01 00 01 00 00 18 0F 00 04 91 24 1E 78
45 00 00 3E C8 96 40 00 40 11 A8 39 93 20 53 35 93 20 50 69 CE 01 00 35 00 2A CA 1A 60 98 01 00 00 01 00 00 00 00 00 00 03 65 65 73 08 65 6C 73 65 76 69 65 72 03 63 6F 6D 00 00 01 00 01
45 00 00 44 C8 98 40 00 40 11 A8 31 93 20 53 35 93 20 50 69 B4 A5 00 35 00 30 CA 20 23 1C 01 00 00 01 00 00 00 00 00 00 09 53 75 70 65 72 4E 6F 76 61 04 66 65 6C 6B 04 63 76 75 74 02 63 7A 00 00 1C 00 01
45 00 00 76 E7 1A 00 00 40 11 C9 7D 93 20 50 69 93 20 53 35 00 35 B4 A5 00 62 EA 10 23 1C 85 83 00 01 00 00 00 01 00 00 09 53 75 70 65 72 4E 6F 76 61 04 66 65 6C 6B 04 63 76 75 74 02 63 7A 00 00 1C 00 01 C0 16 00 06 00 01 00 00 0E 10 00 26 02 6E 73 C0 16 0A 68 6F 73 74 6D 61 73 74 65 72 C0 16 77 FD 80 15 00 00 54 60 00 00 0E 10 00 12 75 00 00 00 0E 10
45 00 00 37 C8 98 40 00 40 11 A8 3E 93 20 53 35 93 20 50 69 C1 87 00 35 00 23 CA 13 CF D4 01 00 00 01 00 00 00 00 00 00 09 53 75 70 65 72 4E 6F 76 61 00 00 1C 00 01
45 00 00 82 E7 1B 00 00 40 11 C9 70 93 20 50 69 93 20 53 35 00 35 C1 87 00 6E DB C0 CF D4 81 83 00 01 00 00 00 01 00 00 09 53 75 70 65 72 4E 6F 76 61 00 00 1C 00 01 00 00 06 00 01 00 00 1C 20 00 40 01 61 0C 72 6F 6F 74 2D 73 65 72 76 65 72 73 03 6E 65 74 00 05 6E 73 74 6C 64 0C 76 65 72 69 73 69 67 6E 2D 67 72 73 03 63 6F 6D 00 77 FD 80 14 00 00 07 08 00 00 03 84 00 09 3A 80 00 01 51 80
45 00 00 BC E7 1C 00 00 40 11 C9 35 93 20 50 69 93 20 53 35 00 35 CE 01 00 A8 DD 2B 60 98 81 80 00 01 00 02 00 02 00 02 03 65 65 73 08 65 6C 73 65 76 69 65 72 03 63 6F 6D 00 00 01 00 01 C0 0C 00 05 00 01 00 00 17 C5 00 0A 07 67 73 73 70 72 6F 64 C0 10 C0 2E 00 01 00 01 00 00 00 05 00 04 91 24 D7 B4 C0 2E 00 02 00 01 00 00 17 C5 00 10 0D 73 65 75 6B 6F 78 66 61 67 73 73 30 31 C0 10 C0 2E 00 02 00 01 00 00 17 C5 00 10 0D 73 65 75 6B 72 65 61 61 67 73 73 30 31 C0 10 C0 54 00 01 00 01 00 00 17 C5 00 04 91 24 D6 A4 C0 70 00 01 00 01 00 00 17 C5 00 04 91 24 1E 78
45 00 00 3E 0E DD 40 00 40 11 61 F3 93 20 53 35 93 20 50 69 05 97 00 35 00 2A CA 1A E1 9D 01 00 00 01 00 00 00 00 00 00 03 65 65 73 08 65 6C 73 65 76 69 65 72 03 63 6F 6D 00 00 01 00 01
45 00 00 BC F0 54 00 00 40 11 BF FD 93 20 50 69 93 20 53 35 00 35 05 97 00 A8 25 F9 E1 9D 81 80 00 01 00 02 00 02 00 02 03 65 65 73 08 65 6C 73 65 76 69 65 72 03 63 6F 6D 00 00 01 00 01 C0 0C 00 05 00 01 00 00 17 7D 00 0A 07 67 73 73 70 72 6F 64 C0 10 C0 2E 00 01 00 01 00 00 00 05 00 04 91 24 D7 B4 C0 2E 00 02 00 01 00 00 17 7D 00 10 0D 73 65 75 6B 72 65 61 61 67 73 73 30 31 C0 10 C0 2E 00 02 00 01 00 00 17 7D 00 10 0D 73 65 75 6B 6F 78 66 61 67 73 73 30 31 C0 10 C0 70 00 01 00 01 00 00 17 7D 00 04 91 24 D6 A4 C0 54 00 01 00 01 00 00 17 7D 00 04 91 24 1E 78
45 00 00 3E 55 2E 40 00 40 11 1B A2 93 20 53 35 93 20 50 69 56 32 00 35 00 2A CA 1A EE 77 01 00 00 01 00 00 00 00 00 00 03 65 65 73 08 65 6C 73 65 76 69 65 72 03 63 6F 6D 00 00 01 00 01
45 00 00 BC F4 AF 00 00 40 11 BB A2 93 20 50 69 93 20 53 35 00 35 56 32 00 A8 C9 EF EE 77 81 80 00 01 00 02 00 02 00 02 03 65 65 73 08 65 6C 73 65 76 69 65 72 03 63 6F 6D 00 00 01 00 01 C0 0C 00 05 00 01 00 00 17 35 00 0A 07 67 73 73 70 72 6F 64 C0 10 C0 2E 00 01 00 01 00 00 00 05 00 04 91 24 D7 B4 C0 2E 00 02 00 01 00 00 17 34 00 10 0D 73 65 75 6B 6F 78 66 61 67 73 73 30 31 C0 10 C0 2E 00 02 00 01 00 00 17 34 00 10 0D 73 65 75 6B 72 65 61 61 67 73 73 30 31 C0 10 C0 54 00 01 00 01 00 00 17 34 00 04 91 24 D6 A4 C0 70 00 01 00 01 00 00 17 34 00 04 91 24 1E 78
45 00 00 3F 79 3C 40 00 40 11 F7 92 93 20 53 35 93 20 50 69 CA 09 00 35 00 2B CA 1B 18 51 01 00 00 01 00 00 00 00 00 00 03 77 77 77 06 67 6F 6F 67 6C 65 03 63 6F 6D 02 61 72 00 00 01 00 01
45 00 01 01 F9 BD 00 00 40 11 B6 4F 93 20 50 69 93 20 53 35 00 35 CA 09 00 ED 66 86 18 51 81 80 00 01 00 03 00 04 00 04 03 77 77 77 06 67 6F 6F 67 6C 65 03 63 6F 6D 02 61 72 00 00 01 00 01 C0 0C 00 01 00 01 00 00 01 2C 00 04 AD C2 71 B8 C0 0C 00 01 00 01 00 00 01 2C 00 04 AD C2 71 B7 C0 0C 00 01 00 01 00 00 01 2C 00 04 AD C2 71 BF C0 10 00 02 00 01 00 00 0A 9A 00 10 03 6E 73 32 06 67 6F 6F 67 6C 65 03 63 6F 6D 00 C0 10 00 02 00 01 00 00 0A 9A 00 06 03 6E 73 31 C0 63 C0 10 00 02 00 01 00 00 0A 9A 00 06 03 6E 73 34 C0 63 C0 10 00 02 00 01 00 00 0A 9A 00 06 03 6E 73 33 C0 63 C0 7B 00 01 00 01 00 04 62 FB 00 04 D8 EF 20 0A C0 5F 00 01 00 01 00 04 62 FB 00 04 D8 EF 22 0A C0 9F 00 01 00 01 00 04 62 FB 00 04 D8 EF 24 0A C0 8D 00 01 00 01 00 04 62 FB 00 04 D8 EF 26 0A
45 00 00 41 83 47 40 00 40 11 ED 85 93 20 53 35 93 20 50 69 A9 D4 00 35 00 2D CA 1D 3C 0E 01 00 00 01 00 00 00 00 00 00 0F 6C 61 74 65 78 2D 63 6F 6D 6D 75 6E 69 74 79 03 6F 72 67 00 00 01 00 01
45 00 00 3D 83 47 40 00 40 11 ED 89 93 20 53 35 93 20 50 69 F8 CC 00 35 00 29 CA 19 07 85 01 00 00 01 00 00 00 00 00 00 04 73 65 69 73 04 62 72 69 73 02 61 63 02 75 6B 00 00 01 00 01
45 00 00 39 83 47 40 00 40 11 ED 8D 93 20 53 35 93 20 50 69 7E D3 00 35 00 25 CA 15 CF 12 01 00 00 01 00 00 00 00 00 00 07 74 65 78 6C 69 76 65 03 6F 72 67 00 00 01 00 01
45 00 00 A5 FA 4D 00 00 40 11 B6 1B 93 20 50 69 93 20 53 35 00 35 A9 D4 00 91 25 61 3C 0E 81 80 00 01 00 01 00 02 00 02 0F 6C 61 74 65 78 2D 63 6F 6D 6D 75 6E 69 74 79 03 6F 72 67 00 00 01 00 01 C0 0C 00 01 00 01 00 00 04 E8 00 04 B0 09 D4 BC C0 0C 00 02 00 01 00 01 48 58 00 16 02 6E 73 0D 6E 61 6D 65 73 70 61 63 65 34 79 6F 75 03 63 6F 6D 00 C0 0C 00 02 00 01 00 01 48 58 00 06 03 6E 73 32 C0 44 C0 41 00 01 00 01 00 02 64 A9 00 04 50 43 10 7C C0 63 00 01 00 01 00 02 64 A9 00 04 C1 DF 4D 03
45 00 00 3A 83 47 40 00 40 11 ED 8C 93 20 53 35 93 20 50 69 86 D4 00 35 00 26 CA 16 07 3A 01 00 00 01 00 00 00 00 00 00 08 74 65 78 77 6F 72 6B 73 03 6F 72 67 00 00 01 00 01
45 00 00 9A FA 54 00 00 40 11 B6 1F 93 20 50 69 93 20 53 35 00 35 86 D4 00 86 15 A2 07 3A 81 80 00 01 00 01 00 02 00 02 08 74 65 78 77 6F 72 6B 73 03 6F 72 67 00 00 01 00 01 C0 0C 00 01 00 01 00 00 38 40 00 04 82 E1 02 B2 C0 0C 00 02 00 01 00 00 38 40 00 12 03 6E 73 32 0B 66 72 65 65 66 72 69 65 6E 64 73 C0 15 C0 0C 00 02 00 01 00 00 38 40 00 06 03 6E 73 31 C0 3E C0 58 00 01 00 01 00 01 48 58 00 04 42 36 99 8B C0 3A 00 01 00 01 00 01 48 58 00 04 82 E1 02 B2
45 00 00 99 FA 55 00 00 40 11 B6 1F 93 20 50 69 93 20 53 35 00 35 7E D3 00 85 4A 63 CF 12 81 80 00 01 00 01 00 02 00 02 07 74 65 78 6C 69 76 65 03 6F 72 67 00 00 01 00 01 C0 0C 00 01 00 01 00 00 38 40 00 04 82 E1 02 B2 C0 0C 00 02 00 01 00 00 38 40 00 12 03 6E 73 31 0B 66 72 65 65 66 72 69 65 6E 64 73 C0 14 C0 0C 00 02 00 01 00 00 38 40 00 06 03 6E 73 32 C0 3D C0 39 00 01 00 01 00 01 48 58 00 04 42 36 99 8B C0 57 00 01 00 01 00 01 48 58 00 04 82 E1 02 B2
45 00 00 40 83 53 40 00 40 11 ED 7A 93 20 53 35 93 20 50 69 CD EC 00 35 00 2C CA 1C C9 24 01 00 00 01 00 00 00 00 00 00 03 77 77 77 0A 69 63 61 73 73 70 32 30 30 38 03 6F 72 67 00 00 01 00 01
45 00 00 46 83 53 40 00 40 11 ED 74 93 20 53 35 93 20 50 69 45 4D 00 35 00 32 CA 22 EC 75 01 00 00 01 00 00 00 00 00 00 03 77 77 77 11 6C 61 74 65 78 2D 65 69 6E 66 75 65 68 72 75 6E 67 02 64 65 00 00 01 00 01
45 00 00 EF FA 58 00 00 40 11 B5 C6 93 20 50 69 93 20 53 35 00 35 F8 CC 00 DB 7F 78 07 85 81 80 00 01 00 02 00 03 00 04 04 73 65 69 73 04 62 72 69 73 02 61 63 02 75 6B 00 00 01 00 01 C0 0C 00 05 00 01 00 01 51 80 00 0D 05 73 68 2D 70 30 04 69 73 79 73 C0 11 C0 2D 00 01 00 01 00 01 51 80 00 04 89 DE 07 23 C0 11 00 02 00 01 00 01 40 94 00 0C 03 6E 73 33 02 6A 61 03 6E 65 74 00 C0 11 00 02 00 01 00 01 40 94 00 07 04 69 72 69 78 C0 11 C0 11 00 02 00 01 00 01 40 94 00 06 03 6E 63 73 C0 11 C0 81 00 01 00 01 00 01 2F 1D 00 04 89 DE 0A 24 C0 56 00 01 00 01 00 00 92 F6 00 04 C1 3F 6A 67 C0 56 00 1C 00 01 00 00 92 F6 00 10 20 01 06 30 00 00 00 46 00 00 00 00 00 00 00 67 C0 6E 00 01 00 01 00 01 2F 1D 00 04 89 DE 0A 27
45 00 00 3B 83 56 40 00 40 11 ED 7C 93 20 53 35 93 20 50 69 B8 43 00 35 00 27 CA 17 44 C8 01 00 00 01 00 00 00 00 00 00 03 77 77 77 05 70 68 70 62 62 03 63 6F 6D 00 00 01 00 01
45 00 00 D7 FA 5F 00 00 40 11 B5 D7 93 20 50 69 93 20 53 35 00 35 B8 43 00 C3 87 8A 44 C8 81 80 00 01 00 01 00 02 00 04 03 77 77 77 05 70 68 70 62 62 03 63 6F 6D 00 00 01 00 01 C0 0C 00 01 00 01 00 00 01 2C 00 04 8C D3 0F F4 C0 10 00 02 00 01 00 02 64 A6 00 15 04 65 72 69 63 02 6E 73 0A 63 6C 6F 75 64 66 6C 61 72 65 C0 16 C0 10 00 02 00 01 00 02 64 A6 00 07 04 65 72 69 6E C0 40 C0 3B 00 01 00 01 00 02 2C 8B 00 04 AD F5 3B 70 C0 3B 00 1C 00 01 00 02 2C 8B 00 10 24 00 CB 00 20 49 00 01 00 00 00 00 AD F5 3B 70 C0 5C 00 01 00 01 00 02 64 A6 00 04 AD F5 3A 71 C0 5C 00 1C 00 01 00 02 64 A6 00 10 24 00 CB 00 20 49 00 01 00 00 00 00 AD F5 3A 71
45 00 01 42 FA 60 00 00 40 11 B5 6B 93 20 50 69 93 20 53 35 00 35 45 4D 01 2E 1F 36 EC 75 81 80 00 01 00 01 00 04 00 08 03 77 77 77 11 6C 61 74 65 78 2D 65 69 6E 66 75 65 68 72 75 6E 67 02 64 65 00 00 01 00 01 C0 0C 00 01 00 01 00 01 51 80 00 04 5B FA 50 5D C0 10 00 02 00 01 00 01 51 80 00 0C 01 62 04 6E 73 31 34 03 6E 65 74 00 C0 10 00 02 00 01 00 01 51 80 00 04 01 61 C0 48 C0 10 00 02 00 01 00 01 51 80 00 04 01 64 C0 48 C0 10 00 02 00 01 00 01 51 80 00 04 01 63 C0 48 C0 5E 00 01 00 01 00 02 61 D0 00 04 3E 74 83 1F C0 46 00 01 00 01 00 02 86 30 00 04 53 A9 37 05 C0 46 00 01 00 01 00 02 86 30 00 04 D9 A0 71 20 C0 46 00 1C 00 01 00 02 86 30 00 10 2A 01 04 88 20 00 0C 02 00 83 01 69 00 55 00 05 C0 46 00 1C 00 01 00 02 86 30 00 10 20 01 08 D8 05 80 04 01 02 17 01 60 01 13 00 32 C0 7E 00 01 00 01 00 02 86 30 00 04 C3 22 A1 C3 C0 7E 00 1C 00 01 00 02 86 30 00 10 2A 01 01 30 20 00 01 18 01 95 00 34 01 61 01 95 C0 6E 00 01 00 01 00 00 2F 50 00 04 4A D0 A4 6E
45 00 00 BA FA 70 00 00 40 11 B5 E3 93 20 50 69 93 20 53 35 00 35 CD EC 00 A6 1A 73 C9 24 81 80 00 01 00 02 00 02 00 02 03 77 77 77 0A 69 63 61 73 73 70 32 30 30 38 03 6F 72 67 00 00 01 00 01 C0 0C 00 05 00 01 00 00 38 40 00 02 C0 10 C0 10 00 01 00 01 00 00 38 40 00 04 46 55 21 23 C0 10 00 02 00 01 00 01 51 80 00 1B 06 73 6E 73 31 34 32 0E 77 65 62 73 69 74 65 77 65 6C 63 6F 6D 65 03 63 6F 6D 00 C0 10 00 02 00 01 00 01 51 80 00 09 06 73 6E 73 31 34 31 C0 55 C0 75 00 01 00 01 00 00 38 40 00 04 45 5D 91 22 C0 4E 00 01 00 01 00 00 38 40 00 04 AE 84 B3 02
45 00 00 3E 9D 72 40 00 40 11 D3 5D 93 20 53 35 93 20 50 69 7B 6D 00 35 00 2A CA 1A FC 4E 01 00 00 01 00 00 00 00 00 00 03 65 65 73 08 65 6C 73 65 76 69 65 72 03 63 6F 6D 00 00 01 00 01
45 00 00 BC FB D7 00 00 40 11 B4 7A 93 20 50 69 93 20 53 35 00 35 7B 6D 00 A8 98 4B FC 4E 81 80 00 01 00 02 00 02 00 02 03 65 65 73 08 65 6C 73 65 76 69 65 72 03 63 6F 6D 00 00 01 00 01 C0 0C 00 05 00 01 00 00 16 EB 00 0A 07 67 73 73 70 72 6F 64 C0 10 C0 2E 00 01 00 01 00 00 00 05 00 04 91 24 D7 B4 C0 2E 00 02 00 01 00 00 16 EB 00 10 0D 73 65 75 6B 72 65 61 61 67 73 73 30 31 C0 10 C0 2E 00 02 00 01 00 00 16 EB 00 10 0D 73 65 75 6B 6F 78 66 61 67 73 73 30 31 C0 10 C0 70 00 01 00 01 00 00 16 EB 00 04 91 24 D6 A4 C0 54 00 01 00 01 00 00 16 EB 00 04 91 24 1E 78
45 00 00 43 9D DE 40 00 40 11 D2 EC 93 20 53 35 93 20 50 69 23 1E 00 35 00 2F CA 1F F3 A8 01 00 00 01 00 00 00 00 00 00 03 74 65 78 0D 73 74 61 63 6B 65 78 63 68 61 6E 67 65 03 63 6F 6D 00 00 01 00 01
45 00 00 B5 FB E6 00 00 40 11 B4 72 93 20 50 69 93 20 53 35 00 35 23 1E 00 A1 7C C3 F3 A8 81 80 00 01 00 01 00 03 00 02 03 74 65 78 0D 73 74 61 63 6B 65 78 63 68 61 6E 67 65 03 63 6F 6D 00 00 01 00 01 C0 0C 00 01 00 01 00 00 01 2C 00 04 C6 FC CE 10 C0 10 00 02 00 01 00 00 01 2C 00 12 03 6E 73 32 0B 73 65 72 76 65 72 66 61 75 6C 74 C0 1E C0 10 00 02 00 01 00 00 01 2C 00 06 03 6E 73 33 C0 47 C0 10 00 02 00 01 00 00 01 2C 00 06 03 6E 73 31 C0 47 C0 73 00 01 00 01 00 02 61 89 00 04 C6 FC CE 50 C0 43 00 01 00 01 00 02 61 89 00 04 C6 FC CE 51
45 00 00 3F 9E 72 40 00 40 11 D2 5C 93 20 53 35 93 20 50 69 6D 5B 00 35 00 2B CA 1B A5 3D 01 00 00 01 00 00 00 00 00 00 06 65 6E 67 69 6E 65 06 61 64 7A 65 72 6B 03 6E 65 74 00 00 01 00 01
45 00 00 3F 9E 73 40 00 40 11 D2 5B 93 20 53 35 93 20 50 69 62 DE 00 35 00 2B CA 1B 78 CB 01 00 00 01 00 00 00 00 00 00 0D 73 74 61 63 6B 65 78 63 68 61 6E 67 65 03 63 6F 6D 00 00 01 00 01
45 00 02 12 FB F8 00 00 40 11 B3 03 93 20 50 69 93 20 53 35 00 35 6D 5B 01 FE F6 F0 A5 3D 81 80 00 01 00 09 00 08 00 07 06 65 6E 67 69 6E 65 06 61 64 7A 65 72 6B 03 6E 65 74 00 00 01 00 01 C0 0C 00 05 00 01 00 00 0A 7D 00 2F 11 65 6E 67 69 6E 65 33 2D 37 37 34 35 39 35 39 38 30 09 75 73 2D 65 61 73 74 2D 31 03 65 6C 62 09 61 6D 61 7A 6F 6E 61 77 73 03 63 6F 6D 00 C0 2F 00 01 00 01 00 00 00 3C 00 04 36 E1 AE 85 C0 2F 00 01 00 01 00 00 00 3C 00 04 36 F3 3B 11 C0 2F 00 01 00 01 00 00 00 3C 00 04 36 F3 74 44 C0 2F 00 01 00 01 00 00 00 3C 00 04 36 EB 8A 8B C0 2F 00 01 00 01 00 00 00 3C 00 04 17 17 68 FB C0 2F 00 01 00 01 00 00 00 3C 00 04 17 15 9E 9E C0 2F 00 01 00 01 00 00 00 3C 00 04 AE 81 E8 CF C0 2F 00 01 00 01 00 00 00 3C 00 04 17 17 CE 7A C0 2F 00 02 00 01 00 00 03 75 00 09 06 6E 73 2D 39 33 35 C0 4F C0 2F 00 02 00 01 00 00 03 75 00 09 06 6E 73 2D 39 33 34 C0 4F C0 2F 00 02 00 01 00 00 03 75 00 09 06 6E 73 2D 39 34 34 C0 4F C0 2F 00 02 00 01 00 00 03 75 00 09 06 6E 73 2D 39 34 37 C0 4F C0 2F 00 02 00 01 00 00 03 75 00 09 06 6E 73 2D 39 32 35 C0 4F C0 2F 00 02 00 01 00 00 03 75 00 09 06 6E 73 2D 39 32 37 C0 4F C0 2F 00 02 00 01 00 00 03 75 00 09 06 6E 73 2D 39 31 36 C0 4F C0 2F 00 02 00 01 00 00 03 75 00 09 06 6E 73 2D 39 34 31 C0 4F C1 3E 00 01 00 01 00 00 00 99 00 04 48 15 D0 D5 C1 53 00 01 00 01 00 00 00 99 00 04 48 15 CC D1 C0 FF 00 01 00 01 00 00 00 99 00 04 57 EE 54 D7 C0 EA 00 01 00 01 00 00 00 99 00 04 57 EE 50 D5 C1 7D 00 01 00 01 00 00 34 21 00 04 CC F6 A0 05 C1 14 00 01 00 01 00 00 2D EC 00 04 CD FB E4 06 C1 29 00 01 00 01 00 00 00 99 00 04 CC F6 A2 0A
45 00 00 B1 FB FE 00 00 40 11 B4 5E 93 20 50 69 93 20 53 35 00 35 62 DE 00 9D 52 D5 78 CB 81 80 00 01 00 01 00 03 00 02 0D 73 74 61 63 6B 65 78 63 68 61 6E 67 65 03 63 6F 6D 00 00 01 00 01 C0 0C 00 01 00 01 00 00 01 2C 00 04 C6 FC CE 10 C0 0C 00 02 00 01 00 00 01 2C 00 12 03 6E 73 31 0B 73 65 72 76 65 72 66 61 75 6C 74 C0 1A C0 0C 00 02 00 01 00 00 01 2C 00 06 03 6E 73 32 C0 43 C0 0C 00 02 00 01 00 00 01 2C 00 06 03 6E 73 33 C0 43 C0 3F 00 01 00 01 00 02 61 89 00 04 C6 FC CE 50 C0 5D 00 01 00 01 00 02 61 89 00 04 C6 FC CE 51
45 00 00 47 9F 07 40 00 40 11 D1 BF 93 20 53 35 93 20 50 69 13 60 00 35 00 33 CA 23 1A 68 01 00 00 01 00 00 00 00 00 00 07 61 6E 64 72 6F 69 64 0D 73 74 61 63 6B 65 78 63 68 61 6E 67 65 03 63 6F 6D 00 00 01 00 01
45 00 00 45 9F 07 40 00 40 11 D1 C1 93 20 53 35 93 20 50 69 A6 B4 00 35 00 31 CA 21 63 D3 01 00 00 01 00 00 00 00 00 00 05 61 70 70 6C 65 0D 73 74 61 63 6B 65 78 63 68 61 6E 67 65 03 63 6F 6D 00 00 01 00 01
45 00 00 3B 9F 07 40 00 40 11 D1 CB 93 20 53 35 93 20 50 69 D5 5A 00 35 00 27 CA 17 1F C5 01 00 00 01 00 00 00 00 00 00 09 61 73 6B 75 62 75 6E 74 75 03 63 6F 6D 00 00 01 00 01
45 00 00 42 9F 0A 40 00 40 11 D1 C1 93 20 53 35 93 20 50 69 CF 57 00 35 00 2E CA 1E 64 25 01 00 00 01 00 00 00 00 00 00 05 70 69 78 65 6C 0A 71 75 61 6E 74 73 65 72 76 65 03 63 6F 6D 00 00 01 00 01
45 00 02 16 FC 17 00 00 40 11 B2 E0 93 20 50 69 93 20 53 35 00 35 CF 57 02 02 45 8C 64 25 81 80 00 01 00 0A 00 0A 00 02 05 70 69 78 65 6C 0A 71 75 61 6E 74 73 65 72 76 65 03 63 6F 6D 00 00 01 00 01 C0 0C 00 05 00 01 00 00 64 38 00 22 06 6D 61 70 2D 70 62 0A 71 75 61 6E 74 73 65 72 76 65 03 63 6F 6D 06 61 6B 61 64 6E 73 03 6E 65 74 00 C0 32 00 05 00 01 00 00 11 C8 00 11 0E 61 6E 79 63 61 73 74 2D 65 75 72 6F 70 65 C0 39 C0 60 00 01 00 01 00 00 01 2C 00 04 5F AC 5E 13 C0 60 00 01 00 01 00 00 01 2C 00 04 5F AC 5E 32 C0 60 00 01 00 01 00 00 01 2C 00 04 5F AC 5E 31 C0 60 00 01 00 01 00 00 01 2C 00 04 5F AC 5E 37 C0 60 00 01 00 01 00 00 01 2C 00 04 5F AC 5E 2B C0 60 00 01 00 01 00 00 01 2C 00 04 5F AC 5E 27 C0 60 00 01 00 01 00 00 01 2C 00 04 5F AC 5E 36 C0 60 00 01 00 01 00 00 01 2C 00 04 5F AC 5E 0C C0 48 00 02 00 01 00 01 C0 31 00 0A 07 6E 73 33 2D 31 32 39 C0 48 C0 48 00 02 00 01 00 01 C0 31 00 15 08 6E 73 32 30 2D 31 33 31 06 61 6B 61 64 6E 73 03 6F 72 67 00 C0 48 00 02 00 01 00 01 C0 31 00 0B 08 6E 73 31 31 2D 31 32 38 C0 48 C0 48 00 02 00 01 00 01 C0 31 00 0B 08 6E 73 31 37 2D 31 33 33 C1 1C C0 48 00 02 00 01 00 01 C0 31 00 0A 07 6E 73 36 2D 31 33 31 C1 1C C0 48 00 02 00 01 00 01 C0 31 00 0A 07 6E 73 36 2D 31 32 39 C0 48 C0 48 00 02 00 01 00 01 C0 31 00 0A 07 6E 73 31 2D 31 32 39 C0 48 C0 48 00 02 00 01 00 01 C0 31 00 0A 07 6E 73 33 2D 31 33 31 C1 1C C0 48 00 02 00 01 00 01 C0 31 00 0A 07 6E 73 32 2D 31 32 39 C0 48 C0 48 00 02 00 01 00 01 C0 31 00 0A 07 6E 73 32 2D 31 33 31 C1 1C C1 8E 00 01 00 01 00 01 C0 31 00 04 C1 6C 58 81 C1 BA 00 01 00 01 00 01 C0 31 00 04 02 16 E6 81
45 00 00 C7 FC 1A 00 00 40 11 B4 2C 93 20 50 69 93 20 53 35 00 35 A6 B4 00 B3 5A C7 63 D3 81 80 00 01 00 01 00 03 00 03 05 61 70 70 6C 65 0D 73 74 61 63 6B 65 78 63 68 61 6E 67 65 03 63 6F 6D 00 00 01 00 01 C0 0C 00 01 00 01 00 00 01 2C 00 04 C6 FC CE 10 C0 12 00 02 00 01 00 00 01 2B 00 12 03 6E 73 33 0B 73 65 72 76 65 72 66 61 75 6C 74 C0 20 C0 12 00 02 00 01 00 00 01 2B 00 06 03 6E 73 32 C0 49 C0 12 00 02 00 01 00 00 01 2B 00 06 03 6E 73 31 C0 49 C0 75 00 01 00 01 00 02 61 88 00 04 C6 FC CE 50 C0 63 00 01 00 01 00 02 61 88 00 04 C6 FC CE 51 C0 45 00 01 00 01 00 00 01 2B 00 04 45 3B C4 D9
45 00 00 48 9F 21 40 00 40 11 D1 A4 93 20 53 35 93 20 50 69 B1 ED 00 35 00 34 CA 24 F8 6C 01 00 00 01 00 00 00 00 00 00 08 62 69 63 79 63 6C 65 73 0D 73 74 61 63 6B 65 78 63 68 61 6E 67 65 03 63 6F 6D 00 00 01 00 01
45 00 00 C9 FC 1C 00 00 40 11 B4 28 93 20 50 69 93 20 53 35 00 35 13 60 00 B5 B6 20 1A 68 81 80 00 01 00 01 00 03 00 03 07 61 6E 64 72 6F 69 64 0D 73 74 61 63 6B 65 78 63 68 61 6E 67 65 03 63 6F 6D 00 00 01 00 01 C0 0C 00 01 00 01 00 00 01 2C 00 04 C6 FC CE 10 C0 14 00 02 00 01 00 00 01 2B 00 12 03 6E 73 31 0B 73 65 72 76 65 72 66 61 75 6C 74 C0 22 C0 14 00 02 00 01 00 00 01 2B 00 06 03 6E 73 32 C0 4B C0 14 00 02 00 01 00 00 01 2B 00 06 03 6E 73 33 C0 4B C0 47 00 01 00 01 00 02 61 88 00 04 C6 FC CE 50 C0 65 00 01 00 01 00 02 61 88 00 04 C6 FC CE 51 C0 77 00 01 00 01 00 00 01 2B 00 04 45 3B C4 D9
45 00 00 44 9F 21 40 00 40 11 D1 A8 93 20 53 35 93 20 50 69 58 43 00 35 00 30 CA 20 4C 62 01 00 00 01 00 00 00 00 00 00 04 63 68 61 74 0D 73 74 61 63 6B 65 78 63 68 61 6E 67 65 03 63 6F 6D 00 00 01 00 01
45 00 00 BD FC 1E 00 00 40 11 B4 32 93 20 50 69 93 20 53 35 00 35 D5 5A 00 A9 30 5C 1F C5 81 80 00 01 00 01 00 03 00 03 09 61 73 6B 75 62 75 6E 74 75 03 63 6F 6D 00 00 01 00 01 C0 0C 00 01 00 01 00 00 01 2C 00 04 C6 FC CE 18 C0 0C 00 02 00 01 00 00 01 2C 00 12 03 6E 73 32 0B 73 65 72 76 65 72 66 61 75 6C 74 C0 16 C0 0C 00 02 00 01 00 00 01 2C 00 06 03 6E 73 33 C0 3F C0 0C 00 02 00 01 00 00 01 2C 00 06 03 6E 73 31 C0 3F C0 6B 00 01 00 01 00 02 61 88 00 04 C6 FC CE 50 C0 3B 00 01 00 01 00 02 61 88 00 04 C6 FC CE 51 C0 59 00 01 00 01 00 00 01 2B 00 04 45 3B C4 D9
45 00 00 4C 9F 24 40 00 40 11 D1 9D 93 20 53 35 93 20 50 69 60 CF 00 35 00 38 CA 28 A0 9B 01 00 00 01 00 00 00 00 00 00 0C 63 68 72 69 73 74 69 61 6E 69 74 79 0D 73 74 61 63 6B 65 78 63 68 61 6E 67 65 03 63 6F 6D 00 00 01 00 01
45 00 00 4A 9F 25 40 00 40 11 D1 9E 93 20 53 35 93 20 50 69 24 5E 00 35 00 36 CA 26 6C 4A 01 00 00 01 00 00 00 00 00 00 07 73 6F 63 6B 65 74 73 02 6E 79 0D 73 74 61 63 6B 65 78 63 68 61 6E 67 65 03 63 6F 6D 00 00 01 00 01
45 00 00 C6 FC 2A 00 00 40 11 B4 1D 93 20 50 69 93 20 53 35 00 35 58 43 00 B2 C8 13 4C 62 81 80 00 01 00 01 00 03 00 03 04 63 68 61 74 0D 73 74 61 63 6B 65 78 63 68 61 6E 67 65 03 63 6F 6D 00 00 01 00 01 C0 0C 00 01 00 01 00 00 01 2C 00 04 C6 FC CE 1D C0 11 00 02 00 01 00 00 01 2B 00 12 03 6E 73 31 0B 73 65 72 76 65 72 66 61 75 6C 74 C0 1F C0 11 00 02 00 01 00 00 01 2B 00 06 03 6E 73 33 C0 48 C0 11 00 02 00 01 00 00 01 2B 00 06 03 6E 73 32 C0 48 C0 44 00 01 00 01 00 02 61 88 00 04 C6 FC CE 50 C0 74 00 01 00 01 00 02 61 88 00 04 C6 FC CE 51 C0 62 00 01 00 01 00 00 01 2B 00 04 45 3B C4 D9
45 00 00 47 9F 3C 40 00 40 11 D1 8A 93 20 53 35 93 20 50 69 A0 3A 00 35 00 33 CA 23 FC D6 01 00 00 01 00 00 00 00 00 00 07 63 6F 6F 6B 69 6E 67 0D 73 74 61 63 6B 65 78 63 68 61 6E 67 65 03 63 6F 6D 00 00 01 00 01
45 00 00 CA FC 2C 00 00 40 11 B4 17 93 20 50 69 93 20 53 35 00 35 B1 ED 00 B6 D8 75 F8 6C 81 80 00 01 00 01 00 03 00 03 08 62 69 63 79 63 6C 65 73 0D 73 74 61 63 6B 65 78 63 68 61 6E 67 65 03 63 6F 6D 00 00 01 00 01 C0 0C 00 01 00 01 00 00 01 2C 00 04 C6 FC CE 10 C0 15 00 02 00 01 00 00 01 2B 00 12 03 6E 73 32 0B 73 65 72 76 65 72 66 61 75 6C 74 C0 23 C0 15 00 02 00 01 00 00 01 2B 00 06 03 6E 73 33 C0 4C C0 15 00 02 00 01 00 00 01 2B 00 06 03 6E 73 31 C0 4C C0 78 00 01 00 01 00 02 61 88 00 04 C6 FC CE 50 C0 48 00 01 00 01 00 02 61 88 00 04 C6 FC CE 51 C0 66 00 01 00 01 00 00 01 2B 00 04 45 3B C4 D9
45 00 00 44 9F 3D 40 00 40 11 D1 8C 93 20 53 35 93 20 50 69 A1 C7 00 35 00 30 CA 20 ED F1 01 00 00 01 00 00 00 00 00 00 04 64 61 74 61 0D 73 74 61 63 6B 65 78 63 68 61 6E 67 65 03 63 6F 6D 00 00 01 00 01
45 00 00 CE FC 34 00 00 40 11 B4 0B 93 20 50 69 93 20 53 35 00 35 60 CF 00 BA B5 32 A0 9B 81 80 00 01 00 01 00 03 00 03 0C 63 68 72 69 73 74 69 61 6E 69 74 79 0D 73 74 61 63 6B 65 78 63 68 61 6E 67 65 03 63 6F 6D 00 00 01 00 01 C0 0C 00 01 00 01 00 00 01 2C 00 04 C6 FC CE 10 C0 19 00 02 00 01 00 00 01 2B 00 12 03 6E 73 31 0B 73 65 72 76 65 72 66 61 75 6C 74 C0 27 C0 19 00 02 00 01 00 00 01 2B 00 06 03 6E 73 33 C0 50 C0 19 00 02 00 01 00 00 01 2B 00 06 03 6E 73 32 C0 50 C0 4C 00 01 00 01 00 02 61 88 00 04 C6 FC CE 50 C0 7C 00 01 00 01 00 02 61 88 00 04 C6 FC CE 51 C0 6A 00 01 00 01 00 00 01 2B 00 04 45 3B C4 D9
45 00 00 43 9F 3F 40 00 40 11 D1 8B 93 20 53 35 93 20 50 69 9B 0E 00 35 00 2F CA 1F D4 DA 01 00 00 01 00 00 00 00 00 00 03 64 62 61 0D 73 74 61 63 6B 65 78 63 68 61 6E 67 65 03 63 6F 6D 00 00 01 00 01
45 00 00 CC FC 3A 00 00 40 11 B4 07 93 20 50 69 93 20 53 35 00 35 24 5E 00 B8 EA 79 6C 4A 81 80 00 01 00 01 00 03 00 03 07 73 6F 63 6B 65 74 73 02 6E 79 0D 73 74 61 63 6B 65 78 63 68 61 6E 67 65 03 63 6F 6D 00 00 01 00 01 C0 0C 00 01 00 01 00 00 01 2C 00 04 C6 FC CE 19 C0 17 00 02 00 01 00 00 01 2B 00 12 03 6E 73 33 0B 73 65 72 76 65 72 66 61 75 6C 74 C0 25 C0 17 00 02 00 01 00 00 01 2B 00 06 03 6E 73 31 C0 4E C0 17 00 02 00 01 00 00 01 2B 00 06 03 6E 73 32 C0 4E C0 68 00 01 00 01 00 02 61 88 00 04 C6 FC CE 50 C0 7A 00 01 00 01 00 02 61 88 00 04 C6 FC CE 51 C0 4A 00 01 00 01 00 00 01 2B 00 04 45 3B C4 D9
45 00 00 C9 FC 3E 00 00 40 11 B4 06 93 20 50 69 93 20 53 35 00 35 A0 3A 00 B5 47 CD FC D6 81 80 00 01 00 01 00 03 00 03 07 63 6F 6F 6B 69 6E 67 0D 73 74 61 63 6B 65 78 63 68 61 6E 67 65 03 63 6F 6D 00 00 01 00 01 C0 0C 00 01 00 01 00 00 01 2C 00 04 C6 FC CE 10 C0 14 00 02 00 01 00 00 01 2B 00 12 03 6E 73 33 0B 73 65 72 76 65 72 66 61 75 6C 74 C0 22 C0 14 00 02 00 01 00 00 01 2B 00 06 03 6E 73 32 C0 4B C0 14 00 02 00 01 00 00 01 2B 00 06 03 6E 73 31 C0 4B C0 77 00 01 00 01 00 02 61 88 00 04 C6 FC CE 50 C0 65 00 01 00 01 00 02 61 88 00 04 C6 FC CE 51 C0 47 00 01 00 01 00 00 01 2B 00 04 45 3B C4 D9
45 00 00 43 9F 57 40 00 40 11 D1 73 93 20 53 35 93 20 50 69 DF D2 00 35 00 2F CA 1F DB 95 01 00 00 01 00 00 00 00 00 00 03 64 69 79 0D 73 74 61 63 6B 65 78 63 68 61 6E 67 65 03 63 6F 6D 00 00 01 00 01
45 00 00 C6 FC 40 00 00 40 11 B4 07 93 20 50 69 93 20 53 35 00 35 A1 C7 00 B2 F6 EB ED F1 81 80 00 01 00 01 00 03 00 03 04 64 61 74 61 0D 73 74 61 63 6B 65 78 63 68 61 6E 67 65 03 63 6F 6D 00 00 01 00 01 C0 0C 00 01 00 01 00 00 01 2C 00 04 C6 FC CE 1D C0 11 00 02 00 01 00 00 01 2B 00 12 03 6E 73 31 0B 73 65 72 76 65 72 66 61 75 6C 74 C0 1F C0 11 00 02 00 01 00 00 01 2B 00 06 03 6E 73 32 C0 48 C0 11 00 02 00 01 00 00 01 2B 00 06 03 6E 73 33 C0 48 C0 44 00 01 00 01 00 02 61 88 00 04 C6 FC CE 50 C0 62 00 01 00 01 00 02 61 88 00 04 C6 FC CE 51 C0 74 00 01 00 01 00 00 01 2B 00 04 45 3B C4 D9
45 00 00 46 9F 58 40 00 40 11 D1 6F 93 20 53 35 93 20 50 69 3A D0 00 35 00 32 CA 22 C2 D5 01 00 00 01 00 00 00 00 00 00 06 64 72 75 70 61 6C 0D 73 74 61 63 6B 65 78 63 68 61 6E 67 65 03 63 6F 6D 00 00 01 00 01
45 00 00 C5 FC 42 00 00 40 11 B4 06 93 20 50 69 93 20 53 35 00 35 9B 0E 00 B1 83 DB D4 DA 81 80 00 01 00 01 00 03 00 03 03 64 62 61 0D 73 74 61 63 6B 65 78 63 68 61 6E 67 65 03 63 6F 6D 00 00 01 00 01 C0 0C 00 01 00 01 00 00 01 2C 00 04 C6 FC CE 10 C0 10 00 02 00 01 00 00 01 2B 00 12 03 6E 73 32 0B 73 65 72 76 65 72 66 61 75 6C 74 C0 1E C0 10 00 02 00 01 00 00 01 2B 00 06 03 6E 73 31 C0 47 C0 10 00 02 00 01 00 00 01 2B 00 06 03 6E 73 33 C0 47 C0 61 00 01 00 01 00 02 61 88 00 04 C6 FC CE 50 C0 43 00 01 00 01 00 02 61 88 00 04 C6 FC CE 51 C0 73 00 01 00 01 00 00 01 2B 00 04 45 3B C4 D9
45 00 00 4B 9F 5B 40 00 40 11 D1 67 93 20 53 35 93 20 50 69 59 C6 00 35 00 37 CA 27 BD 7A 01 00 00 01 00 00 00 00 00 00 0B 65 6C 65 63 74 72 6F 6E 69 63 73 0D 73 74 61 63 6B 65 78 63 68 61 6E 67 65 03 63 6F 6D 00 00 01 00 01
45 00 00 C5 FC 44 00 00 40 11 B4 04 93 20 50 69 93 20 53 35 00 35 DF D2 00 B1 31 44 DB 95 81 80 00 01 00 01 00 03 00 03 03 64 69 79 0D 73 74 61 63 6B 65 78 63 68 61 6E 67 65 03 63 6F 6D 00 00 01 00 01 C0 0C 00 01 00 01 00 00 01 2C 00 04 C6 FC CE 10 C0 10 00 02 00 01 00 00 01 2B 00 12 03 6E 73 33 0B 73 65 72 76 65 72 66 61 75 6C 74 C0 1E C0 10 00 02 00 01 00 00 01 2B 00 06 03 6E 73 32 C0 47 C0 10 00 02 00 01 00 00 01 2B 00 06 03 6E 73 31 C0 47 C0 73 00 01 00 01 00 02 61 88 00 04 C6 FC CE 50 C0 61 00 01 00 01 00 02 61 88 00 04 C6 FC CE 51 C0 43 00 01 00 01 00 00 01 2B 00 04 45 3B C4 D9
45 00 00 47 9F 71 40 00 40 11 D1 55 93 20 53 35 93 20 50 69 53 D1 00 35 00 33 CA 23 13 99 01 00 00 01 00 00 00 00 00 00 07 65 6E 67 6C 69 73 68 0D 73 74 61 63 6B 65 78 63 68 61 6E 67 65 03 63 6F 6D 00 00 01 00 01
45 00 00 C8 FC 46 00 00 40 11 B3 FF 93 20 50 69 93 20 53 35 00 35 3A D0 00 B4 FA 93 C2 D5 81 80 00 01 00 01 00 03 00 03 06 64 72 75 70 61 6C 0D 73 74 61 63 6B 65 78 63 68 61 6E 67 65 03 63 6F 6D 00 00 01 00 01 C0 0C 00 01 00 01 00 00 01 2C 00 04 C6 FC CE 10 C0 13 00 02 00 01 00 00 01 2B 00 12 03 6E 73 33 0B 73 65 72 76 65 72 66 61 75 6C 74 C0 21 C0 13 00 02 00 01 00 00 01 2B 00 06 03 6E 73 31 C0 4A C0 13 00 02 00 01 00 00 01 2B 00 06 03 6E 73 32 C0 4A C0 64 00 01 00 01 00 02 61 88 00 04 C6 FC CE 50 C0 76 00 01 00 01 00 02 61 88 00 04 C6 FC CE 51 C0 46 00 01 00 01 00 00 01 2B 00 04 45 3B C4 D9
45 00 00 47 9F 72 40 00 40 11 D1 54 93 20 53 35 93 20 50 69 C3 01 00 35 00 33 CA 23 93 2D 01 00 00 01 00 00 00 00 00 00 07 67 61 6D 65 64 65 76 0D 73 74 61 63 6B 65 78 63 68 61 6E 67 65 03 63 6F 6D 00 00 01 00 01
45 00 00 CD FC 48 00 00 40 11 B3 F8 93 20 50 69 93 20 53 35 00 35 59 C6 00 B9 DA AD BD 7A 81 80 00 01 00 01 00 03 00 03 0B 65 6C 65 63 74 72 6F 6E 69 63 73 0D 73 74 61 63 6B 65 78 63 68 61 6E 67 65 03 63 6F 6D 00 00 01 00 01 C0 0C 00 01 00 01 00 00 01 2C 00 04 C6 FC CE 10 C0 18 00 02 00 01 00 00 01 2B 00 12 03 6E 73 32 0B 73 65 72 76 65 72 66 61 75 6C 74 C0 26 C0 18 00 02 00 01 00 00 01 2B 00 06 03 6E 73 31 C0 4F C0 18 00 02 00 01 00 00 01 2B 00 06 03 6E 73 33 C0 4F C0 69 00 01 00 01 00 02 61 88 00 04 C6 FC CE 50 C0 4B 00 01 00 01 00 02 61 88 00 04 C6 FC CE 51 C0 7B 00 01 00 01 00 00 01 2B 00 04 45 3B C4 D9
45 00 00 46 9F 75 40 00 40 11 D1 52 93 20 53 35 93 20 50 69 AE 25 00 35 00 32 CA 22 9C A7 01 00 00 01 00 00 00 00 00 00 06 67 61 6D 69 6E 67 0D 73 74 61 63 6B 65 78 63 68 61 6E 67 65 03 63 6F 6D 00 00 01 00 01
45 00 00 C9 FC 4A 00 00 40 11 B3 FA 93 20 50 69 93 20 53 35 00 35 53 D1 00 B5 78 79 13 99 81 80 00 01 00 01 00 03 00 03 07 65 6E 67 6C 69 73 68 0D 73 74 61 63 6B 65 78 63 68 61 6E 67 65 03 63 6F 6D 00 00 01 00 01 C0 0C 00 01 00 01 00 00 01 2C 00 04 C6 FC CE 10 C0 14 00 02 00 01 00 00 01 2B 00 12 03 6E 73 33 0B 73 65 72 76 65 72 66 61 75 6C 74 C0 22 C0 14 00 02 00 01 00 00 01 2B 00 06 03 6E 73 32 C0 4B C0 14 00 02 00 01 00 00 01 2B 00 06 03 6E 73 31 C0 4B C0 77 00 01 00 01 00 02 61 88 00 04 C6 FC CE 50 C0 65 00 01 00 01 00 02 61 88 00 04 C6 FC CE 51 C0 47 00 01 00 01 00 00 01 2B 00 04 45 3B C4 D9
45 00 00 43 9F 8B 40 00 40 11 D1 3F 93 20 53 35 93 20 50 69 A5 E9 00 35 00 2F CA 1F 67 C9 01 00 00 01 00 00 00 00 00 00 03 67 69 73 0D 73 74 61 63 6B 65 78 63 68 61 6E 67 65 03 63 6F 6D 00 00 01 00 01
45 00 00 C9 FC 4C 00 00 40 11 B3 F8 93 20 50 69 93 20 53 35 00 35 C3 01 00 B5 AB A3 93 2D 81 80 00 01 00 01 00 03 00 03 07 67 61 6D 65 64 65 76 0D 73 74 61 63 6B 65 78 63 68 61 6E 67 65 03 63 6F 6D 00 00 01 00 01 C0 0C 00 01 00 01 00 00 01 2C 00 04 C6 FC CE 10 C0 14 00 02 00 01 00 00 01 2B 00 12 03 6E 73 33 0B 73 65 72 76 65 72 66 61 75 6C 74 C0 22 C0 14 00 02 00 01 00 00 01 2B 00 06 03 6E 73 32 C0 4B C0 14 00 02 00 01 00 00 01 2B 00 06 03 6E 73 31 C0 4B C0 77 00 01 00 01 00 02 61 88 00 04 C6 FC CE 50 C0 65 00 01 00 01 00 02 61 88 00 04 C6 FC CE 51 C0 47 00 01 00 01 00 00 01 2B 00 04 45 3B C4 D9
45 00 00 47 9F 8D 40 00 40 11 D1 39 93 20 53 35 93 20 50 69 7D 97 00 35 00 33 CA 23 96 5E 01 00 00 01 00 00 00 00 00 00 07 6A 75 64 61 69 73 6D 0D 73 74 61 63 6B 65 78 63 68 61 6E 67 65 03 63 6F 6D 00 00 01 00 01
45 00 00 C8 FC 4E 00 00 40 11 B3 F7 93 20 50 69 93 20 53 35 00 35 AE 25 00 B4 CA 64 9C A7 81 80 00 01 00 01 00 03 00 03 06 67 61 6D 69 6E 67 0D 73 74 61 63 6B 65 78 63 68 61 6E 67 65 03 63 6F 6D 00 00 01 00 01 C0 0C 00 01 00 01 00 00 01 2C 00 04 C6 FC CE 10 C0 13 00 02 00 01 00 00 01 2B 00 12 03 6E 73 33 0B 73 65 72 76 65 72 66 61 75 6C 74 C0 21 C0 13 00 02 00 01 00 00 01 2B 00 06 03 6E 73 32 C0 4A C0 13 00 02 00 01 00 00 01 2B 00 06 03 6E 73 31 C0 4A C0 76 00 01 00 01 00 02 61 88 00 04 C6 FC CE 50 C0 64 00 01 00 01 00 02 61 88 00 04 C6 FC CE 51 C0 46 00 01 00 01 00 00 01 2B 00 04 45 3B C4 D9
45 00 00 4B 9F 8F 40 00 40 11 D1 33 93 20 53 35 93 20 50 69 6B F6 00 35 00 37 CA 27 D4 5D 01 00 00 01 00 00 00 00 00 00 0B 6D 61 74 68 65 6D 61 74 69 63 61 0D 73 74 61 63 6B 65 78 63 68 61 6E 67 65 03 63 6F 6D 00 00 01 00 01
45 00 00 3D 9F 9D 40 00 40 11 D1 33 93 20 53 35 93 20 50 69 63 60 00 35 00 29 CA 19 FC 6C 01 00 00 01 00 00 00 00 00 00 03 63 64 6E 07 73 73 74 61 74 69 63 03 6E 65 74 00 00 01 00 01
45 00 00 C5 FC 56 00 00 40 11 B3 F2 93 20 50 69 93 20 53 35 00 35 A5 E9 00 B1 DE FC 67 C9 81 80 00 01 00 01 00 03 00 03 03 67 69 73 0D 73 74 61 63 6B 65 78 63 68 61 6E 67 65 03 63 6F 6D 00 00 01 00 01 C0 0C 00 01 00 01 00 00 01 2C 00 04 C6 FC CE 10 C0 10 00 02 00 01 00 00 01 2B 00 12 03 6E 73 33 0B 73 65 72 76 65 72 66 61 75 6C 74 C0 1E C0 10 00 02 00 01 00 00 01 2B 00 06 03 6E 73 31 C0 47 C0 10 00 02 00 01 00 00 01 2B 00 06 03 6E 73 32 C0 47 C0 61 00 01 00 01 00 02 61 88 00 04 C6 FC CE 50 C0 73 00 01 00 01 00 02 61 88 00 04 C6 FC CE 51 C0 43 00 01 00 01 00 00 01 2B 00 04 45 3B C4 D9
45 00 00 48 9F A7 40 00 40 11 D1 1E 93 20 53 35 93 20 50 69 5D AD 00 35 00 34 CA 24 41 1B 01 00 00 01 00 00 00 00 00 00 04 6D 65 74 61 03 74 65 78 0D 73 74 61 63 6B 65 78 63 68 61 6E 67 65 03 63 6F 6D 00 00 01 00 01
45 00 00 C9 FC 58 00 00 40 11 B3 EC 93 20 50 69 93 20 53 35 00 35 7D 97 00 B5 CF E6 96 5E 81 80 00 01 00 01 00 03 00 03 07 6A 75 64 61 69 73 6D 0D 73 74 61 63 6B 65 78 63 68 61 6E 67 65 03 63 6F 6D 00 00 01 00 01 C0 0C 00 01 00 01 00 00 01 2C 00 04 C6 FC CE 10 C0 14 00 02 00 01 00 00 01 2B 00 12 03 6E 73 33 0B 73 65 72 76 65 72 66 61 75 6C 74 C0 22 C0 14 00 02 00 01 00 00 01 2B 00 06 03 6E 73 31 C0 4B C0 14 00 02 00 01 00 00 01 2B 00 06 03 6E 73 32 C0 4B C0 65 00 01 00 01 00 02 61 88 00 04 C6 FC CE 50 C0 77 00 01 00 01 00 02 61 88 00 04 C6 FC CE 51 C0 47 00 01 00 01 00 00 01 2B 00 04 45 3B C4 D9
45 00 00 45 9F A8 40 00 40 11 D1 20 93 20 53 35 93 20 50 69 79 42 00 35 00 31 CA 21 50 37 01 00 00 01 00 00 00 00 00 00 05 70 68 6F 74 6F 0D 73 74 61 63 6B 65 78 63 68 61 6E 67 65 03 63 6F 6D 00 00 01 00 01
45 00 00 CD FC 5A 00 00 40 11 B3 E6 93 20 50 69 93 20 53 35 00 35 6B F6 00 B9 BC B2 D4 5D 81 80 00 01 00 01 00 03 00 03 0B 6D 61 74 68 65 6D 61 74 69 63 61 0D 73 74 61 63 6B 65 78 63 68 61 6E 67 65 03 63 6F 6D 00 00 01 00 01 C0 0C 00 01 00 01 00 00 01 2C 00 04 C6 FC CE 10 C0 18 00 02 00 01 00 00 01 2A 00 12 03 6E 73 33 0B 73 65 72 76 65 72 66 61 75 6C 74 C0 26 C0 18 00 02 00 01 00 00 01 2A 00 06 03 6E 73 32 C0 4F C0 18 00 02 00 01 00 00 01 2A 00 06 03 6E 73 31 C0 4F C0 7B 00 01 00 01 00 02 61 87 00 04 C6 FC CE 50 C0 69 00 01 00 01 00 02 61 87 00 04 C6 FC CE 51 C0 4B 00 01 00 01 00 00 01 2A 00 04 45 3B C4 D9
45 00 00 4B 9F A9 40 00 40 11 D1 19 93 20 53 35 93 20 50 69 74 80 00 35 00 37 CA 27 C7 67 01 00 00 01 00 00 00 00 00 00 0B 70 72 6F 67 72 61 6D 6D 65 72 73 0D 73 74 61 63 6B 65 78 63 68 61 6E 67 65 03 63 6F 6D 00 00 01 00 01
45 00 00 CA FC 5C 00 00 40 11 B3 E7 93 20 50 69 93 20 53 35 00 35 5D AD 00 B6 F7 51 41 1B 81 80 00 01 00 01 00 03 00 03 04 6D 65 74 61 03 74 65 78 0D 73 74 61 63 6B 65 78 63 68 61 6E 67 65 03 63 6F 6D 00 00 01 00 01 C0 0C 00 01 00 01 00 00 01 2C 00 04 C6 FC CE 10 C0 15 00 02 00 01 00 00 01 2A 00 12 03 6E 73 33 0B 73 65 72 76 65 72 66 61 75 6C 74 C0 23 C0 15 00 02 00 01 00 00 01 2A 00 06 03 6E 73 31 C0 4C C0 15 00 02 00 01 00 00 01 2A 00 06 03 6E 73 32 C0 4C C0 66 00 01 00 01 00 02 61 87 00 04 C6 FC CE 50 C0 78 00 01 00 01 00 02 61 87 00 04 C6 FC CE 51 C0 48 00 01 00 01 00 00 01 2A 00 04 45 3B C4 D9
45 00 00 45 9F C1 40 00 40 11 D1 07 93 20 53 35 93 20 50 69 22 28 00 35 00 31 CA 21 F7 A4 01 00 00 01 00 00 00 00 00 00 05 73 63 69 66 69 0D 73 74 61 63 6B 65 78 63 68 61 6E 67 65 03 63 6F 6D 00 00 01 00 01
45 00 00 C7 FC 5F 00 00 40 11 B3 E7 93 20 50 69 93 20 53 35 00 35 79 42 00 B3 A1 BD 50 37 81 80 00 01 00 01 00 03 00 03 05 70 68 6F 74 6F 0D 73 74 61 63 6B 65 78 63 68 61 6E 67 65 03 63 6F 6D 00 00 01 00 01 C0 0C 00 01 00 01 00 00 01 2C 00 04 C6 FC CE 10 C0 12 00 02 00 01 00 00 01 2A 00 12 03 6E 73 31 0B 73 65 72 76 65 72 66 61 75 6C 74 C0 20 C0 12 00 02 00 01 00 00 01 2A 00 06 03 6E 73 33 C0 49 C0 12 00 02 00 01 00 00 01 2A 00 06 03 6E 73 32 C0 49 C0 45 00 01 00 01 00 02 61 87 00 04 C6 FC CE 50 C0 75 00 01 00 01 00 02 61 87 00 04 C6 FC CE 51 C0 63 00 01 00 01 00 00 01 2A 00 04 45 3B C4 D9
45 00 00 48 9F C2 40 00 40 11 D1 03 93 20 53 35 93 20 50 69 1E 98 00 35 00 34 CA 24 E9 71 01 00 00 01 00 00 00 00 00 00 08 73 65 63 75 72 69 74 79 0D 73 74 61 63 6B 65 78 63 68 61 6E 67 65 03 63 6F 6D 00 00 01 00 01
45 00 00 CD FC 61 00 00 40 11 B3 DF 93 20 50 69 93 20 53 35 00 35 74 80 00 B9 B4 F9 C7 67 81 80 00 01 00 01 00 03 00 03 0B 70 72 6F 67 72 61 6D 6D 65 72 73 0D 73 74 61 63 6B 65 78 63 68 61 6E 67 65 03 63 6F 6D 00 00 01 00 01 C0 0C 00 01 00 01 00 00 01 2C 00 04 C6 FC CE 10 C0 18 00 02 00 01 00 00 01 2A 00 12 03 6E 73 33 0B 73 65 72 76 65 72 66 61 75 6C 74 C0 26 C0 18 00 02 00 01 00 00 01 2A 00 06 03 6E 73 32 C0 4F C0 18 00 02 00 01 00 00 01 2A 00 06 03 6E 73 31 C0 4F C0 7B 00 01 00 01 00 02 61 87 00 04 C6 FC CE 50 C0 69 00 01 00 01 00 02 61 87 00 04 C6 FC CE 51 C0 4B 00 01 00 01 00 00 01 2A 00 04 45 3B C4 D9
45 00 00 3D 9F C3 40 00 40 11 D1 0D 93 20 53 35 93 20 50 69 F0 DB 00 35 00 29 CA 19 FE C8 01 00 00 01 00 00 00 00 00 00 0B 73 65 72 76 65 72 66 61 75 6C 74 03 63 6F 6D 00 00 01 00 01
45 00 00 C7 FC 71 00 00 40 11 B3 D5 93 20 50 69 93 20 53 35 00 35 22 28 00 B3 64 73 F7 A4 81 80 00 01 00 01 00 03 00 03 05 73 63 69 66 69 0D 73 74 61 63 6B 65 78 63 68 61 6E 67 65 03 63 6F 6D 00 00 01 00 01 C0 0C 00 01 00 01 00 00 01 2C 00 04 C6 FC CE 10 C0 12 00 02 00 01 00 00 01 2A 00 12 03 6E 73 31 0B 73 65 72 76 65 72 66 61 75 6C 74 C0 20 C0 12 00 02 00 01 00 00 01 2A 00 06 03 6E 73 33 C0 49 C0 12 00 02 00 01 00 00 01 2A 00 06 03 6E 73 32 C0 49 C0 45 00 01 00 01 00 02 61 87 00 04 C6 FC CE 50 C0 75 00 01 00 01 00 02 61 87 00 04 C6 FC CE 51 C0 63 00 01 00 01 00 00 01 2A 00 04 45 3B C4 D9
45 00 00 4A 9F DB 40 00 40 11 D0 E8 93 20 53 35 93 20 50 69 3F C3 00 35 00 36 CA 26 F3 63 01 00 00 01 00 00 00 00 00 00 0A 73 68 61 72 65 70 6F 69 6E 74 0D 73 74 61 63 6B 65 78 63 68 61 6E 67 65 03 63 6F 6D 00 00 01 00 01
45 00 00 CA FC 73 00 00 40 11 B3 D0 93 20 50 69 93 20 53 35 00 35 1E 98 00 B6 7F 9D E9 71 81 80 00 01 00 01 00 03 00 03 08 73 65 63 75 72 69 74 79 0D 73 74 61 63 6B 65 78 63 68 61 6E 67 65 03 63 6F 6D 00 00 01 00 01 C0 0C 00 01 00 01 00 00 01 2C 00 04 C6 FC CE 10 C0 15 00 02 00 01 00 00 01 2A 00 12 03 6E 73 31 0B 73 65 72 76 65 72 66 61 75 6C 74 C0 23 C0 15 00 02 00 01 00 00 01 2A 00 06 03 6E 73 33 C0 4C C0 15 00 02 00 01 00 00 01 2A 00 06 03 6E 73 32 C0 4C C0 48 00 01 00 01 00 02 61 87 00 04 C6 FC CE 50 C0 78 00 01 00 01 00 02 61 87 00 04 C6 FC CE 51 C0 66 00 01 00 01 00 00 01 2A 00 04 45 3B C4 D9
45 00 00 48 9F DC 40 00 40 11 D0 E9 93 20 53 35 93 20 50 69 F9 9B 00 35 00 34 CA 24 0A E9 01 00 00 01 00 00 00 00 00 00 08 73 6B 65 70 74 69 63 73 0D 73 74 61 63 6B 65 78 63 68 61 6E 67 65 03 63 6F 6D 00 00 01 00 01
45 00 00 D5 FC 75 00 00 40 11 B3 C3 93 20 50 69 93 20 53 35 00 35 F0 DB 00 C1 DB 81 FE C8 81 80 00 01 00 01 00 04 00 04 0B 73 65 72 76 65 72 66 61 75 6C 74 03 63 6F 6D 00 00 01 00 01 C0 0C 00 01 00 01 00 00 01 2C 00 04 C6 FC CE 10 C0 0C 00 02 00 01 00 00 01 2A 00 06 03 6E 73 34 C0 0C C0 0C 00 02 00 01 00 00 01 2A 00 06 03 6E 73 33 C0 0C C0 0C 00 02 00 01 00 00 01 2A 00 06 03 6E 73 32 C0 0C C0 0C 00 02 00 01 00 00 01 2A 00 06 03 6E 73 31 C0 0C C0 73 00 01 00 01 00 02 61 87 00 04 C6 FC CE 50 C0 61 00 01 00 01 00 02 61 87 00 04 C6 FC CE 51 C0 4F 00 01 00 01 00 00 01 2A 00 04 45 3B C4 D9 C0 3D 00 01 00 01 00 00 01 2A 00 04 45 3B C4 7A
45 00 00 3F 9F DF 40 00 40 11 D0 EF 93 20 53 35 93 20 50 69 3F D1 00 35 00 2B CA 1B E6 B5 01 00 00 01 00 00 00 00 00 00 0D 73 74 61 63 6B 6F 76 65 72 66 6C 6F 77 03 63 6F 6D 00 00 01 00 01
45 00 01 45 FC 7A 00 00 40 11 B3 4E 93 20 50 69 93 20 53 35 00 35 63 60 01 31 B0 B2 FC 6C 81 80 00 01 00 06 00 02 00 04 03 63 64 6E 07 73 73 74 61 74 69 63 03 6E 65 74 00 00 01 00 01 C0 0C 00 05 00 01 00 00 0A 75 00 1D 07 73 73 74 61 74 69 63 03 6E 65 74 03 63 64 6E 0A 63 6C 6F 75 64 66 6C 61 72 65 C0 18 C0 2D 00 01 00 01 00 00 01 2C 00 04 BE 5D F4 3A C0 2D 00 01 00 01 00 00 01 2C 00 04 BE 5D F6 3A C0 2D 00 01 00 01 00 00 01 2C 00 04 8D 65 72 3B C0 2D 00 01 00 01 00 00 01 2C 00 04 BE 5D F5 3A C0 2D 00 01 00 01 00 00 01 2C 00 04 BE 5D F7 3A C0 3D 00 02 00 01 00 02 4D 29 00 18 04 66 72 65 64 02 6E 73 0A 63 6C 6F 75 64 66 6C 61 72 65 03 63 6F 6D 00 C0 3D 00 02 00 01 00 02 4D 29 00 07 04 6A 65 61 6E C0 AB C0 A6 00 01 00 01 00 00 FB A9 00 04 AD F5 3B 71 C0 A6 00 1C 00 01 00 00 FB A9 00 10 24 00 CB 00 20 49 00 01 00 00 00 00 AD F5 3B 71 C0 CA 00 01 00 01 00 00 FB A9 00 04 AD F5 3A 79 C0 CA 00 1C 00 01 00 00 FB A9 00 10 24 00 CB 00 20 49 00 01 00 00 00 00 AD F5 3A 79
45 00 00 CC FC 7D 00 00 40 11 B3 C4 93 20 50 69 93 20 53 35 00 35 3F C3 00 B8 E7 0F F3 63 81 80 00 01 00 01 00 03 00 03 0A 73 68 61 72 65 70 6F 69 6E 74 0D 73 74 61 63 6B 65 78 63 68 61 6E 67 65 03 63 6F 6D 00 00 01 00 01 C0 0C 00 01 00 01 00 00 01 2C 00 04 C6 FC CE 10 C0 17 00 02 00 01 00 00 01 2A 00 12 03 6E 73 33 0B 73 65 72 76 65 72 66 61 75 6C 74 C0 25 C0 17 00 02 00 01 00 00 01 2A 00 06 03 6E 73 32 C0 4E C0 17 00 02 00 01 00 00 01 2A 00 06 03 6E 73 31 C0 4E C0 7A 00 01 00 01 00 02 61 87 00 04 C6 FC CE 50 C0 68 00 01 00 01 00 02 61 87 00 04 C6 FC CE 51 C0 4A 00 01 00 01 00 00 01 2A 00 04 45 3B C4 D9
45 00 00 3B 9F F5 40 00 40 11 D0 DD 93 20 53 35 93 20 50 69 D0 8D 00 35 00 27 CA 17 52 C1 01 00 00 01 00 00 00 00 00 00 09 73 75 70 65 72 75 73 65 72 03 63 6F 6D 00 00 01 00 01
45 00 00 CA FC 80 00 00 40 11 B3 C3 93 20 50 69 93 20 53 35 00 35 F9 9B 00 B6 88 2F 0A E9 81 80 00 01 00 01 00 03 00 03 08 73 6B 65 70 74 69 63 73 0D 73 74 61 63 6B 65 78 63 68 61 6E 67 65 03 63 6F 6D 00 00 01 00 01 C0 0C 00 01 00 01 00 00 01 2C 00 04 C6 FC CE 10 C0 15 00 02 00 01 00 00 01 2A 00 12 03 6E 73 32 0B 73 65 72 76 65 72 66 61 75 6C 74 C0 23 C0 15 00 02 00 01 00 00 01 2A 00 06 03 6E 73 31 C0 4C C0 15 00 02 00 01 00 00 01 2A 00 06 03 6E 73 33 C0 4C C0 66 00 01 00 01 00 02 61 87 00 04 C6 FC CE 50 C0 48 00 01 00 01 00 02 61 87 00 04 C6 FC CE 51 C0 78 00 01 00 01 00 00 01 2A 00 04 45 3B C4 D9
45 00 00 42 9F F6 40 00 40 11 D0 D5 93 20 53 35 93 20 50 69 24 F5 00 35 00 2E CA 1E ED D1 01 00 00 01 00 00 00 00 00 00 03 74 65 78 0C 62 6C 6F 67 6F 76 65 72 66 6C 6F 77 03 63 6F 6D 00 00 01 00 01
45 00 00 C1 FC 83 00 00 40 11 B3 C9 93 20 50 69 93 20 53 35 00 35 3F D1 00 AD 3D F3 E6 B5 81 80 00 01 00 01 00 03 00 03 0D 73 74 61 63 6B 6F 76 65 72 66 6C 6F 77 03 63 6F 6D 00 00 01 00 01 C0 0C 00 01 00 01 00 00 01 2C 00 04 C6 FC CE 10 C0 0C 00 02 00 01 00 00 01 2C 00 12 03 6E 73 31 0B 73 65 72 76 65 72 66 61 75 6C 74 C0 1A C0 0C 00 02 00 01 00 00 01 2C 00 06 03 6E 73 33 C0 43 C0 0C 00 02 00 01 00 00 01 2C 00 06 03 6E 73 32 C0 43 C0 3F 00 01 00 01 00 02 61 87 00 04 C6 FC CE 50 C0 6F 00 01 00 01 00 02 61 87 00 04 C6 FC CE 51 C0 5D 00 01 00 01 00 00 01 2A 00 04 45 3B C4 D9
45 00 00 46 9F FA 40 00 40 11 D0 CD 93 20 53 35 93 20 50 69 A5 40 00 35 00 32 CA 22 66 58 01 00 00 01 00 00 00 00 00 00 06 74 72 61 76 65 6C 0D 73 74 61 63 6B 65 78 63 68 61 6E 67 65 03 63 6F 6D 00 00 01 00 01
45 00 00 BD FC 87 00 00 40 11 B3 C9 93 20 50 69 93 20 53 35 00 35 D0 8D 00 A9 2A 04 52 C1 81 80 00 01 00 01 00 03 00 03 09 73 75 70 65 72 75 73 65 72 03 63 6F 6D 00 00 01 00 01 C0 0C 00 01 00 01 00 00 01 2C 00 04 C6 FC CE 10 C0 0C 00 02 00 01 00 00 01 2C 00 12 03 6E 73 32 0B 73 65 72 76 65 72 66 61 75 6C 74 C0 16 C0 0C 00 02 00 01 00 00 01 2C 00 06 03 6E 73 33 C0 3F C0 0C 00 02 00 01 00 00 01 2C 00 06 03 6E 73 31 C0 3F C0 6B 00 01 00 01 00 02 61 87 00 04 C6 FC CE 50 C0 3B 00 01 00 01 00 02 61 87 00 04 C6 FC CE 51 C0 59 00 01 00 01 00 00 01 2A 00 04 45 3B C4 D9
45 00 00 44 A0 0F 40 00 40 11 D0 BA 93 20 53 35 93 20 50 69 34 86 00 35 00 30 CA 20 06 40 01 00 00 01 00 00 00 00 00 00 04 75 6E 69 78 0D 73 74 61 63 6B 65 78 63 68 61 6E 67 65 03 63 6F 6D 00 00 01 00 01
45 00 00 C4 FC 89 00 00 40 11 B3 C0 93 20 50 69 93 20 53 35 00 35 24 F5 00 B0 19 E2 ED D1 81 80 00 01 00 01 00 03 00 03 03 74 65 78 0C 62 6C 6F 67 6F 76 65 72 66 6C 6F 77 03 63 6F 6D 00 00 01 00 01 C0 0C 00 01 00 01 00 00 01 2C 00 04 C6 FC CE 13 C0 10 00 02 00 01 00 00 01 2C 00 12 03 6E 73 32 0B 73 65 72 76 65 72 66 61 75 6C 74 C0 1D C0 10 00 02 00 01 00 00 01 2C 00 06 03 6E 73 33 C0 46 C0 10 00 02 00 01 00 00 01 2C 00 06 03 6E 73 31 C0 46 C0 72 00 01 00 01 00 02 61 87 00 04 C6 FC CE 50 C0 42 00 01 00 01 00 02 61 87 00 04 C6 FC CE 51 C0 60 00 01 00 01 00 00 01 2A 00 04 45 3B C4 D9
45 00 00 42 A0 11 40 00 40 11 D0 BA 93 20 53 35 93 20 50 69 98 0A 00 35 00 2E CA 1E D9 0B 01 00 00 01 00 00 00 00 00 00 02 75 78 0D 73 74 61 63 6B 65 78 63 68 61 6E 67 65 03 63 6F 6D 00 00 01 00 01
45 00 00 C8 FC 8B 00 00 40 11 B3 BA 93 20 50 69 93 20 53 35 00 35 A5 40 00 B4 E6 A6 66 58 81 80 00 01 00 01 00 03 00 03 06 74 72 61 76 65 6C 0D 73 74 61 63 6B 65 78 63 68 61 6E 67 65 03 63 6F 6D 00 00 01 00 01 C0 0C 00 01 00 01 00 00 01 2C 00 04 C6 FC CE 10 C0 13 00 02 00 01 00 00 01 2A 00 12 03 6E 73 32 0B 73 65 72 76 65 72 66 61 75 6C 74 C0 21 C0 13 00 02 00 01 00 00 01 2A 00 06 03 6E 73 33 C0 4A C0 13 00 02 00 01 00 00 01 2A 00 06 03 6E 73 31 C0 4A C0 76 00 01 00 01 00 02 61 87 00 04 C6 FC CE 50 C0 46 00 01 00 01 00 02 61 87 00 04 C6 FC CE 51 C0 64 00 01 00 01 00 00 01 2A 00 04 45 3B C4 D9
45 00 00 47 A0 13 40 00 40 11 D0 B3 93 20 53 35 93 20 50 69 61 88 00 35 00 33 CA 23 31 84 01 00 00 01 00 00 00 00 00 00 07 77 65 62 61 70 70 73 0D 73 74 61 63 6B 65 78 63 68 61 6E 67 65 03 63 6F 6D 00 00 01 00 01
45 00 00 C6 FC 8D 00 00 40 11 B3 BA 93 20 50 69 93 20 53 35 00 35 34 86 00 B2 27 EC 06 40 81 80 00 01 00 01 00 03 00 03 04 75 6E 69 78 0D 73 74 61 63 6B 65 78 63 68 61 6E 67 65 03 63 6F 6D 00 00 01 00 01 C0 0C 00 01 00 01 00 00 01 2C 00 04 C6 FC CE 10 C0 11 00 02 00 01 00 00 01 2A 00 12 03 6E 73 31 0B 73 65 72 76 65 72 66 61 75 6C 74 C0 1F C0 11 00 02 00 01 00 00 01 2A 00 06 03 6E 73 33 C0 48 C0 11 00 02 00 01 00 00 01 2A 00 06 03 6E 73 32 C0 48 C0 44 00 01 00 01 00 02 61 87 00 04 C6 FC CE 50 C0 74 00 01 00 01 00 02 61 87 00 04 C6 FC CE 51 C0 62 00 01 00 01 00 00 01 2A 00 04 45 3B C4 D9
45 00 00 4A A0 29 40 00 40 11 D0 9A 93 20 53 35 93 20 50 69 ED 07 00 35 00 36 CA 26 0E 65 01 00 00 01 00 00 00 00 00 00 0A 77 65 62 6D 61 73 74 65 72 73 0D 73 74 61 63 6B 65 78 63 68 61 6E 67 65 03 63 6F 6D 00 00 01 00 01
45 00 00 C4 FC 8F 00 00 40 11 B3 BA 93 20 50 69 93 20 53 35 00 35 98 0A 00 B0 62 1B D9 0B 81 80 00 01 00 01 00 03 00 03 02 75 78 0D 73 74 61 63 6B 65 78 63 68 61 6E 67 65 03 63 6F 6D 00 00 01 00 01 C0 0C 00 01 00 01 00 00 01 2C 00 04 C6 FC CE 10 C0 0F 00 02 00 01 00 00 01 2A 00 12 03 6E 73 33 0B 73 65 72 76 65 72 66 61 75 6C 74 C0 1D C0 0F 00 02 00 01 00 00 01 2A 00 06 03 6E 73 32 C0 46 C0 0F 00 02 00 01 00 00 01 2A 00 06 03 6E 73 31 C0 46 C0 72 00 01 00 01 00 02 61 87 00 04 C6 FC CE 50 C0 60 00 01 00 01 00 02 61 87 00 04 C6 FC CE 51 C0 42 00 01 00 01 00 00 01 2A 00 04 45 3B C4 D9
45 00 00 49 A0 2B 40 00 40 11 D0 99 93 20 53 35 93 20 50 69 45 F5 00 35 00 35 CA 25 C2 45 01 00 00 01 00 00 00 00 00 00 09 77 6F 72 64 70 72 65 73 73 0D 73 74 61 63 6B 65 78 63 68 61 6E 67 65 03 63 6F 6D 00 00 01 00 01
45 00 00 C9 FC 91 00 00 40 11 B3 B3 93 20 50 69 93 20 53 35 00 35 61 88 00 B5 69 B8 31 84 81 80 00 01 00 01 00 03 00 03 07 77 65 62 61 70 70 73 0D 73 74 61 63 6B 65 78 63 68 61 6E 67 65 03 63 6F 6D 00 00 01 00 01 C0 0C 00 01 00 01 00 00 01 2C 00 04 C6 FC CE 10 C0 14 00 02 00 01 00 00 01 2A 00 12 03 6E 73 33 0B 73 65 72 76 65 72 66 61 75 6C 74 C0 22 C0 14 00 02 00 01 00 00 01 2A 00 06 03 6E 73 31 C0 4B C0 14 00 02 00 01 00 00 01 2A 00 06 03 6E 73 32 C0 4B C0 65 00 01 00 01 00 02 61 87 00 04 C6 FC CE 50 C0 77 00 01 00 01 00 02 61 87 00 04 C6 FC CE 51 C0 47 00 01 00 01 00 00 01 2A 00 04 45 3B C4 D9
45 00 00 CC FC 92 00 00 40 11 B3 AF 93 20 50 69 93 20 53 35 00 35 ED 07 00 B8 28 C0 0E 65 81 80 00 01 00 01 00 03 00 03 0A 77 65 62 6D 61 73 74 65 72 73 0D 73 74 61 63 6B 65 78 63 68 61 6E 67 65 03 63 6F 6D 00 00 01 00 01 C0 0C 00 01 00 01 00 00 01 2C 00 04 C6 FC CE 10 C0 17 00 02 00 01 00 00 01 2A 00 12 03 6E 73 32 0B 73 65 72 76 65 72 66 61 75 6C 74 C0 25 C0 17 00 02 00 01 00 00 01 2A 00 06 03 6E 73 33 C0 4E C0 17 00 02 00 01 00 00 01 2A 00 06 03 6E 73 31 C0 4E C0 7A 00 01 00 01 00 02 61 87 00 04 C6 FC CE 50 C0 4A 00 01 00 01 00 02 61 87 00 04 C6 FC CE 51 C0 68 00 01 00 01 00 00 01 2A 00 04 45 3B C4 D9
45 00 00 CB FC 93 00 00 40 11 B3 AF 93 20 50 69 93 20 53 35 00 35 45 F5 00 B7 5E 10 C2 45 81 80 00 01 00 01 00 03 00 03 09 77 6F 72 64 70 72 65 73 73 0D 73 74 61 63 6B 65 78 63 68 61 6E 67 65 03 63 6F 6D 00 00 01 00 01 C0 0C 00 01 00 01 00 00 01 2C 00 04 C6 FC CE 10 C0 16 00 02 00 01 00 00 01 2A 00 12 03 6E 73 31 0B 73 65 72 76 65 72 66 61 75 6C 74 C0 24 C0 16 00 02 00 01 00 00 01 2A 00 06 03 6E 73 32 C0 4D C0 16 00 02 00 01 00 00 01 2A 00 06 03 6E 73 33 C0 4D C0 49 00 01 00 01 00 02 61 87 00 04 C6 FC CE 50 C0 67 00 01 00 01 00 02 61 87 00 04 C6 FC CE 51 C0 79 00 01 00 01 00 00 01 2A 00 04 45 3B C4 D9
45 00 00 3E E4 BB 40 00 40 11 8C 14 93 20 53 35 93 20 50 69 25 CB 00 35 00 2A CA 1A 0C BA 01 00 00 01 00 00 00 00 00 00 03 65 65 73 08 65 6C 73 65 76 69 65 72 03 63 6F 6D 00 00 01 00 01
45 00 00 BC 01 4E 00 00 40 11 AF 04 93 20 50 69 93 20 53 35 00 35 25 CB 00 A8 DE EF 0C BA 81 80 00 01 00 02 00 02 00 02 03 65 65 73 08 65 6C 73 65 76 69 65 72 03 63 6F 6D 00 00 01 00 01 C0 0C 00 05 00 01 00 00 16 A2 00 0A 07 67 73 73 70 72 6F 64 C0 10 C0 2E 00 01 00 01 00 00 00 05 00 04 91 24 D7 B4 C0 2E 00 02 00 01 00 00 16 A2 00 10 0D 73 65 75 6B 6F 78 66 61 67 73 73 30 31 C0 10 C0 2E 00 02 00 01 00 00 16 A2 00 10 0D 73 65 75 6B 72 65 61 61 67 73 73 30 31 C0 10 C0 54 00 01 00 01 00 00 16 A2 00 04 91 24 D6 A4 C0 70 00 01 00 01 00 00 16 A2 00 04 91 24 1E 78
45 00 00 3E E9 1B 40 00 40 11 87 B4 93 20 53 35 93 20 50 69 04 6C 00 35 00 2A CA 1A 74 20 01 00 00 01 00 00 00 00 00 00 0C 6C 69 6E 75 78 67 61 7A 65 74 74 65 03 6E 65 74 00 00 01 00 01
45 00 00 FA 01 A6 00 00 40 11 AE 6E 93 20 50 69 93 20 53 35 00 35 04 6C 00 E6 83 1C 74 20 81 80 00 01 00 01 00 03 00 05 0C 6C 69 6E 75 78 67 61 7A 65 74 74 65 03 6E 65 74 00 00 01 00 01 C0 0C 00 01 00 01 00 01 51 80 00 04 45 C2 C1 46 C0 0C 00 02 00 01 00 01 51 80 00 06 03 6E 73 31 C0 0C C0 0C 00 02 00 01 00 01 51 80 00 11 06 67 69 6C 65 61 6E 05 6C 75 63 68 73 02 61 74 00 C0 0C 00 02 00 01 00 01 51 80 00 09 06 6D 61 6A 65 72 65 C0 57 C0 3E 00 01 00 01 00 01 51 80 00 04 45 C2 C1 46 C0 50 00 01 00 01 00 09 3A 80 00 04 5F 81 CD 53 C0 50 00 1C 00 01 00 00 38 40 00 10 2A 02 0B 18 C1 3B 00 04 00 00 00 00 00 00 00 83 C0 6D 00 01 00 01 00 09 3A 80 00 04 D5 2F D7 E3 C0 6D 00 1C 00 01 00 00 70 80 00 10 20 01 04 70 00 25 01 51 00 00 00 00 00 00 00 02
45 00 00 3F F8 39 40 00 40 11 78 95 93 20 53 35 93 20 50 69 6D 99 00 35 00 2B CA 1B 6C D4 01 00 00 01 00 00 00 00 00 00 01 69 05 73 74 61 63 6B 05 69 6D 67 75 72 03 63 6F 6D 00 00 01 00 01
45 00 00 47 F8 58 40 00 40 11 78 6E 93 20 53 35 93 20 50 69 9A 41 00 35 00 33 CA 23 33 7E 01 00 00 01 00 00 00 00 00 00 07 63 61 72 65 65 72 73 0D 73 74 61 63 6B 6F 76 65 72 66 6C 6F 77 03 63 6F 6D 00 00 01 00 01
45 00 00 C9 02 E0 00 00 40 11 AD 65 93 20 50 69 93 20 53 35 00 35 9A 41 00 B5 28 FE 33 7E 81 80 00 01 00 01 00 03 00 03 07 63 61 72 65 65 72 73 0D 73 74 61 63 6B 6F 76 65 72 66 6C 6F 77 03 63 6F 6D 00 00 01 00 01 C0 0C 00 01 00 01 00 00 01 2C 00 04 C6 FC CE 11 C0 14 00 02 00 01 00 00 00 D2 00 12 03 6E 73 33 0B 73 65 72 76 65 72 66 61 75 6C 74 C0 22 C0 14 00 02 00 01 00 00 00 D2 00 06 03 6E 73 32 C0 4B C0 14 00 02 00 01 00 00 00 D2 00 06 03 6E 73 31 C0 4B C0 77 00 01 00 01 00 02 61 2D 00 04 C6 FC CE 50 C0 65 00 01 00 01 00 02 61 2D 00 04 C6 FC CE 51 C0 47 00 01 00 01 00 00 00 D0 00 04 45 3B C4 D9
45 00 00 44 F8 96 40 00 40 11 78 33 93 20 53 35 93 20 50 69 AA 1F 00 35 00 30 CA 20 B2 EA 01 00 00 01 00 00 00 00 00 00 04 62 6C 6F 67 0D 73 74 61 63 6B 65 78 63 68 61 6E 67 65 03 63 6F 6D 00 00 01 00 01
45 00 00 44 F8 96 40 00 40 11 78 33 93 20 53 35 93 20 50 69 13 93 00 35 00 30 CA 20 3C 12 01 00 00 01 00 00 00 00 00 00 04 63 68 61 74 0D 73 74 61 63 6B 6F 76 65 72 66 6C 6F 77 03 63 6F 6D 00 00 01 00 01
45 00 00 3F F8 96 40 00 40 11 78 38 93 20 53 35 93 20 50 69 31 65 00 35 00 2B CA 1B 5D C7 01 00 00 01 00 00 00 00 00 00 06 65 6E 67 69 6E 65 06 61 64 7A 65 72 6B 03 6E 65 74 00 00 01 00 01
45 00 02 12 02 E7 00 00 40 11 AC 15 93 20 50 69 93 20 53 35 00 35 31 65 01 FE 53 C2 5D C7 81 80 00 01 00 09 00 08 00 07 06 65 6E 67 69 6E 65 06 61 64 7A 65 72 6B 03 6E 65 74 00 00 01 00 01 C0 0C 00 05 00 01 00 00 0A 20 00 2F 11 65 6E 67 69 6E 65 33 2D 37 37 34 35 39 35 39 38 30 09 75 73 2D 65 61 73 74 2D 31 03 65 6C 62 09 61 6D 61 7A 6F 6E 61 77 73 03 63 6F 6D 00 C0 2F 00 01 00 01 00 00 00 3C 00 04 36 F3 9B 42 C0 2F 00 01 00 01 00 00 00 3C 00 04 36 EB 8A 8B C0 2F 00 01 00 01 00 00 00 3C 00 04 17 17 68 FB C0 2F 00 01 00 01 00 00 00 3C 00 04 36 E1 AE 85 C0 2F 00 01 00 01 00 00 00 3C 00 04 36 F3 74 44 C0 2F 00 01 00 01 00 00 00 3C 00 04 17 15 9E 9E C0 2F 00 01 00 01 00 00 00 3C 00 04 36 F3 3B 11 C0 2F 00 01 00 01 00 00 00 3C 00 04 AE 81 E8 CF C0 2F 00 02 00 01 00 00 03 18 00 09 06 6E 73 2D 39 33 35 C0 4F C0 2F 00 02 00 01 00 00 03 18 00 09 06 6E 73 2D 39 31 36 C0 4F C0 2F 00 02 00 01 00 00 03 18 00 09 06 6E 73 2D 39 34 37 C0 4F C0 2F 00 02 00 01 00 00 03 18 00 09 06 6E 73 2D 39 34 34 C0 4F C0 2F 00 02 00 01 00 00 03 18 00 09 06 6E 73 2D 39 33 34 C0 4F C0 2F 00 02 00 01 00 00 03 18 00 09 06 6E 73 2D 39 32 37 C0 4F C0 2F 00 02 00 01 00 00 03 18 00 09 06 6E 73 2D 39 34 31 C0 4F C0 2F 00 02 00 01 00 00 03 18 00 09 06 6E 73 2D 39 32 35 C0 4F C0 FF 00 01 00 01 00 00 03 27 00 04 CF AB B2 07 C1 7D 00 01 00 01 00 00 00 3C 00 04 48 15 D0 D5 C1 53 00 01 00 01 00 00 00 3C 00 04 48 15 CC D1 C1 3E 00 01 00 01 00 00 00 3C 00 04 57 EE 54 D7 C0 EA 00 01 00 01 00 00 00 3C 00 04 57 EE 50 D5 C1 68 00 01 00 01 00 00 33 C4 00 04 CC F6 A0 05 C1 29 00 01 00 01 00 00 2D 8F 00 04 CD FB E4 06
45 00 00 44 F8 9D 40 00 40 11 78 2C 93 20 53 35 93 20 50 69 1B 9C 00 35 00 30 CA 20 60 85 01 00 00 01 00 00 00 00 00 00 04 6D 65 74 61 0D 73 74 61 63 6B 6F 76 65 72 66 6C 6F 77 03 63 6F 6D 00 00 01 00 01
45 00 00 C6 02 EC 00 00 40 11 AD 5C 93 20 50 69 93 20 53 35 00 35 AA 1F 00 B2 1A D3 B2 EA 81 80 00 01 00 01 00 03 00 03 04 62 6C 6F 67 0D 73 74 61 63 6B 65 78 63 68 61 6E 67 65 03 63 6F 6D 00 00 01 00 01 C0 0C 00 01 00 01 00 00 01 2C 00 04 C6 FC CE 14 C0 11 00 02 00 01 00 00 00 CF 00 12 03 6E 73 31 0B 73 65 72 76 65 72 66 61 75 6C 74 C0 1F C0 11 00 02 00 01 00 00 00 CF 00 06 03 6E 73 33 C0 48 C0 11 00 02 00 01 00 00 00 CF 00 06 03 6E 73 32 C0 48 C0 44 00 01 00 01 00 02 61 2C 00 04 C6 FC CE 50 C0 74 00 01 00 01 00 02 61 2C 00 04 C6 FC CE 51 C0 62 00 01 00 01 00 00 00 CF 00 04 45 3B C4 D9
45 00 00 3B F8 B0 40 00 40 11 78 22 93 20 53 35 93 20 50 69 8A FF 00 35 00 27 CA 17 D5 B9 01 00 00 01 00 00 00 00 00 00 09 73 74 61 63 6B 61 70 70 73 03 63 6F 6D 00 00 01 00 01
45 00 00 C6 02 F0 00 00 40 11 AD 58 93 20 50 69 93 20 53 35 00 35 13 93 00 B2 07 1D 3C 12 81 80 00 01 00 01 00 03 00 03 04 63 68 61 74 0D 73 74 61 63 6B 6F 76 65 72 66 6C 6F 77 03 63 6F 6D 00 00 01 00 01 C0 0C 00 01 00 01 00 00 01 2C 00 04 C6 FC CE 1D C0 11 00 02 00 01 00 00 00 D1 00 12 03 6E 73 33 0B 73 65 72 76 65 72 66 61 75 6C 74 C0 1F C0 11 00 02 00 01 00 00 00 D1 00 06 03 6E 73 31 C0 48 C0 11 00 02 00 01 00 00 00 D1 00 06 03 6E 73 32 C0 48 C0 62 00 01 00 01 00 02 61 2C 00 04 C6 FC CE 50 C0 74 00 01 00 01 00 02 61 2C 00 04 C6 FC CE 51 C0 44 00 01 00 01 00 00 00 CF 00 04 45 3B C4 D9
45 00 00 C6 02 F2 00 00 40 11 AD 56 93 20 50 69 93 20 53 35 00 35 1B 9C 00 B2 F0 90 60 85 81 80 00 01 00 01 00 03 00 03 04 6D 65 74 61 0D 73 74 61 63 6B 6F 76 65 72 66 6C 6F 77 03 63 6F 6D 00 00 01 00 01 C0 0C 00 01 00 01 00 00 01 2C 00 04 C6 FC CE 10 C0 11 00 02 00 01 00 00 00 D1 00 12 03 6E 73 32 0B 73 65 72 76 65 72 66 61 75 6C 74 C0 1F C0 11 00 02 00 01 00 00 00 D1 00 06 03 6E 73 31 C0 48 C0 11 00 02 00 01 00 00 00 D1 00 06 03 6E 73 33 C0 48 C0 62 00 01 00 01 00 02 61 2C 00 04 C6 FC CE 50 C0 44 00 01 00 01 00 02 61 2C 00 04 C6 FC CE 51 C0 74 00 01 00 01 00 00 00 CF 00 04 45 3B C4 D9
45 00 01 B0 02 F3 00 00 40 11 AC 6B 93 20 50 69 93 20 53 35 00 35 6D 99 01 9C B0 74 6C D4 81 80 00 01 00 0D 00 02 00 04 01 69 05 73 74 61 63 6B 05 69 6D 67 75 72 03 63 6F 6D 00 00 01 00 01 C0 0C 00 05 00 01 00 00 01 2C 00 1A 17 63 66 2D 73 73 6C 31 31 34 39 36 2D 70 72 6F 74 65 63 74 65 64 2D 69 C0 0E C0 2F 00 01 00 01 00 00 01 2C 00 04 67 1F 07 22 C0 2F 00 01 00 01 00 00 01 2C 00 04 67 1F 06 22 C0 2F 00 01 00 01 00 00 01 2C 00 04 67 1F 07 21 C0 2F 00 01 00 01 00 00 01 2C 00 04 67 1F 06 23 C0 2F 00 01 00 01 00 00 01 2C 00 04 67 1F 07 B8 C0 2F 00 01 00 01 00 00 01 2C 00 04 67 1F 06 20 C0 2F 00 01 00 01 00 00 01 2C 00 04 67 1F 07 1F C0 2F 00 01 00 01 00 00 01 2C 00 04 67 1F 07 20 C0 2F 00 01 00 01 00 00 01 2C 00 04 67 1F 06 21 C0 2F 00 01 00 01 00 00 01 2C 00 04 67 1F 06 B8 C0 2F 00 01 00 01 00 00 01 2C 00 04 67 1F 06 24 C0 2F 00 01 00 01 00 00 01 2C 00 04 67 1F 07 23 C0 14 00 02 00 01 00 02 4D 1C 00 14 03 73 75 65 02 6E 73 0A 63 6C 6F 75 64 66 6C 61 72 65 C0 1A C0 14 00 02 00 01 00 02 4D 1C 00 07 04 6E 6F 61 68 C1 19 C1 15 00 01 00 01 00 02 4D 1C 00 04 AD F5 3A 91 C1 15 00 1C 00 01 00 02 4D 1C 00 10 24 00 CB 00 20 49 00 01 00 00 00 00 AD F5 3A 91 C1 35 00 01 00 01 00 02 4D 1C 00 04 AD F5 3B 85 C1 35 00 1C 00 01 00 02 4D 1C 00 10 24 00 CB 00 20 49 00 01 00 00 00 00 AD F5 3B 85
45 00 00 BD 02 F4 00 00 40 11 AD 5D 93 20 50 69 93 20 53 35 00 35 8A FF 00 A9 09 B3 D5 B9 81 80 00 01 00 01 00 03 00 03 09 73 74 61 63 6B 61 70 70 73 03 63 6F 6D 00 00 01 00 01 C0 0C 00 01 00 01 00 00 01 2C 00 04 C6 FC CE 10 C0 0C 00 02 00 01 00 00 01 2C 00 12 03 6E 73 33 0B 73 65 72 76 65 72 66 61 75 6C 74 C0 16 C0 0C 00 02 00 01 00 00 01 2C 00 06 03 6E 73 31 C0 3F C0 0C 00 02 00 01 00 00 01 2C 00 06 03 6E 73 32 C0 3F C0 59 00 01 00 01 00 02 61 2C 00 04 C6 FC CE 50 C0 6B 00 01 00 01 00 02 61 2C 00 04 C6 FC CE 51 C0 3B 00 01 00 01 00 00 00 CF 00 04 45 3B C4 D9
45 00 00 3F F9 22 40 00 40 11 77 AC 93 20 53 35 93 20 50 69 61 62 00 35 00 2B CA 1B A2 F9 01 00 00 01 00 00 00 00 00 00 06 73 74 61 74 69 63 06 61 64 7A 65 72 6B 03 6E 65 74 00 00 01 00 01
45 00 01 16 02 F8 00 00 40 11 AD 00 93 20 50 69 93 20 53 35 00 35 61 62 01 02 BB B0 A2 F9 81 80 00 01 00 05 00 02 00 02 06 73 74 61 74 69 63 06 61 64 7A 65 72 6B 03 6E 65 74 00 00 01 00 01 C0 0C 00 05 00 01 00 00 0A 20 00 26 0D 61 64 7A 65 72 6B 2D 73 74 61 74 69 63 07 63 6C 69 65 6E 74 73 0A 74 75 72 62 6F 62 79 74 65 73 03 63 6F 6D 00 C0 2F 00 05 00 01 00 00 66 EC 00 06 01 62 01 67 C0 45 C0 61 00 05 00 01 00 00 03 84 00 17 03 77 61 63 04 36 45 38 44 0B 65 64 67 65 63 61 73 74 63 64 6E C0 1A C0 73 00 05 00 01 00 00 0A 20 00 10 03 67 70 31 03 77 61 63 05 76 32 63 64 6E C0 1A C0 96 00 01 00 01 00 00 0A 20 00 04 5D B8 DC 14 C0 9E 00 02 00 01 00 02 5E 19 00 06 03 6E 73 32 C0 9E C0 9E 00 02 00 01 00 02 5E 19 00 06 03 6E 73 31 C0 9E C0 D4 00 01 00 01 00 02 5E 19 00 04 48 15 50 05 C0 C2 00 01 00 01 00 02 5E 19 00 04 48 15 50 06
45 00 00 44 1B EA 40 00 40 11 54 E0 93 20 53 35 93 20 50 69 20 62 00 35 00 30 CA 20 E1 20 01 00 00 01 00 00 00 00 00 00 04 6D 61 74 68 0D 73 74 61 63 6B 65 78 63 68 61 6E 67 65 03 63 6F 6D 00 00 01 00 01
45 00 00 3E 1B EA 40 00 40 11 54 E6 93 20 53 35 93 20 50 69 3C 5E 00 35 00 2A CA 1A A4 7C 01 00 00 01 00 00 00 00 00 00 0C 6D 61 74 68 6F 76 65 72 66 6C 6F 77 03 6E 65 74 00 00 01 00 01
45 00 00 43 1B EA 40 00 40 11 54 E1 93 20 53 35 93 20 50 69 FF B6 00 35 00 2F CA 1F DE 30 01 00 00 01 00 00 00 00 00 00 03 72 70 67 0D 73 74 61 63 6B 65 78 63 68 61 6E 67 65 03 63 6F 6D 00 00 01 00 01
45 00 00 DD 0A 8A 00 00 40 11 A5 A7 93 20 50 69 93 20 53 35 00 35 3C 5E 00 C9 DF 1D A4 7C 81 80 00 01 00 01 00 02 00 04 0C 6D 61 74 68 6F 76 65 72 66 6C 6F 77 03 6E 65 74 00 00 01 00 01 C0 0C 00 01 00 01 00 00 07 08 00 04 C6 FC CE 10 C0 0C 00 02 00 01 00 00 0E 10 00 18 04 6E 73 34 36 0D 64 6F 6D 61 69 6E 63 6F 6E 74 72 6F 6C 03 63 6F 6D 00 C0 0C 00 02 00 01 00 00 0E 10 00 07 04 6E 73 34 35 C0 43 C0 62 00 01 00 01 00 01 26 0D 00 04 D8 45 B9 17 C0 62 00 1C 00 01 00 01 26 0D 00 10 26 07 F2 08 02 06 00 00 00 00 00 00 00 00 00 17 C0 3E 00 01 00 01 00 01 26 0D 00 04 D0 6D FF 17 C0 3E 00 1C 00 01 00 01 26 0D 00 10 26 07 F2 08 03 02 00 00 00 00 00 00 00 00 00 17
45 00 00 C5 0A 8C 00 00 40 11 A5 BD 93 20 50 69 93 20 53 35 00 35 FF B6 00 B1 07 CC DE 30 81 80 00 01 00 01 00 03 00 03 03 72 70 67 0D 73 74 61 63 6B 65 78 63 68 61 6E 67 65 03 63 6F 6D 00 00 01 00 01 C0 0C 00 01 00 01 00 00 01 2C 00 04 C6 FC CE 10 C0 10 00 02 00 01 00 00 00 AB 00 12 03 6E 73 33 0B 73 65 72 76 65 72 66 61 75 6C 74 C0 1E C0 10 00 02 00 01 00 00 00 AB 00 06 03 6E 73 32 C0 47 C0 10 00 02 00 01 00 00 00 AB 00 06 03 6E 73 31 C0 47 C0 73 00 01 00 01 00 02 61 08 00 04 C6 FC CE 50 C0 61 00 01 00 01 00 02 61 08 00 04 C6 FC CE 51 C0 43 00 01 00 01 00 00 00 AB 00 04 45 3B C4 D9
45 00 00 C6 0A 8D 00 00 40 11 A5 BB 93 20 50 69 93 20 53 35 00 35 20 62 00 B2 81 26 E1 20 81 80 00 01 00 01 00 03 00 03 04 6D 61 74 68 0D 73 74 61 63 6B 65 78 63 68 61 6E 67 65 03 63 6F 6D 00 00 01 00 01 C0 0C 00 01 00 01 00 00 01 2C 00 04 C6 FC CE 10 C0 11 00 02 00 01 00 00 00 AB 00 12 03 6E 73 31 0B 73 65 72 76 65 72 66 61 75 6C 74 C0 1F C0 11 00 02 00 01 00 00 00 AB 00 06 03 6E 73 33 C0 48 C0 11 00 02 00 01 00 00 00 AB 00 06 03 6E 73 32 C0 48 C0 44 00 01 00 01 00 02 61 08 00 04 C6 FC CE 50 C0 74 00 01 00 01 00 02 61 08 00 04 C6 FC CE 51 C0 62 00 01 00 01 00 00 00 AB 00 04 45 3B C4 D9
45 00 00 45 1C 36 40 00 40 11 54 93 93 20 53 35 93 20 50 69 2E 4D 00 35 00 31 CA 21 D4 F2 01 00 00 01 00 00 00 00 00 00 05 73 74 61 74 73 0D 73 74 61 63 6B 65 78 63 68 61 6E 67 65 03 63 6F 6D 00 00 01 00 01
45 00 00 C7 0A 92 00 00 40 11 A5 B5 93 20 50 69 93 20 53 35 00 35 2E 4D 00 B3 56 01 D4 F2 81 80 00 01 00 01 00 03 00 03 05 73 74 61 74 73 0D 73 74 61 63 6B 65 78 63 68 61 6E 67 65 03 63 6F 6D 00 00 01 00 01 C0 0C 00 01 00 01 00 00 01 2C 00 04 C6 FC CE 10 C0 12 00 02 00 01 00 00 00 AB 00 12 03 6E 73 32 0B 73 65 72 76 65 72 66 61 75 6C 74 C0 20 C0 12 00 02 00 01 00 00 00 AB 00 06 03 6E 73 33 C0 49 C0 12 00 02 00 01 00 00 00 AB 00 06 03 6E 73 31 C0 49 C0 75 00 01 00 01 00 02 61 08 00 04 C6 FC CE 50 C0 45 00 01 00 01 00 02 61 08 00 04 C6 FC CE 51 C0 63 00 01 00 01 00 00 00 AB 00 04 45 3B C4 D9
45 00 00 3E 2B 0C 40 00 40 11 45 C4 93 20 53 35 93 20 50 69 81 F4 00 35 00 2A CA 1A 1A 98 01 00 00 01 00 00 00 00 00 00 03 65 65 73 08 65 6C 73 65 76 69 65 72 03 63 6F 6D 00 00 01 00 01
45 00 00 BC 0B 99 00 00 40 11 A4 B9 93 20 50 69 93 20 53 35 00 35 81 F4 00 A8 76 50 1A 98 81 80 00 01 00 02 00 02 00 02 03 65 65 73 08 65 6C 73 65 76 69 65 72 03 63 6F 6D 00 00 01 00 01 C0 0C 00 05 00 01 00 00 16 5A 00 0A 07 67 73 73 70 72 6F 64 C0 10 C0 2E 00 01 00 01 00 00 00 05 00 04 91 24 D7 B4 C0 2E 00 02 00 01 00 00 16 5A 00 10 0D 73 65 75 6B 72 65 61 61 67 73 73 30 31 C0 10 C0 2E 00 02 00 01 00 00 16 5A 00 10 0D 73 65 75 6B 6F 78 66 61 67 73 73 30 31 C0 10 C0 70 00 01 00 01 00 00 16 5A 00 04 91 24 D6 A4 C0 54 00 01 00 01 00 00 16 5A 00 04 91 24 1E 78
45 00 00 3E 72 55 40 00 40 11 FE 7A 93 20 53 35 93 20 50 69 2A 55 00 35 00 2A CA 1A 14 17 01 00 00 01 00 00 00 00 00 00 03 65 65 73 08 65 6C 73 65 76 69 65 72 03 63 6F 6D 00 00 01 00 01
45 00 00 BC 10 15 00 00 40 11 A0 3D 93 20 50 69 93 20 53 35 00 35 2A 55 00 A8 D5 DD 14 17 81 80 00 01 00 02 00 02 00 02 03 65 65 73 08 65 6C 73 65 76 69 65 72 03 63 6F 6D 00 00 01 00 01 C0 0C 00 05 00 01 00 00 16 11 00 0A 07 67 73 73 70 72 6F 64 C0 10 C0 2E 00 01 00 01 00 00 00 05 00 04 91 24 D7 B4 C0 2E 00 02 00 01 00 00 16 11 00 10 0D 73 65 75 6B 6F 78 66 61 67 73 73 30 31 C0 10 C0 2E 00 02 00 01 00 00 16 11 00 10 0D 73 65 75 6B 72 65 61 61 67 73 73 30 31 C0 10 C0 54 00 01 00 01 00 00 16 11 00 04 91 24 D6 A4 C0 70 00 01 00 01 00 00 16 11 00 04 91 24 1E 78
45 00 00 3E 77 BF 40 00 40 11 F9 10 93 20 53 35 93 20 50 69 94 0E 00 35 00 2A CA 1A 2D DD 01 00 00 01 00 00 00 00 00 00 03 77 77 77 08 6D 65 6E 64 65 6C 65 79 03 63 6F 6D 00 00 01 00 01
45 00 00 3E 77 C0 40 00 40 11 F9 0F 93 20 53 35 93 20 50 69 94 0E 00 35 00 2A CA 1A CF 40 01 00 00 01 00 00 00 00 00 00 03 77 77 77 08 6D 65 6E 64 65 6C 65 79 03 63 6F 6D 00 00 1C 00 01
45 00 00 8A 10 8D 00 00 40 11 9F F7 93 20 50 69 93 20 53 35 00 35 94 0E 00 76 4A E0 CF 40 81 80 00 01 00 01 00 01 00 00 03 77 77 77 08 6D 65 6E 64 65 6C 65 79 03 63 6F 6D 00 00 1C 00 01 C0 0C 00 05 00 01 00 00 04 C6 00 02 C0 10 C0 10 00 06 00 01 00 00 00 40 00 32 06 6E 73 2D 32 32 37 09 61 77 73 64 6E 73 2D 32 38 C0 19 08 73 79 73 61 64 6D 69 6E C0 10 77 DF 44 A1 00 00 1C 20 00 00 03 84 00 12 75 00 00 01 51 80
45 00 01 45 10 8E 00 00 40 11 9F 3B 93 20 50 69 93 20 53 35 00 35 94 0E 01 31 F8 14 2D DD 81 80 00 01 00 04 00 04 00 04 03 77 77 77 08 6D 65 6E 64 65 6C 65 79 03 63 6F 6D 00 00 01 00 01 C0 0C 00 05 00 01 00 00 04 C6 00 02 C0 10 C0 10 00 01 00 01 00 00 04 C6 00 04 50 40 31 0B C0 10 00 01 00 01 00 00 04 C6 00 04 50 40 31 0C C0 10 00 01 00 01 00 00 04 C6 00 04 50 40 31 0A C0 10 00 02 00 01 00 02 45 61 00 16 06 6E 73 2D 39 39 33 09 61 77 73 64 6E 73 2D 36 30 03 6E 65 74 00 C0 10 00 02 00 01 00 02 45 61 00 17 07 6E 73 2D 31 31 33 31 09 61 77 73 64 6E 73 2D 31 33 03 6F 72 67 00 C0 10 00 02 00 01 00 02 45 61 00 13 06 6E 73 2D 32 32 37 09 61 77 73 64 6E 73 2D 32 38 C0 19 C0 10 00 02 00 01 00 02 45 61 00 19 07 6E 73 2D 31 38 30 38 09 61 77 73 64 6E 73 2D 33 34 02 63 6F 02 75 6B 00 C0 B1 00 01 00 01 00 02 45 61 00 04 CD FB C0 E3 C0 6C 00 01 00 01 00 02 45 61 00 04 CD FB C3 E1 C0 8E 00 01 00 01 00 02 45 61 00 04 CD FB C4 6B C0 D0 00 01 00 01 00 02 45 61 00 04 CD FB C7 10
45 00 00 3D 96 79 40 00 40 11 DA 57 93 20 53 35 93 20 50 69 98 E5 00 35 00 29 CA 19 79 A1 01 00 00 01 00 00 00 00 00 00 04 70 6C 75 73 06 67 6F 6F 67 6C 65 03 63 6F 6D 00 00 01 00 01
45 00 01 B5 12 BD 00 00 40 11 9C 9C 93 20 50 69 93 20 53 35 00 35 98 E5 01 A1 04 DE 79 A1 81 80 00 01 00 0F 00 04 00 04 04 70 6C 75 73 06 67 6F 6F 67 6C 65 03 63 6F 6D 00 00 01 00 01 C0 0C 00 01 00 01 00 00 00 30 00 04 C3 71 D6 FB C0 0C 00 01 00 01 00 00 00 30 00 04 C3 71 D6 EC C0 0C 00 01 00 01 00 00 00 30 00 04 C3 71 D6 D7 C0 0C 00 01 00 01 00 00 00 30 00 04 C3 71 D6 F9 C0 0C 00 01 00 01 00 00 00 30 00 04 C3 71 D6 CF C0 0C 00 01 00 01 00 00 00 30 00 04 C3 71 D6 DD C0 0C 00 01 00 01 00 00 00 30 00 04 C3 71 D6 E6 C0 0C 00 01 00 01 00 00 00 30 00 04 C3 71 D6 F1 C0 0C 00 01 00 01 00 00 00 30 00 04 C3 71 D6 ED C0 0C 00 01 00 01 00 00 00 30 00 04 C3 71 D6 DE C0 0C 00 01 00 01 00 00 00 30 00 04 C3 71 D6 EA C0 0C 00 01 00 01 00 00 00 30 00 04 C3 71 D6 F5 C0 0C 00 01 00 01 00 00 00 30 00 04 C3 71 D6 DB C0 0C 00 01 00 01 00 00 00 30 00 04 C3 71 D6 E2 C0 0C 00 01 00 01 00 00 00 30 00 04 C3 71 D6 D3 C0 11 00 02 00 01 00 01 BE D7 00 06 03 6E 73 31 C0 11 C0 11 00 02 00 01 00 01 BE D7 00 06 03 6E 73 33 C0 11 C0 11 00 02 00 01 00 01 BE D7 00 06 03 6E 73 34 C0 11 C0 11 00 02 00 01 00 01 BE D7 00 06 03 6E 73 32 C0 11 C1 1D 00 01 00 01 00 04 61 D7 00 04 D8 EF 20 0A C1 53 00 01 00 01 00 04 61 D7 00 04 D8 EF 22 0A C1 2F 00 01 00 01 00 04 61 D7 00 04 D8 EF 24 0A C1 41 00 01 00 01 00 04 61 D7 00 04 D8 EF 26 0A
45 00 00 3E B8 A6 40 00 40 11 B8 29 93 20 53 35 93 20 50 69 82 C8 00 35 00 2A CA 1A 76 B6 01 00 00 01 00 00 00 00 00 00 03 65 65 73 08 65 6C 73 65 76 69 65 72 03 63 6F 6D 00 00 01 00 01
45 00 00 BC 14 9E 00 00 40 11 9B B4 93 20 50 69 93 20 53 35 00 35 82 C8 00 A8 1C 33 76 B6 81 80 00 01 00 02 00 02 00 02 03 65 65 73 08 65 6C 73 65 76 69 65 72 03 63 6F 6D 00 00 01 00 01 C0 0C 00 05 00 01 00 00 15 C9 00 0A 07 67 73 73 70 72 6F 64 C0 10 C0 2E 00 01 00 01 00 00 00 05 00 04 91 24 D7 B4 C0 2E 00 02 00 01 00 00 15 C9 00 10 0D 73 65 75 6B 72 65 61 61 67 73 73 30 31 C0 10 C0 2E 00 02 00 01 00 00 15 C9 00 10 0D 73 65 75 6B 6F 78 66 61 67 73 73 30 31 C0 10 C0 70 00 01 00 01 00 00 15 C9 00 04 91 24 D6 A4 C0 54 00 01 00 01 00 00 15 C9 00 04 91 24 1E 78
45 00 00 3E FF 01 40 00 40 11 71 CE 93 20 53 35 93 20 50 69 5E 1B 00 35 00 2A CA 1A 1D A6 01 00 00 01 00 00 00 00 00 00 03 65 65 73 08 65 6C 73 65 76 69 65 72 03 63 6F 6D 00 00 01 00 01
45 00 00 BC 18 9F 00 00 40 11 97 B3 93 20 50 69 93 20 53 35 00 35 5E 1B 00 A8 9B 58 1D A6 81 80 00 01 00 02 00 02 00 02 03 65 65 73 08 65 6C 73 65 76 69 65 72 03 63 6F 6D 00 00 01 00 01 C0 0C 00 05 00 01 00 00 15 81 00 0A 07 67 73 73 70 72 6F 64 C0 10 C0 2E 00 01 00 01 00 00 00 05 00 04 91 24 D7 B4 C0 2E 00 02 00 01 00 00 15 81 00 10 0D 73 65 75 6B 6F 78 66 61 67 73 73 30 31 C0 10 C0 2E 00 02 00 01 00 00 15 81 00 10 0D 73 65 75 6B 72 65 61 61 67 73 73 30 31 C0 10 C0 54 00 01 00 01 00 00 15 81 00 04 91 24 D6 A4 C0 70 00 01 00 01 00 00 15 81 00 04 91 24 1E 78
45 00 00 3E 46 3F 40 00 40 11 2A 91 93 20 53 35 93 20 50 69 14 3D 00 35 00 2A CA 1A EC 41 01 00 00 01 00 00 00 00 00 00 03 65 65 73 08 65 6C 73 65 76 69 65 72 03 63 6F 6D 00 00 01 00 01
45 00 00 BC 22 32 00 00 40 11 8E 20 93 20 50 69 93 20 53 35 00 35 14 3D 00 A8 18 08 EC 41 81 80 00 01 00 02 00 02 00 02 03 65 65 73 08 65 6C 73 65 76 69 65 72 03 63 6F 6D 00 00 01 00 01 C0 0C 00 05 00 01 00 00 15 38 00 0A 07 67 73 73 70 72 6F 64 C0 10 C0 2E 00 01 00 01 00 00 00 05 00 04 91 24 D7 B4 C0 2E 00 02 00 01 00 00 15 38 00 10 0D 73 65 75 6B 72 65 61 61 67 73 73 30 31 C0 10 C0 2E 00 02 00 01 00 00 15 38 00 10 0D 73 65 75 6B 6F 78 66 61 67 73 73 30 31 C0 10 C0 70 00 01 00 01 00 00 15 38 00 04 91 24 D6 A4 C0 54 00 01 00 01 00 00 15 38 00 04 91 24 1E 78
45 00 00 3E 8B 95 40 00 40 11 E5 3A 93 20 53 35 93 20 50 69 BD 83 00 35 00 2A CA 1A 32 E3 01 00 00 01 00 00 00 00 00 00 03 65 65 73 08 65 6C 73 65 76 69 65 72 03 63 6F 6D 00 00 01 00 01
45 00 00 BC 26 BE 00 00 40 11 89 94 93 20 50 69 93 20 53 35 00 35 BD 83 00 A8 29 83 32 E3 81 80 00 01 00 02 00 02 00 02 03 65 65 73 08 65 6C 73 65 76 69 65 72 03 63 6F 6D 00 00 01 00 01 C0 0C 00 05 00 01 00 00 14 F1 00 0A 07 67 73 73 70 72 6F 64 C0 10 C0 2E 00 01 00 01 00 00 00 05 00 04 91 24 D7 B4 C0 2E 00 02 00 01 00 00 14 F1 00 10 0D 73 65 75 6B 72 65 61 61 67 73 73 30 31 C0 10 C0 2E 00 02 00 01 00 00 14 F1 00 10 0D 73 65 75 6B 6F 78 66 61 67 73 73 30 31 C0 10 C0 70 00 01 00 01 00 00 14 F1 00 04 91 24 D6 A4 C0 54 00 01 00 01 00 00 14 F1 00 04 91 24 1E 78
45 00 00 3F C9 92 40 00 40 11 A7 3C 93 20 53 35 93 20 50 69 94 75 00 35 00 2B CA 1B 44 55 01 00 00 01 00 00 00 00 00 00 04 68 65 6C 70 08 65 6C 73 65 76 69 65 72 03 63 6F 6D 00 00 01 00 01
45 00 01 19 29 E7 00 00 40 11 86 0E 93 20 50 69 93 20 53 35 00 35 94 75 01 05 76 16 44 55 81 80 00 01 00 02 00 04 00 04 04 68 65 6C 70 08 65 6C 73 65 76 69 65 72 03 63 6F 6D 00 00 01 00 01 C0 0C 00 05 00 01 00 00 14 B9 00 15 09 65 6C 73 65 76 69 65 72 36 08 63 75 73 74 68 65 6C 70 C0 1A C0 2F 00 01 00 01 00 00 03 84 00 04 4A 75 CF F5 C0 39 00 02 00 01 00 00 03 84 00 18 08 65 64 6E 73 6D 77 30 32 0C 72 69 67 68 74 6E 6F 77 74 65 63 68 C0 1A C0 39 00 02 00 01 00 00 03 84 00 0B 08 65 64 6E 73 63 61 30 32 C0 69 C0 39 00 02 00 01 00 00 03 84 00 0B 08 65 64 6E 73 63 61 30 31 C0 69 C0 39 00 02 00 01 00 00 03 84 00 0B 08 65 64 6E 73 6D 77 30 31 C0 69 C0 9B 00 01 00 01 00 00 06 AB 00 04 D8 88 E5 3C C0 84 00 01 00 01 00 00 06 AB 00 04 D8 88 E5 3D C0 B2 00 01 00 01 00 02 9B 91 00 04 4A 75 CB 0D C0 60 00 01 00 01 00 02 9B 91 00 04 4A 75 CB 0E
45 00 00 3E D5 76 40 00 40 11 9B 59 93 20 53 35 93 20 50 69 28 41 00 35 00 2A CA 1A 64 FA 01 00 00 01 00 00 00 00 00 00 03 65 65 73 08 65 6C 73 65 76 69 65 72 03 63 6F 6D 00 00 01 00 01
45 00 00 BC 2A F3 00 00 40 11 85 5F 93 20 50 69 93 20 53 35 00 35 28 41 00 A8 8E 2A 64 FA 81 80 00 01 00 02 00 02 00 02 03 65 65 73 08 65 6C 73 65 76 69 65 72 03 63 6F 6D 00 00 01 00 01 C0 0C 00 05 00 01 00 00 14 A5 00 0A 07 67 73 73 70 72 6F 64 C0 10 C0 2E 00 01 00 01 00 00 00 05 00 04 91 24 D7 B4 C0 2E 00 02 00 01 00 00 14 A5 00 10 0D 73 65 75 6B 6F 78 66 61 67 73 73 30 31 C0 10 C0 2E 00 02 00 01 00 00 14 A5 00 10 0D 73 65 75 6B 72 65 61 61 67 73 73 30 31 C0 10 C0 54 00 01 00 01 00 00 14 A5 00 04 91 24 D6 A4 C0 70 00 01 00 01 00 00 14 A5 00 04 91 24 1E 78
45 00 00 3E FE F3 40 00 40 11 71 DC 93 20 53 35 93 20 50 69 49 80 00 35 00 2A CA 1A 5F BD 01 00 00 01 00 00 00 00 00 00 03 65 65 73 08 65 6C 73 65 76 69 65 72 03 63 6F 6D 00 00 01 00 01
45 00 00 BC 2E E6 00 00 40 11 81 6C 93 20 50 69 93 20 53 35 00 35 49 80 00 A8 72 FA 5F BD 81 80 00 01 00 02 00 02 00 02 03 65 65 73 08 65 6C 73 65 76 69 65 72 03 63 6F 6D 00 00 01 00 01 C0 0C 00 05 00 01 00 00 14 7B 00 0A 07 67 73 73 70 72 6F 64 C0 10 C0 2E 00 01 00 01 00 00 00 05 00 04 91 24 D7 B4 C0 2E 00 02 00 01 00 00 14 7B 00 10 0D 73 65 75 6B 72 65 61 61 67 73 73 30 31 C0 10 C0 2E 00 02 00 01 00 00 14 7B 00 10 0D 73 65 75 6B 6F 78 66 61 67 73 73 30 31 C0 10 C0 70 00 01 00 01 00 00 14 7B 00 04 91 24 D6 A4 C0 54 00 01 00 01 00 00 14 7B 00 04 91 24 1E 78
45 00 00 3E 01 1E 40 00 40 11 6F B2 93 20 53 35 93 20 50 69 25 18 00 35 00 2A CA 1A 42 C9 01 00 00 01 00 00 00 00 00 00 03 65 65 73 08 65 6C 73 65 76 69 65 72 03 63 6F 6D 00 00 01 00 01
45 00 00 BC 2F 0C 00 00 40 11 81 46 93 20 50 69 93 20 53 35 00 35 25 18 00 A8 B4 68 42 C9 81 80 00 01 00 02 00 02 00 02 03 65 65 73 08 65 6C 73 65 76 69 65 72 03 63 6F 6D 00 00 01 00 01 C0 0C 00 05 00 01 00 00 14 78 00 0A 07 67 73 73 70 72 6F 64 C0 10 C0 2E 00 01 00 01 00 00 00 02 00 04 91 24 D7 B4 C0 2E 00 02 00 01 00 00 14 78 00 10 0D 73 65 75 6B 72 65 61 61 67 73 73 30 31 C0 10 C0 2E 00 02 00 01 00 00 14 78 00 10 0D 73 65 75 6B 6F 78 66 61 67 73 73 30 31 C0 10 C0 70 00 01 00 01 00 00 14 78 00 04 91 24 D6 A4 C0 54 00 01 00 01 00 00 14 78 00 04 91 24 1E 78
45 00 00 3E 23 E0 40 00 40 11 4C F0 93 20 53 35 93 20 50 69 CB 8E 00 35 00 2A CA 1A 39 3F 01 00 00 01 00 00 00 00 00 00 03 65 65 73 08 65 6C 73 65 76 69 65 72 03 63 6F 6D 00 00 01 00 01
45 00 00 BC 31 E0 00 00 40 11 7E 72 93 20 50 69 93 20 53 35 00 35 CB 8E 00 A8 18 28 39 3F 81 80 00 01 00 02 00 02 00 02 03 65 65 73 08 65 6C 73 65 76 69 65 72 03 63 6F 6D 00 00 01 00 01 C0 0C 00 05 00 01 00 00 14 55 00 0A 07 67 73 73 70 72 6F 64 C0 10 C0 2E 00 01 00 01 00 00 00 05 00 04 91 24 D7 B4 C0 2E 00 02 00 01 00 00 14 55 00 10 0D 73 65 75 6B 6F 78 66 61 67 73 73 30 31 C0 10 C0 2E 00 02 00 01 00 00 14 55 00 10 0D 73 65 75 6B 72 65 61 61 67 73 73 30 31 C0 10 C0 54 00 01 00 01 00 00 14 55 00 04 91 24 D6 A4 C0 70 00 01 00 01 00 00 14 55 00 04 91 24 1E 78
45 00 00 3E 3F AC 40 00 40 11 31 24 93 20 53 35 93 20 50 69 9E 7B 00 35 00 2A CA 1A E2 97 01 00 00 01 00 00 00 00 00 00 03 77 77 77 08 72 6E 65 6E 67 61 67 65 03 63 6F 6D 00 00 01 00 01
45 00 01 29 32 FD 00 00 40 11 7C E8 93 20 50 69 93 20 53 35 00 35 9E 7B 01 15 1B 24 E2 97 81 80 00 01 00 03 00 04 00 04 03 77 77 77 08 72 6E 65 6E 67 61 67 65 03 63 6F 6D 00 00 01 00 01 C0 0C 00 05 00 01 00 01 49 A2 00 0D 0A 76 69 70 61 63 73 67 62 30 31 C0 10 C0 2E 00 05 00 01 00 00 00 78 00 1A 0A 76 69 70 61 63 73 67 62 30 31 0C 72 69 67 68 74 6E 6F 77 74 65 63 68 C0 19 C0 47 00 01 00 01 00 00 06 32 00 04 D0 48 5A 98 C0 52 00 02 00 01 00 00 06 32 00 0B 08 65 64 6E 73 63 61 30 31 C0 52 C0 52 00 02 00 01 00 00 06 32 00 0B 08 65 64 6E 73 6D 77 30 31 C0 52 C0 52 00 02 00 01 00 00 06 32 00 0B 08 65 64 6E 73 6D 77 30 32 C0 52 C0 52 00 02 00 01 00 00 06 32 00 0B 08 65 64 6E 73 63 61 30 32 C0 52 C0 7D 00 01 00 01 00 00 06 32 00 04 D8 88 E5 3C C0 C2 00 01 00 01 00 00 06 32 00 04 D8 88 E5 3D C0 94 00 01 00 01 00 02 9B 18 00 04 4A 75 CB 0D C0 AB 00 01 00 01 00 02 9B 18 00 04 4A 75 CB 0E
45 00 00 3E 95 2E 40 00 40 11 DB A1 93 20 53 35 93 20 50 69 E1 1B 00 35 00 2A CA 1A 90 FD 01 00 00 01 00 00 00 00 00 00 03 65 65 73 08 65 6C 73 65 76 69 65 72 03 63 6F 6D 00 00 01 00 01
45 00 00 BC 3E FB 00 00 40 11 71 57 93 20 50 69 93 20 53 35 00 35 E1 1B 00 A8 AD 20 90 FD 81 80 00 01 00 02 00 02 00 02 03 65 65 73 08 65 6C 73 65 76 69 65 72 03 63 6F 6D 00 00 01 00 01 C0 0C 00 05 00 01 00 00 13 E1 00 0A 07 67 73 73 70 72 6F 64 C0 10 C0 2E 00 01 00 01 00 00 00 05 00 04 91 24 D7 B4 C0 2E 00 02 00 01 00 00 13 E1 00 10 0D 73 65 75 6B 72 65 61 61 67 73 73 30 31 C0 10 C0 2E 00 02 00 01 00 00 13 E1 00 10 0D 73 65 75 6B 6F 78 66 61 67 73 73 30 31 C0 10 C0 70 00 01 00 01 00 00 13 E1 00 04 91 24 D6 A4 C0 54 00 01 00 01 00 00 13 E1 00 04 91 24 1E 78
45 00 00 3E 98 C3 40 00 40 11 D8 0C 93 20 53 35 93 20 50 69 C7 19 00 35 00 2A CA 1A ED EA 01 00 00 01 00 00 00 00 00 00 03 65 65 73 08 65 6C 73 65 76 69 65 72 03 63 6F 6D 00 00 01 00 01
45 00 00 BC 3F 31 00 00 40 11 71 21 93 20 50 69 93 20 53 35 00 35 C7 19 00 A8 6A 4D ED EA 81 80 00 01 00 02 00 02 00 02 03 65 65 73 08 65 6C 73 65 76 69 65 72 03 63 6F 6D 00 00 01 00 01 C0 0C 00 05 00 01 00 00 13 DD 00 0A 07 67 73 73 70 72 6F 64 C0 10 C0 2E 00 01 00 01 00 00 00 01 00 04 91 24 D7 B4 C0 2E 00 02 00 01 00 00 13 DD 00 10 0D 73 65 75 6B 6F 78 66 61 67 73 73 30 31 C0 10 C0 2E 00 02 00 01 00 00 13 DD 00 10 0D 73 65 75 6B 72 65 61 61 67 73 73 30 31 C0 10 C0 54 00 01 00 01 00 00 13 DD 00 04 91 24 D6 A4 C0 70 00 01 00 01 00 00 13 DD 00 04 91 24 1E 78
45 00 00 3E 99 F3 40 00 40 11 D6 DC 93 20 53 35 93 20 50 69 F5 10 00 35 00 2A CA 1A 15 F3 01 00 00 01 00 00 00 00 00 00 03 65 65 73 08 65 6C 73 65 76 69 65 72 03 63 6F 6D 00 00 01 00 01
45 00 00 BC 3F 38 00 00 40 11 71 1A 93 20 50 69 93 20 53 35 00 35 F5 10 00 A8 14 4F 15 F3 81 80 00 01 00 02 00 02 00 02 03 65 65 73 08 65 6C 73 65 76 69 65 72 03 63 6F 6D 00 00 01 00 01 C0 0C 00 05 00 01 00 00 13 DC 00 0A 07 67 73 73 70 72 6F 64 C0 10 C0 2E 00 01 00 01 00 00 00 05 00 04 91 24 D7 B4 C0 2E 00 02 00 01 00 00 13 DC 00 10 0D 73 65 75 6B 72 65 61 61 67 73 73 30 31 C0 10 C0 2E 00 02 00 01 00 00 13 DC 00 10 0D 73 65 75 6B 6F 78 66 61 67 73 73 30 31 C0 10 C0 70 00 01 00 01 00 00 13 DC 00 04 91 24 D6 A4 C0 54 00 01 00 01 00 00 13 DC 00 04 91 24 1E 78
45 00 00 46 9B 66 40 00 40 11 D5 61 93 20 53 35 93 20 50 69 B6 F5 00 35 00 32 CA 22 48 76 01 00 00 01 00 00 00 00 00 00 03 77 77 77 10 67 6F 6F 67 6C 65 2D 61 6E 61 6C 79 74 69 63 73 03 63 6F 6D 00 00 01 00 01
45 00 01 EA 3F 3D 00 00 40 11 6F E7 93 20 50 69 93 20 53 35 00 35 B6 F5 01 D6 27 AF 48 76 81 80 00 01 00 10 00 04 00 04 03 77 77 77 10 67 6F 6F 67 6C 65 2D 61 6E 61 6C 79 74 69 63 73 03 63 6F 6D 00 00 01 00 01 C0 0C 00 05 00 01 00 00 F8 E9 00 20 14 77 77 77 2D 67 6F 6F 67 6C 65 2D 61 6E 61 6C 79 74 69 63 73 01 6C 06 67 6F 6F 67 6C 65 C0 21 C0 36 00 01 00 01 00 00 00 F9 00 04 C3 71 D6 D7 C0 36 00 01 00 01 00 00 00 F9 00 04 C3 71 D6 DD C0 36 00 01 00 01 00 00 00 F9 00 04 C3 71 D6 E6 C0 36 00 01 00 01 00 00 00 F9 00 04 C3 71 D6 EA C0 36 00 01 00 01 00 00 00 F9 00 04 C3 71 D6 ED C0 36 00 01 00 01 00 00 00 F9 00 04 C3 71 D6 F1 C0 36 00 01 00 01 00 00 00 F9 00 04 C3 71 D6 F5 C0 36 00 01 00 01 00 00 00 F9 00 04 C3 71 D6 CF C0 36 00 01 00 01 00 00 00 F9 00 04 C3 71 D6 D3 C0 36 00 01 00 01 00 00 00 F9 00 04 C3 71 D6 DB C0 36 00 01 00 01 00 00 00 F9 00 04 C3 71 D6 E2 C0 36 00 01 00 01 00 00 00 F9 00 04 C3 71 D6 DE C0 36 00 01 00 01 00 00 00 F9 00 04 C3 71 D6 EC C0 36 00 01 00 01 00 00 00 F9 00 04 C3 71 D6 FB C0 36 00 01 00 01 00 00 00 F9 00 04 C3 71 D6 F9 C0 4D 00 02 00 01 00 01 BC C5 00 06 03 6E 73 34 C0 4D C0 4D 00 02 00 01 00 01 BC C5 00 06 03 6E 73 31 C0 4D C0 4D 00 02 00 01 00 01 BC C5 00 06 03 6E 73 33 C0 4D C0 4D 00 02 00 01 00 01 BC C5 00 06 03 6E 73 32 C0 4D C1 64 00 01 00 01 00 04 5F C5 00 04 D8 EF 20 0A C1 88 00 01 00 01 00 04 5F C5 00 04 D8 EF 22 0A C1 76 00 01 00 01 00 04 5F C5 00 04 D8 EF 24 0A C1 52 00 01 00 01 00 04 5F C5 00 04 D8 EF 26 0A
45 00 00 3E A9 BD 40 00 40 11 C7 12 93 20 53 35 93 20 50 69 24 E6 00 35 00 2A CA 1A 1A C4 01 00 00 01 00 00 00 00 00 00 03 65 65 73 08 65 6C 73 65 76 69 65 72 03 63 6F 6D 00 00 01 00 01
45 00 00 BC 3F F8 00 00 40 11 70 5A 93 20 50 69 93 20 53 35 00 35 24 E6 00 A8 DF F8 1A C4 81 80 00 01 00 02 00 02 00 02 03 65 65 73 08 65 6C 73 65 76 69 65 72 03 63 6F 6D 00 00 01 00 01 C0 0C 00 05 00 01 00 00 13 CC 00 0A 07 67 73 73 70 72 6F 64 C0 10 C0 2E 00 01 00 01 00 00 00 05 00 04 91 24 D7 B4 C0 2E 00 02 00 01 00 00 13 CC 00 10 0D 73 65 75 6B 72 65 61 61 67 73 73 30 31 C0 10 C0 2E 00 02 00 01 00 00 13 CC 00 10 0D 73 65 75 6B 6F 78 66 61 67 73 73 30 31 C0 10 C0 70 00 01 00 01 00 00 13 CC 00 04 91 24 D6 A4 C0 54 00 01 00 01 00 00 13 CC 00 04 91 24 1E 78
45 00 00 3E AA D9 40 00 40 11 C5 F6 93 20 53 35 93 20 50 69 8E 0F 00 35 00 2A CA 1A 9D 4D 01 00 00 01 00 00 00 00 00 00 03 65 65 73 08 65 6C 73 65 76 69 65 72 03 63 6F 6D 00 00 01 00 01
45 00 00 BC 40 15 00 00 40 11 70 3D 93 20 50 69 93 20 53 35 00 35 8E 0F 00 A8 F4 4B 9D 4D 81 80 00 01 00 02 00 02 00 02 03 65 65 73 08 65 6C 73 65 76 69 65 72 03 63 6F 6D 00 00 01 00 01 C0 0C 00 05 00 01 00 00 13 CB 00 0A 07 67 73 73 70 72 6F 64 C0 10 C0 2E 00 01 00 01 00 00 00 04 00 04 91 24 D7 B4 C0 2E 00 02 00 01 00 00 13 CB 00 10 0D 73 65 75 6B 72 65 61 61 67 73 73 30 31 C0 10 C0 2E 00 02 00 01 00 00 13 CB 00 10 0D 73 65 75 6B 6F 78 66 61 67 73 73 30 31 C0 10 C0 70 00 01 00 01 00 00 13 CB 00 04 91 24 D6 A4 C0 54 00 01 00 01 00 00 13 CB 00 04 91 24 1E 78
45 00 00 42 CD 31 40 00 40 11 A3 9A 93 20 53 35 93 20 50 69 70 57 00 35 00 2E CA 1E 42 3A 01 00 00 01 00 00 00 00 00 00 07 73 75 70 70 6F 72 74 08 65 6C 73 65 76 69 65 72 03 63 6F 6D 00 00 01 00 01
45 00 01 1B 42 0D 00 00 40 11 6D E6 93 20 50 69 93 20 53 35 00 35 70 57 01 07 34 0D 42 3A 81 80 00 01 00 02 00 04 00 04 07 73 75 70 70 6F 72 74 08 65 6C 73 65 76 69 65 72 03 63 6F 6D 00 00 01 00 01 C0 0C 00 05 00 01 00 00 03 84 00 14 08 65 6C 73 65 76 69 65 72 08 63 75 73 74 68 65 6C 70 C0 1D C0 32 00 01 00 01 00 00 03 84 00 04 4A 75 CF DB C0 3B 00 02 00 01 00 00 02 7A 00 18 08 65 64 6E 73 6D 77 30 31 0C 72 69 67 68 74 6E 6F 77 74 65 63 68 C0 1D C0 3B 00 02 00 01 00 00 02 7A 00 0B 08 65 64 6E 73 63 61 30 31 C0 6B C0 3B 00 02 00 01 00 00 02 7A 00 0B 08 65 64 6E 73 63 61 30 32 C0 6B C0 3B 00 02 00 01 00 00 02 7A 00 0B 08 65 64 6E 73 6D 77 30 32 C0 6B C0 86 00 01 00 01 00 00 05 A1 00 04 D8 88 E5 3C C0 9D 00 01 00 01 00 00 05 A1 00 04 D8 88 E5 3D C0 62 00 01 00 01 00 02 9A 87 00 04 4A 75 CB 0D C0 B4 00 01 00 01 00 02 9A 87 00 04 4A 75 CB 0E
45 00 00 3D E1 68 40 00 40 11 8F 68 93 20 53 35 93 20 50 69 1B 6D 00 35 00 29 CA 19 E5 46 01 00 00 01 00 00 00 00 00 00 04 70 6C 75 73 06 67 6F 6F 67 6C 65 03 63 6F 6D 00 00 01 00 01
45 00 01 B5 42 E8 00 00 40 11 6C 71 93 20 50 69 93 20 53 35 00 35 1B 6D 01 A1 EF C1 E5 46 81 80 00 01 00 0F 00 04 00 04 04 70 6C 75 73 06 67 6F 6F 67 6C 65 03 63 6F 6D 00 00 01 00 01 C0 0C 00 01 00 01 00 00 00 51 00 04 C3 71 D6 F5 C0 0C 00 01 00 01 00 00 00 51 00 04 C3 71 D6 ED C0 0C 00 01 00 01 00 00 00 51 00 04 C3 71 D6 CF C0 0C 00 01 00 01 00 00 00 51 00 04 C3 71 D6 F9 C0 0C 00 01 00 01 00 00 00 51 00 04 C3 71 D6 EA C0 0C 00 01 00 01 00 00 00 51 00 04 C3 71 D6 DE C0 0C 00 01 00 01 00 00 00 51 00 04 C3 71 D6 D3 C0 0C 00 01 00 01 00 00 00 51 00 04 C3 71 D6 F1 C0 0C 00 01 00 01 00 00 00 51 00 04 C3 71 D6 E2 C0 0C 00 01 00 01 00 00 00 51 00 04 C3 71 D6 DD C0 0C 00 01 00 01 00 00 00 51 00 04 C3 71 D6 EC C0 0C 00 01 00 01 00 00 00 51 00 04 C3 71 D6 FB C0 0C 00 01 00 01 00 00 00 51 00 04 C3 71 D6 D7 C0 0C 00 01 00 01 00 00 00 51 00 04 C3 71 D6 DB C0 0C 00 01 00 01 00 00 00 51 00 04 C3 71 D6 E6 C0 11 00 02 00 01 00 01 BC 7E 00 06 03 6E 73 33 C0 11 C0 11 00 02 00 01 00 01 BC 7E 00 06 03 6E 73 32 C0 11 C0 11 00 02 00 01 00 01 BC 7E 00 06 03 6E 73 34 C0 11 C0 11 00 02 00 01 00 01 BC 7E 00 06 03 6E 73 31 C0 11 C1 53 00 01 00 01 00 04 5F 7E 00 04 D8 EF 20 0A C1 2F 00 01 00 01 00 04 5F 7E 00 04 D8 EF 22 0A C1 1D 00 01 00 01 00 04 5F 7E 00 04 D8 EF 24 0A C1 41 00 01 00 01 00 04 5F 7E 00 04 D8 EF 26 0A
45 00 00 3E E7 05 40 00 40 11 89 CA 93 20 53 35 93 20 50 69 86 02 00 35 00 2A CA 1A D9 5F 01 00 00 01 00 00 00 00 00 00 03 65 65 73 08 65 6C 73 65 76 69 65 72 03 63 6F 6D 00 00 01 00 01
45 00 00 BC 43 33 00 00 40 11 6D 1F 93 20 50 69 93 20 53 35 00 35 86 02 00 A8 C1 7B D9 5F 81 80 00 01 00 02 00 02 00 02 03 65 65 73 08 65 6C 73 65 76 69 65 72 03 63 6F 6D 00 00 01 00 01 C0 0C 00 05 00 01 00 00 13 8D 00 0A 07 67 73 73 70 72 6F 64 C0 10 C0 2E 00 01 00 01 00 00 00 05 00 04 91 24 D7 B4 C0 2E 00 02 00 01 00 00 13 8D 00 10 0D 73 65 75 6B 6F 78 66 61 67 73 73 30 31 C0 10 C0 2E 00 02 00 01 00 00 13 8D 00 10 0D 73 65 75 6B 72 65 61 61 67 73 73 30 31 C0 10 C0 54 00 01 00 01 00 00 13 8D 00 04 91 24 D6 A4 C0 70 00 01 00 01 00 00 13 8D 00 04 91 24 1E 78
45 00 00 3E 28 90 40 00 40 11 48 40 93 20 53 35 93 20 50 69 9B CF 00 35 00 2A CA 1A C6 A0 01 00 00 01 00 00 00 00 00 00 03 65 65 73 08 65 6C 73 65 76 69 65 72 03 63 6F 6D 00 00 01 00 01
45 00 00 BC 46 9B 00 00 40 11 69 B7 93 20 50 69 93 20 53 35 00 35 9B CF 00 A8 BF BC C6 A0 81 80 00 01 00 02 00 02 00 02 03 65 65 73 08 65 6C 73 65 76 69 65 72 03 63 6F 6D 00 00 01 00 01 C0 0C 00 05 00 01 00 00 13 4A 00 0A 07 67 73 73 70 72 6F 64 C0 10 C0 2E 00 01 00 01 00 00 00 05 00 04 91 24 D7 B4 C0 2E 00 02 00 01 00 00 13 4A 00 10 0D 73 65 75 6B 6F 78 66 61 67 73 73 30 31 C0 10 C0 2E 00 02 00 01 00 00 13 4A 00 10 0D 73 65 75 6B 72 65 61 61 67 73 73 30 31 C0 10 C0 54 00 01 00 01 00 00 13 4A 00 04 91 24 D6 A4 C0 70 00 01 00 01 00 00 13 4A 00 04 91 24 1E 78
45 00 00 3C FF 80 40 00 40 11 71 51 93 20 53 35 93 20 50 69 1C E6 00 35 00 28 CA 18 41 7F 01 00 00 01 00 00 00 00 00 00 07 73 6D 2D 70 72 6F 64 03 61 6E 79 02 64 6F 00 00 01 00 01
45 00 01 DD 58 E9 00 00 40 11 56 48 93 20 50 69 93 20 53 35 00 35 1C E6 01 C9 21 EB 41 7F 81 80 00 01 00 03 00 08 00 08 07 73 6D 2D 70 72 6F 64 03 61 6E 79 02 64 6F 00 00 01 00 01 C0 0C 00 05 00 01 00 00 38 40 00 1E 07 73 6D 2D 70 72 6F 64 10 65 6C 61 73 74 69 63 62 65 61 6E 73 74 61 6C 6B 03 63 6F 6D 00 C0 2C 00 05 00 01 00 00 00 3C 00 33 18 61 77 73 65 62 2D 73 6D 2D 70 72 6F 64 33 2D 37 38 33 30 34 30 38 35 37 09 75 73 2D 65 61 73 74 2D 31 03 65 6C 62 09 61 6D 61 7A 6F 6E 61 77 73 C0 45 C0 56 00 01 00 01 00 00 00 3C 00 04 36 F3 98 ED C0 56 00 02 00 01 00 00 07 08 00 09 06 6E 73 2D 39 31 36 C0 7D C0 56 00 02 00 01 00 00 07 08 00 09 06 6E 73 2D 39 33 35 C0 7D C0 56 00 02 00 01 00 00 07 08 00 09 06 6E 73 2D 39 33 34 C0 7D C0 56 00 02 00 01 00 00 07 08 00 09 06 6E 73 2D 39 32 37 C0 7D C0 56 00 02 00 01 00 00 07 08 00 09 06 6E 73 2D 39 32 35 C0 7D C0 56 00 02 00 01 00 00 07 08 00 09 06 6E 73 2D 39 34 37 C0 7D C0 56 00 02 00 01 00 00 07 08 00 09 06 6E 73 2D 39 34 31 C0 7D C0 56 00 02 00 01 00 00 07 08 00 09 06 6E 73 2D 39 34 34 C0 7D C0 A5 00 01 00 01 00 00 02 DE 00 04 CF AB B2 07 C0 F9 00 01 00 01 00 00 01 4F 00 04 48 15 D0 D5 C0 E4 00 01 00 01 00 00 01 4F 00 04 48 15 CC D1 C0 CF 00 01 00 01 00 00 01 4F 00 04 57 EE 54 D7 C0 BA 00 01 00 01 00 00 01 4F 00 04 57 EE 50 D5 C1 23 00 01 00 01 00 00 2F A5 00 04 CC F6 A0 05 C1 38 00 01 00 01 00 00 29 70 00 04 CD FB E4 06 C1 0E 00 01 00 01 00 00 01 4F 00 04 CC F6 A2 0A
45 00 00 3F 1F E6 40 00 40 11 50 E9 93 20 53 35 93 20 50 69 37 38 00 35 00 2B CA 1B 7C AE 01 00 00 01 00 00 00 00 00 00 03 77 77 77 06 67 6F 6F 67 6C 65 03 63 6F 6D 02 61 72 00 00 01 00 01
45 00 01 01 5B 54 00 00 40 11 54 B9 93 20 50 69 93 20 53 35 00 35 37 38 00 ED AD 20 7C AE 81 80 00 01 00 03 00 04 00 04 03 77 77 77 06 67 6F 6F 67 6C 65 03 63 6F 6D 02 61 72 00 00 01 00 01 C0 0C 00 01 00 01 00 00 01 2C 00 04 AD C2 71 B8 C0 0C 00 01 00 01 00 00 01 2C 00 04 AD C2 71 BF C0 0C 00 01 00 01 00 00 01 2C 00 04 AD C2 71 B7 C0 10 00 02 00 01 00 00 05 D7 00 10 03 6E 73 34 06 67 6F 6F 67 6C 65 03 63 6F 6D 00 C0 10 00 02 00 01 00 00 05 D7 00 06 03 6E 73 33 C0 63 C0 10 00 02 00 01 00 00 05 D7 00 06 03 6E 73 31 C0 63 C0 10 00 02 00 01 00 00 05 D7 00 06 03 6E 73 32 C0 63 C0 8D 00 01 00 01 00 04 5E 38 00 04 D8 EF 20 0A C0 9F 00 01 00 01 00 04 5E 38 00 04 D8 EF 22 0A C0 7B 00 01 00 01 00 04 5E 38 00 04 D8 EF 24 0A C0 5F 00 01 00 01 00 04 5E 38 00 04 D8 EF 26 0A
45 00 00 3A 20 FA 40 00 40 11 4F DA 93 20 53 35 93 20 50 69 15 8C 00 35 00 26 CA 16 A1 CA 01 00 00 01 00 00 00 00 00 00 03 77 77 77 04 63 74 65 78 03 6F 72 67 00 00 01 00 01
45 00 01 70 5B 6F 00 00 40 11 54 2F 93 20 50 69 93 20 53 35 00 35 15 8C 01 5C 3E 1F A1 CA 81 80 00 01 00 01 00 02 00 0C 03 77 77 77 04 63 74 65 78 03 6F 72 67 00 00 01 00 01 C0 0C 00 01 00 01 00 00 0E 10 00 04 9F E2 2F 71 C0 10 00 02 00 01 00 00 02 58 00 14 07 66 31 67 31 6E 73 32 06 64 6E 73 70 6F 64 03 6E 65 74 00 C0 10 00 02 00 01 00 00 02 58 00 0A 07 66 31 67 31 6E 73 31 C0 42 C0 5A 00 01 00 01 00 01 F1 D3 00 04 7A E1 D9 C0 C0 5A 00 01 00 01 00 01 F1 D3 00 04 B4 99 0A 96 C0 5A 00 01 00 01 00 01 F1 D3 00 04 B7 3C 34 D9 C0 5A 00 01 00 01 00 01 F1 D3 00 04 77 A7 C3 0C C0 5A 00 1C 00 01 00 01 F1 D3 00 10 24 06 27 00 00 FF 10 45 10 01 00 00 00 00 00 02 C0 5A 00 1C 00 01 00 01 F1 D3 00 10 24 06 27 00 00 FF 10 45 10 02 00 00 00 00 00 02 C0 3A 00 01 00 01 00 01 F1 D3 00 04 B4 99 A2 96 C0 3A 00 01 00 01 00 01 F1 D3 00 04 70 5A 8F 1D C0 3A 00 01 00 01 00 01 F1 D3 00 04 7A E1 D9 BF C0 3A 00 01 00 01 00 01 F1 D3 00 04 B4 99 0A 97 C0 3A 00 1C 00 01 00 01 F1 D3 00 10 24 06 27 00 00 FF 10 45 10 03 00 00 00 00 00 02 C0 3A 00 1C 00 01 00 01 F1 D3 00 10 24 06 27 00 00 FF 10 45 10 04 00 00 00 00 00 02
45 00 00 3D 3C 77 40 00 40 11 34 5A 93 20 53 35 93 20 50 69 74 C5 00 35 00 29 CA 19 0E 77 01 00 00 01 00 00 00 00 00 00 04 61 70 69 73 06 67 6F 6F 67 6C 65 03 63 6F 6D 00 00 01 00 01
45 00 00 3D 3C 77 40 00 40 11 34 5A 93 20 53 35 93 20 50 69 A1 FC 00 35 00 29 CA 19 CD 77 01 00 00 01 00 00 00 00 00 00 03 73 73 6C 07 67 73 74 61 74 69 63 03 63 6F 6D 00 00 01 00 01
45 00 00 3C 3C 78 40 00 40 11 34 5A 93 20 53 35 93 20 50 69 87 FB 00 35 00 28 CA 18 11 FC 01 00 00 01 00 00 00 00 00 00 03 77 77 77 06 67 6F 6F 67 6C 65 03 63 6F 6D 00 00 01 00 01
45 00 01 CA 5D 26 00 00 40 11 52 1E 93 20 50 69 93 20 53 35 00 35 74 C5 01 B6 39 91 0E 77 81 80 00 01 00 10 00 04 00 04 04 61 70 69 73 06 67 6F 6F 67 6C 65 03 63 6F 6D 00 00 01 00 01 C0 0C 00 05 00 01 00 08 56 01 00 09 04 70 6C 75 73 01 6C C0 11 C0 2D 00 01 00 01 00 00 00 47 00 04 C3 71 D6 E6 C0 2D 00 01 00 01 00 00 00 47 00 04 C3 71 D6 F1 C0 2D 00 01 00 01 00 00 00 47 00 04 C3 71 D6 EC C0 2D 00 01 00 01 00 00 00 47 00 04 C3 71 D6 D3 C0 2D 00 01 00 01 00 00 00 47 00 04 C3 71 D6 DB C0 2D 00 01 00 01 00 00 00 47 00 04 C3 71 D6 FB C0 2D 00 01 00 01 00 00 00 47 00 04 C3 71 D6 E2 C0 2D 00 01 00 01 00 00 00 47 00 04 C3 71 D6 F5 C0 2D 00 01 00 01 00 00 00 47 00 04 C3 71 D6 EA C0 2D 00 01 00 01 00 00 00 47 00 04 C3 71 D6 F9 C0 2D 00 01 00 01 00 00 00 47 00 04 C3 71 D6 CF C0 2D 00 01 00 01 00 00 00 47 00 04 C3 71 D6 DE C0 2D 00 01 00 01 00 00 00 47 00 04 C3 71 D6 D7 C0 2D 00 01 00 01 00 00 00 47 00 04 C3 71 D6 ED C0 2D 00 01 00 01 00 00 00 47 00 04 C3 71 D6 DD C0 11 00 02 00 01 00 01 BB 1A 00 06 03 6E 73 32 C0 11 C0 11 00 02 00 01 00 01 BB 1A 00 06 03 6E 73 34 C0 11 C0 11 00 02 00 01 00 01 BB 1A 00 06 03 6E 73 31 C0 11 C0 11 00 02 00 01 00 01 BB 1A 00 06 03 6E 73 33 C0 11 C1 56 00 01 00 01 00 04 5E 1A 00 04 D8 EF 20 0A C1 32 00 01 00 01 00 04 5E 1A 00 04 D8 EF 22 0A C1 68 00 01 00 01 00 04 5E 1A 00 04 D8 EF 24 0A C1 44 00 01 00 01 00 04 5E 1A 00 04 D8 EF 26 0A
45 00 00 DC 5D 27 00 00 40 11 53 0B 93 20 50 69 93 20 53 35 00 35 A1 FC 00 C8 01 D0 CD 77 81 80 00 01 00 01 00 04 00 04 03 73 73 6C 07 67 73 74 61 74 69 63 03 63 6F 6D 00 00 01 00 01 C0 0C 00 01 00 01 00 00 00 8A 00 04 AD C2 23 4F C0 10 00 02 00 01 00 01 BB 1A 00 0D 03 6E 73 33 06 67 6F 6F 67 6C 65 C0 18 C0 10 00 02 00 01 00 01 BB 1A 00 06 03 6E 73 34 C0 41 C0 10 00 02 00 01 00 01 BB 1A 00 06 03 6E 73 32 C0 41 C0 10 00 02 00 01 00 01 BB 1A 00 06 03 6E 73 31 C0 41 C0 7A 00 01 00 01 00 04 5E 1A 00 04 D8 EF 20 0A C0 68 00 01 00 01 00 04 5E 1A 00 04 D8 EF 22 0A C0 3D 00 01 00 01 00 04 5E 1A 00 04 D8 EF 24 0A C0 56 00 01 00 01 00 04 5E 1A 00 04 D8 EF 26 0A
45 00 01 14 5D 28 00 00 40 11 52 D2 93 20 50 69 93 20 53 35 00 35 87 FB 01 00 F8 B0 11 FC 81 80 00 01 00 05 00 04 00 04 03 77 77 77 06 67 6F 6F 67 6C 65 03 63 6F 6D 00 00 01 00 01 C0 0C 00 01 00 01 00 00 00 60 00 04 AD C2 71 B1 C0 0C 00 01 00 01 00 00 00 60 00 04 AD C2 71 B2 C0 0C 00 01 00 01 00 00 00 60 00 04 AD C2 71 B4 C0 0C 00 01 00 01 00 00 00 60 00 04 AD C2 71 B0 C0 0C 00 01 00 01 00 00 00 60 00 04 AD C2 71 B3 C0 10 00 02 00 01 00 01 BB 1A 00 06 03 6E 73 33 C0 10 C0 10 00 02 00 01 00 01 BB 1A 00 06 03 6E 73 34 C0 10 C0 10 00 02 00 01 00 01 BB 1A 00 06 03 6E 73 31 C0 10 C0 10 00 02 00 01 00 01 BB 1A 00 06 03 6E 73 32 C0 10 C0 A0 00 01 00 01 00 04 5E 1A 00 04 D8 EF 20 0A C0 B2 00 01 00 01 00 04 5E 1A 00 04 D8 EF 22 0A C0 7C 00 01 00 01 00 04 5E 1A 00 04 D8 EF 24 0A C0 8E 00 01 00 01 00 04 5E 1A 00 04 D8 EF 26 0A
45 00 00 3D 3C 78 40 00 40 11 34 59 93 20 53 35 93 20 50 69 24 82 00 35 00 29 CA 19 9E 8C 01 00 00 01 00 00 00 00 00 00 03 77 77 77 07 67 73 74 61 74 69 63 03 63 6F 6D 00 00 01 00 01
45 00 00 DC 5D 29 00 00 40 11 53 09 93 20 50 69 93 20 53 35 00 35 24 82 00 C8 4C 1E 9E 8C 81 80 00 01 00 01 00 04 00 04 03 77 77 77 07 67 73 74 61 74 69 63 03 63 6F 6D 00 00 01 00 01 C0 0C 00 01 00 01 00 00 00 47 00 04 AD C2 2C EF C0 10 00 02 00 01 00 01 BB 1A 00 0D 03 6E 73 34 06 67 6F 6F 67 6C 65 C0 18 C0 10 00 02 00 01 00 01 BB 1A 00 06 03 6E 73 31 C0 41 C0 10 00 02 00 01 00 01 BB 1A 00 06 03 6E 73 32 C0 41 C0 10 00 02 00 01 00 01 BB 1A 00 06 03 6E 73 33 C0 41 C0 56 00 01 00 01 00 04 5E 1A 00 04 D8 EF 20 0A C0 68 00 01 00 01 00 04 5E 1A 00 04 D8 EF 22 0A C0 7A 00 01 00 01 00 04 5E 1A 00 04 D8 EF 24 0A C0 3D 00 01 00 01 00 04 5E 1A 00 04 D8 EF 26 0A
45 00 00 3D F5 6C 40 00 40 11 7B 64 93 20 53 35 93 20 50 69 8A 80 00 35 00 29 CA 19 BF 9C 01 00 00 01 00 00 00 00 00 00 04 70 6C 75 73 06 67 6F 6F 67 6C 65 03 63 6F 6D 00 00 01 00 01
45 00 01 B5 6E 2F 00 00 40 11 41 2A 93 20 50 69 93 20 53 35 00 35 8A 80 01 A1 D9 5C BF 9C 81 80 00 01 00 0F 00 04 00 04 04 70 6C 75 73 06 67 6F 6F 67 6C 65 03 63 6F 6D 00 00 01 00 01 C0 0C 00 01 00 01 00 00 01 2C 00 04 C3 71 D6 ED C0 0C 00 01 00 01 00 00 01 2C 00 04 C3 71 D6 D3 C0 0C 00 01 00 01 00 00 01 2C 00 04 C3 71 D6 E6 C0 0C 00 01 00 01 00 00 01 2C 00 04 C3 71 D6 EA C0 0C 00 01 00 01 00 00 01 2C 00 04 C3 71 D6 FB C0 0C 00 01 00 01 00 00 01 2C 00 04 C3 71 D6 D7 C0 0C 00 01 00 01 00 00 01 2C 00 04 C3 71 D6 CF C0 0C 00 01 00 01 00 00 01 2C 00 04 C3 71 D6 DE C0 0C 00 01 00 01 00 00 01 2C 00 04 C3 71 D6 F9 C0 0C 00 01 00 01 00 00 01 2C 00 04 C3 71 D6 E2 C0 0C 00 01 00 01 00 00 01 2C 00 04 C3 71 D6 DD C0 0C 00 01 00 01 00 00 01 2C 00 04 C3 71 D6 DB C0 0C 00 01 00 01 00 00 01 2C 00 04 C3 71 D6 EC C0 0C 00 01 00 01 00 00 01 2C 00 04 C3 71 D6 F1 C0 0C 00 01 00 01 00 00 01 2C 00 04 C3 71 D6 F5 C0 11 00 02 00 01 00 01 BA 5D 00 06 03 6E 73 33 C0 11 C0 11 00 02 00 01 00 01 BA 5D 00 06 03 6E 73 34 C0 11 C0 11 00 02 00 01 00 01 BA 5D 00 06 03 6E 73 32 C0 11 C0 11 00 02 00 01 00 01 BA 5D 00 06 03 6E 73 31 C0 11 C1 53 00 01 00 01 00 04 5D 5D 00 04 D8 EF 20 0A C1 41 00 01 00 01 00 04 5D 5D 00 04 D8 EF 22 0A C1 1D 00 01 00 01 00 04 5D 5D 00 04 D8 EF 24 0A C1 2F 00 01 00 01 00 04 5D 5D 00 04 D8 EF 26 0A
45 00 00 3F 7D 03 40 00 40 11 F3 CB 93 20 53 35 93 20 50 69 40 C0 00 35 00 2B CA 1B BD EC 01 00 00 01 00 00 00 00 00 00 03 77 77 77 06 67 6F 6F 67 6C 65 03 63 6F 6D 02 61 72 00 00 01 00 01
45 00 01 01 79 34 00 00 40 11 36 D9 93 20 50 69 93 20 53 35 00 35 40 C0 00 ED 92 65 BD EC 81 80 00 01 00 03 00 04 00 04 03 77 77 77 06 67 6F 6F 67 6C 65 03 63 6F 6D 02 61 72 00 00 01 00 01 C0 0C 00 01 00 01 00 00 01 2C 00 04 AD C2 71 B7 C0 0C 00 01 00 01 00 00 01 2C 00 04 AD C2 71 BF C0 0C 00 01 00 01 00 00 01 2C 00 04 AD C2 71 B8 C0 10 00 02 00 01 00 00 04 71 00 10 03 6E 73 34 06 67 6F 6F 67 6C 65 03 63 6F 6D 00 C0 10 00 02 00 01 00 00 04 71 00 06 03 6E 73 32 C0 63 C0 10 00 02 00 01 00 00 04 71 00 06 03 6E 73 31 C0 63 C0 10 00 02 00 01 00 00 04 71 00 06 03 6E 73 33 C0 63 C0 8D 00 01 00 01 00 04 5C D2 00 04 D8 EF 20 0A C0 7B 00 01 00 01 00 04 5C D2 00 04 D8 EF 22 0A C0 9F 00 01 00 01 00 04 5C D2 00 04 D8 EF 24 0A C0 5F 00 01 00 01 00 04 5C D2 00 04 D8 EF 26 0A
45 00 00 44 A6 60 40 00 40 11 CA 69 93 20 53 35 93 20 50 69 AB C9 00 35 00 30 CA 20 BE 0E 01 00 00 01 00 00 00 00 00 00 09 53 75 70 65 72 4E 6F 76 61 04 66 65 6C 6B 04 63 76 75 74 02 63 7A 00 00 1C 00 01
45 00 00 76 7B 42 00 00 40 11 35 56 93 20 50 69 93 20 53 35 00 35 AB C9 00 62 57 FA BE 0E 85 83 00 01 00 00 00 01 00 00 09 53 75 70 65 72 4E 6F 76 61 04 66 65 6C 6B 04 63 76 75 74 02 63 7A 00 00 1C 00 01 C0 16 00 06 00 01 00 00 0E 10 00 26 02 6E 73 C0 16 0A 68 6F 73 74 6D 61 73 74 65 72 C0 16 77 FD 80 15 00 00 54 60 00 00 0E 10 00 12 75 00 00 00 0E 10
45 00 00 37 A6 60 40 00 40 11 CA 76 93 20 53 35 93 20 50 69 DC 62 00 35 00 23 CA 13 08 28 01 00 00 01 00 00 00 00 00 00 09 53 75 70 65 72 4E 6F 76 61 00 00 1C 00 01
45 00 00 82 7B 43 00 00 40 11 35 49 93 20 50 69 93 20 53 35 00 35 DC 62 00 6E 8F 9A 08 28 81 83 00 01 00 00 00 01 00 00 09 53 75 70 65 72 4E 6F 76 61 00 00 1C 00 01 00 00 06 00 01 00 00 15 18 00 40 01 61 0C 72 6F 6F 74 2D 73 65 72 76 65 72 73 03 6E 65 74 00 05 6E 73 74 6C 64 0C 76 65 72 69 73 69 67 6E 2D 67 72 73 03 63 6F 6D 00 77 FD 80 14 00 00 07 08 00 00 03 84 00 09 3A 80 00 01 51 80
45 00 00 3E 67 02 40 00 40 11 09 CE 93 20 53 35 93 20 50 69 FE 3A 00 35 00 2A CA 1A 18 07 01 00 00 01 00 00 00 00 00 00 03 65 65 73 08 65 6C 73 65 76 69 65 72 03 63 6F 6D 00 00 01 00 01
45 00 00 BC 8E D0 00 00 40 11 21 82 93 20 50 69 93 20 53 35 00 35 FE 3A 00 A8 1C 8A 18 07 81 80 00 01 00 02 00 02 00 02 03 65 65 73 08 65 6C 73 65 76 69 65 72 03 63 6F 6D 00 00 01 00 01 C0 0C 00 05 00 01 00 00 0F F7 00 0A 07 67 73 73 70 72 6F 64 C0 10 C0 2E 00 01 00 01 00 00 00 05 00 04 91 24 D7 B4 C0 2E 00 02 00 01 00 00 0F F7 00 10 0D 73 65 75 6B 72 65 61 61 67 73 73 30 31 C0 10 C0 2E 00 02 00 01 00 00 0F F7 00 10 0D 73 65 75 6B 6F 78 66 61 67 73 73 30 31 C0 10 C0 70 00 01 00 01 00 00 0F F7 00 04 91 24 D6 A4 C0 54 00 01 00 01 00 00 0F F7 00 04 91 24 1E 78
45 00 00 46 6A 83 40 00 40 11 06 45 93 20 53 35 93 20 50 69 22 7B 00 35 00 32 CA 22 5E C7 01 00 00 01 00 00 00 00 00 00 03 77 77 77 10 67 6F 6F 67 6C 65 2D 61 6E 61 6C 79 74 69 63 73 03 63 6F 6D 00 00 01 00 01
45 00 01 EA 8F 2D 00 00 40 11 1F F7 93 20 50 69 93 20 53 35 00 35 22 7B 01 D6 D2 E4 5E C7 81 80 00 01 00 10 00 04 00 04 03 77 77 77 10 67 6F 6F 67 6C 65 2D 61 6E 61 6C 79 74 69 63 73 03 63 6F 6D 00 00 01 00 01 C0 0C 00 05 00 01 00 00 F5 03 00 20 14 77 77 77 2D 67 6F 6F 67 6C 65 2D 61 6E 61 6C 79 74 69 63 73 01 6C 06 67 6F 6F 67 6C 65 C0 21 C0 36 00 01 00 01 00 00 00 4F 00 04 C3 71 D6 DE C0 36 00 01 00 01 00 00 00 4F 00 04 C3 71 D6 F5 C0 36 00 01 00 01 00 00 00 4F 00 04 C3 71 D6 ED C0 36 00 01 00 01 00 00 00 4F 00 04 C3 71 D6 D3 C0 36 00 01 00 01 00 00 00 4F 00 04 C3 71 D6 EA C0 36 00 01 00 01 00 00 00 4F 00 04 C3 71 D6 FB C0 36 00 01 00 01 00 00 00 4F 00 04 C3 71 D6 F9 C0 36 00 01 00 01 00 00 00 4F 00 04 C3 71 D6 D7 C0 36 00 01 00 01 00 00 00 4F 00 04 C3 71 D6 E6 C0 36 00 01 00 01 00 00 00 4F 00 04 C3 71 D6 DB C0 36 00 01 00 01 00 00 00 4F 00 04 C3 71 D6 E2 C0 36 00 01 00 01 00 00 00 4F 00 04 C3 71 D6 DD C0 36 00 01 00 01 00 00 00 4F 00 04 C3 71 D6 EC C0 36 00 01 00 01 00 00 00 4F 00 04 C3 71 D6 F1 C0 36 00 01 00 01 00 00 00 4F 00 04 C3 71 D6 CF C0 4D 00 02 00 01 00 01 B8 DF 00 06 03 6E 73 33 C0 4D C0 4D 00 02 00 01 00 01 B8 DF 00 06 03 6E 73 31 C0 4D C0 4D 00 02 00 01 00 01 B8 DF 00 06 03 6E 73 32 C0 4D C0 4D 00 02 00 01 00 01 B8 DF 00 06 03 6E 73 34 C0 4D C1 64 00 01 00 01 00 04 5B DF 00 04 D8 EF 20 0A C1 76 00 01 00 01 00 04 5B DF 00 04 D8 EF 22 0A C1 52 00 01 00 01 00 04 5B DF 00 04 D8 EF 24 0A C1 88 00 01 00 01 00 04 5B DF 00 04 D8 EF 26 0A
45 00 00 3F 6A 87 40 00 40 11 06 48 93 20 53 35 93 20 50 69 46 A3 00 35 00 2B CA 1B 2D C8 01 00 00 01 00 00 00 00 00 00 04 68 65 6C 70 08 65 6C 73 65 76 69 65 72 03 63 6F 6D 00 00 01 00 01
45 00 01 19 8F 31 00 00 40 11 20 C4 93 20 50 69 93 20 53 35 00 35 46 A3 01 05 AD 7C 2D C8 81 80 00 01 00 02 00 04 00 04 04 68 65 6C 70 08 65 6C 73 65 76 69 65 72 03 63 6F 6D 00 00 01 00 01 C0 0C 00 05 00 01 00 00 0F FC 00 15 09 65 6C 73 65 76 69 65 72 36 08 63 75 73 74 68 65 6C 70 C0 1A C0 2F 00 01 00 01 00 00 03 84 00 04 4A 75 CF F5 C0 39 00 02 00 01 00 00 03 84 00 18 08 65 64 6E 73 63 61 30 32 0C 72 69 67 68 74 6E 6F 77 74 65 63 68 C0 1A C0 39 00 02 00 01 00 00 03 84 00 0B 08 65 64 6E 73 6D 77 30 32 C0 69 C0 39 00 02 00 01 00 00 03 84 00 0B 08 65 64 6E 73 63 61 30 31 C0 69 C0 39 00 02 00 01 00 00 03 84 00 0B 08 65 64 6E 73 6D 77 30 31 C0 69 C0 9B 00 01 00 01 00 00 0A 5D 00 04 D8 88 E5 3C C0 60 00 01 00 01 00 00 0A 5D 00 04 D8 88 E5 3D C0 B2 00 01 00 01 00 02 96 D4 00 04 4A 75 CB 0D C0 84 00 01 00 01 00 02 96 D4 00 04 4A 75 CB 0E
45 00 00 37 6A F5 40 00 40 11 05 E2 93 20 53 35 93 20 50 69 D3 0D 00 35 00 23 CA 13 BB 6A 01 00 00 01 00 00 00 00 00 00 05 76 69 6D 65 6F 03 63 6F 6D 00 00 01 00 01
45 00 00 B4 8F 41 00 00 40 11 21 19 93 20 50 69 93 20 53 35 00 35 D3 0D 00 A0 41 00 BB 6A 81 80 00 01 00 01 00 03 00 03 05 76 69 6D 65 6F 03 63 6F 6D 00 00 01 00 01 C0 0C 00 01 00 01 00 00 00 1E 00 04 4A 71 E9 80 C0 0C 00 02 00 01 00 02 59 44 00 0D 03 6E 73 31 06 69 61 63 63 61 70 C0 12 C0 0C 00 02 00 01 00 02 59 44 00 06 03 6E 73 35 C0 3B C0 0C 00 02 00 01 00 02 59 44 00 06 03 6E 73 36 C0 3B C0 37 00 01 00 01 00 02 57 7F 00 04 4A 71 E8 1C C0 50 00 01 00 01 00 02 57 7F 00 04 4A 71 EB 1C C0 62 00 01 00 01 00 02 57 7F 00 04 4A 71 EC 1C
45 00 00 3E 73 96 40 00 40 11 FD 39 93 20 53 35 93 20 50 69 59 33 00 35 00 2A CA 1A BA D2 01 00 00 01 00 00 00 00 00 00 03 65 65 73 08 65 6C 73 65 76 69 65 72 03 63 6F 6D 00 00 01 00 01
45 00 00 BC 91 76 00 00 40 11 1E DC 93 20 50 69 93 20 53 35 00 35 59 33 00 A8 1F 02 BA D2 81 80 00 01 00 02 00 02 00 02 03 65 65 73 08 65 6C 73 65 76 69 65 72 03 63 6F 6D 00 00 01 00 01 C0 0C 00 05 00 01 00 00 0F EB 00 0A 07 67 73 73 70 72 6F 64 C0 10 C0 2E 00 01 00 01 00 00 00 05 00 04 91 24 D7 B4 C0 2E 00 02 00 01 00 00 0F EB 00 10 0D 73 65 75 6B 6F 78 66 61 67 73 73 30 31 C0 10 C0 2E 00 02 00 01 00 00 0F EB 00 10 0D 73 65 75 6B 72 65 61 61 67 73 73 30 31 C0 10 C0 54 00 01 00 01 00 00 0F EB 00 04 91 24 D6 A4 C0 70 00 01 00 01 00 00 0F EB 00 04 91 24 1E 78
45 00 00 3E 73 A3 40 00 40 11 FD 2C 93 20 53 35 93 20 50 69 C4 03 00 35 00 2A CA 1A 96 DE 01 00 00 01 00 00 00 00 00 00 03 65 65 73 08 65 6C 73 65 76 69 65 72 03 63 6F 6D 00 00 01 00 01
45 00 00 BC 91 7A 00 00 40 11 1E D8 93 20 50 69 93 20 53 35 00 35 C4 03 00 A8 D8 25 96 DE 81 80 00 01 00 02 00 02 00 02 03 65 65 73 08 65 6C 73 65 76 69 65 72 03 63 6F 6D 00 00 01 00 01 C0 0C 00 05 00 01 00 00 0F EB 00 0A 07 67 73 73 70 72 6F 64 C0 10 C0 2E 00 01 00 01 00 00 00 05 00 04 91 24 D7 B4 C0 2E 00 02 00 01 00 00 0F EB 00 10 0D 73 65 75 6B 6F 78 66 61 67 73 73 30 31 C0 10 C0 2E 00 02 00 01 00 00 0F EB 00 10 0D 73 65 75 6B 72 65 61 61 67 73 73 30 31 C0 10 C0 54 00 01 00 01 00 00 0F EB 00 04 91 24 D6 A4 C0 70 00 01 00 01 00 00 0F EB 00 04 91 24 1E 78
45 00 00 3E 84 06 40 00 40 11 EC C9 93 20 53 35 93 20 50 69 5B 82 00 35 00 2A CA 1A 06 F8 01 00 00 01 00 00 00 00 00 00 03 65 65 73 08 65 6C 73 65 76 69 65 72 03 63 6F 6D 00 00 01 00 01
45 00 00 BC 94 03 00 00 40 11 1C 4F 93 20 50 69 93 20 53 35 00 35 5B 82 00 A8 D0 E2 06 F8 81 80 00 01 00 02 00 02 00 02 03 65 65 73 08 65 6C 73 65 76 69 65 72 03 63 6F 6D 00 00 01 00 01 C0 0C 00 05 00 01 00 00 0F DA 00 0A 07 67 73 73 70 72 6F 64 C0 10 C0 2E 00 01 00 01 00 00 00 05 00 04 91 24 D7 B4 C0 2E 00 02 00 01 00 00 0F DA 00 10 0D 73 65 75 6B 6F 78 66 61 67 73 73 30 31 C0 10 C0 2E 00 02 00 01 00 00 0F DA 00 10 0D 73 65 75 6B 72 65 61 61 67 73 73 30 31 C0 10 C0 54 00 01 00 01 00 00 0F DA 00 04 91 24 D6 A4 C0 70 00 01 00 01 00 00 0F DA 00 04 91 24 1E 78
45 00 00 42 9A 2C 40 00 40 11 D6 9F 93 20 53 35 93 20 50 69 5B CC 00 35 00 2E CA 1E FB DD 01 00 00 01 00 00 00 00 00 00 07 73 75 70 70 6F 72 74 08 65 6C 73 65 76 69 65 72 03 63 6F 6D 00 00 01 00 01
45 00 01 1B 96 4B 00 00 40 11 19 A8 93 20 50 69 93 20 53 35 00 35 5B CC 01 07 64 68 FB DD 81 80 00 01 00 02 00 04 00 04 07 73 75 70 70 6F 72 74 08 65 6C 73 65 76 69 65 72 03 63 6F 6D 00 00 01 00 01 C0 0C 00 05 00 01 00 00 03 84 00 14 08 65 6C 73 65 76 69 65 72 08 63 75 73 74 68 65 6C 70 C0 1D C0 32 00 01 00 01 00 00 03 84 00 04 4A 75 CF DB C0 3B 00 02 00 01 00 00 03 53 00 18 08 65 64 6E 73 6D 77 30 32 0C 72 69 67 68 74 6E 6F 77 74 65 63 68 C0 1D C0 3B 00 02 00 01 00 00 03 53 00 0B 08 65 64 6E 73 63 61 30 32 C0 6B C0 3B 00 02 00 01 00 00 03 53 00 0B 08 65 64 6E 73 63 61 30 31 C0 6B C0 3B 00 02 00 01 00 00 03 53 00 0B 08 65 64 6E 73 6D 77 30 31 C0 6B C0 9D 00 01 00 01 00 00 0A 2C 00 04 D8 88 E5 3C C0 86 00 01 00 01 00 00 0A 2C 00 04 D8 88 E5 3D C0 B4 00 01 00 01 00 02 96 A3 00 04 4A 75 CB 0D C0 62 00 01 00 01 00 02 96 A3 00 04 4A 75 CB 0E
45 00 00 3D 9C B1 40 00 40 11 D4 1F 93 20 53 35 93 20 50 69 7C 7A 00 35 00 29 CA 19 34 0C 01 00 00 01 00 00 00 00 00 00 04 61 70 69 73 06 67 6F 6F 67 6C 65 03 63 6F 6D 00 00 01 00 01
45 00 01 CA 96 84 00 00 40 11 18 C0 93 20 50 69 93 20 53 35 00 35 7C 7A 01 B6 84 D1 34 0C 81 80 00 01 00 10 00 04 00 04 04 61 70 69 73 06 67 6F 6F 67 6C 65 03 63 6F 6D 00 00 01 00 01 C0 0C 00 05 00 01 00 08 53 93 00 09 04 70 6C 75 73 01 6C C0 11 C0 2D 00 01 00 01 00 00 00 DF 00 04 C3 71 D6 D3 C0 2D 00 01 00 01 00 00 00 DF 00 04 C3 71 D6 ED C0 2D 00 01 00 01 00 00 00 DF 00 04 C3 71 D6 F1 C0 2D 00 01 00 01 00 00 00 DF 00 04 C3 71 D6 F9 C0 2D 00 01 00 01 00 00 00 DF 00 04 C3 71 D6 E6 C0 2D 00 01 00 01 00 00 00 DF 00 04 C3 71 D6 EA C0 2D 00 01 00 01 00 00 00 DF 00 04 C3 71 D6 F5 C0 2D 00 01 00 01 00 00 00 DF 00 04 C3 71 D6 EC C0 2D 00 01 00 01 00 00 00 DF 00 04 C3 71 D6 CF C0 2D 00 01 00 01 00 00 00 DF 00 04 C3 71 D6 FB C0 2D 00 01 00 01 00 00 00 DF 00 04 C3 71 D6 D7 C0 2D 00 01 00 01 00 00 00 DF 00 04 C3 71 D6 E2 C0 2D 00 01 00 01 00 00 00 DF 00 04 C3 71 D6 DB C0 2D 00 01 00 01 00 00 00 DF 00 04 C3 71 D6 DE C0 2D 00 01 00 01 00 00 00 DF 00 04 C3 71 D6 DD C0 11 00 02 00 01 00 01 B8 AC 00 06 03 6E 73 33 C0 11 C0 11 00 02 00 01 00 01 B8 AC 00 06 03 6E 73 34 C0 11 C0 11 00 02 00 01 00 01 B8 AC 00 06 03 6E 73 31 C0 11 C0 11 00 02 00 01 00 01 B8 AC 00 06 03 6E 73 32 C0 11 C1 56 00 01 00 01 00 04 5B AC 00 04 D8 EF 20 0A C1 68 00 01 00 01 00 04 5B AC 00 04 D8 EF 22 0A C1 32 00 01 00 01 00 04 5B AC 00 04 D8 EF 24 0A C1 44 00 01 00 01 00 04 5B AC 00 04 D8 EF 26 0A
45 00 00 3E C7 44 40 00 40 11 A9 8B 93 20 53 35 93 20 50 69 CF 0A 00 35 00 2A CA 1A 1A 31 01 00 00 01 00 00 00 00 00 00 03 65 65 73 08 65 6C 73 65 76 69 65 72 03 63 6F 6D 00 00 01 00 01
45 00 00 BC 99 50 00 00 40 11 17 02 93 20 50 69 93 20 53 35 00 35 CF 0A 00 A8 4B 7A 1A 31 81 80 00 01 00 02 00 02 00 02 03 65 65 73 08 65 6C 73 65 76 69 65 72 03 63 6F 6D 00 00 01 00 01 C0 0C 00 05 00 01 00 00 0F 95 00 0A 07 67 73 73 70 72 6F 64 C0 10 C0 2E 00 01 00 01 00 00 00 05 00 04 91 24 D7 B4 C0 2E 00 02 00 01 00 00 0F 95 00 10 0D 73 65 75 6B 72 65 61 61 67 73 73 30 31 C0 10 C0 2E 00 02 00 01 00 00 0F 95 00 10 0D 73 65 75 6B 6F 78 66 61 67 73 73 30 31 C0 10 C0 70 00 01 00 01 00 00 0F 95 00 04 91 24 D6 A4 C0 54 00 01 00 01 00 00 0F 95 00 04 91 24 1E 78
45 00 00 3E 0B 84 40 00 40 11 65 4C 93 20 53 35 93 20 50 69 FE CA 00 35 00 2A CA 1A F5 B0 01 00 00 01 00 00 00 00 00 00 03 65 65 73 08 65 6C 73 65 76 69 65 72 03 63 6F 6D 00 00 01 00 01
45 00 00 BC A1 F4 00 00 40 11 0E 5E 93 20 50 69 93 20 53 35 00 35 FE CA 00 A8 41 98 F5 B0 81 80 00 01 00 02 00 02 00 02 03 65 65 73 08 65 6C 73 65 76 69 65 72 03 63 6F 6D 00 00 01 00 01 C0 0C 00 05 00 01 00 00 0F 4F 00 0A 07 67 73 73 70 72 6F 64 C0 10 C0 2E 00 01 00 01 00 00 00 05 00 04 91 24 D7 B4 C0 2E 00 02 00 01 00 00 0F 4F 00 10 0D 73 65 75 6B 6F 78 66 61 67 73 73 30 31 C0 10 C0 2E 00 02 00 01 00 00 0F 4F 00 10 0D 73 65 75 6B 72 65 61 61 67 73 73 30 31 C0 10 C0 54 00 01 00 01 00 00 0F 4F 00 04 91 24 D6 A4 C0 70 00 01 00 01 00 00 0F 4F 00 04 91 24 1E 78
45 00 00 3E 51 53 40 00 40 11 1F 7D 93 20 53 35 93 20 50 69 F4 32 00 35 00 2A CA 1A 17 10 01 00 00 01 00 00 00 00 00 00 03 65 65 73 08 65 6C 73 65 76 69 65 72 03 63 6F 6D 00 00 01 00 01
45 00 00 BC A8 5F 00 00 40 11 07 F3 93 20 50 69 93 20 53 35 00 35 F4 32 00 A8 2C 34 17 10 81 80 00 01 00 02 00 02 00 02 03 65 65 73 08 65 6C 73 65 76 69 65 72 03 63 6F 6D 00 00 01 00 01 C0 0C 00 05 00 01 00 00 0F 08 00 0A 07 67 73 73 70 72 6F 64 C0 10 C0 2E 00 01 00 01 00 00 00 05 00 04 91 24 D7 B4 C0 2E 00 02 00 01 00 00 0F 08 00 10 0D 73 65 75 6B 6F 78 66 61 67 73 73 30 31 C0 10 C0 2E 00 02 00 01 00 00 0F 08 00 10 0D 73 65 75 6B 72 65 61 61 67 73 73 30 31 C0 10 C0 54 00 01 00 01 00 00 0F 08 00 04 91 24 D6 A4 C0 70 00 01 00 01 00 00 0F 08 00 04 91 24 1E 78
45 00 00 3D 76 41 40 00 40 11 FA 8F 93 20 53 35 93 20 50 69 C5 0B 00 35 00 29 CA 19 F0 10 01 00 00 01 00 00 00 00 00 00 04 70 6C 75 73 06 67 6F 6F 67 6C 65 03 63 6F 6D 00 00 01 00 01
45 00 01 B5 AA F4 00 00 40 11 04 65 93 20 50 69 93 20 53 35 00 35 C5 0B 01 A1 EE 71 F0 10 81 80 00 01 00 0F 00 04 00 04 04 70 6C 75 73 06 67 6F 6F 67 6C 65 03 63 6F 6D 00 00 01 00 01 C0 0C 00 01 00 01 00 00 01 2C 00 04 C3 71 D6 FB C0 0C 00 01 00 01 00 00 01 2C 00 04 C3 71 D6 CF C0 0C 00 01 00 01 00 00 01 2C 00 04 C3 71 D6 E2 C0 0C 00 01 00 01 00 00 01 2C 00 04 C3 71 D6 ED C0 0C 00 01 00 01 00 00 01 2C 00 04 C3 71 D6 EA C0 0C 00 01 00 01 00 00 01 2C 00 04 C3 71 D6 DE C0 0C 00 01 00 01 00 00 01 2C 00 04 C3 71 D6 F1 C0 0C 00 01 00 01 00 00 01 2C 00 04 C3 71 D6 F9 C0 0C 00 01 00 01 00 00 01 2C 00 04 C3 71 D6 F5 C0 0C 00 01 00 01 00 00 01 2C 00 04 C3 71 D6 EC C0 0C 00 01 00 01 00 00 01 2C 00 04 C3 71 D6 D7 C0 0C 00 01 00 01 00 00 01 2C 00 04 C3 71 D6 DD C0 0C 00 01 00 01 00 00 01 2C 00 04 C3 71 D6 D3 C0 0C 00 01 00 01 00 00 01 2C 00 04 C3 71 D6 E6 C0 0C 00 01 00 01 00 00 01 2C 00 04 C3 71 D6 DB C0 11 00 02 00 01 00 01 B7 CD 00 06 03 6E 73 31 C0 11 C0 11 00 02 00 01 00 01 B7 CD 00 06 03 6E 73 32 C0 11 C0 11 00 02 00 01 00 01 B7 CD 00 06 03 6E 73 34 C0 11 C0 11 00 02 00 01 00 01 B7 CD 00 06 03 6E 73 33 C0 11 C1 1D 00 01 00 01 00 04 5A CD 00 04 D8 EF 20 0A C1 2F 00 01 00 01 00 04 5A CD 00 04 D8 EF 22 0A C1 53 00 01 00 01 00 04 5A CD 00 04 D8 EF 24 0A C1 41 00 01 00 01 00 04 5A CD 00 04 D8 EF 26 0A
45 00 00 3E 93 F2 40 00 40 11 DC DD 93 20 53 35 93 20 50 69 50 97 00 35 00 2A CA 1A 40 CC 01 00 00 01 00 00 00 00 00 00 03 65 65 73 08 65 6C 73 65 76 69 65 72 03 63 6F 6D 00 00 01 00 01
45 00 00 BC AC B1 00 00 40 11 03 A1 93 20 50 69 93 20 53 35 00 35 50 97 00 A8 A7 6C 40 CC 81 80 00 01 00 02 00 02 00 02 03 65 65 73 08 65 6C 73 65 76 69 65 72 03 63 6F 6D 00 00 01 00 01 C0 0C 00 05 00 01 00 00 0E C3 00 0A 07 67 73 73 70 72 6F 64 C0 10 C0 2E 00 01 00 01 00 00 00 05 00 04 91 24 D7 B4 C0 2E 00 02 00 01 00 00 0E C3 00 10 0D 73 65 75 6B 72 65 61 61 67 73 73 30 31 C0 10 C0 2E 00 02 00 01 00 00 0E C3 00 10 0D 73 65 75 6B 6F 78 66 61 67 73 73 30 31 C0 10 C0 70 00 01 00 01 00 00 0E C3 00 04 91 24 D6 A4 C0 54 00 01 00 01 00 00 0E C3 00 04 91 24 1E 78
45 00 00 3E 96 0D 40 00 40 11 DA C2 93 20 53 35 93 20 50 69 C0 70 00 35 00 2A CA 1A A1 F9 01 00 00 01 00 00 00 00 00 00 03 65 65 73 08 65 6C 73 65 76 69 65 72 03 63 6F 6D 00 00 01 00 01
45 00 00 BC AC EC 00 00 40 11 03 66 93 20 50 69 93 20 53 35 00 35 C0 70 00 A8 D6 71 A1 F9 81 80 00 01 00 02 00 02 00 02 03 65 65 73 08 65 6C 73 65 76 69 65 72 03 63 6F 6D 00 00 01 00 01 C0 0C 00 05 00 01 00 00 0E C1 00 0A 07 67 73 73 70 72 6F 64 C0 10 C0 2E 00 01 00 01 00 00 00 03 00 04 91 24 D7 B4 C0 2E 00 02 00 01 00 00 0E C1 00 10 0D 73 65 75 6B 6F 78 66 61 67 73 73 30 31 C0 10 C0 2E 00 02 00 01 00 00 0E C1 00 10 0D 73 65 75 6B 72 65 61 61 67 73 73 30 31 C0 10 C0 54 00 01 00 01 00 00 0E C1 00 04 91 24 D6 A4 C0 70 00 01 00 01 00 00 0E C1 00 04 91 24 1E 78
45 00 00 3E 97 F0 40 00 40 11 D8 DF 93 20 53 35 93 20 50 69 5D 43 00 35 00 2A CA 1A 36 94 01 00 00 01 00 00 00 00 00 00 03 65 65 73 08 65 6C 73 65 76 69 65 72 03 63 6F 6D 00 00 01 00 01
45 00 00 BC AD 00 00 00 40 11 03 52 93 20 50 69 93 20 53 35 00 35 5D 43 00 A8 A5 10 36 94 81 80 00 01 00 02 00 02 00 02 03 65 65 73 08 65 6C 73 65 76 69 65 72 03 63 6F 6D 00 00 01 00 01 C0 0C 00 05 00 01 00 00 0E BF 00 0A 07 67 73 73 70 72 6F 64 C0 10 C0 2E 00 01 00 01 00 00 00 01 00 04 91 24 D7 B4 C0 2E 00 02 00 01 00 00 0E BF 00 10 0D 73 65 75 6B 6F 78 66 61 67 73 73 30 31 C0 10 C0 2E 00 02 00 01 00 00 0E BF 00 10 0D 73 65 75 6B 72 65 61 61 67 73 73 30 31 C0 10 C0 54 00 01 00 01 00 00 0E BF 00 04 91 24 D6 A4 C0 70 00 01 00 01 00 00 0E BF 00 04 91 24 1E 78
45 00 00 3E AB 3D 40 00 40 11 C5 92 93 20 53 35 93 20 50 69 BD FD 00 35 00 2A CA 1A 33 D6 01 00 00 01 00 00 00 00 00 00 03 65 65 73 08 65 6C 73 65 76 69 65 72 03 63 6F 6D 00 00 01 00 01
45 00 00 BC AE 0E 00 00 40 11 02 44 93 20 50 69 93 20 53 35 00 35 BD FD 00 A8 47 74 33 D6 81 80 00 01 00 02 00 02 00 02 03 65 65 73 08 65 6C 73 65 76 69 65 72 03 63 6F 6D 00 00 01 00 01 C0 0C 00 05 00 01 00 00 0E AB 00 0A 07 67 73 73 70 72 6F 64 C0 10 C0 2E 00 01 00 01 00 00 00 05 00 04 91 24 D7 B4 C0 2E 00 02 00 01 00 00 0E AB 00 10 0D 73 65 75 6B 72 65 61 61 67 73 73 30 31 C0 10 C0 2E 00 02 00 01 00 00 0E AB 00 10 0D 73 65 75 6B 6F 78 66 61 67 73 73 30 31 C0 10 C0 70 00 01 00 01 00 00 0E AB 00 04 91 24 D6 A4 C0 54 00 01 00 01 00 00 0E AB 00 04 91 24 1E 78
45 00 00 3E AB 4A 40 00 40 11 C5 85 93 20 53 35 93 20 50 69 9B 35 00 35 00 2A CA 1A A0 83 01 00 00 01 00 00 00 00 00 00 03 65 65 73 08 65 6C 73 65 76 69 65 72 03 63 6F 6D 00 00 01 00 01
45 00 00 BC AE 0F 00 00 40 11 02 43 93 20 50 69 93 20 53 35 00 35 9B 35 00 A8 FD 8E A0 83 81 80 00 01 00 02 00 02 00 02 03 65 65 73 08 65 6C 73 65 76 69 65 72 03 63 6F 6D 00 00 01 00 01 C0 0C 00 05 00 01 00 00 0E AB 00 0A 07 67 73 73 70 72 6F 64 C0 10 C0 2E 00 01 00 01 00 00 00 05 00 04 91 24 D7 B4 C0 2E 00 02 00 01 00 00 0E AB 00 10 0D 73 65 75 6B 6F 78 66 61 67 73 73 30 31 C0 10 C0 2E 00 02 00 01 00 00 0E AB 00 10 0D 73 65 75 6B 72 65 61 61 67 73 73 30 31 C0 10 C0 54 00 01 00 01 00 00 0E AB 00 04 91 24 D6 A4 C0 70 00 01 00 01 00 00 0E AB 00 04 91 24 1E 78
45 00 00 3E F1 48 40 00 40 11 7F 87 93 20 53 35 93 20 50 69 39 D1 00 35 00 2A CA 1A 0F 11 01 00 00 01 00 00 00 00 00 00 03 65 65 73 08 65 6C 73 65 76 69 65 72 03 63 6F 6D 00 00 01 00 01
45 00 00 BC B4 3F 00 00 40 11 FC 12 93 20 50 69 93 20 53 35 00 35 39 D1 00 A8 F1 C8 0F 11 81 80 00 01 00 02 00 02 00 02 03 65 65 73 08 65 6C 73 65 76 69 65 72 03 63 6F 6D 00 00 01 00 01 C0 0C 00 05 00 01 00 00 0E 64 00 0A 07 67 73 73 70 72 6F 64 C0 10 C0 2E 00 01 00 01 00 00 00 05 00 04 91 24 D7 B4 C0 2E 00 02 00 01 00 00 0E 64 00 10 0D 73 65 75 6B 72 65 61 61 67 73 73 30 31 C0 10 C0 2E 00 02 00 01 00 00 0E 64 00 10 0D 73 65 75 6B 6F 78 66 61 67 73 73 30 31 C0 10 C0 70 00 01 00 01 00 00 0E 64 00 04 91 24 D6 A4 C0 54 00 01 00 01 00 00 0E 64 00 04 91 24 1E 78
45 00 00 53 FF 4B 40 00 40 11 71 6F 93 20 53 35 93 20 50 69 CD C3 00 35 00 3F CA 2F D1 EA 01 00 00 01 00 00 00 00 00 00 0F 6D 61 69 6C 2D 61 74 74 61 63 68 6D 65 6E 74 11 67 6F 6F 67 6C 65 75 73 65 72 63 6F 6E 74 65 6E 74 03 63 6F 6D 00 00 01 00 01
45 00 01 2F B5 61 00 00 40 11 FA 7D 93 20 50 69 93 20 53 35 00 35 CD C3 01 1B 1D E1 D1 EA 81 80 00 01 00 04 00 04 00 04 0F 6D 61 69 6C 2D 61 74 74 61 63 68 6D 65 6E 74 11 67 6F 6F 67 6C 65 75 73 65 72 63 6F 6E 74 65 6E 74 03 63 6F 6D 00 00 01 00 01 C0 0C 00 05 00 01 00 01 00 A3 00 11 0C 67 6F 6F 67 6C 65 68 6F 73 74 65 64 01 6C C0 1C C0 43 00 01 00 01 00 00 00 02 00 04 AD C2 23 4C C0 43 00 01 00 01 00 00 00 02 00 04 AD C2 23 4A C0 43 00 01 00 01 00 00 00 02 00 04 AD C2 23 4B C0 1C 00 02 00 01 00 01 BA A7 00 0D 03 6E 73 31 06 67 6F 6F 67 6C 65 C0 2E C0 1C 00 02 00 01 00 01 BA A7 00 06 03 6E 73 32 C0 94 C0 1C 00 02 00 01 00 01 BA A7 00 06 03 6E 73 33 C0 94 C0 1C 00 02 00 01 00 01 BA A7 00 06 03 6E 73 34 C0 94 C0 90 00 01 00 01 00 04 5A 40 00 04 D8 EF 20 0A C0 A9 00 01 00 01 00 04 5A 40 00 04 D8 EF 22 0A C0 BB 00 01 00 01 00 04 5A 40 00 04 D8 EF 24 0A C0 CD 00 01 00 01 00 04 5A 40 00 04 D8 EF 26 0A
45 00 00 3E 33 DC 40 00 40 11 3C F4 93 20 53 35 93 20 50 69 B0 35 00 35 00 2A CA 1A EF AE 01 00 00 01 00 00 00 00 00 00 03 65 65 73 08 65 6C 73 65 76 69 65 72 03 63 6F 6D 00 00 01 00 01
45 00 00 BC BD F1 00 00 40 11 F2 60 93 20 50 69 93 20 53 35 00 35 B0 35 00 A8 9C 1A EF AE 81 80 00 01 00 02 00 02 00 02 03 65 65 73 08 65 6C 73 65 76 69 65 72 03 63 6F 6D 00 00 01 00 01 C0 0C 00 05 00 01 00 00 0E 20 00 0A 07 67 73 73 70 72 6F 64 C0 10 C0 2E 00 01 00 01 00 00 00 05 00 04 91 24 D7 B4 C0 2E 00 02 00 01 00 00 0E 20 00 10 0D 73 65 75 6B 6F 78 66 61 67 73 73 30 31 C0 10 C0 2E 00 02 00 01 00 00 0E 20 00 10 0D 73 65 75 6B 72 65 61 61 67 73 73 30 31 C0 10 C0 54 00 01 00 01 00 00 0E 20 00 04 91 24 D6 A4 C0 70 00 01 00 01 00 00 0E 20 00 04 91 24 1E 78
45 00 00 3F 5F 75 40 00 40 11 11 5A 93 20 53 35 93 20 50 69 52 0A 00 35 00 2B CA 1B 3D A8 01 00 00 01 00 00 00 00 00 00 03 77 77 77 06 67 6F 6F 67 6C 65 03 63 6F 6D 02 61 72 00 00 01 00 01
45 00 01 01 C1 A2 00 00 40 11 EE 6A 93 20 50 69 93 20 53 35 00 35 52 0A 00 ED A1 77 3D A8 81 80 00 01 00 03 00 04 00 04 03 77 77 77 06 67 6F 6F 67 6C 65 03 63 6F 6D 02 61 72 00 00 01 00 01 C0 0C 00 01 00 01 00 00 01 2C 00 04 AD C2 71 B7 C0 0C 00 01 00 01 00 00 01 2C 00 04 AD C2 71 B8 C0 0C 00 01 00 01 00 00 01 2C 00 04 AD C2 71 BF C0 10 00 02 00 01 00 00 01 7D 00 10 03 6E 73 32 06 67 6F 6F 67 6C 65 03 63 6F 6D 00 C0 10 00 02 00 01 00 00 01 7D 00 06 03 6E 73 31 C0 63 C0 10 00 02 00 01 00 00 01 7D 00 06 03 6E 73 33 C0 63 C0 10 00 02 00 01 00 00 01 7D 00 06 03 6E 73 34 C0 63 C0 7B 00 01 00 01 00 04 59 DE 00 04 D8 EF 20 0A C0 5F 00 01 00 01 00 04 59 DE 00 04 D8 EF 22 0A C0 8D 00 01 00 01 00 04 59 DE 00 04 D8 EF 24 0A C0 9F 00 01 00 01 00 04 59 DE 00 04 D8 EF 26 0A
45 00 00 3E 7A 00 40 00 40 11 F6 CF 93 20 53 35 93 20 50 69 B0 37 00 35 00 2A CA 1A 5C F1 01 00 00 01 00 00 00 00 00 00 03 65 65 73 08 65 6C 73 65 76 69 65 72 03 63 6F 6D 00 00 01 00 01
45 00 00 BC C3 03 00 00 40 11 ED 4E 93 20 50 69 93 20 53 35 00 35 B0 37 00 A8 30 3E 5C F1 81 80 00 01 00 02 00 02 00 02 03 65 65 73 08 65 6C 73 65 76 69 65 72 03 63 6F 6D 00 00 01 00 01 C0 0C 00 05 00 01 00 00 0D D8 00 0A 07 67 73 73 70 72 6F 64 C0 10 C0 2E 00 01 00 01 00 00 00 05 00 04 91 24 D7 B4 C0 2E 00 02 00 01 00 00 0D D8 00 10 0D 73 65 75 6B 6F 78 66 61 67 73 73 30 31 C0 10 C0 2E 00 02 00 01 00 00 0D D8 00 10 0D 73 65 75 6B 72 65 61 61 67 73 73 30 31 C0 10 C0 54 00 01 00 01 00 00 0D D8 00 04 91 24 D6 A4 C0 70 00 01 00 01 00 00 0D D8 00 04 91 24 1E 78
45 00 00 3E BE 6F 40 00 40 11 B2 60 93 20 53 35 93 20 50 69 89 33 00 35 00 2A CA 1A 26 A7 01 00 00 01 00 00 00 00 00 00 03 65 65 73 08 65 6C 73 65 76 69 65 72 03 63 6F 6D 00 00 01 00 01
45 00 00 BC C7 71 00 00 40 11 E8 E0 93 20 50 69 93 20 53 35 00 35 89 33 00 A8 8E EA 26 A7 81 80 00 01 00 02 00 02 00 02 03 65 65 73 08 65 6C 73 65 76 69 65 72 03 63 6F 6D 00 00 01 00 01 C0 0C 00 05 00 01 00 00 0D 92 00 0A 07 67 73 73 70 72 6F 64 C0 10 C0 2E 00 01 00 01 00 00 00 05 00 04 91 24 D7 B4 C0 2E 00 02 00 01 00 00 0D 92 00 10 0D 73 65 75 6B 6F 78 66 61 67 73 73 30 31 C0 10 C0 2E 00 02 00 01 00 00 0D 92 00 10 0D 73 65 75 6B 72 65 61 61 67 73 73 30 31 C0 10 C0 54 00 01 00 01 00 00 0D 92 00 04 91 24 D6 A4 C0 70 00 01 00 01 00 00 0D 92 00 04 91 24 1E 78
45 00 00 3E EC FA 40 00 40 11 83 D5 93 20 53 35 93 20 50 69 A2 4A 00 35 00 2A CA 1A 3C 28 01 00 00 01 00 00 00 00 00 00 03 65 65 73 08 65 6C 73 65 76 69 65 72 03 63 6F 6D 00 00 01 00 01
45 00 00 BC CA E0 00 00 40 11 E5 71 93 20 50 69 93 20 53 35 00 35 A2 4A 00 A8 61 42 3C 28 81 80 00 01 00 02 00 02 00 02 03 65 65 73 08 65 6C 73 65 76 69 65 72 03 63 6F 6D 00 00 01 00 01 C0 0C 00 05 00 01 00 00 0D 62 00 0A 07 67 73 73 70 72 6F 64 C0 10 C0 2E 00 01 00 01 00 00 00 05 00 04 91 24 D7 B4 C0 2E 00 02 00 01 00 00 0D 62 00 10 0D 73 65 75 6B 6F 78 66 61 67 73 73 30 31 C0 10 C0 2E 00 02 00 01 00 00 0D 62 00 10 0D 73 65 75 6B 72 65 61 61 67 73 73 30 31 C0 10 C0 54 00 01 00 01 00 00 0D 62 00 04 91 24 D6 A4 C0 70 00 01 00 01 00 00 0D 62 00 04 91 24 1E 78
45 00 00 3E ED 06 40 00 40 11 83 C9 93 20 53 35 93 20 50 69 83 28 00 35 00 2A CA 1A B7 50 01 00 00 01 00 00 00 00 00 00 03 65 65 73 08 65 6C 73 65 76 69 65 72 03 63 6F 6D 00 00 01 00 01
45 00 00 BC CA E1 00 00 40 11 E5 70 93 20 50 69 93 20 53 35 00 35 83 28 00 A8 05 3C B7 50 81 80 00 01 00 02 00 02 00 02 03 65 65 73 08 65 6C 73 65 76 69 65 72 03 63 6F 6D 00 00 01 00 01 C0 0C 00 05 00 01 00 00 0D 62 00 0A 07 67 73 73 70 72 6F 64 C0 10 C0 2E 00 01 00 01 00 00 00 05 00 04 91 24 D7 B4 C0 2E 00 02 00 01 00 00 0D 62 00 10 0D 73 65 75 6B 72 65 61 61 67 73 73 30 31 C0 10 C0 2E 00 02 00 01 00 00 0D 62 00 10 0D 73 65 75 6B 6F 78 66 61 67 73 73 30 31 C0 10 C0 70 00 01 00 01 00 00 0D 62 00 04 91 24 D6 A4 C0 54 00 01 00 01 00 00 0D 62 00 04 91 24 1E 78
45 00 00 3E 2E 4A 40 00 40 11 42 86 93 20 53 35 93 20 50 69 6E 09 00 35 00 2A CA 1A 66 C3 01 00 00 01 00 00 00 00 00 00 03 65 65 73 08 65 6C 73 65 76 69 65 72 03 63 6F 6D 00 00 01 00 01
45 00 00 BC CD 9E 00 00 40 11 E2 B3 93 20 50 69 93 20 53 35 00 35 6E 09 00 A8 6C 37 66 C3 81 80 00 01 00 02 00 02 00 02 03 65 65 73 08 65 6C 73 65 76 69 65 72 03 63 6F 6D 00 00 01 00 01 C0 0C 00 05 00 01 00 00 0D 1F 00 0A 07 67 73 73 70 72 6F 64 C0 10 C0 2E 00 01 00 01 00 00 00 05 00 04 91 24 D7 B4 C0 2E 00 02 00 01 00 00 0D 1F 00 10 0D 73 65 75 6B 6F 78 66 61 67 73 73 30 31 C0 10 C0 2E 00 02 00 01 00 00 0D 1F 00 10 0D 73 65 75 6B 72 65 61 61 67 73 73 30 31 C0 10 C0 54 00 01 00 01 00 00 0D 1F 00 04 91 24 D6 A4 C0 70 00 01 00 01 00 00 0D 1F 00 04 91 24 1E 78
45 00 00 3E 72 9E 40 00 40 11 FE 31 93 20 53 35 93 20 50 69 CE 8A 00 35 00 2A CA 1A D5 AD 01 00 00 01 00 00 00 00 00 00 03 65 65 73 08 65 6C 73 65 76 69 65 72 03 63 6F 6D 00 00 01 00 01
45 00 00 BC D7 B0 00 00 40 11 D8 A1 93 20 50 69 93 20 53 35 00 35 CE 8A 00 A8 9E 29 D5 AD 81 80 00 01 00 02 00 02 00 02 03 65 65 73 08 65 6C 73 65 76 69 65 72 03 63 6F 6D 00 00 01 00 01 C0 0C 00 05 00 01 00 00 0C D9 00 0A 07 67 73 73 70 72 6F 64 C0 10 C0 2E 00 01 00 01 00 00 00 05 00 04 91 24 D7 B4 C0 2E 00 02 00 01 00 00 0C D9 00 10 0D 73 65 75 6B 72 65 61 61 67 73 73 30 31 C0 10 C0 2E 00 02 00 01 00 00 0C D9 00 10 0D 73 65 75 6B 6F 78 66 61 67 73 73 30 31 C0 10 C0 70 00 01 00 01 00 00 0C D9 00 04 91 24 D6 A4 C0 54 00 01 00 01 00 00 0C D9 00 04 91 24 1E 78
45 00 00 3E BD 3D 40 00 40 11 B3 92 93 20 53 35 93 20 50 69 CB 2F 00 35 00 2A CA 1A DD 09 01 00 00 01 00 00 00 00 00 00 03 65 65 73 08 65 6C 73 65 76 69 65 72 03 63 6F 6D 00 00 01 00 01
45 00 00 BC DB 75 00 00 40 11 D4 DC 93 20 50 69 93 20 53 35 00 35 CB 2F 00 A8 9B A4 DD 09 81 80 00 01 00 02 00 02 00 02 03 65 65 73 08 65 6C 73 65 76 69 65 72 03 63 6F 6D 00 00 01 00 01 C0 0C 00 05 00 01 00 00 0C 8D 00 0A 07 67 73 73 70 72 6F 64 C0 10 C0 2E 00 01 00 01 00 00 00 05 00 04 91 24 D7 B4 C0 2E 00 02 00 01 00 00 0C 8D 00 10 0D 73 65 75 6B 6F 78 66 61 67 73 73 30 31 C0 10 C0 2E 00 02 00 01 00 00 0C 8D 00 10 0D 73 65 75 6B 72 65 61 61 67 73 73 30 31 C0 10 C0 54 00 01 00 01 00 00 0C 8D 00 04 91 24 D6 A4 C0 70 00 01 00 01 00 00 0C 8D 00 04 91 24 1E 78
45 00 00 3E 06 7B 40 00 40 11 6A 55 93 20 53 35 93 20 50 69 C3 74 00 35 00 2A CA 1A 0B 13 01 00 00 01 00 00 00 00 00 00 03 65 65 73 08 65 6C 73 65 76 69 65 72 03 63 6F 6D 00 00 01 00 01
45 00 00 BC DF 2C 00 00 40 11 D1 25 93 20 50 69 93 20 53 35 00 35 C3 74 00 A8 76 CD 0B 13 81 80 00 01 00 02 00 02 00 02 03 65 65 73 08 65 6C 73 65 76 69 65 72 03 63 6F 6D 00 00 01 00 01 C0 0C 00 05 00 01 00 00 0C 42 00 0A 07 67 73 73 70 72 6F 64 C0 10 C0 2E 00 01 00 01 00 00 00 05 00 04 91 24 D7 B4 C0 2E 00 02 00 01 00 00 0C 42 00 10 0D 73 65 75 6B 6F 78 66 61 67 73 73 30 31 C0 10 C0 2E 00 02 00 01 00 00 0C 42 00 10 0D 73 65 75 6B 72 65 61 61 67 73 73 30 31 C0 10 C0 54 00 01 00 01 00 00 0C 42 00 04 91 24 D6 A4 C0 70 00 01 00 01 00 00 0C 42 00 04 91 24 1E 78
45 00 00 42 1A 23 40 00 40 11 56 A9 93 20 53 35 93 20 50 69 35 1C 00 35 00 2E CA 1E E1 F5 01 00 00 01 00 00 00 00 00 00 07 73 75 70 70 6F 72 74 08 65 6C 73 65 76 69 65 72 03 63 6F 6D 00 00 01 00 01
45 00 01 1B E0 56 00 00 40 11 CF 9C 93 20 50 69 93 20 53 35 00 35 35 1C 01 07 D4 6E E1 F5 81 80 00 01 00 02 00 04 00 04 07 73 75 70 70 6F 72 74 08 65 6C 73 65 76 69 65 72 03 63 6F 6D 00 00 01 00 01 C0 0C 00 05 00 01 00 00 03 84 00 14 08 65 6C 73 65 76 69 65 72 08 63 75 73 74 68 65 6C 70 C0 1D C0 32 00 01 00 01 00 00 03 84 00 04 4A 75 CF DB C0 3B 00 02 00 01 00 00 03 84 00 18 08 65 64 6E 73 63 61 30 31 0C 72 69 67 68 74 6E 6F 77 74 65 63 68 C0 1D C0 3B 00 02 00 01 00 00 03 84 00 0B 08 65 64 6E 73 6D 77 30 31 C0 6B C0 3B 00 02 00 01 00 00 03 84 00 0B 08 65 64 6E 73 6D 77 30 32 C0 6B C0 3B 00 02 00 01 00 00 03 84 00 0B 08 65 64 6E 73 63 61 30 32 C0 6B C0 62 00 01 00 01 00 00 06 97 00 04 D8 88 E5 3C C0 B4 00 01 00 01 00 00 06 97 00 04 D8 88 E5 3D C0 86 00 01 00 01 00 02 93 0E 00 04 4A 75 CB 0D C0 9D 00 01 00 01 00 02 93 0E 00 04 4A 75 CB 0E
45 00 00 3E 4C D5 40 00 40 11 23 FB 93 20 53 35 93 20 50 69 DE 6B 00 35 00 2A CA 1A 3E 11 01 00 00 01 00 00 00 00 00 00 03 65 65 73 08 65 6C 73 65 76 69 65 72 03 63 6F 6D 00 00 01 00 01
45 00 00 BC E3 E5 00 00 40 11 CC 6C 93 20 50 69 93 20 53 35 00 35 DE 6B 00 A8 2A 40 3E 11 81 80 00 01 00 02 00 02 00 02 03 65 65 73 08 65 6C 73 65 76 69 65 72 03 63 6F 6D 00 00 01 00 01 C0 0C 00 05 00 01 00 00 0B FA 00 0A 07 67 73 73 70 72 6F 64 C0 10 C0 2E 00 01 00 01 00 00 00 05 00 04 91 24 D7 B4 C0 2E 00 02 00 01 00 00 0B FA 00 10 0D 73 65 75 6B 72 65 61 61 67 73 73 30 31 C0 10 C0 2E 00 02 00 01 00 00 0B FA 00 10 0D 73 65 75 6B 6F 78 66 61 67 73 73 30 31 C0 10 C0 70 00 01 00 01 00 00 0B FA 00 04 91 24 D6 A4 C0 54 00 01 00 01 00 00 0B FA 00 04 91 24 1E 78
45 00 00 5C 6A 81 40 00 40 11 06 31 93 20 53 35 93 20 50 69 20 F3 00 35 00 48 CA 38 5A 94 01 00 00 01 00 00 00 00 00 00 18 69 6D 61 67 65 73 31 2D 66 6F 63 75 73 2D 6F 70 65 6E 73 6F 63 69 61 6C 11 67 6F 6F 67 6C 65 75 73 65 72 63 6F 6E 74 65 6E 74 03 63 6F 6D 00 00 01 00 01
45 00 01 38 EA ED 00 00 40 11 C4 E8 93 20 50 69 93 20 53 35 00 35 20 F3 01 24 A5 06 5A 94 81 80 00 01 00 04 00 04 00 04 18 69 6D 61 67 65 73 31 2D 66 6F 63 75 73 2D 6F 70 65 6E 73 6F 63 69 61 6C 11 67 6F 6F 67 6C 65 75 73 65 72 63 6F 6E 74 65 6E 74 03 63 6F 6D 00 00 01 00 01 C0 0C 00 05 00 01 00 01 08 62 00 11 0C 67 6F 6F 67 6C 65 68 6F 73 74 65 64 01 6C C0 25 C0 4C 00 01 00 01 00 00 00 3F 00 04 AD C2 23 4B C0 4C 00 01 00 01 00 00 00 3F 00 04 AD C2 23 4A C0 4C 00 01 00 01 00 00 00 3F 00 04 AD C2 23 4C C0 25 00 02 00 01 00 01 B8 2D 00 0D 03 6E 73 33 06 67 6F 6F 67 6C 65 C0 37 C0 25 00 02 00 01 00 01 B8 2D 00 06 03 6E 73 34 C0 9D C0 25 00 02 00 01 00 01 B8 2D 00 06 03 6E 73 31 C0 9D C0 25 00 02 00 01 00 01 B8 2D 00 06 03 6E 73 32 C0 9D C0 C4 00 01 00 01 00 04 57 C6 00 04 D8 EF 20 0A C0 D6 00 01 00 01 00 04 57 C6 00 04 D8 EF 22 0A C0 99 00 01 00 01 00 04 57 C6 00 04 D8 EF 24 0A C0 B2 00 01 00 01 00 04 57 C6 00 04 D8 EF 26 0A
45 00 00 3F BA C5 40 00 40 11 B6 09 93 20 53 35 93 20 50 69 48 F8 00 35 00 2B CA 1B 7F 72 01 00 00 01 00 00 00 00 00 00 04 68 65 6C 70 08 65 6C 73 65 76 69 65 72 03 63 6F 6D 00 00 01 00 01
45 00 01 19 EF 40 00 00 40 11 C0 B4 93 20 50 69 93 20 53 35 00 35 48 F8 01 05 23 77 7F 72 81 80 00 01 00 02 00 04 00 04 04 68 65 6C 70 08 65 6C 73 65 76 69 65 72 03 63 6F 6D 00 00 01 00 01 C0 0C 00 05 00 01 00 00 0B 91 00 15 09 65 6C 73 65 76 69 65 72 36 08 63 75 73 74 68 65 6C 70 C0 1A C0 2F 00 01 00 01 00 00 03 84 00 04 4A 75 CF F5 C0 39 00 02 00 01 00 00 02 DF 00 18 08 65 64 6E 73 6D 77 30 32 0C 72 69 67 68 74 6E 6F 77 74 65 63 68 C0 1A C0 39 00 02 00 01 00 00 02 DF 00 0B 08 65 64 6E 73 63 61 30 31 C0 69 C0 39 00 02 00 01 00 00 02 DF 00 0B 08 65 64 6E 73 6D 77 30 31 C0 69 C0 39 00 02 00 01 00 00 02 DF 00 0B 08 65 64 6E 73 63 61 30 32 C0 69 C0 84 00 01 00 01 00 00 05 F2 00 04 D8 88 E5 3C C0 B2 00 01 00 01 00 00 05 F2 00 04 D8 88 E5 3D C0 9B 00 01 00 01 00 02 92 69 00 04 4A 75 CB 0D C0 60 00 01 00 01 00 02 92 69 00 04 4A 75 CB 0E
45 00 00 3E BC 99 40 00 40 11 B4 36 93 20 53 35 93 20 50 69 18 E9 00 35 00 2A CA 1A 63 58 01 00 00 01 00 00 00 00 00 00 03 65 65 73 08 65 6C 73 65 76 69 65 72 03 63 6F 6D 00 00 01 00 01
45 00 00 BC EF 52 00 00 40 11 C0 FF 93 20 50 69 93 20 53 35 00 35 18 E9 00 A8 CC BA 63 58 81 80 00 01 00 02 00 02 00 02 03 65 65 73 08 65 6C 73 65 76 69 65 72 03 63 6F 6D 00 00 01 00 01 C0 0C 00 05 00 01 00 00 0B 87 00 0A 07 67 73 73 70 72 6F 64 C0 10 C0 2E 00 01 00 01 00 00 00 05 00 04 91 24 D7 B4 C0 2E 00 02 00 01 00 00 0B 87 00 10 0D 73 65 75 6B 6F 78 66 61 67 73 73 30 31 C0 10 C0 2E 00 02 00 01 00 00 0B 87 00 10 0D 73 65 75 6B 72 65 61 61 67 73 73 30 31 C0 10 C0 54 00 01 00 01 00 00 0B 87 00 04 91 24 D6 A4 C0 70 00 01 00 01 00 00 0B 87 00 04 91 24 1E 78
45 00 00 3E BD 35 40 00 40 11 B3 9A 93 20 53 35 93 20 50 69 0D 53 00 35 00 2A CA 1A EE 43 01 00 00 01 00 00 00 00 00 00 03 63 64 6E 08 65 6C 73 65 76 69 65 72 03 63 6F 6D 00 00 01 00 01
45 00 00 46 BD 35 40 00 40 11 B3 92 93 20 53 35 93 20 50 69 4A B3 00 35 00 32 CA 22 F3 1F 01 00 00 01 00 00 00 00 00 00 03 77 77 77 10 67 6F 6F 67 6C 65 2D 61 6E 61 6C 79 74 69 63 73 03 63 6F 6D 00 00 01 00 01
45 00 01 EA EF 62 00 00 40 11 BF C1 93 20 50 69 93 20 53 35 00 35 4A B3 01 D6 36 13 F3 1F 81 80 00 01 00 10 00 04 00 04 03 77 77 77 10 67 6F 6F 67 6C 65 2D 61 6E 61 6C 79 74 69 63 73 03 63 6F 6D 00 00 01 00 01 C0 0C 00 05 00 01 00 00 F0 96 00 20 14 77 77 77 2D 67 6F 6F 67 6C 65 2D 61 6E 61 6C 79 74 69 63 73 01 6C 06 67 6F 6F 67 6C 65 C0 21 C0 36 00 01 00 01 00 00 00 D9 00 04 C3 71 D6 EA C0 36 00 01 00 01 00 00 00 D9 00 04 C3 71 D6 F1 C0 36 00 01 00 01 00 00 00 D9 00 04 C3 71 D6 DD C0 36 00 01 00 01 00 00 00 D9 00 04 C3 71 D6 ED C0 36 00 01 00 01 00 00 00 D9 00 04 C3 71 D6 F9 C0 36 00 01 00 01 00 00 00 D9 00 04 C3 71 D6 D7 C0 36 00 01 00 01 00 00 00 D9 00 04 C3 71 D6 CF C0 36 00 01 00 01 00 00 00 D9 00 04 C3 71 D6 D3 C0 36 00 01 00 01 00 00 00 D9 00 04 C3 71 D6 FB C0 36 00 01 00 01 00 00 00 D9 00 04 C3 71 D6 DE C0 36 00 01 00 01 00 00 00 D9 00 04 C3 71 D6 EC C0 36 00 01 00 01 00 00 00 D9 00 04 C3 71 D6 F5 C0 36 00 01 00 01 00 00 00 D9 00 04 C3 71 D6 E6 C0 36 00 01 00 01 00 00 00 D9 00 04 C3 71 D6 E2 C0 36 00 01 00 01 00 00 00 D9 00 04 C3 71 D6 DB C0 4D 00 02 00 01 00 01 B4 72 00 06 03 6E 73 33 C0 4D C0 4D 00 02 00 01 00 01 B4 72 00 06 03 6E 73 32 C0 4D C0 4D 00 02 00 01 00 01 B4 72 00 06 03 6E 73 34 C0 4D C0 4D 00 02 00 01 00 01 B4 72 00 06 03 6E 73 31 C0 4D C1 88 00 01 00 01 00 04 57 72 00 04 D8 EF 20 0A C1 64 00 01 00 01 00 04 57 72 00 04 D8 EF 22 0A C1 52 00 01 00 01 00 04 57 72 00 04 D8 EF 24 0A C1 76 00 01 00 01 00 04 57 72 00 04 D8 EF 26 0A
45 00 01 AA EF 65 00 00 40 11 BF FE 93 20 50 69 93 20 53 35 00 35 0D 53 01 96 0D 3C EE 43 81 80 00 01 00 02 00 06 00 09 03 63 64 6E 08 65 6C 73 65 76 69 65 72 03 63 6F 6D 00 00 01 00 01 C0 0C 00 05 00 01 00 00 0B 86 00 22 0B 65 6C 73 65 76 69 65 72 63 64 6E 08 73 71 75 69 7A 6C 74 64 0A 6E 65 74 64 6E 61 2D 63 64 6E C0 19 C0 2E 00 01 00 01 00 00 01 2C 00 04 6C A1 BD 03 C0 43 00 02 00 01 00 01 01 93 00 14 03 6E 73 33 03 70 31 35 06 64 79 6E 65 63 74 03 6E 65 74 00 C0 43 00 02 00 01 00 01 01 93 00 06 03 6E 73 32 C0 70 C0 43 00 02 00 01 00 01 01 93 00 06 03 6E 73 33 C0 43 C0 43 00 02 00 01 00 01 01 93 00 06 03 6E 73 31 C0 43 C0 43 00 02 00 01 00 01 01 93 00 06 03 6E 73 32 C0 43 C0 43 00 02 00 01 00 01 01 93 00 06 03 6E 73 31 C0 70 C0 D4 00 01 00 01 00 00 FC 6F 00 04 D0 4E 46 0F C0 B0 00 01 00 01 00 02 53 13 00 04 D0 5E 94 0D C0 B0 00 1C 00 01 00 02 53 13 00 10 26 00 18 00 00 05 00 00 00 00 00 00 00 00 00 01 C0 8C 00 01 00 01 00 00 FC 6F 00 04 CC 0D FA 0F C0 C2 00 01 00 01 00 02 53 13 00 04 D0 50 7C 0D C0 C2 00 1C 00 01 00 01 01 93 00 10 26 00 18 01 00 06 00 00 00 00 00 00 00 00 00 01 C0 6C 00 01 00 01 00 00 FC 6F 00 04 D0 4E 47 0F C0 9E 00 01 00 01 00 02 53 13 00 04 D0 50 7E 0D C0 9E 00 1C 00 01 00 02 53 13 00 10 26 00 18 02 00 07 00 00 00 00 00 00 00 00 00 01
45 00 00 44 DA 75 40 00 40 11 96 54 93 20 53 35 93 20 50 69 5C C6 00 35 00 30 CA 20 C0 0A 01 00 00 01 00 00 00 00 00 00 09 65 6C 73 65 76 69 65 72 36 08 63 75 73 74 68 65 6C 70 03 63 6F 6D 00 00 01 00 01
45 00 00 FD F1 39 00 00 40 11 BE D7 93 20 50 69 93 20 53 35 00 35 5C C6 00 E9 F3 2E C0 0A 81 80 00 01 00 01 00 04 00 04 09 65 6C 73 65 76 69 65 72 36 08 63 75 73 74 68 65 6C 70 03 63 6F 6D 00 00 01 00 01 C0 0C 00 01 00 01 00 00 03 64 00 04 4A 75 CF F5 C0 16 00 02 00 01 00 00 02 BF 00 18 08 65 64 6E 73 6D 77 30 31 0C 72 69 67 68 74 6E 6F 77 74 65 63 68 C0 1F C0 16 00 02 00 01 00 00 02 BF 00 0B 08 65 64 6E 73 63 61 30 32 C0 4D C0 16 00 02 00 01 00 00 02 BF 00 0B 08 65 64 6E 73 63 61 30 31 C0 4D C0 16 00 02 00 01 00 00 02 BF 00 0B 08 65 64 6E 73 6D 77 30 32 C0 4D C0 7F 00 01 00 01 00 00 05 D2 00 04 D8 88 E5 3C C0 68 00 01 00 01 00 00 05 D2 00 04 D8 88 E5 3D C0 44 00 01 00 01 00 02 92 49 00 04 4A 75 CB 0D C0 96 00 01 00 01 00 02 92 49 00 04 4A 75 CB 0E
45 00 00 3C DD 50 40 00 40 11 93 81 93 20 53 35 93 20 50 69 E5 EF 00 35 00 28 CA 18 2A 64 01 00 00 01 00 00 00 00 00 00 07 73 6D 2D 70 72 6F 64 03 61 6E 79 02 64 6F 00 00 01 00 01
45 00 01 DD F1 6A 00 00 40 11 BD C6 93 20 50 69 93 20 53 35 00 35 E5 EF 01 C9 B3 0D 2A 64 81 80 00 01 00 03 00 08 00 08 07 73 6D 2D 70 72 6F 64 03 61 6E 79 02 64 6F 00 00 01 00 01 C0 0C 00 05 00 01 00 00 31 38 00 1E 07 73 6D 2D 70 72 6F 64 10 65 6C 61 73 74 69 63 62 65 61 6E 73 74 61 6C 6B 03 63 6F 6D 00 C0 2C 00 05 00 01 00 00 00 3C 00 33 18 61 77 73 65 62 2D 73 6D 2D 70 72 6F 64 33 2D 37 38 33 30 34 30 38 35 37 09 75 73 2D 65 61 73 74 2D 31 03 65 6C 62 09 61 6D 61 7A 6F 6E 61 77 73 C0 45 C0 56 00 01 00 01 00 00 00 3C 00 04 36 F3 98 ED C0 56 00 02 00 01 00 00 07 08 00 09 06 6E 73 2D 39 34 31 C0 7D C0 56 00 02 00 01 00 00 07 08 00 09 06 6E 73 2D 39 33 35 C0 7D C0 56 00 02 00 01 00 00 07 08 00 09 06 6E 73 2D 39 34 34 C0 7D C0 56 00 02 00 01 00 00 07 08 00 09 06 6E 73 2D 39 33 34 C0 7D C0 56 00 02 00 01 00 00 07 08 00 09 06 6E 73 2D 39 32 37 C0 7D C0 56 00 02 00 01 00 00 07 08 00 09 06 6E 73 2D 39 34 37 C0 7D C0 56 00 02 00 01 00 00 07 08 00 09 06 6E 73 2D 39 32 35 C0 7D C0 56 00 02 00 01 00 00 07 08 00 09 06 6E 73 2D 39 31 36 C0 7D C1 38 00 01 00 01 00 00 03 84 00 04 CF AB B2 07 C1 23 00 01 00 01 00 00 02 58 00 04 48 15 D0 D5 C0 F9 00 01 00 01 00 00 02 58 00 04 48 15 CC D1 C0 E4 00 01 00 01 00 00 02 58 00 04 57 EE 54 D7 C0 BA 00 01 00 01 00 00 02 58 00 04 57 EE 50 D5 C0 A5 00 01 00 01 00 00 28 9D 00 04 CC F6 A0 05 C0 CF 00 01 00 01 00 00 22 68 00 04 CD FB E4 06 C1 0E 00 01 00 01 00 00 02 58 00 04 CC F6 A2 0A
45 00 00 3E E0 42 40 00 40 11 90 8D 93 20 53 35 93 20 50 69 FE 92 00 35 00 2A CA 1A 86 2B 01 00 00 01 00 00 00 00 00 00 03 77 77 77 08 72 6E 65 6E 67 61 67 65 03 63 6F 6D 00 00 01 00 01
45 00 01 29 F1 DF 00 00 40 11 BE 05 93 20 50 69 93 20 53 35 00 35 FE 92 01 15 85 25 86 2B 81 80 00 01 00 03 00 04 00 04 03 77 77 77 08 72 6E 65 6E 67 61 67 65 03 63 6F 6D 00 00 01 00 01 C0 0C 00 05 00 01 00 01 40 CD 00 0D 0A 76 69 70 61 63 73 67 62 30 31 C0 10 C0 2E 00 05 00 01 00 00 00 78 00 1A 0A 76 69 70 61 63 73 67 62 30 31 0C 72 69 67 68 74 6E 6F 77 74 65 63 68 C0 19 C0 47 00 01 00 01 00 00 0E 10 00 04 D0 48 5A 98 C0 52 00 02 00 01 00 00 05 CC 00 0B 08 65 64 6E 73 63 61 30 32 C0 52 C0 52 00 02 00 01 00 00 05 CC 00 0B 08 65 64 6E 73 6D 77 30 32 C0 52 C0 52 00 02 00 01 00 00 05 CC 00 0B 08 65 64 6E 73 6D 77 30 31 C0 52 C0 52 00 02 00 01 00 00 05 CC 00 0B 08 65 64 6E 73 63 61 30 31 C0 52 C0 C2 00 01 00 01 00 00 05 CC 00 04 D8 88 E5 3C C0 7D 00 01 00 01 00 00 05 CC 00 04 D8 88 E5 3D C0 AB 00 01 00 01 00 02 92 43 00 04 4A 75 CB 0D C0 94 00 01 00 01 00 02 92 43 00 04 4A 75 CB 0E
45 00 00 3D F1 20 40 00 40 11 7F B0 93 20 53 35 93 20 50 69 47 8A 00 35 00 29 CA 19 AA 09 01 00 00 01 00 00 00 00 00 00 03 77 77 77 08 76 61 73 65 6C 69 67 61 02 63 7A 00 00 01 00 01
45 00 00 3D F1 20 40 00 40 11 7F B0 93 20 53 35 93 20 50 69 86 3C 00 35 00 29 CA 19 B7 4F 01 00 00 01 00 00 00 00 00 00 04 6D 61 70 73 06 67 6F 6F 67 6C 65 03 63 6F 6D 00 00 01 00 01
45 00 00 42 F1 20 40 00 40 11 7F AB 93 20 53 35 93 20 50 69 28 43 00 35 00 2E CA 1E 45 C2 01 00 00 01 00 00 00 00 00 00 06 73 74 61 74 69 63 03 77 77 77 06 76 73 6C 69 67 61 02 63 7A 00 00 01 00 01
45 00 00 3E F1 20 40 00 40 11 7F AF 93 20 53 35 93 20 50 69 29 44 00 35 00 2A CA 1A 5E 4B 01 00 00 01 00 00 00 00 00 00 03 77 77 77 08 66 61 63 65 62 6F 6F 6B 03 63 6F 6D 00 00 01 00 01
45 00 00 A9 F2 96 00 00 40 11 BD CE 93 20 50 69 93 20 53 35 00 35 29 44 00 95 02 49 5E 4B 81 80 00 01 00 02 00 02 00 02 03 77 77 77 08 66 61 63 65 62 6F 6F 6B 03 63 6F 6D 00 00 01 00 01 C0 0C 00 05 00 01 00 00 02 35 00 0C 04 73 74 61 72 04 63 31 30 72 C0 10 C0 2E 00 01 00 01 00 00 00 0A 00 04 AD FC 64 1B C0 33 00 02 00 01 00 01 B4 AF 00 07 01 62 02 6E 73 C0 33 C0 33 00 02 00 01 00 01 B4 AF 00 04 01 61 C0 58 C0 69 00 01 00 01 00 01 B4 AF 00 04 45 AB EF 0B C0 56 00 01 00 01 00 01 B4 AF 00 04 45 AB FF 0B
45 00 00 3D F1 20 40 00 40 11 7F B0 93 20 53 35 93 20 50 69 09 DB 00 35 00 29 CA 19 47 02 01 00 00 01 00 00 00 00 00 00 03 77 77 77 07 79 6F 75 74 75 62 65 03 63 6F 6D 00 00 01 00 01
45 00 00 41 F1 20 40 00 40 11 7F AC 93 20 53 35 93 20 50 69 93 22 00 35 00 2D CA 1D AE DD 01 00 00 01 00 00 00 00 00 00 08 61 63 63 6F 75 6E 74 73 06 67 6F 6F 67 6C 65 03 63 6F 6D 00 00 01 00 01
45 00 01 D7 F2 97 00 00 40 11 BC 9F 93 20 50 69 93 20 53 35 00 35 09 DB 01 C3 30 F4 47 02 81 80 00 01 00 10 00 04 00 04 03 77 77 77 07 79 6F 75 74 75 62 65 03 63 6F 6D 00 00 01 00 01 C0 0C 00 05 00 01 00 00 F0 15 00 16 0A 79 6F 75 74 75 62 65 2D 75 69 01 6C 06 67 6F 6F 67 6C 65 C0 18 C0 2D 00 01 00 01 00 00 00 CD 00 04 C3 71 D6 EC C0 2D 00 01 00 01 00 00 00 CD 00 04 C3 71 D6 F1 C0 2D 00 01 00 01 00 00 00 CD 00 04 C3 71 D6 D3 C0 2D 00 01 00 01 00 00 00 CD 00 04 C3 71 D6 E6 C0 2D 00 01 00 01 00 00 00 CD 00 04 C3 71 D6 DB C0 2D 00 01 00 01 00 00 00 CD 00 04 C3 71 D6 D7 C0 2D 00 01 00 01 00 00 00 CD 00 04 C3 71 D6 EA C0 2D 00 01 00 01 00 00 00 CD 00 04 C3 71 D6 FB C0 2D 00 01 00 01 00 00 00 CD 00 04 C3 71 D6 DD C0 2D 00 01 00 01 00 00 00 CD 00 04 C3 71 D6 CF C0 2D 00 01 00 01 00 00 00 CD 00 04 C3 71 D6 F5 C0 2D 00 01 00 01 00 00 00 CD 00 04 C3 71 D6 F9 C0 2D 00 01 00 01 00 00 00 CD 00 04 C3 71 D6 DE C0 2D 00 01 00 01 00 00 00 CD 00 04 C3 71 D6 E2 C0 2D 00 01 00 01 00 00 00 CD 00 04 C3 71 D6 ED C0 3A 00 02 00 01 00 01 B4 3C 00 06 03 6E 73 34 C0 3A C0 3A 00 02 00 01 00 01 B4 3C 00 06 03 6E 73 32 C0 3A C0 3A 00 02 00 01 00 01 B4 3C 00 06 03 6E 73 33 C0 3A C0 3A 00 02 00 01 00 01 B4 3C 00 06 03 6E 73 31 C0 3A C1 75 00 01 00 01 00 04 57 3C 00 04 D8 EF 20 0A C1 51 00 01 00 01 00 04 57 3C 00 04 D8 EF 22 0A C1 63 00 01 00 01 00 04 57 3C 00 04 D8 EF 24 0A C1 3F 00 01 00 01 00 04 57 3C 00 04 D8 EF 26 0A
45 00 00 3D F1 20 40 00 40 11 7F B0 93 20 53 35 93 20 50 69 44 54 00 35 00 29 CA 19 9F 25 01 00 00 01 00 00 00 00 00 00 03 73 73 6C 07 67 73 74 61 74 69 63 03 63 6F 6D 00 00 01 00 01
45 00 00 F2 F2 99 00 00 40 11 BD 82 93 20 50 69 93 20 53 35 00 35 93 22 00 DE 39 15 AE DD 81 80 00 01 00 02 00 04 00 04 08 61 63 63 6F 75 6E 74 73 06 67 6F 6F 67 6C 65 03 63 6F 6D 00 00 01 00 01 C0 0C 00 05 00 01 00 08 4F 7A 00 0D 08 61 63 63 6F 75 6E 74 73 01 6C C0 15 C0 31 00 01 00 01 00 00 00 FA 00 04 AD C2 46 54 C0 15 00 02 00 01 00 01 B4 3C 00 06 03 6E 73 34 C0 15 C0 15 00 02 00 01 00 01 B4 3C 00 06 03 6E 73 31 C0 15 C0 15 00 02 00 01 00 01 B4 3C 00 06 03 6E 73 32 C0 15 C0 15 00 02 00 01 00 01 B4 3C 00 06 03 6E 73 33 C0 15 C0 6C 00 01 00 01 00 04 57 3C 00 04 D8 EF 20 0A C0 7E 00 01 00 01 00 04 57 3C 00 04 D8 EF 22 0A C0 90 00 01 00 01 00 04 57 3C 00 04 D8 EF 24 0A C0 5A 00 01 00 01 00 04 57 3C 00 04 D8 EF 26 0A
45 00 00 DC F2 9B 00 00 40 11 BD 96 93 20 50 69 93 20 53 35 00 35 44 54 00 C8 76 E1 9F 25 81 80 00 01 00 01 00 04 00 04 03 73 73 6C 07 67 73 74 61 74 69 63 03 63 6F 6D 00 00 01 00 01 C0 0C 00 01 00 01 00 00 00 B1 00 04 AD C2 23 4F C0 10 00 02 00 01 00 01 B4 3C 00 0D 03 6E 73 31 06 67 6F 6F 67 6C 65 C0 18 C0 10 00 02 00 01 00 01 B4 3C 00 06 03 6E 73 33 C0 41 C0 10 00 02 00 01 00 01 B4 3C 00 06 03 6E 73 32 C0 41 C0 10 00 02 00 01 00 01 B4 3C 00 06 03 6E 73 34 C0 41 C0 3D 00 01 00 01 00 04 57 3C 00 04 D8 EF 20 0A C0 68 00 01 00 01 00 04 57 3C 00 04 D8 EF 22 0A C0 56 00 01 00 01 00 04 57 3C 00 04 D8 EF 24 0A C0 7A 00 01 00 01 00 04 57 3C 00 04 D8 EF 26 0A
45 00 00 FB F2 9F 00 00 40 11 BD 73 93 20 50 69 93 20 53 35 00 35 28 43 00 E7 7A 04 45 C2 81 80 00 01 00 02 00 02 00 04 06 73 74 61 74 69 63 03 77 77 77 06 76 73 6C 69 67 61 02 63 7A 00 00 01 00 01 C0 0C 00 05 00 01 00 00 07 08 00 12 07 73 74 61 74 69 63 32 07 74 6F 76 61 72 6E 61 C0 1E C0 32 00 01 00 01 00 00 01 68 00 04 5E 7C 69 18 C0 3A 00 02 00 01 00 00 01 68 00 0C 03 6E 73 32 05 69 67 6E 75 6D C0 1E C0 3A 00 02 00 01 00 00 01 68 00 0F 03 6E 73 31 05 69 67 6E 75 6D 03 63 6F 6D 00 C0 78 00 01 00 01 00 02 4A 26 00 04 C3 E2 D9 05 C0 78 00 1C 00 01 00 02 4A 26 00 10 20 01 06 7C 02 78 00 00 00 00 00 00 00 00 0D 45 C0 60 00 01 00 01 00 00 0D 32 00 04 D9 1F 30 C9 C0 60 00 1C 00 01 00 00 0D 32 00 10 20 01 1A B0 7E 1E 00 02 00 00 00 00 00 00 00 05
45 00 00 D8 F2 A0 00 00 40 11 BD 95 93 20 50 69 93 20 53 35 00 35 47 8A 00 C4 B4 2E AA 09 81 80 00 01 00 02 00 03 00 03 03 77 77 77 08 76 61 73 65 6C 69 67 61 02 63 7A 00 00 01 00 01 C0 0C 00 05 00 01 00 00 07 08 00 02 C0 10 C0 10 00 01 00 01 00 00 07 08 00 04 5E 7C 69 17 C0 10 00 02 00 01 00 00 0E 10 00 0C 02 6E 73 06 66 6F 72 70 73 69 C0 19 C0 10 00 02 00 01 00 00 0E 10 00 0E 02 6E 73 06 66 6F 72 70 73 69 02 69 74 00 C0 10 00 02 00 01 00 00 0E 10 00 0F 02 6E 73 06 66 6F 72 70 73 69 03 6E 65 74 00 C0 4B 00 01 00 01 00 00 28 17 00 04 51 02 D1 B9 C0 63 00 01 00 01 00 00 06 B2 00 04 3E 95 E6 57 C0 7D 00 01 00 01 00 01 B4 40 00 04 51 02 C2 82
45 00 01 CA F2 A1 00 00 40 11 BC A2 93 20 50 69 93 20 53 35 00 35 86 3C 01 B6 D5 39 B7 4F 81 80 00 01 00 10 00 04 00 04 04 6D 61 70 73 06 67 6F 6F 67 6C 65 03 63 6F 6D 00 00 01 00 01 C0 0C 00 05 00 01 00 08 DA EB 00 09 04 6D 61 70 73 01 6C C0 11 C0 2D 00 01 00 01 00 00 01 2C 00 04 C3 71 D6 D3 C0 2D 00 01 00 01 00 00 01 2C 00 04 C3 71 D6 DB C0 2D 00 01 00 01 00 00 01 2C 00 04 C3 71 D6 F5 C0 2D 00 01 00 01 00 00 01 2C 00 04 C3 71 D6 F9 C0 2D 00 01 00 01 00 00 01 2C 00 04 C3 71 D6 E2 C0 2D 00 01 00 01 00 00 01 2C 00 04 C3 71 D6 D7 C0 2D 00 01 00 01 00 00 01 2C 00 04 C3 71 D6 F1 C0 2D 00 01 00 01 00 00 01 2C 00 04 C3 71 D6 CF C0 2D 00 01 00 01 00 00 01 2C 00 04 C3 71 D6 EA C0 2D 00 01 00 01 00 00 01 2C 00 04 C3 71 D6 DE C0 2D 00 01 00 01 00 00 01 2C 00 04 C3 71 D6 DD C0 2D 00 01 00 01 00 00 01 2C 00 04 C3 71 D6 ED C0 2D 00 01 00 01 00 00 01 2C 00 04 C3 71 D6 E6 C0 2D 00 01 00 01 00 00 01 2C 00 04 C3 71 D6 FB C0 2D 00 01 00 01 00 00 01 2C 00 04 C3 71 D6 EC C0 11 00 02 00 01 00 01 B4 3C 00 06 03 6E 73 32 C0 11 C0 11 00 02 00 01 00 01 B4 3C 00 06 03 6E 73 31 C0 11 C0 11 00 02 00 01 00 01 B4 3C 00 06 03 6E 73 33 C0 11 C0 11 00 02 00 01 00 01 B4 3C 00 06 03 6E 73 34 C0 11 C1 44 00 01 00 01 00 04 57 3C 00 04 D8 EF 20 0A C1 32 00 01 00 01 00 04 57 3C 00 04 D8 EF 22 0A C1 56 00 01 00 01 00 04 57 3C 00 04 D8 EF 24 0A C1 68 00 01 00 01 00 04 57 3C 00 04 D8 EF 26 0A
45 00 00 3A F2 C0 40 00 40 11 7E 13 93 20 53 35 93 20 50 69 88 F9 00 35 00 26 CA 16 B7 B1 01 00 00 01 00 00 00 00 00 00 02 69 31 05 79 74 69 6D 67 03 63 6F 6D 00 00 01 00 01
45 00 00 43 F2 C0 40 00 40 11 7E 0A 93 20 53 35 93 20 50 69 2C B3 00 35 00 2F CA 1F 54 2A 01 00 00 01 00 00 00 00 00 00 09 64 65 76 65 6C 6F 70 65 72 07 61 6E 64 72 6F 69 64 03 63 6F 6D 00 00 01 00 01
45 00 01 D7 F2 C6 00 00 40 11 BC 70 93 20 50 69 93 20 53 35 00 35 2C B3 01 C3 D2 07 54 2A 81 80 00 01 00 10 00 04 00 04 09 64 65 76 65 6C 6F 70 65 72 07 61 6E 64 72 6F 69 64 03 63 6F 6D 00 00 01 00 01 C0 0C 00 05 00 01 00 00 0B C3 00 10 04 77 77 77 33 01 6C 06 67 6F 6F 67 6C 65 C0 1E C0 33 00 01 00 01 00 00 00 9F 00 04 C3 71 D6 D7 C0 33 00 01 00 01 00 00 00 9F 00 04 C3 71 D6 DE C0 33 00 01 00 01 00 00 00 9F 00 04 C3 71 D6 CF C0 33 00 01 00 01 00 00 00 9F 00 04 C3 71 D6 E6 C0 33 00 01 00 01 00 00 00 9F 00 04 C3 71 D6 ED C0 33 00 01 00 01 00 00 00 9F 00 04 C3 71 D6 EA C0 33 00 01 00 01 00 00 00 9F 00 04 C3 71 D6 E2 C0 33 00 01 00 01 00 00 00 9F 00 04 C3 71 D6 EC C0 33 00 01 00 01 00 00 00 9F 00 04 C3 71 D6 FB C0 33 00 01 00 01 00 00 00 9F 00 04 C3 71 D6 F9 C0 33 00 01 00 01 00 00 00 9F 00 04 C3 71 D6 F5 C0 33 00 01 00 01 00 00 00 9F 00 04 C3 71 D6 DD C0 33 00 01 00 01 00 00 00 9F 00 04 C3 71 D6 DB C0 33 00 01 00 01 00 00 00 9F 00 04 C3 71 D6 D3 C0 33 00 01 00 01 00 00 00 9F 00 04 C3 71 D6 F1 C0 3A 00 02 00 01 00 01 B4 3B 00 06 03 6E 73 32 C0 3A C0 3A 00 02 00 01 00 01 B4 3B 00 06 03 6E 73 34 C0 3A C0 3A 00 02 00 01 00 01 B4 3B 00 06 03 6E 73 31 C0 3A C0 3A 00 02 00 01 00 01 B4 3B 00 06 03 6E 73 33 C0 3A C1 63 00 01 00 01 00 04 57 3B 00 04 D8 EF 20 0A C1 3F 00 01 00 01 00 04 57 3B 00 04 D8 EF 22 0A C1 75 00 01 00 01 00 04 57 3B 00 04 D8 EF 24 0A C1 51 00 01 00 01 00 04 57 3B 00 04 D8 EF 26 0A
45 00 01 CF F2 C7 00 00 40 11 BC 77 93 20 50 69 93 20 53 35 00 35 88 F9 01 BB 03 93 B7 B1 81 80 00 01 00 10 00 04 00 04 02 69 31 05 79 74 69 6D 67 03 63 6F 6D 00 00 01 00 01 C0 0C 00 05 00 01 00 00 0A 8B 00 11 05 79 74 69 6D 67 01 6C 06 67 6F 6F 67 6C 65 C0 15 C0 2A 00 01 00 01 00 00 01 2C 00 04 C3 71 D6 E6 C0 2A 00 01 00 01 00 00 01 2C 00 04 C3 71 D6 D7 C0 2A 00 01 00 01 00 00 01 2C 00 04 C3 71 D6 EA C0 2A 00 01 00 01 00 00 01 2C 00 04 C3 71 D6 E2 C0 2A 00 01 00 01 00 00 01 2C 00 04 C3 71 D6 F1 C0 2A 00 01 00 01 00 00 01 2C 00 04 C3 71 D6 DD C0 2A 00 01 00 01 00 00 01 2C 00 04 C3 71 D6 ED C0 2A 00 01 00 01 00 00 01 2C 00 04 C3 71 D6 D3 C0 2A 00 01 00 01 00 00 01 2C 00 04 C3 71 D6 CF C0 2A 00 01 00 01 00 00 01 2C 00 04 C3 71 D6 EC C0 2A 00 01 00 01 00 00 01 2C 00 04 C3 71 D6 DE C0 2A 00 01 00 01 00 00 01 2C 00 04 C3 71 D6 F9 C0 2A 00 01 00 01 00 00 01 2C 00 04 C3 71 D6 F5 C0 2A 00 01 00 01 00 00 01 2C 00 04 C3 71 D6 DB C0 2A 00 01 00 01 00 00 01 2C 00 04 C3 71 D6 FB C0 32 00 02 00 01 00 01 B4 3B 00 06 03 6E 73 32 C0 32 C0 32 00 02 00 01 00 01 B4 3B 00 06 03 6E 73 31 C0 32 C0 32 00 02 00 01 00 01 B4 3B 00 06 03 6E 73 34 C0 32 C0 32 00 02 00 01 00 01 B4 3B 00 06 03 6E 73 33 C0 32 C1 49 00 01 00 01 00 04 57 3B 00 04 D8 EF 20 0A C1 37 00 01 00 01 00 04 57 3B 00 04 D8 EF 22 0A C1 6D 00 01 00 01 00 04 57 3B 00 04 D8 EF 24 0A C1 5B 00 01 00 01 00 04 57 3B 00 04 D8 EF 26 0A
45 00 00 49 F3 19 40 00 40 11 7D AB 93 20 53 35 93 20 50 69 A3 61 00 35 00 35 CA 25 BE 62 01 00 00 01 00 00 00 00 00 00 09 67 6F 6F 67 6C 65 61 64 73 01 67 0B 64 6F 75 62 6C 65 63 6C 69 63 6B 03 6E 65 74 00 00 01 00 01
45 00 00 47 F3 19 40 00 40 11 7D AD 93 20 53 35 93 20 50 69 D0 85 00 35 00 33 CA 23 2D 66 01 00 00 01 00 00 00 00 00 00 03 6C 68 33 11 67 6F 6F 67 6C 65 75 73 65 72 63 6F 6E 74 65 6E 74 03 63 6F 6D 00 00 01 00 01
45 00 01 24 F2 C9 00 00 40 11 BD 20 93 20 50 69 93 20 53 35 00 35 A3 61 01 10 FA AC BE 62 81 80 00 01 00 04 00 04 00 04 09 67 6F 6F 67 6C 65 61 64 73 01 67 0B 64 6F 75 62 6C 65 63 6C 69 63 6B 03 6E 65 74 00 00 01 00 01 C0 0C 00 05 00 01 00 00 00 F8 00 0D 08 70 61 67 65 61 64 34 36 01 6C C0 18 C0 39 00 01 00 01 00 00 00 F8 00 04 AD C2 2C FA C0 39 00 01 00 01 00 00 00 F8 00 04 AD C2 2C F9 C0 39 00 01 00 01 00 00 00 F8 00 04 AD C2 2C ED C0 42 00 02 00 01 00 04 E4 AD 00 10 03 6E 73 34 06 67 6F 6F 67 6C 65 03 63 6F 6D 00 C0 42 00 02 00 01 00 04 E4 AD 00 06 03 6E 73 32 C0 86 C0 42 00 02 00 01 00 04 E4 AD 00 06 03 6E 73 33 C0 86 C0 42 00 02 00 01 00 04 E4 AD 00 06 03 6E 73 31 C0 86 C0 C2 00 01 00 01 00 04 57 3A 00 04 D8 EF 20 0A C0 9E 00 01 00 01 00 04 57 3A 00 04 D8 EF 22 0A C0 B0 00 01 00 01 00 04 57 3A 00 04 D8 EF 24 0A C0 82 00 01 00 01 00 04 57 3A 00 04 D8 EF 26 0A
45 00 01 23 F2 CB 00 00 40 11 BD 1F 93 20 50 69 93 20 53 35 00 35 D0 85 01 0F 3F A9 2D 66 81 80 00 01 00 04 00 04 00 04 03 6C 68 33 11 67 6F 6F 67 6C 65 75 73 65 72 63 6F 6E 74 65 6E 74 03 63 6F 6D 00 00 01 00 01 C0 0C 00 05 00 01 00 00 67 5A 00 11 0C 67 6F 6F 67 6C 65 68 6F 73 74 65 64 01 6C C0 10 C0 37 00 01 00 01 00 00 01 2C 00 04 AD C2 23 4A C0 37 00 01 00 01 00 00 01 2C 00 04 AD C2 23 4B C0 37 00 01 00 01 00 00 01 2C 00 04 AD C2 23 4C C0 10 00 02 00 01 00 01 B7 A1 00 0D 03 6E 73 33 06 67 6F 6F 67 6C 65 C0 22 C0 10 00 02 00 01 00 01 B7 A1 00 06 03 6E 73 32 C0 88 C0 10 00 02 00 01 00 01 B7 A1 00 06 03 6E 73 31 C0 88 C0 10 00 02 00 01 00 01 B7 A1 00 06 03 6E 73 34 C0 88 C0 AF 00 01 00 01 00 04 57 3A 00 04 D8 EF 20 0A C0 9D 00 01 00 01 00 04 57 3A 00 04 D8 EF 22 0A C0 84 00 01 00 01 00 04 57 3A 00 04 D8 EF 24 0A C0 C1 00 01 00 01 00 04 57 3A 00 04 D8 EF 26 0A
45 00 00 3D F3 21 40 00 40 11 7D AF 93 20 53 35 93 20 50 69 62 7E 00 35 00 29 CA 19 46 93 01 00 00 01 00 00 00 00 00 00 04 61 70 69 73 06 67 6F 6F 67 6C 65 03 63 6F 6D 00 00 01 00 01
45 00 00 3F F3 21 40 00 40 11 7D AD 93 20 53 35 93 20 50 69 B4 9B 00 35 00 2B CA 1B 2B 60 01 00 00 01 00 00 00 00 00 00 04 61 70 70 73 08 66 61 63 65 62 6F 6F 6B 03 63 6F 6D 00 00 01 00 01
45 00 00 3D F3 21 40 00 40 11 7D AF 93 20 53 35 93 20 50 69 85 A0 00 35 00 29 CA 19 7B 2F 01 00 00 01 00 00 00 00 00 00 04 70 6C 61 79 06 67 6F 6F 67 6C 65 03 63 6F 6D 00 00 01 00 01
45 00 01 CA F2 CF 00 00 40 11 BC 74 93 20 50 69 93 20 53 35 00 35 62 7E 01 B6 1D 58 46 93 81 80 00 01 00 10 00 04 00 04 04 61 70 69 73 06 67 6F 6F 67 6C 65 03 63 6F 6D 00 00 01 00 01 C0 0C 00 05 00 01 00 08 4F 21 00 09 04 70 6C 75 73 01 6C C0 11 C0 2D 00 01 00 01 00 00 01 2C 00 04 C3 71 D6 D7 C0 2D 00 01 00 01 00 00 01 2C 00 04 C3 71 D6 E2 C0 2D 00 01 00 01 00 00 01 2C 00 04 C3 71 D6 CF C0 2D 00 01 00 01 00 00 01 2C 00 04 C3 71 D6 DD C0 2D 00 01 00 01 00 00 01 2C 00 04 C3 71 D6 F5 C0 2D 00 01 00 01 00 00 01 2C 00 04 C3 71 D6 FB C0 2D 00 01 00 01 00 00 01 2C 00 04 C3 71 D6 EA C0 2D 00 01 00 01 00 00 01 2C 00 04 C3 71 D6 ED C0 2D 00 01 00 01 00 00 01 2C 00 04 C3 71 D6 D3 C0 2D 00 01 00 01 00 00 01 2C 00 04 C3 71 D6 EC C0 2D 00 01 00 01 00 00 01 2C 00 04 C3 71 D6 F1 C0 2D 00 01 00 01 00 00 01 2C 00 04 C3 71 D6 F9 C0 2D 00 01 00 01 00 00 01 2C 00 04 C3 71 D6 DE C0 2D 00 01 00 01 00 00 01 2C 00 04 C3 71 D6 DB C0 2D 00 01 00 01 00 00 01 2C 00 04 C3 71 D6 E6 C0 11 00 02 00 01 00 01 B4 3A 00 06 03 6E 73 31 C0 11 C0 11 00 02 00 01 00 01 B4 3A 00 06 03 6E 73 33 C0 11 C0 11 00 02 00 01 00 01 B4 3A 00 06 03 6E 73 34 C0 11 C0 11 00 02 00 01 00 01 B4 3A 00 06 03 6E 73 32 C0 11 C1 32 00 01 00 01 00 04 57 3A 00 04 D8 EF 20 0A C1 68 00 01 00 01 00 04 57 3A 00 04 D8 EF 22 0A C1 44 00 01 00 01 00 04 57 3A 00 04 D8 EF 24 0A C1 56 00 01 00 01 00 04 57 3A 00 04 D8 EF 26 0A
45 00 01 CA F2 D0 00 00 40 11 BC 73 93 20 50 69 93 20 53 35 00 35 85 A0 01 B6 C0 67 7B 2F 81 80 00 01 00 10 00 04 00 04 04 70 6C 61 79 06 67 6F 6F 67 6C 65 03 63 6F 6D 00 00 01 00 01 C0 0C 00 05 00 01 00 00 01 2C 00 09 04 77 77 77 33 01 6C C0 11 C0 2D 00 01 00 01 00 00 00 9E 00 04 C3 71 D6 EA C0 2D 00 01 00 01 00 00 00 9E 00 04 C3 71 D6 DE C0 2D 00 01 00 01 00 00 00 9E 00 04 C3 71 D6 ED C0 2D 00 01 00 01 00 00 00 9E 00 04 C3 71 D6 DB C0 2D 00 01 00 01 00 00 00 9E 00 04 C3 71 D6 E6 C0 2D 00 01 00 01 00 00 00 9E 00 04 C3 71 D6 F5 C0 2D 00 01 00 01 00 00 00 9E 00 04 C3 71 D6 D7 C0 2D 00 01 00 01 00 00 00 9E 00 04 C3 71 D6 FB C0 2D 00 01 00 01 00 00 00 9E 00 04 C3 71 D6 F9 C0 2D 00 01 00 01 00 00 00 9E 00 04 C3 71 D6 EC C0 2D 00 01 00 01 00 00 00 9E 00 04 C3 71 D6 DD C0 2D 00 01 00 01 00 00 00 9E 00 04 C3 71 D6 E2 C0 2D 00 01 00 01 00 00 00 9E 00 04 C3 71 D6 CF C0 2D 00 01 00 01 00 00 00 9E 00 04 C3 71 D6 F1 C0 2D 00 01 00 01 00 00 00 9E 00 04 C3 71 D6 D3 C0 11 00 02 00 01 00 01 B4 3A 00 06 03 6E 73 32 C0 11 C0 11 00 02 00 01 00 01 B4 3A 00 06 03 6E 73 33 C0 11 C0 11 00 02 00 01 00 01 B4 3A 00 06 03 6E 73 34 C0 11 C0 11 00 02 00 01 00 01 B4 3A 00 06 03 6E 73 31 C0 11 C1 68 00 01 00 01 00 04 57 3A 00 04 D8 EF 20 0A C1 32 00 01 00 01 00 04 57 3A 00 04 D8 EF 22 0A C1 44 00 01 00 01 00 04 57 3A 00 04 D8 EF 24 0A C1 56 00 01 00 01 00 04 57 3A 00 04 D8 EF 26 0A
45 00 00 3D F3 24 40 00 40 11 7D AC 93 20 53 35 93 20 50 69 8E F5 00 35 00 29 CA 19 E4 7F 01 00 00 01 00 00 00 00 00 00 04 70 6C 75 73 06 67 6F 6F 67 6C 65 03 63 6F 6D 00 00 01 00 01
45 00 00 3E F3 24 40 00 40 11 7D AB 93 20 53 35 93 20 50 69 34 B8 00 35 00 2A CA 1A E6 F2 01 00 00 01 00 00 00 00 00 00 03 77 77 77 09 69 74 74 61 6C 65 6E 74 73 02 63 7A 00 00 01 00 01
45 00 01 B5 F2 D1 00 00 40 11 BC 87 93 20 50 69 93 20 53 35 00 35 8E F5 01 A1 51 43 E4 7F 81 80 00 01 00 0F 00 04 00 04 04 70 6C 75 73 06 67 6F 6F 67 6C 65 03 63 6F 6D 00 00 01 00 01 C0 0C 00 01 00 01 00 00 00 45 00 04 C3 71 D6 ED C0 0C 00 01 00 01 00 00 00 45 00 04 C3 71 D6 EC C0 0C 00 01 00 01 00 00 00 45 00 04 C3 71 D6 CF C0 0C 00 01 00 01 00 00 00 45 00 04 C3 71 D6 F5 C0 0C 00 01 00 01 00 00 00 45 00 04 C3 71 D6 F1 C0 0C 00 01 00 01 00 00 00 45 00 04 C3 71 D6 E6 C0 0C 00 01 00 01 00 00 00 45 00 04 C3 71 D6 DB C0 0C 00 01 00 01 00 00 00 45 00 04 C3 71 D6 D7 C0 0C 00 01 00 01 00 00 00 45 00 04 C3 71 D6 F9 C0 0C 00 01 00 01 00 00 00 45 00 04 C3 71 D6 D3 C0 0C 00 01 00 01 00 00 00 45 00 04 C3 71 D6 FB C0 0C 00 01 00 01 00 00 00 45 00 04 C3 71 D6 E2 C0 0C 00 01 00 01 00 00 00 45 00 04 C3 71 D6 EA C0 0C 00 01 00 01 00 00 00 45 00 04 C3 71 D6 DE C0 0C 00 01 00 01 00 00 00 45 00 04 C3 71 D6 DD C0 11 00 02 00 01 00 01 B4 3A 00 06 03 6E 73 33 C0 11 C0 11 00 02 00 01 00 01 B4 3A 00 06 03 6E 73 32 C0 11 C0 11 00 02 00 01 00 01 B4 3A 00 06 03 6E 73 34 C0 11 C0 11 00 02 00 01 00 01 B4 3A 00 06 03 6E 73 31 C0 11 C1 53 00 01 00 01 00 04 57 3A 00 04 D8 EF 20 0A C1 2F 00 01 00 01 00 04 57 3A 00 04 D8 EF 22 0A C1 1D 00 01 00 01 00 04 57 3A 00 04 D8 EF 24 0A C1 41 00 01 00 01 00 04 57 3A 00 04 D8 EF 26 0A
45 00 00 3D F3 24 40 00 40 11 7D AC 93 20 53 35 93 20 50 69 AC 37 00 35 00 29 CA 19 F5 2C 01 00 00 01 00 00 00 00 00 00 03 77 77 77 08 6B 75 72 7A 6F 76 6E 69 02 65 75 00 00 01 00 01
45 00 00 FA F2 DA 00 00 40 11 BD 39 93 20 50 69 93 20 53 35 00 35 34 B8 00 E6 85 07 E6 F2 81 80 00 01 00 01 00 03 00 04 03 77 77 77 09 69 74 74 61 6C 65 6E 74 73 02 63 7A 00 00 01 00 01 C0 0C 00 01 00 01 00 00 0E 10 00 04 B2 4F 8F E8 C0 10 00 02 00 01 00 00 0E 10 00 10 03 6E 73 31 07 72 65 67 7A 6F 6E 65 02 64 65 00 C0 10 00 02 00 01 00 00 0E 10 00 0E 03 6E 73 31 07 72 65 67 7A 6F 6E 65 C0 1A C0 10 00 02 00 01 00 00 0E 10 00 12 03 6E 73 31 07 72 65 67 7A 6F 6E 65 04 69 6E 66 6F 00 C0 5A 00 01 00 01 00 00 41 C4 00 04 D9 C6 71 0A C0 5A 00 1C 00 01 00 00 41 C4 00 10 2A 00 19 A0 00 02 03 00 00 00 00 00 00 00 00 02 C0 3E 00 01 00 01 00 01 51 80 00 04 17 5C 1D 2B C0 3E 00 1C 00 01 00 01 51 80 00 10 26 00 3C 02 00 00 00 00 F0 3C 91 FF FE DB A6 E7
45 00 00 3A F3 26 40 00 40 11 7D AD 93 20 53 35 93 20 50 69 5B 02 00 35 00 26 CA 16 96 EA 01 00 00 01 00 00 00 00 00 00 03 77 77 77 05 6D 75 6E 64 6F 02 63 7A 00 00 01 00 01
45 00 00 AD F2 E0 00 00 40 11 BD 80 93 20 50 69 93 20 53 35 00 35 5B 02 00 99 82 AB 96 EA 81 80 00 01 00 01 00 03 00 03 03 77 77 77 05 6D 75 6E 64 6F 02 63 7A 00 00 01 00 01 C0 0C 00 01 00 01 00 00 0E 10 00 04 51 00 EB 1D C0 10 00 02 00 01 00 00 0E 10 00 07 01 62 02 6E 73 C0 10 C0 10 00 02 00 01 00 00 0E 10 00 04 01 63 C0 3C C0 10 00 02 00 01 00 00 0E 10 00 04 01 61 C0 3C C0 5D 00 01 00 01 00 00 0E 10 00 04 51 00 EB 1C C0 3A 00 01 00 01 00 00 0E 10 00 04 5E 8A 6F 62 C0 4D 00 01 00 01 00 00 0E 10 00 04 59 B9 FD 8E
45 00 00 3D F3 29 40 00 40 11 7D A7 93 20 53 35 93 20 50 69 AE 69 00 35 00 29 CA 19 93 9D 01 00 00 01 00 00 00 00 00 00 03 77 77 77 08 6E 61 64 61 63 65 6A 75 02 63 7A 00 00 01 00 01
45 00 00 FB F2 E5 00 00 40 11 BD 2D 93 20 50 69 93 20 53 35 00 35 AE 69 00 E7 5A 6D 93 9D 81 80 00 01 00 02 00 02 00 04 03 77 77 77 08 6E 61 64 61 63 65 6A 75 02 63 7A 00 00 01 00 01 C0 0C 00 05 00 01 00 01 0C A1 00 1E 0A 75 73 65 72 77 77 77 30 30 31 0D 77 65 62 73 69 74 65 6D 61 73 74 65 72 03 63 6F 6D 00 C0 2D 00 01 00 01 00 00 03 60 00 04 51 00 EB 87 C0 38 00 02 00 01 00 00 03 60 00 0E 03 64 6E 73 07 6E 65 74 68 6F 73 74 C0 19 C0 38 00 02 00 01 00 00 03 60 00 06 03 73 6E 73 C0 6B C0 67 00 01 00 01 00 00 3E A3 00 04 51 00 EB 01 C0 67 00 1C 00 01 00 00 3E A3 00 10 20 01 15 28 01 32 00 00 00 00 00 00 00 00 00 60 C0 81 00 01 00 01 00 00 3E A3 00 04 5E 8A 6F 62 C0 81 00 1C 00 01 00 00 3E A3 00 10 2A 02 0D A8 00 01 00 01 00 01 02 00 00 00 00 21
45 00 00 40 F3 2A 40 00 40 11 7D A3 93 20 53 35 93 20 50 69 EA 47 00 35 00 2C CA 1C 85 01 01 00 00 01 00 00 00 00 00 00 03 77 77 77 0A 70 65 74 72 6B 6F 75 6B 61 6C 03 63 6F 6D 00 00 01 00 01
45 00 00 AD F2 FD 00 00 40 11 BD 63 93 20 50 69 93 20 53 35 00 35 EA 47 00 99 57 6F 85 01 81 80 00 01 00 02 00 02 00 02 03 77 77 77 0A 70 65 74 72 6B 6F 75 6B 61 6C 03 63 6F 6D 00 00 01 00 01 C0 0C 00 05 00 01 00 00 1C 20 00 0C 04 70 68 70 35 02 69 6F 02 63 7A 00 C0 30 00 01 00 01 00 00 1C 20 00 04 50 4F 1D 53 C0 35 00 02 00 01 00 00 01 71 00 08 02 6E 73 02 76 75 C0 38 C0 35 00 02 00 01 00 00 01 71 00 05 02 6E 73 C0 35 C0 6C 00 01 00 01 00 00 01 71 00 04 59 FA F6 DF C0 58 00 01 00 01 00 00 01 71 00 04 50 4F 1D 12
45 00 00 3C F3 2C 40 00 40 11 7D A5 93 20 53 35 93 20 50 69 84 D8 00 35 00 28 CA 18 07 8D 01 00 00 01 00 00 00 00 00 00 03 77 77 77 07 74 6F 76 61 72 6E 61 02 63 7A 00 00 01 00 01
45 00 00 E5 F3 04 00 00 40 11 BD 24 93 20 50 69 93 20 53 35 00 35 84 D8 00 D1 76 3B 07 8D 81 80 00 01 00 02 00 02 00 04 03 77 77 77 07 74 6F 76 61 72 6E 61 02 63 7A 00 00 01 00 01 C0 0C 00 05 00 01 00 00 01 68 00 02 C0 10 C0 10 00 01 00 01 00 00 01 68 00 04 5E 7C 69 14 C0 10 00 02 00 01 00 00 01 66 00 0F 03 6E 73 31 05 69 67 6E 75 6D 03 63 6F 6D 00 C0 10 00 02 00 01 00 00 01 66 00 0C 03 6E 73 32 05 69 67 6E 75 6D C0 18 C0 4A 00 01 00 01 00 02 4A 24 00 04 C3 E2 D9 05 C0 4A 00 1C 00 01 00 02 4A 24 00 10 20 01 06 7C 02 78 00 00 00 00 00 00 00 00 0D 45 C0 65 00 01 00 01 00 00 0D 30 00 04 D9 1F 30 C9 C0 65 00 1C 00 01 00 00 0D 30 00 10 20 01 1A B0 7E 1E 00 02 00 00 00 00 00 00 00 05
45 00 00 3B F3 2C 40 00 40 11 7D A6 93 20 53 35 93 20 50 69 47 48 00 35 00 27 CA 17 82 DD 01 00 00 01 00 00 00 00 00 00 03 77 77 77 06 76 73 6C 69 67 61 02 63 7A 00 00 01 00 01
45 00 00 D6 F3 07 00 00 40 11 BD 30 93 20 50 69 93 20 53 35 00 35 47 48 00 C2 85 CC 82 DD 81 80 00 01 00 02 00 03 00 03 03 77 77 77 06 76 73 6C 69 67 61 02 63 7A 00 00 01 00 01 C0 0C 00 05 00 01 00 00 07 08 00 02 C0 10 C0 10 00 01 00 01 00 00 07 08 00 04 5E 7C 69 17 C0 10 00 02 00 01 00 00 0E 10 00 0C 02 6E 73 06 66 6F 72 70 73 69 C0 17 C0 10 00 02 00 01 00 00 0E 10 00 0F 02 6E 73 06 66 6F 72 70 73 69 03 6E 65 74 00 C0 10 00 02 00 01 00 00 0E 10 00 0E 02 6E 73 06 66 6F 72 70 73 69 02 69 74 00 C0 49 00 01 00 01 00 00 28 15 00 04 51 02 D1 B9 C0 7C 00 01 00 01 00 00 06 B0 00 04 3E 95 E6 57 C0 61 00 01 00 01 00 01 B4 3E 00 04 51 02 C2 82
45 00 00 3D F3 2F 40 00 40 11 7D A1 93 20 53 35 93 20 50 69 26 01 00 35 00 29 CA 19 5F 2F 01 00 00 01 00 00 00 00 00 00 03 77 77 77 08 77 65 62 72 65 64 69 65 02 63 7A 00 00 01 00 01
45 00 00 E6 F3 0C 00 00 40 11 BD 1B 93 20 50 69 93 20 53 35 00 35 26 01 00 D2 F9 A1 5F 2F 81 80 00 01 00 02 00 02 00 04 03 77 77 77 08 77 65 62 72 65 64 69 65 02 63 7A 00 00 01 00 01 C0 0C 00 05 00 01 00 00 01 68 00 02 C0 10 C0 10 00 01 00 01 00 00 01 68 00 04 5E 7C 69 14 C0 10 00 02 00 01 00 00 01 68 00 0C 03 6E 73 32 05 69 67 6E 75 6D C0 19 C0 10 00 02 00 01 00 00 01 68 00 0F 03 6E 73 31 05 69 67 6E 75 6D 03 63 6F 6D 00 C0 63 00 01 00 01 00 02 4A 24 00 04 C3 E2 D9 05 C0 63 00 1C 00 01 00 02 4A 24 00 10 20 01 06 7C 02 78 00 00 00 00 00 00 00 00 0D 45 C0 4B 00 01 00 01 00 00 0D 30 00 04 D9 1F 30 C9 C0 4B 00 1C 00 01 00 00 0D 30 00 10 20 01 1A B0 7E 1E 00 02 00 00 00 00 00 00 00 05
45 00 00 CE F3 0D 00 00 40 11 BD 32 93 20 50 69 93 20 53 35 00 35 AC 37 00 BA 3E DE F5 2C 81 80 00 01 00 01 00 02 00 04 03 77 77 77 08 6B 75 72 7A 6F 76 6E 69 02 65 75 00 00 01 00 01 C0 0C 00 01 00 01 00 00 0E 10 00 04 58 51 5A 63 C0 10 00 02 00 01 00 00 0E 10 00 0B 02 6E 73 03 6E 77 74 02 63 7A 00 C0 10 00 02 00 01 00 00 0E 10 00 06 03 6E 73 32 C0 40 C0 3D 00 01 00 01 00 00 0E 10 00 04 D9 C5 98 84 C0 3D 00 1C 00 01 00 00 0E 10 00 10 2A 03 16 00 10 00 00 01 00 00 00 00 00 01 00 01 C0 54 00 01 00 01 00 00 0E 10 00 04 D9 C5 90 16 C0 54 00 1C 00 01 00 00 0E 10 00 10 2A 03 16 00 00 02 00 00 00 00 00 00 01 44 00 22
45 00 00 BD F3 0E 00 00 40 11 BD 42 93 20 50 69 93 20 53 35 00 35 B4 9B 00 A9 7C 79 2B 60 81 80 00 01 00 03 00 02 00 02 04 61 70 70 73 08 66 61 63 65 62 6F 6F 6B 03 63 6F 6D 00 00 01 00 01 C0 0C 00 05 00 01 00 00 0E 10 00 07 04 73 74 61 72 C0 11 C0 2F 00 05 00 01 00 00 0E 10 00 0C 04 73 74 61 72 04 63 31 30 72 C0 11 C0 42 00 01 00 01 00 00 00 08 00 04 AD FC 64 1B C0 47 00 02 00 01 00 01 B4 AD 00 07 01 61 02 6E 73 C0 47 C0 47 00 02 00 01 00 01 B4 AD 00 04 01 62 C0 6C C0 6A 00 01 00 01 00 01 B4 AD 00 04 45 AB EF 0B C0 7D 00 01 00 01 00 01 B4 AD 00 04 45 AB FF 0B
45 00 00 49 F3 48 40 00 40 11 7D 7C 93 20 53 35 93 20 50 69 0A 8C 00 35 00 35 CA 25 B9 40 01 00 00 01 00 00 00 00 00 00 05 6F 61 75 74 68 11 67 6F 6F 67 6C 65 75 73 65 72 63 6F 6E 74 65 6E 74 03 63 6F 6D 00 00 01 00 01
45 00 01 25 F3 13 00 00 40 11 BC D5 93 20 50 69 93 20 53 35 00 35 0A 8C 01 11 FD 7D B9 40 81 80 00 01 00 04 00 04 00 04 05 6F 61 75 74 68 11 67 6F 6F 67 6C 65 75 73 65 72 63 6F 6E 74 65 6E 74 03 63 6F 6D 00 00 01 00 01 C0 0C 00 05 00 01 00 00 F7 4F 00 11 0C 67 6F 6F 67 6C 65 68 6F 73 74 65 64 01 6C C0 12 C0 39 00 01 00 01 00 00 01 2C 00 04 AD C2 23 4B C0 39 00 01 00 01 00 00 01 2C 00 04 AD C2 23 4C C0 39 00 01 00 01 00 00 01 2C 00 04 AD C2 23 4A C0 12 00 02 00 01 00 01 B7 A1 00 0D 03 6E 73 32 06 67 6F 6F 67 6C 65 C0 24 C0 12 00 02 00 01 00 01 B7 A1 00 06 03 6E 73 31 C0 8A C0 12 00 02 00 01 00 01 B7 A1 00 06 03 6E 73 33 C0 8A C0 12 00 02 00 01 00 01 B7 A1 00 06 03 6E 73 34 C0 8A C0 9F 00 01 00 01 00 04 57 3A 00 04 D8 EF 20 0A C0 86 00 01 00 01 00 04 57 3A 00 04 D8 EF 22 0A C0 B1 00 01 00 01 00 04 57 3A 00 04 D8 EF 24 0A C0 C3 00 01 00 01 00 04 57 3A 00 04 D8 EF 26 0A
45 00 00 4A F3 4D 40 00 40 11 7D 76 93 20 53 35 93 20 50 69 2F 25 00 35 00 36 CA 26 94 C5 01 00 00 01 00 00 00 00 00 00 0F 66 62 63 64 6E 2D 70 72 6F 66 69 6C 65 2D 61 08 61 6B 61 6D 61 69 68 64 03 6E 65 74 00 00 01 00 01
45 00 00 45 F3 4D 40 00 40 11 7D 7B 93 20 53 35 93 20 50 69 B9 A6 00 35 00 31 CA 21 3B D1 01 00 00 01 00 00 00 00 00 00 0A 66 62 73 74 61 74 69 63 2D 61 08 61 6B 61 6D 61 69 68 64 03 6E 65 74 00 00 01 00 01
45 00 02 12 F3 16 00 00 40 11 BB E5 93 20 50 69 93 20 53 35 00 35 2F 25 01 FE EB 3B 94 C5 81 80 00 01 00 0C 00 08 00 00 0F 66 62 63 64 6E 2D 70 72 6F 66 69 6C 65 2D 61 08 61 6B 61 6D 61 69 68 64 03 6E 65 74 00 00 01 00 01 C0 0C 00 05 00 01 00 00 00 4F 00 29 0F 66 62 63 64 6E 2D 70 72 6F 66 69 6C 65 2D 61 08 61 6B 61 6D 61 69 68 64 03 6E 65 74 09 65 64 67 65 73 75 69 74 65 C0 25 C0 3A 00 05 00 01 00 00 00 98 00 2F 0F 66 62 63 64 6E 2D 70 72 6F 66 69 6C 65 2D 61 02 61 6B 05 66 62 63 64 6E 08 61 6B 61 6D 61 69 68 64 03 6E 65 74 06 61 6B 61 64 6E 73 C0 25 C0 6F 00 05 00 01 00 00 00 20 00 14 05 61 32 30 34 37 04 64 73 70 6C 06 61 6B 61 6D 61 69 C0 25 C0 AA 00 01 00 01 00 00 00 14 00 04 17 3E ED 39 C0 AA 00 01 00 01 00 00 00 14 00 04 17 3E ED 37 C0 AA 00 01 00 01 00 00 00 14 00 04 17 3E ED 16 C0 AA 00 01 00 01 00 00 00 14 00 04 17 3E ED 18 C0 AA 00 01 00 01 00 00 00 14 00 04 17 3E ED 20 C0 AA 00 01 00 01 00 00 00 14 00 04 17 3E ED 21 C0 AA 00 01 00 01 00 00 00 14 00 04 17 3E ED 46 C0 AA 00 01 00 01 00 00 00 14 00 04 17 3E ED 2F C0 AA 00 01 00 01 00 00 00 14 00 04 17 3E ED 1F C0 B0 00 02 00 01 00 00 4B A9 00 09 06 6E 33 64 73 70 6C C0 B5 C0 B0 00 02 00 01 00 00 4B A9 00 09 06 6E 31 64 73 70 6C C0 B5 C0 B0 00 02 00 01 00 00 4B A9 00 09 06 6E 32 64 73 70 6C C0 B5 C0 B0 00 02 00 01 00 00 4B A9 00 09 06 6E 30 64 73 70 6C C0 B5 C0 B0 00 02 00 01 00 00 4B A9 00 09 06 6E 37 64 73 70 6C C0 B5 C0 B0 00 02 00 01 00 00 4B A9 00 09 06 6E 34 64 73 70 6C C0 B5 C0 B0 00 02 00 01 00 00 4B A9 00 09 06 6E 36 64 73 70 6C C0 B5 C0 B0 00 02 00 01 00 00 4B A9 00 09 06 6E 35 64 73 70 6C C0 B5
45 00 01 E9 F3 17 00 00 40 11 BC 0D 93 20 50 69 93 20 53 35 00 35 B9 A6 01 D5 E9 05 3B D1 81 80 00 01 00 04 00 08 00 08 0A 66 62 73 74 61 74 69 63 2D 61 08 61 6B 61 6D 61 69 68 64 03 6E 65 74 00 00 01 00 01 C0 0C 00 05 00 01 00 00 00 50 00 24 0A 66 62 73 74 61 74 69 63 2D 61 08 61 6B 61 6D 61 69 68 64 03 6E 65 74 09 65 64 67 65 73 75 69 74 65 C0 20 C0 35 00 05 00 01 00 00 00 B8 00 14 05 61 31 31 36 38 04 64 73 77 34 06 61 6B 61 6D 61 69 C0 20 C0 65 00 01 00 01 00 00 00 14 00 04 C3 71 E8 48 C0 65 00 01 00 01 00 00 00 14 00 04 C3 71 E8 59 C0 6B 00 02 00 01 00 00 4B 54 00 09 06 6E 34 64 73 77 34 C0 70 C0 6B 00 02 00 01 00 00 4B 54 00 09 06 61 30 64 73 77 34 C0 70 C0 6B 00 02 00 01 00 00 4B 54 00 09 06 6E 33 64 73 77 34 C0 70 C0 6B 00 02 00 01 00 00 4B 54 00 09 06 6E 31 64 73 77 34 C0 70 C0 6B 00 02 00 01 00 00 4B 54 00 09 06 6E 30 64 73 77 34 C0 70 C0 6B 00 02 00 01 00 00 4B 54 00 09 06 6E 35 64 73 77 34 C0 70 C0 6B 00 02 00 01 00 00 4B 54 00 09 06 6E 36 64 73 77 34 C0 70 C0 6B 00 02 00 01 00 00 4B 54 00 09 06 6E 32 64 73 77 34 C0 70 C0 BA 00 1C 00 01 00 00 9F B4 00 10 2A 02 26 F0 00 32 F0 00 F5 07 01 B3 92 93 51 DA C0 F9 00 01 00 01 00 00 4B 54 00 04 5C 7A D9 05 C0 E4 00 01 00 01 00 00 75 84 00 04 D5 FE F5 0A C1 38 00 01 00 01 00 00 4B 54 00 04 50 EF CE 85 C0 CF 00 01 00 01 00 00 75 84 00 04 58 DD 51 C3 C0 A5 00 01 00 01 00 00 9F B4 00 04 5C 7A D9 04 C1 0E 00 01 00 01 00 00 4B 54 00 04 5C 7A D9 0C C1 23 00 01 00 01 00 00 75 84 00 04 5C 7A D9 0A
45 00 00 46 F4 65 40 00 40 11 7C 62 93 20 53 35 93 20 50 69 9E ED 00 35 00 32 CA 22 E8 0D 01 00 00 01 00 00 00 00 00 00 09 74 72 61 6E 73 6C 61 74 65 0A 67 6F 6F 67 6C 65 61 70 69 73 03 63 6F 6D 00 00 01 00 01
45 00 01 00 F3 21 00 00 40 11 BC EC 93 20 50 69 93 20 53 35 00 35 9E ED 00 EC 4F B8 E8 0D 81 80 00 01 00 02 00 04 00 04 09 74 72 61 6E 73 6C 61 74 65 0A 67 6F 6F 67 6C 65 61 70 69 73 03 63 6F 6D 00 00 01 00 01 C0 0C 00 05 00 01 00 00 0A 54 00 16 0A 67 6F 6F 67 6C 65 61 70 69 73 01 6C 06 67 6F 6F 67 6C 65 C0 21 C0 36 00 01 00 01 00 00 01 2C 00 04 AD C2 46 5F C0 43 00 02 00 01 00 01 B4 39 00 06 03 6E 73 33 C0 43 C0 43 00 02 00 01 00 01 B4 39 00 06 03 6E 73 31 C0 43 C0 43 00 02 00 01 00 01 B4 39 00 06 03 6E 73 32 C0 43 C0 43 00 02 00 01 00 01 B4 39 00 06 03 6E 73 34 C0 43 C0 7A 00 01 00 01 00 04 57 39 00 04 D8 EF 20 0A C0 8C 00 01 00 01 00 04 57 39 00 04 D8 EF 22 0A C0 68 00 01 00 01 00 04 57 39 00 04 D8 EF 24 0A C0 9E 00 01 00 01 00 04 57 39 00 04 D8 EF 26 0A
45 00 00 42 F4 89 40 00 40 11 7C 42 93 20 53 35 93 20 50 69 63 2C 00 35 00 2E CA 1E 64 80 01 00 00 01 00 00 00 00 00 00 09 74 72 61 6E 73 6C 61 74 65 06 67 6F 6F 67 6C 65 03 63 6F 6D 00 00 01 00 01
45 00 01 CF F3 22 00 00 40 11 BC 1C 93 20 50 69 93 20 53 35 00 35 63 2C 01 BB 93 19 64 80 81 80 00 01 00 10 00 04 00 04 09 74 72 61 6E 73 6C 61 74 65 06 67 6F 6F 67 6C 65 03 63 6F 6D 00 00 01 00 01 C0 0C 00 05 00 01 00 08 4C 12 00 09 04 77 77 77 33 01 6C C0 16 C0 32 00 01 00 01 00 00 00 9D 00 04 C3 71 D6 F9 C0 32 00 01 00 01 00 00 00 9D 00 04 C3 71 D6 EA C0 32 00 01 00 01 00 00 00 9D 00 04 C3 71 D6 FB C0 32 00 01 00 01 00 00 00 9D 00 04 C3 71 D6 ED C0 32 00 01 00 01 00 00 00 9D 00 04 C3 71 D6 DB C0 32 00 01 00 01 00 00 00 9D 00 04 C3 71 D6 D7 C0 32 00 01 00 01 00 00 00 9D 00 04 C3 71 D6 E2 C0 32 00 01 00 01 00 00 00 9D 00 04 C3 71 D6 E6 C0 32 00 01 00 01 00 00 00 9D 00 04 C3 71 D6 F1 C0 32 00 01 00 01 00 00 00 9D 00 04 C3 71 D6 D3 C0 32 00 01 00 01 00 00 00 9D 00 04 C3 71 D6 CF C0 32 00 01 00 01 00 00 00 9D 00 04 C3 71 D6 EC C0 32 00 01 00 01 00 00 00 9D 00 04 C3 71 D6 DD C0 32 00 01 00 01 00 00 00 9D 00 04 C3 71 D6 DE C0 32 00 01 00 01 00 00 00 9D 00 04 C3 71 D6 F5 C0 16 00 02 00 01 00 01 B4 39 00 06 03 6E 73 32 C0 16 C0 16 00 02 00 01 00 01 B4 39 00 06 03 6E 73 33 C0 16 C0 16 00 02 00 01 00 01 B4 39 00 06 03 6E 73 31 C0 16 C0 16 00 02 00 01 00 01 B4 39 00 06 03 6E 73 34 C0 16 C1 5B 00 01 00 01 00 04 57 39 00 04 D8 EF 20 0A C1 37 00 01 00 01 00 04 57 39 00 04 D8 EF 22 0A C1 49 00 01 00 01 00 04 57 39 00 04 D8 EF 24 0A C1 6D 00 01 00 01 00 04 57 39 00 04 D8 EF 26 0A
45 00 00 3E F7 ED 40 00 40 11 78 E2 93 20 53 35 93 20 50 69 E7 F0 00 35 00 2A CA 1A DF D4 01 00 00 01 00 00 00 00 00 00 03 65 65 73 08 65 6C 73 65 76 69 65 72 03 63 6F 6D 00 00 01 00 01
45 00 00 BC F3 45 00 00 40 11 BD 0C 93 20 50 69 93 20 53 35 00 35 E7 F0 00 A8 82 66 DF D4 81 80 00 01 00 02 00 02 00 02 03 65 65 73 08 65 6C 73 65 76 69 65 72 03 63 6F 6D 00 00 01 00 01 C0 0C 00 05 00 01 00 00 0B 4B 00 0A 07 67 73 73 70 72 6F 64 C0 10 C0 2E 00 01 00 01 00 00 00 05 00 04 91 24 D7 B4 C0 2E 00 02 00 01 00 00 0B 4A 00 10 0D 73 65 75 6B 6F 78 66 61 67 73 73 30 31 C0 10 C0 2E 00 02 00 01 00 00 0B 4A 00 10 0D 73 65 75 6B 72 65 61 61 67 73 73 30 31 C0 10 C0 54 00 01 00 01 00 00 0B 4A 00 04 91 24 D6 A4 C0 70 00 01 00 01 00 00 0B 4A 00 04 91 24 1E 78
45 00 00 3E 3C 18 40 00 40 11 34 B8 93 20 53 35 93 20 50 69 A5 E9 00 35 00 2A CA 1A 0B 7B 01 00 00 01 00 00 00 00 00 00 03 65 65 73 08 65 6C 73 65 76 69 65 72 03 63 6F 6D 00 00 01 00 01
45 00 00 BC F7 F6 00 00 40 11 B8 5B 93 20 50 69 93 20 53 35 00 35 A5 E9 00 A8 9A 21 0B 7B 81 80 00 01 00 02 00 02 00 02 03 65 65 73 08 65 6C 73 65 76 69 65 72 03 63 6F 6D 00 00 01 00 01 C0 0C 00 05 00 01 00 00 0B 05 00 0A 07 67 73 73 70 72 6F 64 C0 10 C0 2E 00 01 00 01 00 00 00 05 00 04 91 24 D7 B4 C0 2E 00 02 00 01 00 00 0B 05 00 10 0D 73 65 75 6B 72 65 61 61 67 73 73 30 31 C0 10 C0 2E 00 02 00 01 00 00 0B 05 00 10 0D 73 65 75 6B 6F 78 66 61 67 73 73 30 31 C0 10 C0 70 00 01 00 01 00 00 0B 05 00 04 91 24 D6 A4 C0 54 00 01 00 01 00 00 0B 05 00 04 91 24 1E 78
45 00 00 3D 44 FA 40 00 40 11 2B D7 93 20 53 35 93 20 50 69 BE 11 00 35 00 29 CA 19 F9 E1 01 00 00 01 00 00 00 00 00 00 03 77 77 77 08 76 61 73 65 6C 69 67 61 02 63 7A 00 00 01 00 01
45 00 00 D8 F8 A7 00 00 40 11 B7 8E 93 20 50 69 93 20 53 35 00 35 BE 11 00 C4 97 CF F9 E1 81 80 00 01 00 02 00 03 00 03 03 77 77 77 08 76 61 73 65 6C 69 67 61 02 63 7A 00 00 01 00 01 C0 0C 00 05 00 01 00 00 06 B3 00 02 C0 10 C0 10 00 01 00 01 00 00 06 B3 00 04 5E 7C 69 17 C0 10 00 02 00 01 00 00 0D BB 00 0C 02 6E 73 06 66 6F 72 70 73 69 C0 19 C0 10 00 02 00 01 00 00 0D BB 00 0E 02 6E 73 06 66 6F 72 70 73 69 02 69 74 00 C0 10 00 02 00 01 00 00 0D BB 00 0F 02 6E 73 06 66 6F 72 70 73 69 03 6E 65 74 00 C0 4B 00 01 00 01 00 00 27 C2 00 04 51 02 D1 B9 C0 63 00 01 00 01 00 00 06 5D 00 04 3E 95 E6 57 C0 7D 00 01 00 01 00 01 B3 EB 00 04 51 02 C2 82
45 00 00 3D 45 0F 40 00 40 11 2B C2 93 20 53 35 93 20 50 69 82 0B 00 35 00 29 CA 19 B4 A1 01 00 00 01 00 00 00 00 00 00 03 77 77 77 08 76 61 73 65 6C 69 67 61 02 63 7A 00 00 01 00 01
45 00 00 D8 F8 A8 00 00 40 11 B7 8D 93 20 50 69 93 20 53 35 00 35 82 0B 00 C4 17 17 B4 A1 81 80 00 01 00 02 00 03 00 03 03 77 77 77 08 76 61 73 65 6C 69 67 61 02 63 7A 00 00 01 00 01 C0 0C 00 05 00 01 00 00 06 B3 00 02 C0 10 C0 10 00 01 00 01 00 00 06 B3 00 04 5E 7C 69 17 C0 10 00 02 00 01 00 00 0D BB 00 0C 02 6E 73 06 66 6F 72 70 73 69 C0 19 C0 10 00 02 00 01 00 00 0D BB 00 0F 02 6E 73 06 66 6F 72 70 73 69 03 6E 65 74 00 C0 10 00 02 00 01 00 00 0D BB 00 0E 02 6E 73 06 66 6F 72 70 73 69 02 69 74 00 C0 4B 00 01 00 01 00 00 27 C2 00 04 51 02 D1 B9 C0 7E 00 01 00 01 00 00 06 5D 00 04 3E 95 E6 57 C0 63 00 01 00 01 00 01 B3 EB 00 04 51 02 C2 82
45 00 00 3D 45 19 40 00 40 11 2B B8 93 20 53 35 93 20 50 69 CD FC 00 35 00 29 CA 19 B0 F7 01 00 00 01 00 00 00 00 00 00 03 77 77 77 08 76 61 73 65 6C 69 67 61 02 63 7A 00 00 01 00 01
45 00 00 D8 F8 A9 00 00 40 11 B7 8C 93 20 50 69 93 20 53 35 00 35 CD FC 00 C4 D0 CC B0 F7 81 80 00 01 00 02 00 03 00 03 03 77 77 77 08 76 61 73 65 6C 69 67 61 02 63 7A 00 00 01 00 01 C0 0C 00 05 00 01 00 00 06 B3 00 02 C0 10 C0 10 00 01 00 01 00 00 06 B3 00 04 5E 7C 69 17 C0 10 00 02 00 01 00 00 0D BB 00 0E 02 6E 73 06 66 6F 72 70 73 69 02 69 74 00 C0 10 00 02 00 01 00 00 0D BB 00 0C 02 6E 73 06 66 6F 72 70 73 69 C0 19 C0 10 00 02 00 01 00 00 0D BB 00 0F 02 6E 73 06 66 6F 72 70 73 69 03 6E 65 74 00 C0 65 00 01 00 01 00 00 27 C2 00 04 51 02 D1 B9 C0 4B 00 01 00 01 00 00 06 5D 00 04 3E 95 E6 57 C0 7D 00 01 00 01 00 01 B3 EB 00 04 51 02 C2 82
45 00 00 3D 45 EB 40 00 40 11 2A E6 93 20 53 35 93 20 50 69 80 F9 00 35 00 29 CA 19 96 37 01 00 00 01 00 00 00 00 00 00 03 77 77 77 08 76 61 73 65 6C 69 67 61 02 63 7A 00 00 01 00 01
45 00 00 D8 F8 AF 00 00 40 11 B7 86 93 20 50 69 93 20 53 35 00 35 80 F9 00 C4 9C 30 96 37 81 80 00 01 00 02 00 03 00 03 03 77 77 77 08 76 61 73 65 6C 69 67 61 02 63 7A 00 00 01 00 01 C0 0C 00 05 00 01 00 00 06 B2 00 02 C0 10 C0 10 00 01 00 01 00 00 06 B2 00 04 5E 7C 69 17 C0 10 00 02 00 01 00 00 0D BA 00 0F 02 6E 73 06 66 6F 72 70 73 69 03 6E 65 74 00 C0 10 00 02 00 01 00 00 0D BA 00 0E 02 6E 73 06 66 6F 72 70 73 69 02 69 74 00 C0 10 00 02 00 01 00 00 0D BA 00 0C 02 6E 73 06 66 6F 72 70 73 69 C0 19 C0 80 00 01 00 01 00 00 27 C1 00 04 51 02 D1 B9 C0 66 00 01 00 01 00 00 06 5C 00 04 3E 95 E6 57 C0 4B 00 01 00 01 00 01 B3 EA 00 04 51 02 C2 82
45 00 00 3D 48 C7 40 00 40 11 28 0A 93 20 53 35 93 20 50 69 84 FC 00 35 00 29 CA 19 9B E7 01 00 00 01 00 00 00 00 00 00 03 63 73 69 07 67 73 74 61 74 69 63 03 63 6F 6D 00 00 01 00 01
45 00 00 DC F8 D8 00 00 40 11 B7 59 93 20 50 69 93 20 53 35 00 35 84 FC 00 C8 6B 9F 9B E7 81 80 00 01 00 01 00 04 00 04 03 63 73 69 07 67 73 74 61 74 69 63 03 63 6F 6D 00 00 01 00 01 C0 0C 00 01 00 01 00 00 00 DC 00 04 4A 7D E3 8F C0 10 00 02 00 01 00 01 B3 E3 00 0D 03 6E 73 34 06 67 6F 6F 67 6C 65 C0 18 C0 10 00 02 00 01 00 01 B3 E3 00 06 03 6E 73 31 C0 41 C0 10 00 02 00 01 00 01 B3 E3 00 06 03 6E 73 33 C0 41 C0 10 00 02 00 01 00 01 B3 E3 00 06 03 6E 73 32 C0 41 C0 56 00 01 00 01 00 04 56 E3 00 04 D8 EF 20 0A C0 7A 00 01 00 01 00 04 56 E3 00 04 D8 EF 22 0A C0 68 00 01 00 01 00 04 56 E3 00 04 D8 EF 24 0A C0 3D 00 01 00 01 00 04 56 E3 00 04 D8 EF 26 0A
45 00 00 42 48 DC 40 00 40 11 27 F0 93 20 53 35 93 20 50 69 67 AC 00 35 00 2E CA 1E 60 02 01 00 00 01 00 00 00 00 00 00 06 73 74 61 74 69 63 03 77 77 77 06 76 73 6C 69 67 61 02 63 7A 00 00 01 00 01
45 00 00 FB F8 D9 00 00 40 11 B7 39 93 20 50 69 93 20 53 35 00 35 67 AC 00 E7 85 C0 60 02 81 80 00 01 00 02 00 02 00 04 06 73 74 61 74 69 63 03 77 77 77 06 76 73 6C 69 67 61 02 63 7A 00 00 01 00 01 C0 0C 00 05 00 01 00 00 06 AF 00 12 07 73 74 61 74 69 63 32 07 74 6F 76 61 72 6E 61 C0 1E C0 32 00 01 00 01 00 00 01 0F 00 04 5E 7C 69 18 C0 3A 00 02 00 01 00 00 01 0F 00 0C 03 6E 73 32 05 69 67 6E 75 6D C0 1E C0 3A 00 02 00 01 00 00 01 0F 00 0F 03 6E 73 31 05 69 67 6E 75 6D 03 63 6F 6D 00 C0 78 00 01 00 01 00 02 49 CD 00 04 C3 E2 D9 05 C0 78 00 1C 00 01 00 02 49 CD 00 10 20 01 06 7C 02 78 00 00 00 00 00 00 00 00 0D 45 C0 60 00 01 00 01 00 00 0C D9 00 04 D9 1F 30 C9 C0 60 00 1C 00 01 00 00 0C D9 00 10 20 01 1A B0 7E 1E 00 02 00 00 00 00 00 00 00 05
45 00 00 3D 48 DD 40 00 40 11 27 F4 93 20 53 35 93 20 50 69 71 76 00 35 00 29 CA 19 86 DE 01 00 00 01 00 00 00 00 00 00 04 6D 61 70 73 06 67 6F 6F 67 6C 65 03 63 6F 6D 00 00 01 00 01
45 00 01 CA F8 DA 00 00 40 11 B6 69 93 20 50 69 93 20 53 35 00 35 71 76 01 B6 7B 70 86 DE 81 80 00 01 00 10 00 04 00 04 04 6D 61 70 73 06 67 6F 6F 67 6C 65 03 63 6F 6D 00 00 01 00 01 C0 0C 00 05 00 01 00 08 DA 92 00 09 04 6D 61 70 73 01 6C C0 11 C0 2D 00 01 00 01 00 00 00 D3 00 04 C3 71 D6 D7 C0 2D 00 01 00 01 00 00 00 D3 00 04 C3 71 D6 D3 C0 2D 00 01 00 01 00 00 00 D3 00 04 C3 71 D6 ED C0 2D 00 01 00 01 00 00 00 D3 00 04 C3 71 D6 CF C0 2D 00 01 00 01 00 00 00 D3 00 04 C3 71 D6 F1 C0 2D 00 01 00 01 00 00 00 D3 00 04 C3 71 D6 DB C0 2D 00 01 00 01 00 00 00 D3 00 04 C3 71 D6 F5 C0 2D 00 01 00 01 00 00 00 D3 00 04 C3 71 D6 F9 C0 2D 00 01 00 01 00 00 00 D3 00 04 C3 71 D6 EC C0 2D 00 01 00 01 00 00 00 D3 00 04 C3 71 D6 DD C0 2D 00 01 00 01 00 00 00 D3 00 04 C3 71 D6 DE C0 2D 00 01 00 01 00 00 00 D3 00 04 C3 71 D6 E2 C0 2D 00 01 00 01 00 00 00 D3 00 04 C3 71 D6 EA C0 2D 00 01 00 01 00 00 00 D3 00 04 C3 71 D6 E6 C0 2D 00 01 00 01 00 00 00 D3 00 04 C3 71 D6 FB C0 11 00 02 00 01 00 01 B3 E3 00 06 03 6E 73 34 C0 11 C0 11 00 02 00 01 00 01 B3 E3 00 06 03 6E 73 33 C0 11 C0 11 00 02 00 01 00 01 B3 E3 00 06 03 6E 73 31 C0 11 C0 11 00 02 00 01 00 01 B3 E3 00 06 03 6E 73 32 C0 11 C1 56 00 01 00 01 00 04 56 E3 00 04 D8 EF 20 0A C1 68 00 01 00 01 00 04 56 E3 00 04 D8 EF 22 0A C1 44 00 01 00 01 00 04 56 E3 00 04 D8 EF 24 0A C1 32 00 01 00 01 00 04 56 E3 00 04 D8 EF 26 0A
45 00 00 42 49 0E 40 00 40 11 27 BE 93 20 53 35 93 20 50 69 4A 17 00 35 00 2E CA 1E A4 C8 01 00 00 01 00 00 00 00 00 00 06 73 74 61 74 69 63 03 77 77 77 06 76 73 6C 69 67 61 02 63 7A 00 00 01 00 01
45 00 00 FB F8 DB 00 00 40 11 B7 37 93 20 50 69 93 20 53 35 00 35 4A 17 00 E7 62 93 A4 C8 81 80 00 01 00 02 00 02 00 04 06 73 74 61 74 69 63 03 77 77 77 06 76 73 6C 69 67 61 02 63 7A 00 00 01 00 01 C0 0C 00 05 00 01 00 00 06 AE 00 12 07 73 74 61 74 69 63 32 07 74 6F 76 61 72 6E 61 C0 1E C0 32 00 01 00 01 00 00 01 0E 00 04 5E 7C 69 18 C0 3A 00 02 00 01 00 00 01 0E 00 0C 03 6E 73 32 05 69 67 6E 75 6D C0 1E C0 3A 00 02 00 01 00 00 01 0E 00 0F 03 6E 73 31 05 69 67 6E 75 6D 03 63 6F 6D 00 C0 78 00 01 00 01 00 02 49 CC 00 04 C3 E2 D9 05 C0 78 00 1C 00 01 00 02 49 CC 00 10 20 01 06 7C 02 78 00 00 00 00 00 00 00 00 0D 45 C0 60 00 01 00 01 00 00 0C D8 00 04 D9 1F 30 C9 C0 60 00 1C 00 01 00 00 0C D8 00 10 20 01 1A B0 7E 1E 00 02 00 00 00 00 00 00 00 05
45 00 00 3A 49 16 40 00 40 11 27 BE 93 20 53 35 93 20 50 69 50 72 00 35 00 26 CA 16 2C 5E 01 00 00 01 00 00 00 00 00 00 02 69 31 05 79 74 69 6D 67 03 63 6F 6D 00 00 01 00 01
45 00 01 CF F8 DC 00 00 40 11 B6 62 93 20 50 69 93 20 53 35 00 35 50 72 01 BB C6 CE 2C 5E 81 80 00 01 00 10 00 04 00 04 02 69 31 05 79 74 69 6D 67 03 63 6F 6D 00 00 01 00 01 C0 0C 00 05 00 01 00 00 0A 32 00 11 05 79 74 69 6D 67 01 6C 06 67 6F 6F 67 6C 65 C0 15 C0 2A 00 01 00 01 00 00 00 D3 00 04 C3 71 D6 F5 C0 2A 00 01 00 01 00 00 00 D3 00 04 C3 71 D6 E2 C0 2A 00 01 00 01 00 00 00 D3 00 04 C3 71 D6 DE C0 2A 00 01 00 01 00 00 00 D3 00 04 C3 71 D6 D7 C0 2A 00 01 00 01 00 00 00 D3 00 04 C3 71 D6 CF C0 2A 00 01 00 01 00 00 00 D3 00 04 C3 71 D6 EA C0 2A 00 01 00 01 00 00 00 D3 00 04 C3 71 D6 F9 C0 2A 00 01 00 01 00 00 00 D3 00 04 C3 71 D6 DD C0 2A 00 01 00 01 00 00 00 D3 00 04 C3 71 D6 F1 C0 2A 00 01 00 01 00 00 00 D3 00 04 C3 71 D6 EC C0 2A 00 01 00 01 00 00 00 D3 00 04 C3 71 D6 DB C0 2A 00 01 00 01 00 00 00 D3 00 04 C3 71 D6 D3 C0 2A 00 01 00 01 00 00 00 D3 00 04 C3 71 D6 ED C0 2A 00 01 00 01 00 00 00 D3 00 04 C3 71 D6 E6 C0 2A 00 01 00 01 00 00 00 D3 00 04 C3 71 D6 FB C0 32 00 02 00 01 00 01 B3 E2 00 06 03 6E 73 34 C0 32 C0 32 00 02 00 01 00 01 B3 E2 00 06 03 6E 73 31 C0 32 C0 32 00 02 00 01 00 01 B3 E2 00 06 03 6E 73 32 C0 32 C0 32 00 02 00 01 00 01 B3 E2 00 06 03 6E 73 33 C0 32 C1 49 00 01 00 01 00 04 56 E2 00 04 D8 EF 20 0A C1 5B 00 01 00 01 00 04 56 E2 00 04 D8 EF 22 0A C1 6D 00 01 00 01 00 04 56 E2 00 04 D8 EF 24 0A C1 37 00 01 00 01 00 04 56 E2 00 04 D8 EF 26 0A
45 00 00 3F 49 38 40 00 40 11 27 97 93 20 53 35 93 20 50 69 AC F3 00 35 00 2B CA 1B 15 65 01 00 00 01 00 00 00 00 00 00 04 61 70 70 73 08 66 61 63 65 62 6F 6F 6B 03 63 6F 6D 00 00 01 00 01
45 00 00 39 49 38 40 00 40 11 27 9D 93 20 53 35 93 20 50 69 4E 78 00 35 00 25 CA 15 E6 EA 01 00 00 01 00 00 00 00 00 00 03 64 65 6C 04 69 63 69 6F 02 75 73 00 00 01 00 01
45 00 00 36 49 38 40 00 40 11 27 A0 93 20 53 35 93 20 50 69 AB 01 00 35 00 22 CA 12 2F 92 01 00 00 01 00 00 00 00 00 00 04 64 69 67 67 03 63 6F 6D 00 00 01 00 01
45 00 00 BD F8 FA 00 00 40 11 B7 56 93 20 50 69 93 20 53 35 00 35 AC F3 00 A9 FA 99 15 65 81 80 00 01 00 03 00 02 00 02 04 61 70 70 73 08 66 61 63 65 62 6F 6F 6B 03 63 6F 6D 00 00 01 00 01 C0 0C 00 05 00 01 00 00 0D B8 00 07 04 73 74 61 72 C0 11 C0 2F 00 05 00 01 00 00 0D B8 00 0C 04 73 74 61 72 04 63 31 30 72 C0 11 C0 42 00 01 00 01 00 00 00 3C 00 04 AD FC 64 1B C0 47 00 02 00 01 00 01 B4 55 00 07 01 61 02 6E 73 C0 47 C0 47 00 02 00 01 00 01 B4 55 00 04 01 62 C0 6C C0 6A 00 01 00 01 00 01 B4 55 00 04 45 AB EF 0B C0 7D 00 01 00 01 00 01 B4 55 00 04 45 AB FF 0B
45 00 00 37 49 3C 40 00 40 11 27 9B 93 20 53 35 93 20 50 69 28 3A 00 35 00 23 CA 13 55 07 01 00 00 01 00 00 00 00 00 00 06 6C 69 6E 6B 75 6A 02 63 7A 00 00 01 00 01
45 00 01 0F F8 FC 00 00 40 11 B7 02 93 20 50 69 93 20 53 35 00 35 AB 01 00 FB BE 1A 2F 92 81 80 00 01 00 01 00 04 00 04 04 64 69 67 67 03 63 6F 6D 00 00 01 00 01 C0 0C 00 01 00 01 00 00 00 3C 00 04 32 12 A9 6A C0 0C 00 02 00 01 00 02 4D 70 00 19 07 6E 73 2D 31 38 38 36 09 61 77 73 64 6E 73 2D 34 33 02 63 6F 02 75 6B 00 C0 0C 00 02 00 01 00 02 4D 70 00 17 07 6E 73 2D 31 31 33 31 09 61 77 73 64 6E 73 2D 31 33 03 6F 72 67 00 C0 0C 00 02 00 01 00 02 4D 70 00 13 06 6E 73 2D 31 34 37 09 61 77 73 64 6E 73 2D 31 38 C0 11 C0 0C 00 02 00 01 00 02 4D 70 00 16 06 6E 73 2D 39 32 39 09 61 77 73 64 6E 73 2D 35 32 03 6E 65 74 00 C0 7E 00 01 00 01 00 02 4D 70 00 04 CD FB C0 93 C0 9D 00 01 00 01 00 02 4D 70 00 04 CD FB C3 A1 C0 5B 00 01 00 01 00 02 3A 4D 00 04 CD FB C4 6B C0 36 00 01 00 01 00 02 4D 70 00 04 CD FB C7 5E
45 00 00 3D 49 3E 40 00 40 11 27 93 93 20 53 35 93 20 50 69 C1 C6 00 35 00 29 CA 19 EE D6 01 00 00 01 00 00 00 00 00 00 04 70 6C 75 73 06 67 6F 6F 67 6C 65 03 63 6F 6D 00 00 01 00 01
45 00 01 B5 F8 FE 00 00 40 11 B6 5A 93 20 50 69 93 20 53 35 00 35 C1 C6 01 A1 4B 10 EE D6 81 80 00 01 00 0F 00 04 00 04 04 70 6C 75 73 06 67 6F 6F 67 6C 65 03 63 6F 6D 00 00 01 00 01 C0 0C 00 01 00 01 00 00 01 2C 00 04 C3 71 D6 E6 C0 0C 00 01 00 01 00 00 01 2C 00 04 C3 71 D6 DE C0 0C 00 01 00 01 00 00 01 2C 00 04 C3 71 D6 FB C0 0C 00 01 00 01 00 00 01 2C 00 04 C3 71 D6 DB C0 0C 00 01 00 01 00 00 01 2C 00 04 C3 71 D6 F9 C0 0C 00 01 00 01 00 00 01 2C 00 04 C3 71 D6 CF C0 0C 00 01 00 01 00 00 01 2C 00 04 C3 71 D6 D7 C0 0C 00 01 00 01 00 00 01 2C 00 04 C3 71 D6 EA C0 0C 00 01 00 01 00 00 01 2C 00 04 C3 71 D6 D3 C0 0C 00 01 00 01 00 00 01 2C 00 04 C3 71 D6 DD C0 0C 00 01 00 01 00 00 01 2C 00 04 C3 71 D6 F1 C0 0C 00 01 00 01 00 00 01 2C 00 04 C3 71 D6 E2 C0 0C 00 01 00 01 00 00 01 2C 00 04 C3 71 D6 ED C0 0C 00 01 00 01 00 00 01 2C 00 04 C3 71 D6 F5 C0 0C 00 01 00 01 00 00 01 2C 00 04 C3 71 D6 EC C0 11 00 02 00 01 00 01 B3 E2 00 06 03 6E 73 34 C0 11 C0 11 00 02 00 01 00 01 B3 E2 00 06 03 6E 73 31 C0 11 C0 11 00 02 00 01 00 01 B3 E2 00 06 03 6E 73 32 C0 11 C0 11 00 02 00 01 00 01 B3 E2 00 06 03 6E 73 33 C0 11 C1 2F 00 01 00 01 00 04 56 E2 00 04 D8 EF 20 0A C1 41 00 01 00 01 00 04 56 E2 00 04 D8 EF 22 0A C1 53 00 01 00 01 00 04 56 E2 00 04 D8 EF 24 0A C1 1D 00 01 00 01 00 04 56 E2 00 04 D8 EF 26 0A
45 00 00 39 49 40 40 00 40 11 27 95 93 20 53 35 93 20 50 69 88 63 00 35 00 25 CA 15 C1 18 01 00 00 01 00 00 00 00 00 00 07 74 77 69 74 74 65 72 03 63 6F 6D 00 00 01 00 01
45 00 00 FF F9 01 00 00 40 11 B7 0D 93 20 50 69 93 20 53 35 00 35 88 63 00 EB 79 90 C1 18 81 80 00 01 00 03 00 04 00 04 07 74 77 69 74 74 65 72 03 63 6F 6D 00 00 01 00 01 C0 0C 00 01 00 01 00 00 00 1E 00 04 C7 10 9C E6 C0 0C 00 01 00 01 00 00 00 1E 00 04 C7 10 9C 46 C0 0C 00 01 00 01 00 00 00 1E 00 04 C7 10 9C C6 C0 0C 00 02 00 01 00 00 63 D9 00 14 03 6E 73 32 03 70 33 34 06 64 79 6E 65 63 74 03 6E 65 74 00 C0 0C 00 02 00 01 00 00 63 D9 00 06 03 6E 73 33 C0 5D C0 0C 00 02 00 01 00 00 63 D9 00 06 03 6E 73 31 C0 5D C0 0C 00 02 00 01 00 00 63 D9 00 06 03 6E 73 34 C0 5D C0 8B 00 01 00 01 00 00 63 D9 00 04 D0 4E 46 22 C0 59 00 01 00 01 00 00 63 D9 00 04 CC 0D FA 22 C0 79 00 01 00 01 00 00 63 D9 00 04 D0 4E 47 22 C0 9D 00 01 00 01 00 00 63 D9 00 04 CC 0D FB 22
45 00 00 3E 49 45 40 00 40 11 27 8B 93 20 53 35 93 20 50 69 BA 17 00 35 00 2A CA 1A 1B 56 01 00 00 01 00 00 00 00 00 00 03 77 77 77 08 66 61 63 65 62 6F 6F 6B 03 63 6F 6D 00 00 01 00 01
45 00 00 A9 F9 02 00 00 40 11 B7 62 93 20 50 69 93 20 53 35 00 35 BA 17 00 95 C2 ED 1B 56 81 80 00 01 00 02 00 02 00 02 03 77 77 77 08 66 61 63 65 62 6F 6F 6B 03 63 6F 6D 00 00 01 00 01 C0 0C 00 05 00 01 00 00 01 DB 00 0C 04 73 74 61 72 04 63 31 30 72 C0 10 C0 2E 00 01 00 01 00 00 00 3C 00 04 AD FC 64 1B C0 33 00 02 00 01 00 01 B4 55 00 07 01 62 02 6E 73 C0 33 C0 33 00 02 00 01 00 01 B4 55 00 04 01 61 C0 58 C0 69 00 01 00 01 00 01 B4 55 00 04 45 AB EF 0B C0 56 00 01 00 01 00 01 B4 55 00 04 45 AB FF 0B
45 00 00 3C 49 46 40 00 40 11 27 8C 93 20 53 35 93 20 50 69 E2 EC 00 35 00 28 CA 18 BF DC 01 00 00 01 00 00 00 00 00 00 03 77 77 77 06 67 6F 6F 67 6C 65 03 63 6F 6D 00 00 01 00 01
45 00 01 14 F9 03 00 00 40 11 B6 F6 93 20 50 69 93 20 53 35 00 35 E2 EC 01 00 29 40 BF DC 81 80 00 01 00 05 00 04 00 04 03 77 77 77 06 67 6F 6F 67 6C 65 03 63 6F 6D 00 00 01 00 01 C0 0C 00 01 00 01 00 00 00 73 00 04 AD C2 71 B0 C0 0C 00 01 00 01 00 00 00 73 00 04 AD C2 71 B2 C0 0C 00 01 00 01 00 00 00 73 00 04 AD C2 71 B1 C0 0C 00 01 00 01 00 00 00 73 00 04 AD C2 71 B3 C0 0C 00 01 00 01 00 00 00 73 00 04 AD C2 71 B4 C0 10 00 02 00 01 00 01 B3 E2 00 06 03 6E 73 31 C0 10 C0 10 00 02 00 01 00 01 B3 E2 00 06 03 6E 73 34 C0 10 C0 10 00 02 00 01 00 01 B3 E2 00 06 03 6E 73 32 C0 10 C0 10 00 02 00 01 00 01 B3 E2 00 06 03 6E 73 33 C0 10 C0 7C 00 01 00 01 00 04 56 E2 00 04 D8 EF 20 0A C0 A0 00 01 00 01 00 04 56 E2 00 04 D8 EF 22 0A C0 B2 00 01 00 01 00 04 56 E2 00 04 D8 EF 24 0A C0 8E 00 01 00 01 00 04 56 E2 00 04 D8 EF 26 0A
45 00 00 39 49 46 40 00 40 11 27 8F 93 20 53 35 93 20 50 69 8A 07 00 35 00 25 CA 15 23 80 01 00 00 01 00 00 00 00 00 00 03 77 77 77 04 6A 61 67 67 02 63 7A 00 00 01 00 01
45 00 00 A6 F9 09 00 00 40 11 B7 5E 93 20 50 69 93 20 53 35 00 35 8A 07 00 92 2F 8D 23 80 81 80 00 01 00 01 00 02 00 02 03 77 77 77 04 6A 61 67 67 02 63 7A 00 00 01 00 01 C0 0C 00 01 00 01 00 00 02 58 00 04 5B D5 A0 27 C0 10 00 02 00 01 00 00 02 58 00 0B 02 6E 73 05 69 69 6E 66 6F C0 15 C0 10 00 02 00 01 00 00 02 58 00 0E 03 6E 73 36 07 61 64 6D 69 6E 69 74 C0 15 C0 39 00 01 00 01 00 00 35 9D 00 04 5B D5 A0 05 C0 39 00 1C 00 01 00 00 35 9D 00 10 20 01 06 7C 00 68 00 00 00 00 00 00 00 00 00 05
45 00 00 3E 49 47 40 00 40 11 27 89 93 20 53 35 93 20 50 69 05 46 00 35 00 2A CA 1A 7D 2B 01 00 00 01 00 00 00 00 00 00 03 77 77 77 09 74 6F 70 63 6C 61 6E 6B 79 02 63 7A 00 00 01 00 01
45 00 00 D9 F9 0F 00 00 40 11 B7 25 93 20 50 69 93 20 53 35 00 35 05 46 00 C5 43 B4 7D 2B 81 80 00 01 00 02 00 03 00 03 03 77 77 77 09 74 6F 70 63 6C 61 6E 6B 79 02 63 7A 00 00 01 00 01 C0 0C 00 05 00 01 00 00 07 08 00 02 C0 10 C0 10 00 01 00 01 00 00 07 08 00 04 5F 50 DF C4 C0 10 00 02 00 01 00 00 0E 10 00 0E 02 6E 73 06 66 6F 72 70 73 69 02 69 74 00 C0 10 00 02 00 01 00 00 0E 10 00 0C 02 6E 73 06 66 6F 72 70 73 69 C0 1A C0 10 00 02 00 01 00 00 0E 10 00 0F 02 6E 73 06 66 6F 72 70 73 69 03 6E 65 74 00 C0 66 00 01 00 01 00 00 27 BD 00 04 51 02 D1 B9 C0 4C 00 01 00 01 00 00 06 58 00 04 3E 95 E6 57 C0 7E 00 01 00 01 00 01 B3 E6 00 04 51 02 C2 82
45 00 00 47 49 4B 40 00 40 11 27 7C 93 20 53 35 93 20 50 69 9E BE 00 35 00 33 CA 23 CD D8 01 00 00 01 00 00 00 00 00 00 03 6C 68 34 11 67 6F 6F 67 6C 65 75 73 65 72 63 6F 6E 74 65 6E 74 03 63 6F 6D 00 00 01 00 01
45 00 01 23 F9 10 00 00 40 11 B6 DA 93 20 50 69 93 20 53 35 00 35 9E BE 01 0F 93 5E CD D8 81 80 00 01 00 04 00 04 00 04 03 6C 68 34 11 67 6F 6F 67 6C 65 75 73 65 72 63 6F 6E 74 65 6E 74 03 63 6F 6D 00 00 01 00 01 C0 0C 00 05 00 01 00 00 67 02 00 11 0C 67 6F 6F 67 6C 65 68 6F 73 74 65 64 01 6C C0 10 C0 37 00 01 00 01 00 00 00 D4 00 04 AD C2 23 4A C0 37 00 01 00 01 00 00 00 D4 00 04 AD C2 23 4C C0 37 00 01 00 01 00 00 00 D4 00 04 AD C2 23 4B C0 10 00 02 00 01 00 01 B7 49 00 0D 03 6E 73 34 06 67 6F 6F 67 6C 65 C0 22 C0 10 00 02 00 01 00 01 B7 49 00 06 03 6E 73 31 C0 88 C0 10 00 02 00 01 00 01 B7 49 00 06 03 6E 73 32 C0 88 C0 10 00 02 00 01 00 01 B7 49 00 06 03 6E 73 33 C0 88 C0 9D 00 01 00 01 00 04 56 E2 00 04 D8 EF 20 0A C0 AF 00 01 00 01 00 04 56 E2 00 04 D8 EF 22 0A C0 C1 00 01 00 01 00 04 56 E2 00 04 D8 EF 24 0A C0 84 00 01 00 01 00 04 56 E2 00 04 D8 EF 26 0A
45 00 00 3D 49 55 40 00 40 11 27 7C 93 20 53 35 93 20 50 69 6D 7C 00 35 00 29 CA 19 2E 40 01 00 00 01 00 00 00 00 00 00 03 77 77 77 07 79 6F 75 74 75 62 65 03 63 6F 6D 00 00 01 00 01
45 00 01 D7 F9 15 00 00 40 11 B6 21 93 20 50 69 93 20 53 35 00 35 6D 7C 01 C3 56 1D 2E 40 81 80 00 01 00 10 00 04 00 04 03 77 77 77 07 79 6F 75 74 75 62 65 03 63 6F 6D 00 00 01 00 01 C0 0C 00 05 00 01 00 00 EF BB 00 16 0A 79 6F 75 74 75 62 65 2D 75 69 01 6C 06 67 6F 6F 67 6C 65 C0 18 C0 2D 00 01 00 01 00 00 00 73 00 04 C3 71 D6 DB C0 2D 00 01 00 01 00 00 00 73 00 04 C3 71 D6 D3 C0 2D 00 01 00 01 00 00 00 73 00 04 C3 71 D6 E6 C0 2D 00 01 00 01 00 00 00 73 00 04 C3 71 D6 DE C0 2D 00 01 00 01 00 00 00 73 00 04 C3 71 D6 F9 C0 2D 00 01 00 01 00 00 00 73 00 04 C3 71 D6 DD C0 2D 00 01 00 01 00 00 00 73 00 04 C3 71 D6 EA C0 2D 00 01 00 01 00 00 00 73 00 04 C3 71 D6 EC C0 2D 00 01 00 01 00 00 00 73 00 04 C3 71 D6 E2 C0 2D 00 01 00 01 00 00 00 73 00 04 C3 71 D6 FB C0 2D 00 01 00 01 00 00 00 73 00 04 C3 71 D6 D7 C0 2D 00 01 00 01 00 00 00 73 00 04 C3 71 D6 CF C0 2D 00 01 00 01 00 00 00 73 00 04 C3 71 D6 F5 C0 2D 00 01 00 01 00 00 00 73 00 04 C3 71 D6 F1 C0 2D 00 01 00 01 00 00 00 73 00 04 C3 71 D6 ED C0 3A 00 02 00 01 00 01 B3 E2 00 06 03 6E 73 31 C0 3A C0 3A 00 02 00 01 00 01 B3 E2 00 06 03 6E 73 34 C0 3A C0 3A 00 02 00 01 00 01 B3 E2 00 06 03 6E 73 33 C0 3A C0 3A 00 02 00 01 00 01 B3 E2 00 06 03 6E 73 32 C0 3A C1 3F 00 01 00 01 00 04 56 E2 00 04 D8 EF 20 0A C1 75 00 01 00 01 00 04 56 E2 00 04 D8 EF 22 0A C1 63 00 01 00 01 00 04 56 E2 00 04 D8 EF 24 0A C1 51 00 01 00 01 00 04 56 E2 00 04 D8 EF 26 0A
45 00 00 9A F9 16 00 00 40 11 B7 5D 93 20 50 69 93 20 53 35 00 35 28 3A 00 86 01 84 55 07 81 80 00 01 00 01 00 02 00 02 06 6C 69 6E 6B 75 6A 02 63 7A 00 00 01 00 01 C0 0C 00 01 00 01 00 00 38 40 00 04 4D 4E 44 02 C0 0C 00 02 00 01 00 00 01 25 00 15 03 6E 73 31 0B 68 6F 73 74 6D 6F 6E 73 74 65 72 03 63 6F 6D 00 C0 0C 00 02 00 01 00 00 01 25 00 06 03 6E 73 32 C0 3B C0 37 00 01 00 01 00 02 58 E8 00 04 4A DC C3 83 C0 58 00 01 00 01 00 02 58 E8 00 04 45 59 10 08
45 00 02 08 F9 1A 00 00 40 11 B5 EB 93 20 50 69 93 20 53 35 00 35 4E 78 01 F4 3B A9 E6 EA 81 80 00 01 00 08 00 08 00 08 03 64 65 6C 04 69 63 69 6F 02 75 73 00 00 01 00 01 C0 0C 00 05 00 01 00 00 01 2C 00 2B 0D 61 70 69 2D 36 38 38 32 36 31 34 30 30 09 75 73 2D 77 65 73 74 2D 31 03 65 6C 62 09 61 6D 61 7A 6F 6E 61 77 73 03 63 6F 6D 00 C0 29 00 01 00 01 00 00 00 3C 00 04 32 12 FD C6 C0 29 00 01 00 01 00 00 00 3C 00 04 B8 48 28 00 C0 29 00 01 00 01 00 00 00 3C 00 04 32 12 9B 0D C0 29 00 01 00 01 00 00 00 3C 00 04 B8 48 3E C8 C0 29 00 01 00 01 00 00 00 3C 00 04 32 12 99 1D C0 29 00 01 00 01 00 00 00 3C 00 04 32 12 99 E5 C0 29 00 01 00 01 00 00 00 3C 00 04 B8 A9 9A B9 C0 29 00 02 00 01 00 00 07 08 00 09 06 6E 73 2D 39 32 35 C0 45 C0 29 00 02 00 01 00 00 07 08 00 09 06 6E 73 2D 39 34 31 C0 45 C0 29 00 02 00 01 00 00 07 08 00 09 06 6E 73 2D 39 31 36 C0 45 C0 29 00 02 00 01 00 00 07 08 00 09 06 6E 73 2D 39 32 37 C0 45 C0 29 00 02 00 01 00 00 07 08 00 09 06 6E 73 2D 39 33 34 C0 45 C0 29 00 02 00 01 00 00 07 08 00 09 06 6E 73 2D 39 33 35 C0 45 C0 29 00 02 00 01 00 00 07 08 00 09 06 6E 73 2D 39 34 37 C0 45 C0 29 00 02 00 01 00 00 07 08 00 09 06 6E 73 2D 39 34 34 C0 45 C0 FA 00 01 00 01 00 00 03 15 00 04 CF AB B2 07 C0 D0 00 01 00 01 00 00 01 E9 00 04 48 15 D0 D5 C1 0F 00 01 00 01 00 00 01 E9 00 04 48 15 CC D1 C1 24 00 01 00 01 00 00 01 E9 00 04 57 EE 54 D7 C1 39 00 01 00 01 00 00 01 E9 00 04 57 EE 50 D5 C0 E5 00 01 00 01 00 00 28 2E 00 04 CC F6 A0 05 C1 63 00 01 00 01 00 00 21 F9 00 04 CD FB E4 06 C1 4E 00 01 00 01 00 00 01 E9 00 04 CC F6 A2 0A
45 00 00 4B 49 87 40 00 40 11 27 3C 93 20 53 35 93 20 50 69 8E A8 00 35 00 37 CA 27 9F F9 01 00 00 01 00 00 00 00 00 00 10 66 62 63 64 6E 2D 70 68 6F 74 6F 73 2D 67 2D 61 08 61 6B 61 6D 61 69 68 64 03 6E 65 74 00 00 01 00 01
45 00 00 4A 49 87 40 00 40 11 27 3D 93 20 53 35 93 20 50 69 2B A6 00 35 00 36 CA 26 54 C9 01 00 00 01 00 00 00 00 00 00 0F 66 62 63 64 6E 2D 70 72 6F 66 69 6C 65 2D 61 08 61 6B 61 6D 61 69 68 64 03 6E 65 74 00 00 01 00 01
45 00 00 45 49 87 40 00 40 11 27 42 93 20 53 35 93 20 50 69 17 A3 00 35 00 31 CA 21 F8 B6 01 00 00 01 00 00 00 00 00 00 0A 66 62 73 74 61 74 69 63 2D 61 08 61 6B 61 6D 61 69 68 64 03 6E 65 74 00 00 01 00 01
45 00 00 45 49 87 40 00 40 11 27 42 93 20 53 35 93 20 50 69 E8 DF 00 35 00 31 CA 21 F7 6F 01 00 00 01 00 00 00 00 00 00 0A 73 63 6F 6E 74 65 6E 74 2D 61 02 78 78 05 66 62 63 64 6E 03 6E 65 74 00 00 01 00 01
45 00 00 45 49 88 40 00 40 11 27 41 93 20 53 35 93 20 50 69 D1 A6 00 35 00 31 CA 21 65 6A 01 00 00 01 00 00 00 00 00 00 0A 73 63 6F 6E 74 65 6E 74 2D 62 02 78 78 05 66 62 63 64 6E 03 6E 65 74 00 00 01 00 01
45 00 00 98 F9 20 00 00 40 11 B7 55 93 20 50 69 93 20 53 35 00 35 E8 DF 00 84 C7 50 F7 6F 81 80 00 01 00 01 00 02 00 02 0A 73 63 6F 6E 74 65 6E 74 2D 61 02 78 78 05 66 62 63 64 6E 03 6E 65 74 00 00 01 00 01 C0 0C 00 01 00 01 00 00 00 17 00 04 1F 0D 45 37 C0 17 00 02 00 01 00 02 45 D6 00 07 01 61 02 6E 73 C0 17 C0 17 00 02 00 01 00 02 45 D6 00 04 01 62 C0 47 C0 45 00 01 00 01 00 02 45 D6 00 04 45 AB EF 0B C0 58 00 01 00 01 00 02 45 D6 00 04 45 AB FF 0B
45 00 02 1B F9 22 00 00 40 11 B5 D0 93 20 50 69 93 20 53 35 00 35 8E A8 02 07 DB B5 9F F9 81 80 00 01 00 06 00 08 00 08 10 66 62 63 64 6E 2D 70 68 6F 74 6F 73 2D 67 2D 61 08 61 6B 61 6D 61 69 68 64 03 6E 65 74 00 00 01 00 01 C0 0C 00 05 00 01 00 00 00 C1 00 2A 10 66 62 63 64 6E 2D 70 68 6F 74 6F 73 2D 67 2D 61 08 61 6B 61 6D 61 69 68 64 03 6E 65 74 09 65 64 67 65 73 75 69 74 65 C0 26 C0 3B 00 05 00 01 00 00 00 C1 00 16 05 61 31 39 30 36 06 64 73 70 6D 6D 31 06 61 6B 61 6D 61 69 C0 26 C0 71 00 01 00 01 00 00 00 14 00 04 17 3E ED 2F C0 71 00 01 00 01 00 00 00 14 00 04 17 3E ED 06 C0 71 00 01 00 01 00 00 00 14 00 04 17 3E ED 21 C0 71 00 01 00 01 00 00 00 14 00 04 17 3E ED 1F C0 77 00 02 00 01 00 00 4E 6E 00 0B 08 6E 33 64 73 70 6D 6D 31 C0 7E C0 77 00 02 00 01 00 00 4E 6E 00 0B 08 6E 34 64 73 70 6D 6D 31 C0 7E C0 77 00 02 00 01 00 00 4E 6E 00 0B 08 6E 31 64 73 70 6D 6D 31 C0 7E C0 77 00 02 00 01 00 00 4E 6E 00 0B 08 6E 30 64 73 70 6D 6D 31 C0 7E C0 77 00 02 00 01 00 00 4E 6E 00 0B 08 6E 35 64 73 70 6D 6D 31 C0 7E C0 77 00 02 00 01 00 00 4E 6E 00 0B 08 6E 32 64 73 70 6D 6D 31 C0 7E C0 77 00 02 00 01 00 00 4E 6E 00 0B 08 6E 37 64 73 70 6D 6D 31 C0 7E C0 77 00 02 00 01 00 00 4E 6E 00 0B 08 6E 36 64 73 70 6D 6D 31 C0 7E C1 18 00 01 00 01 00 00 4E 6E 00 04 C3 71 E8 57 C1 01 00 01 00 01 00 00 21 66 00 04 17 3E ED 74 C1 46 00 01 00 01 00 00 4B 96 00 04 58 DD 51 C0 C0 D3 00 01 00 01 00 00 4E 6E 00 04 50 EF C8 2F C0 EA 00 01 00 01 00 00 21 66 00 04 50 EF C8 2E C1 2F 00 01 00 01 00 00 A2 CE 00 04 50 EF 94 5C C1 74 00 01 00 01 00 00 4E 6E 00 04 50 EF 94 63 C1 5D 00 01 00 01 00 00 78 9E 00 04 50 EF 94 5D
45 00 02 12 F9 25 00 00 40 11 B5 D6 93 20 50 69 93 20 53 35 00 35 2B A6 01 FE F0 37 54 C9 81 80 00 01 00 0C 00 08 00 00 0F 66 62 63 64 6E 2D 70 72 6F 66 69 6C 65 2D 61 08 61 6B 61 6D 61 69 68 64 03 6E 65 74 00 00 01 00 01 C0 0C 00 05 00 01 00 00 01 2C 00 29 0F 66 62 63 64 6E 2D 70 72 6F 66 69 6C 65 2D 61 08 61 6B 61 6D 61 69 68 64 03 6E 65 74 09 65 64 67 65 73 75 69 74 65 C0 25 C0 3A 00 05 00 01 00 00 00 40 00 2F 0F 66 62 63 64 6E 2D 70 72 6F 66 69 6C 65 2D 61 02 61 6B 05 66 62 63 64 6E 08 61 6B 61 6D 61 69 68 64 03 6E 65 74 06 61 6B 61 64 6E 73 C0 25 C0 6F 00 05 00 01 00 00 00 1D 00 14 05 61 32 30 34 37 04 64 73 70 6C 06 61 6B 61 6D 61 69 C0 25 C0 AA 00 01 00 01 00 00 00 14 00 04 17 3E ED 27 C0 AA 00 01 00 01 00 00 00 14 00 04 17 3E ED 38 C0 AA 00 01 00 01 00 00 00 14 00 04 17 3E ED 4F C0 AA 00 01 00 01 00 00 00 14 00 04 17 3E ED 10 C0 AA 00 01 00 01 00 00 00 14 00 04 17 3E ED 48 C0 AA 00 01 00 01 00 00 00 14 00 04 17 3E ED 07 C0 AA 00 01 00 01 00 00 00 14 00 04 17 3E ED 3F C0 AA 00 01 00 01 00 00 00 14 00 04 17 3E ED 16 C0 AA 00 01 00 01 00 00 00 14 00 04 17 3E ED 0F C0 B0 00 02 00 01 00 00 4B 51 00 09 06 6E 31 64 73 70 6C C0 B5 C0 B0 00 02 00 01 00 00 4B 51 00 09 06 6E 33 64 73 70 6C C0 B5 C0 B0 00 02 00 01 00 00 4B 51 00 09 06 6E 32 64 73 70 6C C0 B5 C0 B0 00 02 00 01 00 00 4B 51 00 09 06 6E 34 64 73 70 6C C0 B5 C0 B0 00 02 00 01 00 00 4B 51 00 09 06 6E 30 64 73 70 6C C0 B5 C0 B0 00 02 00 01 00 00 4B 51 00 09 06 6E 37 64 73 70 6C C0 B5 C0 B0 00 02 00 01 00 00 4B 51 00 09 06 6E 36 64 73 70 6C C0 B5 C0 B0 00 02 00 01 00 00 4B 51 00 09 06 6E 35 64 73 70 6C C0 B5
45 00 00 98 F9 27 00 00 40 11 B7 4E 93 20 50 69 93 20 53 35 00 35 D1 A6 00 84 3A 86 65 6A 81 80 00 01 00 01 00 02 00 02 0A 73 63 6F 6E 74 65 6E 74 2D 62 02 78 78 05 66 62 63 64 6E 03 6E 65 74 00 00 01 00 01 C0 0C 00 01 00 01 00 00 00 3C 00 04 1F 0D 4E 47 C0 17 00 02 00 01 00 02 45 D6 00 07 01 61 02 6E 73 C0 17 C0 17 00 02 00 01 00 02 45 D6 00 04 01 62 C0 47 C0 45 00 01 00 01 00 02 45 D6 00 04 45 AB EF 0B C0 58 00 01 00 01 00 02 45 D6 00 04 45 AB FF 0B
45 00 01 E9 F9 29 00 00 40 11 B5 FB 93 20 50 69 93 20 53 35 00 35 17 A3 01 D5 75 7D F8 B6 81 80 00 01 00 04 00 08 00 08 0A 66 62 73 74 61 74 69 63 2D 61 08 61 6B 61 6D 61 69 68 64 03 6E 65 74 00 00 01 00 01 C0 0C 00 05 00 01 00 00 01 2C 00 24 0A 66 62 73 74 61 74 69 63 2D 61 08 61 6B 61 6D 61 69 68 64 03 6E 65 74 09 65 64 67 65 73 75 69 74 65 C0 20 C0 35 00 05 00 01 00 00 00 60 00 14 05 61 31 31 36 38 04 64 73 77 34 06 61 6B 61 6D 61 69 C0 20 C0 65 00 01 00 01 00 00 00 14 00 04 C3 71 E8 48 C0 65 00 01 00 01 00 00 00 14 00 04 C3 71 E8 59 C0 6B 00 02 00 01 00 00 4A FC 00 09 06 61 30 64 73 77 34 C0 70 C0 6B 00 02 00 01 00 00 4A FC 00 09 06 6E 36 64 73 77 34 C0 70 C0 6B 00 02 00 01 00 00 4A FC 00 09 06 6E 32 64 73 77 34 C0 70 C0 6B 00 02 00 01 00 00 4A FC 00 09 06 6E 34 64 73 77 34 C0 70 C0 6B 00 02 00 01 00 00 4A FC 00 09 06 6E 35 64 73 77 34 C0 70 C0 6B 00 02 00 01 00 00 4A FC 00 09 06 6E 30 64 73 77 34 C0 70 C0 6B 00 02 00 01 00 00 4A FC 00 09 06 6E 33 64 73 77 34 C0 70 C0 6B 00 02 00 01 00 00 4A FC 00 09 06 6E 31 64 73 77 34 C0 70 C0 A5 00 1C 00 01 00 00 9F 5C 00 10 2A 02 26 F0 00 32 F0 00 F5 07 01 B3 92 93 51 DA C1 0E 00 01 00 01 00 00 4A FC 00 04 5C 7A D9 05 C1 38 00 01 00 01 00 00 75 2C 00 04 D5 FE F5 0A C0 CF 00 01 00 01 00 00 4A FC 00 04 50 EF CE 85 C1 23 00 01 00 01 00 00 75 2C 00 04 58 DD 51 C3 C0 E4 00 01 00 01 00 00 9F 5C 00 04 5C 7A D9 04 C0 F9 00 01 00 01 00 00 4A FC 00 04 5C 7A D9 0C C0 BA 00 01 00 01 00 00 75 2C 00 04 5C 7A D9 0A
45 00 00 39 49 DB 40 00 40 11 26 FA 93 20 53 35 93 20 50 69 53 63 00 35 00 25 CA 15 9F E4 01 00 00 01 00 00 00 00 00 00 01 73 05 79 74 69 6D 67 03 63 6F 6D 00 00 01 00 01
45 00 01 D1 F9 3A 00 00 40 11 B6 02 93 20 50 69 93 20 53 35 00 35 53 63 01 BD C4 8E 9F E4 81 80 00 01 00 10 00 04 00 04 01 73 05 79 74 69 6D 67 03 63 6F 6D 00 00 01 00 01 C0 0C 00 05 00 01 00 00 0E 10 00 14 08 79 74 73 74 61 74 69 63 01 6C 06 67 6F 6F 67 6C 65 C0 14 C0 29 00 01 00 01 00 00 01 2C 00 04 C3 71 D6 FB C0 29 00 01 00 01 00 00 01 2C 00 04 C3 71 D6 DD C0 29 00 01 00 01 00 00 01 2C 00 04 C3 71 D6 EA C0 29 00 01 00 01 00 00 01 2C 00 04 C3 71 D6 CF C0 29 00 01 00 01 00 00 01 2C 00 04 C3 71 D6 F1 C0 29 00 01 00 01 00 00 01 2C 00 04 C3 71 D6 D3 C0 29 00 01 00 01 00 00 01 2C 00 04 C3 71 D6 DB C0 29 00 01 00 01 00 00 01 2C 00 04 C3 71 D6 E6 C0 29 00 01 00 01 00 00 01 2C 00 04 C3 71 D6 F5 C0 29 00 01 00 01 00 00 01 2C 00 04 C3 71 D6 EC C0 29 00 01 00 01 00 00 01 2C 00 04 C3 71 D6 D7 C0 29 00 01 00 01 00 00 01 2C 00 04 C3 71 D6 DE C0 29 00 01 00 01 00 00 01 2C 00 04 C3 71 D6 F9 C0 29 00 01 00 01 00 00 01 2C 00 04 C3 71 D6 E2 C0 29 00 01 00 01 00 00 01 2C 00 04 C3 71 D6 ED C0 34 00 02 00 01 00 01 B3 E2 00 06 03 6E 73 31 C0 34 C0 34 00 02 00 01 00 01 B3 E2 00 06 03 6E 73 32 C0 34 C0 34 00 02 00 01 00 01 B3 E2 00 06 03 6E 73 33 C0 34 C0 34 00 02 00 01 00 01 B3 E2 00 06 03 6E 73 34 C0 34 C1 39 00 01 00 01 00 04 56 E2 00 04 D8 EF 20 0A C1 4B 00 01 00 01 00 04 56 E2 00 04 D8 EF 22 0A C1 5D 00 01 00 01 00 04 56 E2 00 04 D8 EF 24 0A C1 6F 00 01 00 01 00 04 56 E2 00 04 D8 EF 26 0A
45 00 00 3E 84 52 40 00 40 11 EC 7D 93 20 53 35 93 20 50 69 FC 30 00 35 00 2A CA 1A 78 1E 01 00 00 01 00 00 00 00 00 00 03 65 65 73 08 65 6C 73 65 76 69 65 72 03 63 6F 6D 00 00 01 00 01
45 00 00 BC 00 1A 00 00 40 11 B0 38 93 20 50 69 93 20 53 35 00 35 FC 30 00 A8 D8 A8 78 1E 81 80 00 01 00 02 00 02 00 02 03 65 65 73 08 65 6C 73 65 76 69 65 72 03 63 6F 6D 00 00 01 00 01 C0 0C 00 05 00 01 00 00 0A BB 00 0A 07 67 73 73 70 72 6F 64 C0 10 C0 2E 00 01 00 01 00 00 00 05 00 04 91 24 D7 B4 C0 2E 00 02 00 01 00 00 0A BB 00 10 0D 73 65 75 6B 72 65 61 61 67 73 73 30 31 C0 10 C0 2E 00 02 00 01 00 00 0A BB 00 10 0D 73 65 75 6B 6F 78 66 61 67 73 73 30 31 C0 10 C0 70 00 01 00 01 00 00 0A BB 00 04 91 24 D6 A4 C0 54 00 01 00 01 00 00 0A BB 00 04 91 24 1E 78
45 00 00 3F 85 9F 40 00 40 11 EB 2F 93 20 53 35 93 20 50 69 9A 88 00 35 00 2B CA 1B 07 9C 01 00 00 01 00 00 00 00 00 00 04 61 70 70 73 08 66 61 63 65 62 6F 6F 6B 03 63 6F 6D 00 00 01 00 01
45 00 00 39 85 9F 40 00 40 11 EB 35 93 20 53 35 93 20 50 69 63 A1 00 35 00 25 CA 15 96 64 01 00 00 01 00 00 00 00 00 00 03 64 65 6C 04 69 63 69 6F 02 75 73 00 00 01 00 01
45 00 00 36 85 9F 40 00 40 11 EB 38 93 20 53 35 93 20 50 69 32 FB 00 35 00 22 CA 12 C8 D6 01 00 00 01 00 00 00 00 00 00 04 64 69 67 67 03 63 6F 6D 00 00 01 00 01
45 00 00 BD 01 CD 00 00 40 11 AE 84 93 20 50 69 93 20 53 35 00 35 9A 88 00 A9 13 4B 07 9C 81 80 00 01 00 03 00 02 00 02 04 61 70 70 73 08 66 61 63 65 62 6F 6F 6B 03 63 6F 6D 00 00 01 00 01 C0 0C 00 05 00 01 00 00 0D 7A 00 07 04 73 74 61 72 C0 11 C0 2F 00 05 00 01 00 00 0D 7A 00 0C 04 73 74 61 72 04 63 31 30 72 C0 11 C0 42 00 01 00 01 00 00 00 3C 00 04 AD FC 64 1B C0 47 00 02 00 01 00 01 B4 17 00 07 01 61 02 6E 73 C0 47 C0 47 00 02 00 01 00 01 B4 17 00 04 01 62 C0 6C C0 6A 00 01 00 01 00 01 B4 17 00 04 45 AB EF 0B C0 7D 00 01 00 01 00 01 B4 17 00 04 45 AB FF 0B
45 00 00 39 85 A3 40 00 40 11 EB 31 93 20 53 35 93 20 50 69 42 61 00 35 00 25 CA 15 E9 63 01 00 00 01 00 00 00 00 00 00 07 74 77 69 74 74 65 72 03 63 6F 6D 00 00 01 00 01
45 00 01 0F 01 D4 00 00 40 11 AE 2B 93 20 50 69 93 20 53 35 00 35 32 FB 00 FB 66 98 C8 D6 81 80 00 01 00 01 00 04 00 04 04 64 69 67 67 03 63 6F 6D 00 00 01 00 01 C0 0C 00 01 00 01 00 00 00 3C 00 04 32 12 68 1B C0 0C 00 02 00 01 00 02 4D 32 00 16 06 6E 73 2D 39 32 39 09 61 77 73 64 6E 73 2D 35 32 03 6E 65 74 00 C0 0C 00 02 00 01 00 02 4D 32 00 17 07 6E 73 2D 31 31 33 31 09 61 77 73 64 6E 73 2D 31 33 03 6F 72 67 00 C0 0C 00 02 00 01 00 02 4D 32 00 19 07 6E 73 2D 31 38 38 36 09 61 77 73 64 6E 73 2D 34 33 02 63 6F 02 75 6B 00 C0 0C 00 02 00 01 00 02 4D 32 00 13 06 6E 73 2D 31 34 37 09 61 77 73 64 6E 73 2D 31 38 C0 11 C0 A0 00 01 00 01 00 02 4D 32 00 04 CD FB C0 93 C0 36 00 01 00 01 00 02 4D 32 00 04 CD FB C3 A1 C0 58 00 01 00 01 00 02 3A 0F 00 04 CD FB C4 6B C0 7B 00 01 00 01 00 02 4D 32 00 04 CD FB C7 5E
45 00 00 3E 85 A6 40 00 40 11 EB 29 93 20 53 35 93 20 50 69 5A E6 00 35 00 2A CA 1A 23 5A 01 00 00 01 00 00 00 00 00 00 03 77 77 77 08 66 61 63 65 62 6F 6F 6B 03 63 6F 6D 00 00 01 00 01
45 00 00 A9 01 D6 00 00 40 11 AE 8F 93 20 50 69 93 20 53 35 00 35 5A E6 00 95 D4 97 23 5A 81 80 00 01 00 02 00 02 00 02 03 77 77 77 08 66 61 63 65 62 6F 6F 6B 03 63 6F 6D 00 00 01 00 01 C0 0C 00 05 00 01 00 00 01 9D 00 0C 04 73 74 61 72 04 63 31 30 72 C0 10 C0 2E 00 01 00 01 00 00 00 3C 00 04 AD FC 64 1B C0 33 00 02 00 01 00 01 B4 17 00 07 01 62 02 6E 73 C0 33 C0 33 00 02 00 01 00 01 B4 17 00 04 01 61 C0 58 C0 69 00 01 00 01 00 01 B4 17 00 04 45 AB EF 0B C0 56 00 01 00 01 00 01 B4 17 00 04 45 AB FF 0B
45 00 00 FF 01 DA 00 00 40 11 AE 35 93 20 50 69 93 20 53 35 00 35 42 61 00 EB 07 4A E9 63 81 80 00 01 00 03 00 04 00 04 07 74 77 69 74 74 65 72 03 63 6F 6D 00 00 01 00 01 C0 0C 00 01 00 01 00 00 00 1E 00 04 C7 10 9C 66 C0 0C 00 01 00 01 00 00 00 1E 00 04 C7 10 9C 46 C0 0C 00 01 00 01 00 00 00 1E 00 04 C7 10 9C C6 C0 0C 00 02 00 01 00 00 63 9B 00 14 03 6E 73 32 03 70 33 34 06 64 79 6E 65 63 74 03 6E 65 74 00 C0 0C 00 02 00 01 00 00 63 9B 00 06 03 6E 73 34 C0 5D C0 0C 00 02 00 01 00 00 63 9B 00 06 03 6E 73 33 C0 5D C0 0C 00 02 00 01 00 00 63 9B 00 06 03 6E 73 31 C0 5D C0 9D 00 01 00 01 00 00 63 9B 00 04 D0 4E 46 22 C0 59 00 01 00 01 00 00 63 9B 00 04 CC 0D FA 22 C0 8B 00 01 00 01 00 00 63 9B 00 04 D0 4E 47 22 C0 79 00 01 00 01 00 00 63 9B 00 04 CC 0D FB 22
45 00 02 08 02 25 00 00 40 11 AC E1 93 20 50 69 93 20 53 35 00 35 63 A1 01 F4 AC F2 96 64 81 80 00 01 00 08 00 08 00 08 03 64 65 6C 04 69 63 69 6F 02 75 73 00 00 01 00 01 C0 0C 00 05 00 01 00 00 00 EE 00 2B 0D 61 70 69 2D 36 38 38 32 36 31 34 30 30 09 75 73 2D 77 65 73 74 2D 31 03 65 6C 62 09 61 6D 61 7A 6F 6E 61 77 73 03 63 6F 6D 00 C0 29 00 01 00 01 00 00 00 3C 00 04 32 12 FD C6 C0 29 00 01 00 01 00 00 00 3C 00 04 32 12 99 E5 C0 29 00 01 00 01 00 00 00 3C 00 04 32 12 9B 0D C0 29 00 01 00 01 00 00 00 3C 00 04 B8 48 28 00 C0 29 00 01 00 01 00 00 00 3C 00 04 B8 A9 9A B9 C0 29 00 01 00 01 00 00 00 3C 00 04 32 12 99 1D C0 29 00 01 00 01 00 00 00 3C 00 04 B8 48 3E C8 C0 29 00 02 00 01 00 00 06 CA 00 09 06 6E 73 2D 39 33 35 C0 45 C0 29 00 02 00 01 00 00 06 CA 00 09 06 6E 73 2D 39 34 37 C0 45 C0 29 00 02 00 01 00 00 06 CA 00 09 06 6E 73 2D 39 32 35 C0 45 C0 29 00 02 00 01 00 00 06 CA 00 09 06 6E 73 2D 39 34 31 C0 45 C0 29 00 02 00 01 00 00 06 CA 00 09 06 6E 73 2D 39 31 36 C0 45 C0 29 00 02 00 01 00 00 06 CA 00 09 06 6E 73 2D 39 33 34 C0 45 C0 29 00 02 00 01 00 00 06 CA 00 09 06 6E 73 2D 39 32 37 C0 45 C0 29 00 02 00 01 00 00 06 CA 00 09 06 6E 73 2D 39 34 34 C0 45 C1 24 00 01 00 01 00 00 02 D7 00 04 CF AB B2 07 C0 FA 00 01 00 01 00 00 01 AB 00 04 48 15 D0 D5 C1 4E 00 01 00 01 00 00 01 AB 00 04 48 15 CC D1 C1 39 00 01 00 01 00 00 01 AB 00 04 57 EE 54 D7 C0 D0 00 01 00 01 00 00 01 AB 00 04 57 EE 50 D5 C1 0F 00 01 00 01 00 00 27 F0 00 04 CC F6 A0 05 C1 63 00 01 00 01 00 00 21 BB 00 04 CD FB E4 06 C0 E5 00 01 00 01 00 00 01 AB 00 04 CC F6 A2 0A
45 00 00 4B 87 EC 40 00 40 11 E8 D6 93 20 53 35 93 20 50 69 1C F8 00 35 00 37 CA 27 2D 83 01 00 00 01 00 00 00 00 00 00 10 66 62 63 64 6E 2D 70 68 6F 74 6F 73 2D 67 2D 61 08 61 6B 61 6D 61 69 68 64 03 6E 65 74 00 00 01 00 01
45 00 00 4A 87 EC 40 00 40 11 E8 D7 93 20 53 35 93 20 50 69 85 3C 00 35 00 36 CA 26 C9 CB 01 00 00 01 00 00 00 00 00 00 0F 66 62 63 64 6E 2D 70 72 6F 66 69 6C 65 2D 61 08 61 6B 61 6D 61 69 68 64 03 6E 65 74 00 00 01 00 01
45 00 00 45 87 EC 40 00 40 11 E8 DC 93 20 53 35 93 20 50 69 AA 8D 00 35 00 31 CA 21 DC 85 01 00 00 01 00 00 00 00 00 00 0A 66 62 73 74 61 74 69 63 2D 61 08 61 6B 61 6D 61 69 68 64 03 6E 65 74 00 00 01 00 01
45 00 00 45 87 EC 40 00 40 11 E8 DC 93 20 53 35 93 20 50 69 86 98 00 35 00 31 CA 21 AE 39 01 00 00 01 00 00 00 00 00 00 0A 73 63 6F 6E 74 65 6E 74 2D 61 02 78 78 05 66 62 63 64 6E 03 6E 65 74 00 00 01 00 01
45 00 00 45 87 EC 40 00 40 11 E8 DC 93 20 53 35 93 20 50 69 4A EC 00 35 00 31 CA 21 5C 59 01 00 00 01 00 00 00 00 00 00 0A 73 63 6F 6E 74 65 6E 74 2D 62 02 78 78 05 66 62 63 64 6E 03 6E 65 74 00 00 01 00 01
45 00 02 1B 02 DE 00 00 40 11 AC 15 93 20 50 69 93 20 53 35 00 35 1C F8 02 07 60 3A 2D 83 81 80 00 01 00 07 00 08 00 07 10 66 62 63 64 6E 2D 70 68 6F 74 6F 73 2D 67 2D 61 08 61 6B 61 6D 61 69 68 64 03 6E 65 74 00 00 01 00 01 C0 0C 00 05 00 01 00 00 00 81 00 2A 10 66 62 63 64 6E 2D 70 68 6F 74 6F 73 2D 67 2D 61 08 61 6B 61 6D 61 69 68 64 03 6E 65 74 09 65 64 67 65 73 75 69 74 65 C0 26 C0 3B 00 05 00 01 00 00 00 81 00 16 05 61 31 39 30 36 06 64 73 70 6D 6D 31 06 61 6B 61 6D 61 69 C0 26 C0 71 00 01 00 01 00 00 00 14 00 04 17 3E ED 19 C0 71 00 01 00 01 00 00 00 14 00 04 17 3E ED 27 C0 71 00 01 00 01 00 00 00 14 00 04 17 3E ED 10 C0 71 00 01 00 01 00 00 00 14 00 04 17 3E ED 18 C0 71 00 01 00 01 00 00 00 14 00 04 17 3E ED 37 C0 77 00 02 00 01 00 00 4E 2E 00 0B 08 6E 37 64 73 70 6D 6D 31 C0 7E C0 77 00 02 00 01 00 00 4E 2E 00 0B 08 6E 35 64 73 70 6D 6D 31 C0 7E C0 77 00 02 00 01 00 00 4E 2E 00 0B 08 6E 32 64 73 70 6D 6D 31 C0 7E C0 77 00 02 00 01 00 00 4E 2E 00 0B 08 6E 33 64 73 70 6D 6D 31 C0 7E C0 77 00 02 00 01 00 00 4E 2E 00 0B 08 6E 30 64 73 70 6D 6D 31 C0 7E C0 77 00 02 00 01 00 00 4E 2E 00 0B 08 6E 34 64 73 70 6D 6D 31 C0 7E C0 77 00 02 00 01 00 00 4E 2E 00 0B 08 6E 36 64 73 70 6D 6D 31 C0 7E C0 77 00 02 00 01 00 00 4E 2E 00 0B 08 6E 31 64 73 70 6D 6D 31 C0 7E C1 3F 00 01 00 01 00 00 4E 2E 00 04 C3 71 E8 57 C1 84 00 01 00 01 00 00 21 26 00 04 17 3E ED 74 C1 11 00 01 00 01 00 00 4B 56 00 04 58 DD 51 C0 C1 28 00 01 00 01 00 00 4E 2E 00 04 50 EF C8 2F C1 56 00 01 00 01 00 00 21 26 00 04 50 EF C8 2E C0 FA 00 01 00 01 00 00 A2 8E 00 04 50 EF 94 5C C1 6D 00 01 00 01 00 00 4E 2E 00 04 50 EF 94 63
45 00 02 12 02 E1 00 00 40 11 AC 1B 93 20 50 69 93 20 53 35 00 35 85 3C 01 FE AE C9 C9 CB 81 80 00 01 00 0C 00 08 00 00 0F 66 62 63 64 6E 2D 70 72 6F 66 69 6C 65 2D 61 08 61 6B 61 6D 61 69 68 64 03 6E 65 74 00 00 01 00 01 C0 0C 00 05 00 01 00 00 00 EC 00 29 0F 66 62 63 64 6E 2D 70 72 6F 66 69 6C 65 2D 61 08 61 6B 61 6D 61 69 68 64 03 6E 65 74 09 65 64 67 65 73 75 69 74 65 C0 25 C0 3A 00 05 00 01 00 00 00 B4 00 2F 0F 66 62 63 64 6E 2D 70 72 6F 66 69 6C 65 2D 61 02 61 6B 05 66 62 63 64 6E 08 61 6B 61 6D 61 69 68 64 03 6E 65 74 06 61 6B 61 64 6E 73 C0 25 C0 6F 00 05 00 01 00 00 00 3C 00 14 05 61 32 30 34 37 04 64 73 70 6C 06 61 6B 61 6D 61 69 C0 25 C0 AA 00 01 00 01 00 00 00 14 00 04 17 3E ED 38 C0 AA 00 01 00 01 00 00 00 14 00 04 17 3E ED 1E C0 AA 00 01 00 01 00 00 00 14 00 04 17 3E ED 07 C0 AA 00 01 00 01 00 00 00 14 00 04 17 3E ED 27 C0 AA 00 01 00 01 00 00 00 14 00 04 17 3E ED 10 C0 AA 00 01 00 01 00 00 00 14 00 04 17 3E ED 48 C0 AA 00 01 00 01 00 00 00 14 00 04 17 3E ED 4F C0 AA 00 01 00 01 00 00 00 14 00 04 17 3E ED 0F C0 AA 00 01 00 01 00 00 00 14 00 04 17 3E ED 2E C0 B0 00 02 00 01 00 00 4B 11 00 09 06 6E 33 64 73 70 6C C0 B5 C0 B0 00 02 00 01 00 00 4B 11 00 09 06 6E 37 64 73 70 6C C0 B5 C0 B0 00 02 00 01 00 00 4B 11 00 09 06 6E 30 64 73 70 6C C0 B5 C0 B0 00 02 00 01 00 00 4B 11 00 09 06 6E 34 64 73 70 6C C0 B5 C0 B0 00 02 00 01 00 00 4B 11 00 09 06 6E 31 64 73 70 6C C0 B5 C0 B0 00 02 00 01 00 00 4B 11 00 09 06 6E 32 64 73 70 6C C0 B5 C0 B0 00 02 00 01 00 00 4B 11 00 09 06 6E 35 64 73 70 6C C0 B5 C0 B0 00 02 00 01 00 00 4B 11 00 09 06 6E 36 64 73 70 6C C0 B5
45 00 00 98 02 E2 00 00 40 11 AD 94 93 20 50 69 93 20 53 35 00 35 86 98 00 84 8E 8E AE 39 81 80 00 01 00 01 00 02 00 02 0A 73 63 6F 6E 74 65 6E 74 2D 61 02 78 78 05 66 62 63 64 6E 03 6E 65 74 00 00 01 00 01 C0 0C 00 01 00 01 00 00 00 3C 00 04 1F 0D 45 37 C0 17 00 02 00 01 00 02 45 96 00 07 01 61 02 6E 73 C0 17 C0 17 00 02 00 01 00 02 45 96 00 04 01 62 C0 47 C0 45 00 01 00 01 00 02 45 96 00 04 45 AB EF 0B C0 58 00 01 00 01 00 02 45 96 00 04 45 AB FF 0B
45 00 00 98 02 E3 00 00 40 11 AD 93 93 20 50 69 93 20 53 35 00 35 4A EC 00 84 0B 12 5C 59 81 80 00 01 00 01 00 02 00 02 0A 73 63 6F 6E 74 65 6E 74 2D 62 02 78 78 05 66 62 63 64 6E 03 6E 65 74 00 00 01 00 01 C0 0C 00 01 00 01 00 00 00 3C 00 04 1F 0D 4E 47 C0 17 00 02 00 01 00 02 45 96 00 07 01 61 02 6E 73 C0 17 C0 17 00 02 00 01 00 02 45 96 00 04 01 62 C0 47 C0 45 00 01 00 01 00 02 45 96 00 04 45 AB EF 0B C0 58 00 01 00 01 00 02 45 96 00 04 45 AB FF 0B
45 00 01 E9 02 E4 00 00 40 11 AC 41 93 20 50 69 93 20 53 35 00 35 AA 8D 01 D5 7D C9 DC 85 81 80 00 01 00 04 00 08 00 08 0A 66 62 73 74 61 74 69 63 2D 61 08 61 6B 61 6D 61 69 68 64 03 6E 65 74 00 00 01 00 01 C0 0C 00 05 00 01 00 00 00 EC 00 24 0A 66 62 73 74 61 74 69 63 2D 61 08 61 6B 61 6D 61 69 68 64 03 6E 65 74 09 65 64 67 65 73 75 69 74 65 C0 20 C0 35 00 05 00 01 00 00 00 20 00 14 05 61 31 31 36 38 04 64 73 77 34 06 61 6B 61 6D 61 69 C0 20 C0 65 00 01 00 01 00 00 00 14 00 04 C3 71 E8 48 C0 65 00 01 00 01 00 00 00 14 00 04 C3 71 E8 59 C0 6B 00 02 00 01 00 00 4A BC 00 09 06 61 30 64 73 77 34 C0 70 C0 6B 00 02 00 01 00 00 4A BC 00 09 06 6E 32 64 73 77 34 C0 70 C0 6B 00 02 00 01 00 00 4A BC 00 09 06 6E 30 64 73 77 34 C0 70 C0 6B 00 02 00 01 00 00 4A BC 00 09 06 6E 31 64 73 77 34 C0 70 C0 6B 00 02 00 01 00 00 4A BC 00 09 06 6E 35 64 73 77 34 C0 70 C0 6B 00 02 00 01 00 00 4A BC 00 09 06 6E 36 64 73 77 34 C0 70 C0 6B 00 02 00 01 00 00 4A BC 00 09 06 6E 33 64 73 77 34 C0 70 C0 6B 00 02 00 01 00 00 4A BC 00 09 06 6E 34 64 73 77 34 C0 70 C0 A5 00 1C 00 01 00 00 9F 1C 00 10 2A 02 26 F0 00 32 F0 00 F5 07 01 B3 92 93 51 DA C0 CF 00 01 00 01 00 00 4A BC 00 04 5C 7A D9 05 C0 E4 00 01 00 01 00 00 74 EC 00 04 D5 FE F5 0A C0 BA 00 01 00 01 00 00 4A BC 00 04 50 EF CE 85 C1 23 00 01 00 01 00 00 74 EC 00 04 58 DD 51 C3 C1 38 00 01 00 01 00 00 9F 1C 00 04 5C 7A D9 04 C0 F9 00 01 00 01 00 00 4A BC 00 04 5C 7A D9 0C C1 0E 00 01 00 01 00 00 74 EC 00 04 5C 7A D9 0A
45 00 00 3D 8E B9 40 00 40 11 E2 17 93 20 53 35 93 20 50 69 38 B6 00 35 00 29 CA 19 37 06 01 00 00 01 00 00 00 00 00 00 04 70 6C 61 79 06 67 6F 6F 67 6C 65 03 63 6F 6D 00 00 01 00 01
45 00 01 CA 03 2D 00 00 40 11 AC 17 93 20 50 69 93 20 53 35 00 35 38 B6 01 B6 ED 21 37 06 81 80 00 01 00 10 00 04 00 04 04 70 6C 61 79 06 67 6F 6F 67 6C 65 03 63 6F 6D 00 00 01 00 01 C0 0C 00 05 00 01 00 00 00 8D 00 09 04 77 77 77 33 01 6C C0 11 C0 2D 00 01 00 01 00 00 01 2C 00 04 C3 71 D6 E2 C0 2D 00 01 00 01 00 00 01 2C 00 04 C3 71 D6 D7 C0 2D 00 01 00 01 00 00 01 2C 00 04 C3 71 D6 F9 C0 2D 00 01 00 01 00 00 01 2C 00 04 C3 71 D6 DE C0 2D 00 01 00 01 00 00 01 2C 00 04 C3 71 D6 CF C0 2D 00 01 00 01 00 00 01 2C 00 04 C3 71 D6 FB C0 2D 00 01 00 01 00 00 01 2C 00 04 C3 71 D6 F5 C0 2D 00 01 00 01 00 00 01 2C 00 04 C3 71 D6 DB C0 2D 00 01 00 01 00 00 01 2C 00 04 C3 71 D6 E6 C0 2D 00 01 00 01 00 00 01 2C 00 04 C3 71 D6 DD C0 2D 00 01 00 01 00 00 01 2C 00 04 C3 71 D6 ED C0 2D 00 01 00 01 00 00 01 2C 00 04 C3 71 D6 F1 C0 2D 00 01 00 01 00 00 01 2C 00 04 C3 71 D6 EC C0 2D 00 01 00 01 00 00 01 2C 00 04 C3 71 D6 EA C0 2D 00 01 00 01 00 00 01 2C 00 04 C3 71 D6 D3 C0 11 00 02 00 01 00 01 B3 9B 00 06 03 6E 73 34 C0 11 C0 11 00 02 00 01 00 01 B3 9B 00 06 03 6E 73 31 C0 11 C0 11 00 02 00 01 00 01 B3 9B 00 06 03 6E 73 32 C0 11 C0 11 00 02 00 01 00 01 B3 9B 00 06 03 6E 73 33 C0 11 C1 44 00 01 00 01 00 04 56 9B 00 04 D8 EF 20 0A C1 56 00 01 00 01 00 04 56 9B 00 04 D8 EF 22 0A C1 68 00 01 00 01 00 04 56 9B 00 04 D8 EF 24 0A C1 32 00 01 00 01 00 04 56 9B 00 04 D8 EF 26 0A
45 00 00 3D B9 CE 40 00 40 11 B7 02 93 20 53 35 93 20 50 69 E2 11 00 35 00 29 CA 19 58 60 01 00 00 01 00 00 00 00 00 00 03 77 77 77 08 76 61 73 65 6C 69 67 61 02 63 7A 00 00 01 00 01
45 00 00 D8 05 AD 00 00 40 11 AA 89 93 20 50 69 93 20 53 35 00 35 E2 11 00 C4 E0 43 58 60 81 80 00 01 00 02 00 03 00 03 03 77 77 77 08 76 61 73 65 6C 69 67 61 02 63 7A 00 00 01 00 01 C0 0C 00 05 00 01 00 00 06 3B 00 02 C0 10 C0 10 00 01 00 01 00 00 06 3B 00 04 5E 7C 69 17 C0 10 00 02 00 01 00 00 0D 43 00 0F 02 6E 73 06 66 6F 72 70 73 69 03 6E 65 74 00 C0 10 00 02 00 01 00 00 0D 43 00 0E 02 6E 73 06 66 6F 72 70 73 69 02 69 74 00 C0 10 00 02 00 01 00 00 0D 43 00 0C 02 6E 73 06 66 6F 72 70 73 69 C0 19 C0 80 00 01 00 01 00 00 27 4A 00 04 51 02 D1 B9 C0 66 00 01 00 01 00 00 05 E5 00 04 3E 95 E6 57 C0 4B 00 01 00 01 00 01 B3 73 00 04 51 02 C2 82
45 00 00 3D BA 9E 40 00 40 11 B6 32 93 20 53 35 93 20 50 69 A3 9E 00 35 00 29 CA 19 DE 0D 01 00 00 01 00 00 00 00 00 00 03 77 77 77 08 76 61 73 65 6C 69 67 61 02 63 7A 00 00 01 00 01
45 00 00 D8 06 6D 00 00 40 11 A9 C9 93 20 50 69 93 20 53 35 00 35 A3 9E 00 C4 2C 84 DE 0D 81 80 00 01 00 02 00 03 00 03 03 77 77 77 08 76 61 73 65 6C 69 67 61 02 63 7A 00 00 01 00 01 C0 0C 00 05 00 01 00 00 06 3A 00 02 C0 10 C0 10 00 01 00 01 00 00 06 3A 00 04 5E 7C 69 17 C0 10 00 02 00 01 00 00 0D 42 00 0C 02 6E 73 06 66 6F 72 70 73 69 C0 19 C0 10 00 02 00 01 00 00 0D 42 00 0E 02 6E 73 06 66 6F 72 70 73 69 02 69 74 00 C0 10 00 02 00 01 00 00 0D 42 00 0F 02 6E 73 06 66 6F 72 70 73 69 03 6E 65 74 00 C0 4B 00 01 00 01 00 00 27 49 00 04 51 02 D1 B9 C0 63 00 01 00 01 00 00 05 E4 00 04 3E 95 E6 57 C0 7D 00 01 00 01 00 01 B3 72 00 04 51 02 C2 82
45 00 00 3D BC 1F 40 00 40 11 B4 B1 93 20 53 35 93 20 50 69 10 2F 00 35 00 29 CA 19 82 4A 01 00 00 01 00 00 00 00 00 00 03 73 73 6C 07 67 73 74 61 74 69 63 03 63 6F 6D 00 00 01 00 01
45 00 00 DC 06 A8 00 00 40 11 A9 8A 93 20 50 69 93 20 53 35 00 35 10 2F 00 C8 35 8E 82 4A 81 80 00 01 00 01 00 04 00 04 03 73 73 6C 07 67 73 74 61 74 69 63 03 63 6F 6D 00 00 01 00 01 C0 0C 00 01 00 01 00 00 01 15 00 04 AD C2 23 4F C0 10 00 02 00 01 00 01 B3 6D 00 0D 03 6E 73 34 06 67 6F 6F 67 6C 65 C0 18 C0 10 00 02 00 01 00 01 B3 6D 00 06 03 6E 73 32 C0 41 C0 10 00 02 00 01 00 01 B3 6D 00 06 03 6E 73 33 C0 41 C0 10 00 02 00 01 00 01 B3 6D 00 06 03 6E 73 31 C0 41 C0 7A 00 01 00 01 00 04 56 6D 00 04 D8 EF 20 0A C0 56 00 01 00 01 00 04 56 6D 00 04 D8 EF 22 0A C0 68 00 01 00 01 00 04 56 6D 00 04 D8 EF 24 0A C0 3D 00 01 00 01 00 04 56 6D 00 04 D8 EF 26 0A
45 00 00 3C BC 2A 40 00 40 11 B4 A7 93 20 53 35 93 20 50 69 AC F2 00 35 00 28 CA 18 93 65 01 00 00 01 00 00 00 00 00 00 03 77 77 77 06 67 6F 6F 67 6C 65 03 63 6F 6D 00 00 01 00 01
45 00 01 14 06 A9 00 00 40 11 A9 51 93 20 50 69 93 20 53 35 00 35 AC F2 01 00 8B C6 93 65 81 80 00 01 00 05 00 04 00 04 03 77 77 77 06 67 6F 6F 67 6C 65 03 63 6F 6D 00 00 01 00 01 C0 0C 00 01 00 01 00 00 01 2A 00 04 AD C2 71 B2 C0 0C 00 01 00 01 00 00 01 2A 00 04 AD C2 71 B0 C0 0C 00 01 00 01 00 00 01 2A 00 04 AD C2 71 B1 C0 0C 00 01 00 01 00 00 01 2A 00 04 AD C2 71 B3 C0 0C 00 01 00 01 00 00 01 2A 00 04 AD C2 71 B4 C0 10 00 02 00 01 00 01 B3 6D 00 06 03 6E 73 32 C0 10 C0 10 00 02 00 01 00 01 B3 6D 00 06 03 6E 73 31 C0 10 C0 10 00 02 00 01 00 01 B3 6D 00 06 03 6E 73 34 C0 10 C0 10 00 02 00 01 00 01 B3 6D 00 06 03 6E 73 33 C0 10 C0 8E 00 01 00 01 00 04 56 6D 00 04 D8 EF 20 0A C0 7C 00 01 00 01 00 04 56 6D 00 04 D8 EF 22 0A C0 B2 00 01 00 01 00 04 56 6D 00 04 D8 EF 24 0A C0 A0 00 01 00 01 00 04 56 6D 00 04 D8 EF 26 0A
45 00 00 3E CA A2 40 00 40 11 A6 2D 93 20 53 35 93 20 50 69 B0 98 00 35 00 2A CA 1A 79 E3 01 00 00 01 00 00 00 00 00 00 03 65 65 73 08 65 6C 73 65 76 69 65 72 03 63 6F 6D 00 00 01 00 01
45 00 00 BC 07 5B 00 00 40 11 A8 F7 93 20 50 69 93 20 53 35 00 35 B0 98 00 A8 23 E4 79 E3 81 80 00 01 00 02 00 02 00 02 03 65 65 73 08 65 6C 73 65 76 69 65 72 03 63 6F 6D 00 00 01 00 01 C0 0C 00 05 00 01 00 00 0A 73 00 0A 07 67 73 73 70 72 6F 64 C0 10 C0 2E 00 01 00 01 00 00 00 05 00 04 91 24 D7 B4 C0 2E 00 02 00 01 00 00 0A 73 00 10 0D 73 65 75 6B 6F 78 66 61 67 73 73 30 31 C0 10 C0 2E 00 02 00 01 00 00 0A 73 00 10 0D 73 65 75 6B 72 65 61 61 67 73 73 30 31 C0 10 C0 54 00 01 00 01 00 00 0A 73 00 04 91 24 D6 A4 C0 70 00 01 00 01 00 00 0A 73 00 04 91 24 1E 78
45 00 00 3E CD B4 40 00 40 11 A3 1B 93 20 53 35 93 20 50 69 95 E0 00 35 00 2A CA 1A FE 5A 01 00 00 01 00 00 00 00 00 00 03 77 77 77 08 66 61 63 65 62 6F 6F 6B 03 63 6F 6D 00 00 01 00 01
45 00 00 A9 07 A7 00 00 40 11 A8 BE 93 20 50 69 93 20 53 35 00 35 95 E0 00 95 9A 30 FE 5A 81 80 00 01 00 02 00 02 00 02 03 77 77 77 08 66 61 63 65 62 6F 6F 6B 03 63 6F 6D 00 00 01 00 01 C0 0C 00 05 00 01 00 00 01 54 00 0C 04 73 74 61 72 04 63 31 30 72 C0 10 C0 2E 00 01 00 01 00 00 00 3B 00 04 AD FC 64 1B C0 33 00 02 00 01 00 01 B3 CE 00 07 01 62 02 6E 73 C0 33 C0 33 00 02 00 01 00 01 B3 CE 00 04 01 61 C0 58 C0 69 00 01 00 01 00 01 B3 CE 00 04 45 AB EF 0B C0 56 00 01 00 01 00 01 B3 CE 00 04 45 AB FF 0B
45 00 00 3F CD C0 40 00 40 11 A3 0E 93 20 53 35 93 20 50 69 2D B3 00 35 00 2B CA 1B A6 A2 01 00 00 01 00 00 00 00 00 00 04 61 70 70 73 08 66 61 63 65 62 6F 6F 6B 03 63 6F 6D 00 00 01 00 01
45 00 00 BD 07 A8 00 00 40 11 A8 A9 93 20 50 69 93 20 53 35 00 35 2D B3 00 A9 06 AD A6 A2 81 80 00 01 00 03 00 02 00 02 04 61 70 70 73 08 66 61 63 65 62 6F 6F 6B 03 63 6F 6D 00 00 01 00 01 C0 0C 00 05 00 01 00 00 0D 31 00 07 04 73 74 61 72 C0 11 C0 2F 00 05 00 01 00 00 0D 31 00 0C 04 73 74 61 72 04 63 31 30 72 C0 11 C0 42 00 01 00 01 00 00 00 3B 00 04 AD FC 64 1B C0 47 00 02 00 01 00 01 B3 CE 00 07 01 62 02 6E 73 C0 47 C0 47 00 02 00 01 00 01 B3 CE 00 04 01 61 C0 6C C0 7D 00 01 00 01 00 01 B3 CE 00 04 45 AB EF 0B C0 6A 00 01 00 01 00 01 B3 CE 00 04 45 AB FF 0B
45 00 00 4B CD C0 40 00 40 11 A3 02 93 20 53 35 93 20 50 69 4B 02 00 35 00 37 CA 27 F0 68 01 00 00 01 00 00 00 00 00 00 10 66 62 63 64 6E 2D 70 68 6F 74 6F 73 2D 67 2D 61 08 61 6B 61 6D 61 69 68 64 03 6E 65 74 00 00 01 00 01
45 00 00 45 CD C0 40 00 40 11 A3 08 93 20 53 35 93 20 50 69 44 5A 00 35 00 31 CA 21 3F 41 01 00 00 01 00 00 00 00 00 00 0A 66 62 73 74 61 74 69 63 2D 61 08 61 6B 61 6D 61 69 68 64 03 6E 65 74 00 00 01 00 01
45 00 00 45 CD C0 40 00 40 11 A3 08 93 20 53 35 93 20 50 69 B0 1A 00 35 00 31 CA 21 5B 5F 01 00 00 01 00 00 00 00 00 00 0A 73 63 6F 6E 74 65 6E 74 2D 61 02 78 78 05 66 62 63 64 6E 03 6E 65 74 00 00 01 00 01
45 00 02 1B 07 AC 00 00 40 11 A7 47 93 20 50 69 93 20 53 35 00 35 4B 02 02 07 A5 6D F0 68 81 80 00 01 00 07 00 08 00 07 10 66 62 63 64 6E 2D 70 68 6F 74 6F 73 2D 67 2D 61 08 61 6B 61 6D 61 69 68 64 03 6E 65 74 00 00 01 00 01 C0 0C 00 05 00 01 00 00 00 3A 00 2A 10 66 62 63 64 6E 2D 70 68 6F 74 6F 73 2D 67 2D 61 08 61 6B 61 6D 61 69 68 64 03 6E 65 74 09 65 64 67 65 73 75 69 74 65 C0 26 C0 3B 00 05 00 01 00 00 00 3A 00 16 05 61 31 39 30 36 06 64 73 70 6D 6D 31 06 61 6B 61 6D 61 69 C0 26 C0 71 00 01 00 01 00 00 00 14 00 04 17 3E ED 21 C0 71 00 01 00 01 00 00 00 14 00 04 17 3E ED 1F C0 71 00 01 00 01 00 00 00 14 00 04 17 3E ED 2E C0 71 00 01 00 01 00 00 00 14 00 04 17 3E ED 2F C0 71 00 01 00 01 00 00 00 14 00 04 17 3E ED 06 C0 77 00 02 00 01 00 00 4D E7 00 0B 08 6E 36 64 73 70 6D 6D 31 C0 7E C0 77 00 02 00 01 00 00 4D E7 00 0B 08 6E 35 64 73 70 6D 6D 31 C0 7E C0 77 00 02 00 01 00 00 4D E7 00 0B 08 6E 31 64 73 70 6D 6D 31 C0 7E C0 77 00 02 00 01 00 00 4D E7 00 0B 08 6E 30 64 73 70 6D 6D 31 C0 7E C0 77 00 02 00 01 00 00 4D E7 00 0B 08 6E 33 64 73 70 6D 6D 31 C0 7E C0 77 00 02 00 01 00 00 4D E7 00 0B 08 6E 34 64 73 70 6D 6D 31 C0 7E C0 77 00 02 00 01 00 00 4D E7 00 0B 08 6E 32 64 73 70 6D 6D 31 C0 7E C0 77 00 02 00 01 00 00 4D E7 00 0B 08 6E 37 64 73 70 6D 6D 31 C0 7E C1 28 00 01 00 01 00 00 4D E7 00 04 C3 71 E8 57 C1 11 00 01 00 01 00 00 20 DF 00 04 17 3E ED 74 C1 6D 00 01 00 01 00 00 4B 0F 00 04 58 DD 51 C0 C1 3F 00 01 00 01 00 00 4D E7 00 04 50 EF C8 2F C1 56 00 01 00 01 00 00 20 DF 00 04 50 EF C8 2E C0 FA 00 01 00 01 00 00 A2 47 00 04 50 EF 94 5C C0 E3 00 01 00 01 00 00 4D E7 00 04 50 EF 94 63
45 00 00 45 CD C1 40 00 40 11 A3 07 93 20 53 35 93 20 50 69 4B 59 00 35 00 31 CA 21 63 46 01 00 00 01 00 00 00 00 00 00 0A 73 63 6F 6E 74 65 6E 74 2D 62 02 78 78 05 66 62 63 64 6E 03 6E 65 74 00 00 01 00 01
45 00 00 98 07 AF 00 00 40 11 A8 C7 93 20 50 69 93 20 53 35 00 35 B0 1A 00 84 FE BC 5B 5F 81 80 00 01 00 01 00 02 00 02 0A 73 63 6F 6E 74 65 6E 74 2D 61 02 78 78 05 66 62 63 64 6E 03 6E 65 74 00 00 01 00 01 C0 0C 00 01 00 01 00 00 00 3C 00 04 1F 0D 45 37 C0 17 00 02 00 01 00 02 45 4F 00 07 01 62 02 6E 73 C0 17 C0 17 00 02 00 01 00 02 45 4F 00 04 01 61 C0 47 C0 58 00 01 00 01 00 02 45 4F 00 04 45 AB EF 0B C0 45 00 01 00 01 00 02 45 4F 00 04 45 AB FF 0B
45 00 00 98 07 B0 00 00 40 11 A8 C6 93 20 50 69 93 20 53 35 00 35 4B 59 00 84 4A 8E 63 46 81 80 00 01 00 01 00 02 00 02 0A 73 63 6F 6E 74 65 6E 74 2D 62 02 78 78 05 66 62 63 64 6E 03 6E 65 74 00 00 01 00 01 C0 0C 00 01 00 01 00 00 00 3C 00 04 1F 0D 4E 47 C0 17 00 02 00 01 00 02 45 4F 00 07 01 62 02 6E 73 C0 17 C0 17 00 02 00 01 00 02 45 4F 00 04 01 61 C0 47 C0 58 00 01 00 01 00 02 45 4F 00 04 45 AB EF 0B C0 45 00 01 00 01 00 02 45 4F 00 04 45 AB FF 0B
45 00 01 E9 07 B1 00 00 40 11 A7 74 93 20 50 69 93 20 53 35 00 35 44 5A 01 D5 D1 63 3F 41 81 80 00 01 00 04 00 08 00 08 0A 66 62 73 74 61 74 69 63 2D 61 08 61 6B 61 6D 61 69 68 64 03 6E 65 74 00 00 01 00 01 C0 0C 00 05 00 01 00 00 00 A5 00 24 0A 66 62 73 74 61 74 69 63 2D 61 08 61 6B 61 6D 61 69 68 64 03 6E 65 74 09 65 64 67 65 73 75 69 74 65 C0 20 C0 35 00 05 00 01 00 00 01 68 00 14 05 61 31 31 36 38 04 64 73 77 34 06 61 6B 61 6D 61 69 C0 20 C0 65 00 01 00 01 00 00 00 14 00 04 C3 71 E8 59 C0 65 00 01 00 01 00 00 00 14 00 04 C3 71 E8 48 C0 6B 00 02 00 01 00 00 4A 75 00 09 06 6E 32 64 73 77 34 C0 70 C0 6B 00 02 00 01 00 00 4A 75 00 09 06 61 30 64 73 77 34 C0 70 C0 6B 00 02 00 01 00 00 4A 75 00 09 06 6E 36 64 73 77 34 C0 70 C0 6B 00 02 00 01 00 00 4A 75 00 09 06 6E 31 64 73 77 34 C0 70 C0 6B 00 02 00 01 00 00 4A 75 00 09 06 6E 34 64 73 77 34 C0 70 C0 6B 00 02 00 01 00 00 4A 75 00 09 06 6E 30 64 73 77 34 C0 70 C0 6B 00 02 00 01 00 00 4A 75 00 09 06 6E 35 64 73 77 34 C0 70 C0 6B 00 02 00 01 00 00 4A 75 00 09 06 6E 33 64 73 77 34 C0 70 C0 BA 00 1C 00 01 00 00 9E D5 00 10 2A 02 26 F0 00 32 F0 00 F5 07 01 B3 92 93 51 DA C1 0E 00 01 00 01 00 00 4A 75 00 04 5C 7A D9 05 C0 E4 00 01 00 01 00 00 74 A5 00 04 D5 FE F5 0A C0 A5 00 01 00 01 00 00 4A 75 00 04 50 EF CE 85 C1 38 00 01 00 01 00 00 74 A5 00 04 58 DD 51 C3 C0 F9 00 01 00 01 00 00 9E D5 00 04 5C 7A D9 04 C1 23 00 01 00 01 00 00 4A 75 00 04 5C 7A D9 0C C0 CF 00 01 00 01 00 00 74 A5 00 04 5C 7A D9 0A
45 00 00 5C D2 E1 40 00 40 11 9D D0 93 20 53 35 93 20 50 69 74 21 00 35 00 48 CA 38 8A 96 01 00 00 01 00 00 00 00 00 00 18 69 6D 61 67 65 73 31 2D 66 6F 63 75 73 2D 6F 70 65 6E 73 6F 63 69 61 6C 11 67 6F 6F 67 6C 65 75 73 65 72 63 6F 6E 74 65 6E 74 03 63 6F 6D 00 00 01 00 01
45 00 01 38 07 F9 00 00 40 11 A7 DD 93 20 50 69 93 20 53 35 00 35 74 21 01 24 87 5E 8A 96 81 80 00 01 00 04 00 04 00 04 18 69 6D 61 67 65 73 31 2D 66 6F 63 75 73 2D 6F 70 65 6E 73 6F 63 69 61 6C 11 67 6F 6F 67 6C 65 75 73 65 72 63 6F 6E 74 65 6E 74 03 63 6F 6D 00 00 01 00 01 C0 0C 00 05 00 01 00 01 06 F1 00 11 0C 67 6F 6F 67 6C 65 68 6F 73 74 65 64 01 6C C0 25 C0 4C 00 01 00 01 00 00 00 47 00 04 AD C2 23 4A C0 4C 00 01 00 01 00 00 00 47 00 04 AD C2 23 4B C0 4C 00 01 00 01 00 00 00 47 00 04 AD C2 23 4C C0 25 00 02 00 01 00 01 B6 BC 00 0D 03 6E 73 32 06 67 6F 6F 67 6C 65 C0 37 C0 25 00 02 00 01 00 01 B6 BC 00 06 03 6E 73 33 C0 9D C0 25 00 02 00 01 00 01 B6 BC 00 06 03 6E 73 34 C0 9D C0 25 00 02 00 01 00 01 B6 BC 00 06 03 6E 73 31 C0 9D C0 D6 00 01 00 01 00 04 56 55 00 04 D8 EF 20 0A C0 99 00 01 00 01 00 04 56 55 00 04 D8 EF 22 0A C0 B2 00 01 00 01 00 04 56 55 00 04 D8 EF 24 0A C0 C4 00 01 00 01 00 04 56 55 00 04 D8 EF 26 0A
45 00 00 3E 12 EF 40 00 40 11 5D E1 93 20 53 35 93 20 50 69 E2 4D 00 35 00 2A CA 1A 32 8A 01 00 00 01 00 00 00 00 00 00 03 65 65 73 08 65 6C 73 65 76 69 65 72 03 63 6F 6D 00 00 01 00 01
45 00 00 BC 0B 30 00 00 40 11 A5 22 93 20 50 69 93 20 53 35 00 35 E2 4D 00 A8 3A FA 32 8A 81 80 00 01 00 02 00 02 00 02 03 65 65 73 08 65 6C 73 65 76 69 65 72 03 63 6F 6D 00 00 01 00 01 C0 0C 00 05 00 01 00 00 0A 29 00 0A 07 67 73 73 70 72 6F 64 C0 10 C0 2E 00 01 00 01 00 00 00 05 00 04 91 24 D7 B4 C0 2E 00 02 00 01 00 00 0A 29 00 10 0D 73 65 75 6B 6F 78 66 61 67 73 73 30 31 C0 10 C0 2E 00 02 00 01 00 00 0A 29 00 10 0D 73 65 75 6B 72 65 61 61 67 73 73 30 31 C0 10 C0 54 00 01 00 01 00 00 0A 29 00 04 91 24 D6 A4 C0 70 00 01 00 01 00 00 0A 29 00 04 91 24 1E 78
45 00 00 3D 45 A2 40 00 40 11 2B 2F 93 20 53 35 93 20 50 69 09 7C 00 35 00 29 CA 19 6F E3 01 00 00 01 00 00 00 00 00 00 03 77 77 77 08 76 61 73 65 6C 69 67 61 02 63 7A 00 00 01 00 01
45 00 00 D8 0F 18 00 00 40 11 A1 1E 93 20 50 69 93 20 53 35 00 35 09 7C 00 C4 59 1C 6F E3 81 80 00 01 00 02 00 03 00 03 03 77 77 77 08 76 61 73 65 6C 69 67 61 02 63 7A 00 00 01 00 01 C0 0C 00 05 00 01 00 00 05 AC 00 02 C0 10 C0 10 00 01 00 01 00 00 05 AC 00 04 5E 7C 69 17 C0 10 00 02 00 01 00 00 0C B4 00 0E 02 6E 73 06 66 6F 72 70 73 69 02 69 74 00 C0 10 00 02 00 01 00 00 0C B4 00 0F 02 6E 73 06 66 6F 72 70 73 69 03 6E 65 74 00 C0 10 00 02 00 01 00 00 0C B4 00 0C 02 6E 73 06 66 6F 72 70 73 69 C0 19 C0 80 00 01 00 01 00 00 26 BB 00 04 51 02 D1 B9 C0 4B 00 01 00 01 00 00 05 56 00 04 3E 95 E6 57 C0 65 00 01 00 01 00 01 B2 E4 00 04 51 02 C2 82
45 00 00 3D 47 2B 40 00 40 11 29 A6 93 20 53 35 93 20 50 69 63 52 00 35 00 29 CA 19 9E 27 01 00 00 01 00 00 00 00 00 00 03 77 77 77 08 76 61 73 65 6C 69 67 61 02 63 7A 00 00 01 00 01
45 00 00 D8 0F 32 00 00 40 11 A1 04 93 20 50 69 93 20 53 35 00 35 63 52 00 C4 7E 67 9E 27 81 80 00 01 00 02 00 03 00 03 03 77 77 77 08 76 61 73 65 6C 69 67 61 02 63 7A 00 00 01 00 01 C0 0C 00 05 00 01 00 00 05 AA 00 02 C0 10 C0 10 00 01 00 01 00 00 05 AA 00 04 5E 7C 69 17 C0 10 00 02 00 01 00 00 0C B2 00 0E 02 6E 73 06 66 6F 72 70 73 69 02 69 74 00 C0 10 00 02 00 01 00 00 0C B2 00 0C 02 6E 73 06 66 6F 72 70 73 69 C0 19 C0 10 00 02 00 01 00 00 0C B2 00 0F 02 6E 73 06 66 6F 72 70 73 69 03 6E 65 74 00 C0 65 00 01 00 01 00 00 26 B9 00 04 51 02 D1 B9 C0 4B 00 01 00 01 00 00 05 54 00 04 3E 95 E6 57 C0 7D 00 01 00 01 00 01 B2 E2 00 04 51 02 C2 82
45 00 00 3D 48 56 40 00 40 11 28 7B 93 20 53 35 93 20 50 69 15 C4 00 35 00 29 CA 19 07 63 01 00 00 01 00 00 00 00 00 00 04 6D 61 70 73 06 67 6F 6F 67 6C 65 03 63 6F 6D 00 00 01 00 01
45 00 01 CA 0F 48 00 00 40 11 9F FC 93 20 50 69 93 20 53 35 00 35 15 C4 01 B6 5F 98 07 63 81 80 00 01 00 10 00 04 00 04 04 6D 61 70 73 06 67 6F 6F 67 6C 65 03 63 6F 6D 00 00 01 00 01 C0 0C 00 05 00 01 00 08 D9 8C 00 09 04 6D 61 70 73 01 6C C0 11 C0 2D 00 01 00 01 00 00 01 2C 00 04 C3 71 D6 CF C0 2D 00 01 00 01 00 00 01 2C 00 04 C3 71 D6 D7 C0 2D 00 01 00 01 00 00 01 2C 00 04 C3 71 D6 E6 C0 2D 00 01 00 01 00 00 01 2C 00 04 C3 71 D6 FB C0 2D 00 01 00 01 00 00 01 2C 00 04 C3 71 D6 ED C0 2D 00 01 00 01 00 00 01 2C 00 04 C3 71 D6 F5 C0 2D 00 01 00 01 00 00 01 2C 00 04 C3 71 D6 EC C0 2D 00 01 00 01 00 00 01 2C 00 04 C3 71 D6 EA C0 2D 00 01 00 01 00 00 01 2C 00 04 C3 71 D6 E2 C0 2D 00 01 00 01 00 00 01 2C 00 04 C3 71 D6 DD C0 2D 00 01 00 01 00 00 01 2C 00 04 C3 71 D6 F1 C0 2D 00 01 00 01 00 00 01 2C 00 04 C3 71 D6 D3 C0 2D 00 01 00 01 00 00 01 2C 00 04 C3 71 D6 F9 C0 2D 00 01 00 01 00 00 01 2C 00 04 C3 71 D6 DB C0 2D 00 01 00 01 00 00 01 2C 00 04 C3 71 D6 DE C0 11 00 02 00 01 00 01 B2 DD 00 06 03 6E 73 32 C0 11 C0 11 00 02 00 01 00 01 B2 DD 00 06 03 6E 73 31 C0 11 C0 11 00 02 00 01 00 01 B2 DD 00 06 03 6E 73 33 C0 11 C0 11 00 02 00 01 00 01 B2 DD 00 06 03 6E 73 34 C0 11 C1 44 00 01 00 01 00 04 55 DD 00 04 D8 EF 20 0A C1 32 00 01 00 01 00 04 55 DD 00 04 D8 EF 22 0A C1 56 00 01 00 01 00 04 55 DD 00 04 D8 EF 24 0A C1 68 00 01 00 01 00 04 55 DD 00 04 D8 EF 26 0A
45 00 00 3E 48 B7 40 00 40 11 28 19 93 20 53 35 93 20 50 69 91 4F 00 35 00 2A CA 1A EE 3D 01 00 00 01 00 00 00 00 00 00 03 77 77 77 08 66 61 63 65 62 6F 6F 6B 03 63 6F 6D 00 00 01 00 01
45 00 00 A9 0F 51 00 00 40 11 A1 14 93 20 50 69 93 20 53 35 00 35 91 4F 00 95 29 0D EE 3D 81 80 00 01 00 02 00 02 00 02 03 77 77 77 08 66 61 63 65 62 6F 6F 6B 03 63 6F 6D 00 00 01 00 01 C0 0C 00 05 00 01 00 00 00 D6 00 0C 04 73 74 61 72 04 63 31 30 72 C0 10 C0 2E 00 01 00 01 00 00 00 0B 00 04 AD FC 64 1B C0 33 00 02 00 01 00 01 B3 50 00 07 01 61 02 6E 73 C0 33 C0 33 00 02 00 01 00 01 B3 50 00 04 01 62 C0 58 C0 56 00 01 00 01 00 01 B3 50 00 04 45 AB EF 0B C0 69 00 01 00 01 00 01 B3 50 00 04 45 AB FF 0B
45 00 00 3D 48 BA 40 00 40 11 28 17 93 20 53 35 93 20 50 69 D7 18 00 35 00 29 CA 19 2F AC 01 00 00 01 00 00 00 00 00 00 04 61 70 69 73 06 67 6F 6F 67 6C 65 03 63 6F 6D 00 00 01 00 01
45 00 00 3D 48 BA 40 00 40 11 28 17 93 20 53 35 93 20 50 69 FE 6B 00 35 00 29 CA 19 70 A1 01 00 00 01 00 00 00 00 00 00 03 63 73 69 07 67 73 74 61 74 69 63 03 63 6F 6D 00 00 01 00 01
45 00 00 DC 0F 52 00 00 40 11 A0 E0 93 20 50 69 93 20 53 35 00 35 FE 6B 00 C8 D8 F3 70 A1 81 80 00 01 00 01 00 04 00 04 03 63 73 69 07 67 73 74 61 74 69 63 03 63 6F 6D 00 00 01 00 01 C0 0C 00 01 00 01 00 00 01 0B 00 04 AD C2 2B 6F C0 10 00 02 00 01 00 01 B2 DD 00 0D 03 6E 73 32 06 67 6F 6F 67 6C 65 C0 18 C0 10 00 02 00 01 00 01 B2 DD 00 06 03 6E 73 33 C0 41 C0 10 00 02 00 01 00 01 B2 DD 00 06 03 6E 73 34 C0 41 C0 10 00 02 00 01 00 01 B2 DD 00 06 03 6E 73 31 C0 41 C0 7A 00 01 00 01 00 04 55 DD 00 04 D8 EF 20 0A C0 3D 00 01 00 01 00 04 55 DD 00 04 D8 EF 22 0A C0 56 00 01 00 01 00 04 55 DD 00 04 D8 EF 24 0A C0 68 00 01 00 01 00 04 55 DD 00 04 D8 EF 26 0A
45 00 00 3F 48 BC 40 00 40 11 28 13 93 20 53 35 93 20 50 69 68 17 00 35 00 2B CA 1B 99 ED 01 00 00 01 00 00 00 00 00 00 04 61 70 70 73 08 66 61 63 65 62 6F 6F 6B 03 63 6F 6D 00 00 01 00 01
45 00 00 BD 0F 54 00 00 40 11 A0 FD 93 20 50 69 93 20 53 35 00 35 68 17 00 A9 D2 2B 99 ED 81 80 00 01 00 03 00 02 00 02 04 61 70 70 73 08 66 61 63 65 62 6F 6F 6B 03 63 6F 6D 00 00 01 00 01 C0 0C 00 05 00 01 00 00 0C B3 00 07 04 73 74 61 72 C0 11 C0 2F 00 05 00 01 00 00 0C B3 00 0C 04 73 74 61 72 04 63 31 30 72 C0 11 C0 42 00 01 00 01 00 00 00 0B 00 04 AD FC 64 1B C0 47 00 02 00 01 00 01 B3 50 00 07 01 62 02 6E 73 C0 47 C0 47 00 02 00 01 00 01 B3 50 00 04 01 61 C0 6C C0 7D 00 01 00 01 00 01 B3 50 00 04 45 AB EF 0B C0 6A 00 01 00 01 00 01 B3 50 00 04 45 AB FF 0B
45 00 00 3D 48 BD 40 00 40 11 28 14 93 20 53 35 93 20 50 69 B7 BE 00 35 00 29 CA 19 5D AC 01 00 00 01 00 00 00 00 00 00 04 70 6C 61 79 06 67 6F 6F 67 6C 65 03 63 6F 6D 00 00 01 00 01
45 00 01 CA 0F 56 00 00 40 11 9F EE 93 20 50 69 93 20 53 35 00 35 D7 18 01 B6 27 8E 2F AC 81 80 00 01 00 10 00 04 00 04 04 61 70 69 73 06 67 6F 6F 67 6C 65 03 63 6F 6D 00 00 01 00 01 C0 0C 00 05 00 01 00 08 4D C4 00 09 04 70 6C 75 73 01 6C C0 11 C0 2D 00 01 00 01 00 00 01 2C 00 04 C3 71 D6 DE C0 2D 00 01 00 01 00 00 01 2C 00 04 C3 71 D6 F1 C0 2D 00 01 00 01 00 00 01 2C 00 04 C3 71 D6 E6 C0 2D 00 01 00 01 00 00 01 2C 00 04 C3 71 D6 D7 C0 2D 00 01 00 01 00 00 01 2C 00 04 C3 71 D6 ED C0 2D 00 01 00 01 00 00 01 2C 00 04 C3 71 D6 DB C0 2D 00 01 00 01 00 00 01 2C 00 04 C3 71 D6 FB C0 2D 00 01 00 01 00 00 01 2C 00 04 C3 71 D6 F5 C0 2D 00 01 00 01 00 00 01 2C 00 04 C3 71 D6 DD C0 2D 00 01 00 01 00 00 01 2C 00 04 C3 71 D6 F9 C0 2D 00 01 00 01 00 00 01 2C 00 04 C3 71 D6 D3 C0 2D 00 01 00 01 00 00 01 2C 00 04 C3 71 D6 CF C0 2D 00 01 00 01 00 00 01 2C 00 04 C3 71 D6 EA C0 2D 00 01 00 01 00 00 01 2C 00 04 C3 71 D6 E2 C0 2D 00 01 00 01 00 00 01 2C 00 04 C3 71 D6 EC C0 11 00 02 00 01 00 01 B2 DD 00 06 03 6E 73 34 C0 11 C0 11 00 02 00 01 00 01 B2 DD 00 06 03 6E 73 33 C0 11 C0 11 00 02 00 01 00 01 B2 DD 00 06 03 6E 73 32 C0 11 C0 11 00 02 00 01 00 01 B2 DD 00 06 03 6E 73 31 C0 11 C1 68 00 01 00 01 00 04 55 DD 00 04 D8 EF 20 0A C1 56 00 01 00 01 00 04 55 DD 00 04 D8 EF 22 0A C1 44 00 01 00 01 00 04 55 DD 00 04 D8 EF 24 0A C1 32 00 01 00 01 00 04 55 DD 00 04 D8 EF 26 0A
45 00 01 CA 0F 57 00 00 40 11 9F ED 93 20 50 69 93 20 53 35 00 35 B7 BE 01 B6 B9 84 5D AC 81 80 00 01 00 10 00 04 00 04 04 70 6C 61 79 06 67 6F 6F 67 6C 65 03 63 6F 6D 00 00 01 00 01 C0 0C 00 05 00 01 00 00 01 2C 00 09 04 77 77 77 33 01 6C C0 11 C0 2D 00 01 00 01 00 00 00 6E 00 04 C3 71 D6 D3 C0 2D 00 01 00 01 00 00 00 6E 00 04 C3 71 D6 D7 C0 2D 00 01 00 01 00 00 00 6E 00 04 C3 71 D6 DB C0 2D 00 01 00 01 00 00 00 6E 00 04 C3 71 D6 E2 C0 2D 00 01 00 01 00 00 00 6E 00 04 C3 71 D6 F1 C0 2D 00 01 00 01 00 00 00 6E 00 04 C3 71 D6 EA C0 2D 00 01 00 01 00 00 00 6E 00 04 C3 71 D6 DD C0 2D 00 01 00 01 00 00 00 6E 00 04 C3 71 D6 F5 C0 2D 00 01 00 01 00 00 00 6E 00 04 C3 71 D6 F9 C0 2D 00 01 00 01 00 00 00 6E 00 04 C3 71 D6 EC C0 2D 00 01 00 01 00 00 00 6E 00 04 C3 71 D6 CF C0 2D 00 01 00 01 00 00 00 6E 00 04 C3 71 D6 ED C0 2D 00 01 00 01 00 00 00 6E 00 04 C3 71 D6 E6 C0 2D 00 01 00 01 00 00 00 6E 00 04 C3 71 D6 FB C0 2D 00 01 00 01 00 00 00 6E 00 04 C3 71 D6 DE C0 11 00 02 00 01 00 01 B2 DD 00 06 03 6E 73 33 C0 11 C0 11 00 02 00 01 00 01 B2 DD 00 06 03 6E 73 34 C0 11 C0 11 00 02 00 01 00 01 B2 DD 00 06 03 6E 73 31 C0 11 C0 11 00 02 00 01 00 01 B2 DD 00 06 03 6E 73 32 C0 11 C1 56 00 01 00 01 00 04 55 DD 00 04 D8 EF 20 0A C1 68 00 01 00 01 00 04 55 DD 00 04 D8 EF 22 0A C1 32 00 01 00 01 00 04 55 DD 00 04 D8 EF 24 0A C1 44 00 01 00 01 00 04 55 DD 00 04 D8 EF 26 0A
45 00 00 4B 49 04 40 00 40 11 27 BF 93 20 53 35 93 20 50 69 37 32 00 35 00 37 CA 27 EC E2 01 00 00 01 00 00 00 00 00 00 10 66 62 63 64 6E 2D 70 68 6F 74 6F 73 2D 67 2D 61 08 61 6B 61 6D 61 69 68 64 03 6E 65 74 00 00 01 00 01
45 00 00 4A 49 04 40 00 40 11 27 C0 93 20 53 35 93 20 50 69 8C 70 00 35 00 36 CA 26 28 8C 01 00 00 01 00 00 00 00 00 00 0F 66 62 63 64 6E 2D 70 72 6F 66 69 6C 65 2D 61 08 61 6B 61 6D 61 69 68 64 03 6E 65 74 00 00 01 00 01
45 00 00 45 49 04 40 00 40 11 27 C5 93 20 53 35 93 20 50 69 B1 9E 00 35 00 31 CA 21 F7 DA 01 00 00 01 00 00 00 00 00 00 0A 66 62 73 74 61 74 69 63 2D 61 08 61 6B 61 6D 61 69 68 64 03 6E 65 74 00 00 01 00 01
45 00 00 45 49 04 40 00 40 11 27 C5 93 20 53 35 93 20 50 69 8B 3B 00 35 00 31 CA 21 C3 C6 01 00 00 01 00 00 00 00 00 00 0A 73 63 6F 6E 74 65 6E 74 2D 61 02 78 78 05 66 62 63 64 6E 03 6E 65 74 00 00 01 00 01
45 00 01 E9 0F 61 00 00 40 11 9F C4 93 20 50 69 93 20 53 35 00 35 B1 9E 01 D5 A4 83 F7 DA 81 80 00 01 00 04 00 08 00 08 0A 66 62 73 74 61 74 69 63 2D 61 08 61 6B 61 6D 61 69 68 64 03 6E 65 74 00 00 01 00 01 C0 0C 00 05 00 01 00 00 00 26 00 24 0A 66 62 73 74 61 74 69 63 2D 61 08 61 6B 61 6D 61 69 68 64 03 6E 65 74 09 65 64 67 65 73 75 69 74 65 C0 20 C0 35 00 05 00 01 00 00 00 E9 00 14 05 61 31 31 36 38 04 64 73 77 34 06 61 6B 61 6D 61 69 C0 20 C0 65 00 01 00 01 00 00 00 14 00 04 C3 71 E8 48 C0 65 00 01 00 01 00 00 00 14 00 04 C3 71 E8 59 C0 6B 00 02 00 01 00 00 49 F6 00 09 06 61 30 64 73 77 34 C0 70 C0 6B 00 02 00 01 00 00 49 F6 00 09 06 6E 32 64 73 77 34 C0 70 C0 6B 00 02 00 01 00 00 49 F6 00 09 06 6E 35 64 73 77 34 C0 70 C0 6B 00 02 00 01 00 00 49 F6 00 09 06 6E 36 64 73 77 34 C0 70 C0 6B 00 02 00 01 00 00 49 F6 00 09 06 6E 31 64 73 77 34 C0 70 C0 6B 00 02 00 01 00 00 49 F6 00 09 06 6E 34 64 73 77 34 C0 70 C0 6B 00 02 00 01 00 00 49 F6 00 09 06 6E 33 64 73 77 34 C0 70 C0 6B 00 02 00 01 00 00 49 F6 00 09 06 6E 30 64 73 77 34 C0 70 C0 A5 00 1C 00 01 00 00 9E 56 00 10 2A 02 26 F0 00 32 F0 00 F5 07 01 B3 92 93 51 DA C1 38 00 01 00 01 00 00 49 F6 00 04 5C 7A D9 05 C0 F9 00 01 00 01 00 00 74 26 00 04 D5 FE F5 0A C0 BA 00 01 00 01 00 00 49 F6 00 04 50 EF CE 85 C1 23 00 01 00 01 00 00 74 26 00 04 58 DD 51 C3 C1 0E 00 01 00 01 00 00 9E 56 00 04 5C 7A D9 04 C0 CF 00 01 00 01 00 00 49 F6 00 04 5C 7A D9 0C C0 E4 00 01 00 01 00 00 74 26 00 04 5C 7A D9 0A
45 00 00 45 49 06 40 00 40 11 27 C3 93 20 53 35 93 20 50 69 FE AA 00 35 00 31 CA 21 B0 7C 01 00 00 01 00 00 00 00 00 00 0A 73 63 6F 6E 74 65 6E 74 2D 62 02 78 78 05 66 62 63 64 6E 03 6E 65 74 00 00 01 00 01
45 00 02 12 0F 65 00 00 40 11 9F 97 93 20 50 69 93 20 53 35 00 35 8C 70 01 FE 5A B8 28 8C 81 80 00 01 00 0C 00 08 00 00 0F 66 62 63 64 6E 2D 70 72 6F 66 69 6C 65 2D 61 08 61 6B 61 6D 61 69 68 64 03 6E 65 74 00 00 01 00 01 C0 0C 00 05 00 01 00 00 00 26 00 29 0F 66 62 63 64 6E 2D 70 72 6F 66 69 6C 65 2D 61 08 61 6B 61 6D 61 69 68 64 03 6E 65 74 09 65 64 67 65 73 75 69 74 65 C0 25 C0 3A 00 05 00 01 00 00 00 B4 00 2F 0F 66 62 63 64 6E 2D 70 72 6F 66 69 6C 65 2D 61 02 61 6B 05 66 62 63 64 6E 08 61 6B 61 6D 61 69 68 64 03 6E 65 74 06 61 6B 61 64 6E 73 C0 25 C0 6F 00 05 00 01 00 00 00 3C 00 14 05 61 32 30 34 37 04 64 73 70 6C 06 61 6B 61 6D 61 69 C0 25 C0 AA 00 01 00 01 00 00 00 14 00 04 17 3E ED 1E C0 AA 00 01 00 01 00 00 00 14 00 04 17 3E ED 26 C0 AA 00 01 00 01 00 00 00 14 00 04 17 3E ED 27 C0 AA 00 01 00 01 00 00 00 14 00 04 17 3E ED 10 C0 AA 00 01 00 01 00 00 00 14 00 04 17 3E ED 41 C0 AA 00 01 00 01 00 00 00 14 00 04 17 3E ED 3F C0 AA 00 01 00 01 00 00 00 14 00 04 17 3E ED 50 C0 AA 00 01 00 01 00 00 00 14 00 04 17 3E ED 16 C0 AA 00 01 00 01 00 00 00 14 00 04 17 3E ED 0F C0 B0 00 02 00 01 00 00 4A 4B 00 09 06 6E 33 64 73 70 6C C0 B5 C0 B0 00 02 00 01 00 00 4A 4B 00 09 06 6E 30 64 73 70 6C C0 B5 C0 B0 00 02 00 01 00 00 4A 4B 00 09 06 6E 35 64 73 70 6C C0 B5 C0 B0 00 02 00 01 00 00 4A 4B 00 09 06 6E 32 64 73 70 6C C0 B5 C0 B0 00 02 00 01 00 00 4A 4B 00 09 06 6E 37 64 73 70 6C C0 B5 C0 B0 00 02 00 01 00 00 4A 4B 00 09 06 6E 31 64 73 70 6C C0 B5 C0 B0 00 02 00 01 00 00 4A 4B 00 09 06 6E 34 64 73 70 6C C0 B5 C0 B0 00 02 00 01 00 00 4A 4B 00 09 06 6E 36 64 73 70 6C C0 B5
45 00 00 98 0F 66 00 00 40 11 A1 10 93 20 50 69 93 20 53 35 00 35 8B 3B 00 84 4F B1 C3 C6 81 80 00 01 00 01 00 02 00 02 0A 73 63 6F 6E 74 65 6E 74 2D 61 02 78 78 05 66 62 63 64 6E 03 6E 65 74 00 00 01 00 01 C0 0C 00 01 00 01 00 00 00 3C 00 04 1F 0D 45 24 C0 17 00 02 00 01 00 02 44 D0 00 07 01 61 02 6E 73 C0 17 C0 17 00 02 00 01 00 02 44 D0 00 04 01 62 C0 47 C0 45 00 01 00 01 00 02 44 D0 00 04 45 AB EF 0B C0 58 00 01 00 01 00 02 44 D0 00 04 45 AB FF 0B
45 00 00 98 0F 69 00 00 40 11 A1 0D 93 20 50 69 93 20 53 35 00 35 FE AA 00 84 CA 83 B0 7C 81 80 00 01 00 01 00 02 00 02 0A 73 63 6F 6E 74 65 6E 74 2D 62 02 78 78 05 66 62 63 64 6E 03 6E 65 74 00 00 01 00 01 C0 0C 00 01 00 01 00 00 00 3C 00 04 1F 0D 4E 47 C0 17 00 02 00 01 00 02 44 D0 00 07 01 62 02 6E 73 C0 17 C0 17 00 02 00 01 00 02 44 D0 00 04 01 61 C0 47 C0 58 00 01 00 01 00 02 44 D0 00 04 45 AB EF 0B C0 45 00 01 00 01 00 02 44 D0 00 04 45 AB FF 0B
45 00 02 0B 0F 78 00 00 40 11 9F 8B 93 20 50 69 93 20 53 35 00 35 37 32 01 F7 C7 4D EC E2 81 80 00 01 00 05 00 08 00 08 10 66 62 63 64 6E 2D 70 68 6F 74 6F 73 2D 67 2D 61 08 61 6B 61 6D 61 69 68 64 03 6E 65 74 00 00 01 00 01 C0 0C 00 05 00 01 00 00 01 2C 00 2A 10 66 62 63 64 6E 2D 70 68 6F 74 6F 73 2D 67 2D 61 08 61 6B 61 6D 61 69 68 64 03 6E 65 74 09 65 64 67 65 73 75 69 74 65 C0 26 C0 3B 00 05 00 01 00 00 01 2C 00 16 05 61 31 39 30 36 06 64 73 70 6D 6D 31 06 61 6B 61 6D 61 69 C0 26 C0 71 00 01 00 01 00 00 00 14 00 04 17 3E ED 2F C0 71 00 01 00 01 00 00 00 14 00 04 17 3E ED 06 C0 71 00 01 00 01 00 00 00 14 00 04 17 3E ED 1F C0 77 00 02 00 01 00 00 4D 68 00 0B 08 6E 36 64 73 70 6D 6D 31 C0 7E C0 77 00 02 00 01 00 00 4D 68 00 0B 08 6E 31 64 73 70 6D 6D 31 C0 7E C0 77 00 02 00 01 00 00 4D 68 00 0B 08 6E 34 64 73 70 6D 6D 31 C0 7E C0 77 00 02 00 01 00 00 4D 68 00 0B 08 6E 37 64 73 70 6D 6D 31 C0 7E C0 77 00 02 00 01 00 00 4D 68 00 0B 08 6E 33 64 73 70 6D 6D 31 C0 7E C0 77 00 02 00 01 00 00 4D 68 00 0B 08 6E 30 64 73 70 6D 6D 31 C0 7E C0 77 00 02 00 01 00 00 4D 68 00 0B 08 6E 32 64 73 70 6D 6D 31 C0 7E C0 77 00 02 00 01 00 00 4D 68 00 0B 08 6E 35 64 73 70 6D 6D 31 C0 7E C1 36 00 01 00 01 00 00 4D 68 00 04 C3 71 E8 57 C0 DA 00 01 00 01 00 00 20 60 00 04 17 3E ED 74 C1 4D 00 01 00 01 00 00 4A 90 00 04 58 DD 51 C0 C1 1F 00 01 00 01 00 00 4D 68 00 04 50 EF C8 2F C0 F1 00 01 00 01 00 00 20 60 00 04 50 EF C8 2E C1 64 00 01 00 01 00 00 A1 C8 00 04 50 EF 94 5C C0 C3 00 01 00 01 00 00 4D 68 00 04 50 EF 94 63 C1 08 00 01 00 01 00 00 77 98 00 04 50 EF 94 5D
45 00 00 42 4A 04 40 00 40 11 26 C8 93 20 53 35 93 20 50 69 36 22 00 35 00 2E CA 1E 93 18 01 00 00 01 00 00 00 00 00 00 09 74 72 61 6E 73 6C 61 74 65 06 67 6F 6F 67 6C 65 03 63 6F 6D 00 00 01 00 01
45 00 01 CF 0F 7F 00 00 40 11 9F C0 93 20 50 69 93 20 53 35 00 35 36 22 01 BB 61 F7 93 18 81 80 00 01 00 10 00 04 00 04 09 74 72 61 6E 73 6C 61 74 65 06 67 6F 6F 67 6C 65 03 63 6F 6D 00 00 01 00 01 C0 0C 00 05 00 01 00 08 4A B4 00 09 04 77 77 77 33 01 6C C0 16 C0 32 00 01 00 01 00 00 00 6C 00 04 C3 71 D6 ED C0 32 00 01 00 01 00 00 00 6C 00 04 C3 71 D6 DD C0 32 00 01 00 01 00 00 00 6C 00 04 C3 71 D6 E6 C0 32 00 01 00 01 00 00 00 6C 00 04 C3 71 D6 F5 C0 32 00 01 00 01 00 00 00 6C 00 04 C3 71 D6 F1 C0 32 00 01 00 01 00 00 00 6C 00 04 C3 71 D6 E2 C0 32 00 01 00 01 00 00 00 6C 00 04 C3 71 D6 F9 C0 32 00 01 00 01 00 00 00 6C 00 04 C3 71 D6 D7 C0 32 00 01 00 01 00 00 00 6C 00 04 C3 71 D6 EA C0 32 00 01 00 01 00 00 00 6C 00 04 C3 71 D6 EC C0 32 00 01 00 01 00 00 00 6C 00 04 C3 71 D6 CF C0 32 00 01 00 01 00 00 00 6C 00 04 C3 71 D6 DE C0 32 00 01 00 01 00 00 00 6C 00 04 C3 71 D6 FB C0 32 00 01 00 01 00 00 00 6C 00 04 C3 71 D6 DB C0 32 00 01 00 01 00 00 00 6C 00 04 C3 71 D6 D3 C0 16 00 02 00 01 00 01 B2 DB 00 06 03 6E 73 34 C0 16 C0 16 00 02 00 01 00 01 B2 DB 00 06 03 6E 73 32 C0 16 C0 16 00 02 00 01 00 01 B2 DB 00 06 03 6E 73 33 C0 16 C0 16 00 02 00 01 00 01 B2 DB 00 06 03 6E 73 31 C0 16 C1 6D 00 01 00 01 00 04 55 DB 00 04 D8 EF 20 0A C1 49 00 01 00 01 00 04 55 DB 00 04 D8 EF 22 0A C1 5B 00 01 00 01 00 04 55 DB 00 04 D8 EF 24 0A C1 37 00 01 00 01 00 04 55 DB 00 04 D8 EF 26 0A
45 00 00 39 4F 95 40 00 40 11 21 40 93 20 53 35 93 20 50 69 A3 00 00 35 00 25 CA 15 16 D8 01 00 00 01 00 00 00 00 00 00 03 64 65 6C 04 69 63 69 6F 02 75 73 00 00 01 00 01
45 00 00 36 4F 95 40 00 40 11 21 43 93 20 53 35 93 20 50 69 7F 0D 00 35 00 22 CA 12 9F 50 01 00 00 01 00 00 00 00 00 00 04 64 69 67 67 03 63 6F 6D 00 00 01 00 01
45 00 00 39 4F 95 40 00 40 11 21 40 93 20 53 35 93 20 50 69 7F 08 00 35 00 25 CA 15 2D 02 01 00 00 01 00 00 00 00 00 00 07 74 77 69 74 74 65 72 03 63 6F 6D 00 00 01 00 01
45 00 00 FF 0F D8 00 00 40 11 A0 37 93 20 50 69 93 20 53 35 00 35 7F 08 00 EB 17 0B 2D 02 81 80 00 01 00 03 00 04 00 04 07 74 77 69 74 74 65 72 03 63 6F 6D 00 00 01 00 01 C0 0C 00 01 00 01 00 00 00 1E 00 04 C7 10 9C 06 C0 0C 00 01 00 01 00 00 00 1E 00 04 C7 10 9C E6 C0 0C 00 01 00 01 00 00 00 1E 00 04 C7 10 9C 66 C0 0C 00 02 00 01 00 00 62 CD 00 14 03 6E 73 33 03 70 33 34 06 64 79 6E 65 63 74 03 6E 65 74 00 C0 0C 00 02 00 01 00 00 62 CD 00 06 03 6E 73 32 C0 5D C0 0C 00 02 00 01 00 00 62 CD 00 06 03 6E 73 31 C0 5D C0 0C 00 02 00 01 00 00 62 CD 00 06 03 6E 73 34 C0 5D C0 8B 00 01 00 01 00 00 62 CD 00 04 D0 4E 46 22 C0 79 00 01 00 01 00 00 62 CD 00 04 CC 0D FA 22 C0 59 00 01 00 01 00 00 62 CD 00 04 D0 4E 47 22 C0 9D 00 01 00 01 00 00 62 CD 00 04 CC 0D FB 22
45 00 02 08 0F D9 00 00 40 11 9F 2D 93 20 50 69 93 20 53 35 00 35 A3 00 01 F4 0B BD 16 D8 81 80 00 01 00 08 00 08 00 08 03 64 65 6C 04 69 63 69 6F 02 75 73 00 00 01 00 01 C0 0C 00 05 00 01 00 00 00 20 00 2B 0D 61 70 69 2D 36 38 38 32 36 31 34 30 30 09 75 73 2D 77 65 73 74 2D 31 03 65 6C 62 09 61 6D 61 7A 6F 6E 61 77 73 03 63 6F 6D 00 C0 29 00 01 00 01 00 00 00 3C 00 04 B8 A9 9A B9 C0 29 00 01 00 01 00 00 00 3C 00 04 B8 48 3E C8 C0 29 00 01 00 01 00 00 00 3C 00 04 32 12 9B 0D C0 29 00 01 00 01 00 00 00 3C 00 04 32 12 99 E5 C0 29 00 01 00 01 00 00 00 3C 00 04 32 12 FD C6 C0 29 00 01 00 01 00 00 00 3C 00 04 32 12 99 1D C0 29 00 01 00 01 00 00 00 3C 00 04 B8 48 28 00 C0 29 00 02 00 01 00 00 05 FC 00 09 06 6E 73 2D 39 34 31 C0 45 C0 29 00 02 00 01 00 00 05 FC 00 09 06 6E 73 2D 39 32 35 C0 45 C0 29 00 02 00 01 00 00 05 FC 00 09 06 6E 73 2D 39 33 35 C0 45 C0 29 00 02 00 01 00 00 05 FC 00 09 06 6E 73 2D 39 31 36 C0 45 C0 29 00 02 00 01 00 00 05 FC 00 09 06 6E 73 2D 39 33 34 C0 45 C0 29 00 02 00 01 00 00 05 FC 00 09 06 6E 73 2D 39 34 37 C0 45 C0 29 00 02 00 01 00 00 05 FC 00 09 06 6E 73 2D 39 34 34 C0 45 C0 29 00 02 00 01 00 00 05 FC 00 09 06 6E 73 2D 39 32 37 C0 45 C1 0F 00 01 00 01 00 00 02 09 00 04 CF AB B2 07 C0 E5 00 01 00 01 00 00 00 DD 00 04 48 15 D0 D5 C1 63 00 01 00 01 00 00 00 DD 00 04 48 15 CC D1 C1 24 00 01 00 01 00 00 00 DD 00 04 57 EE 54 D7 C0 FA 00 01 00 01 00 00 00 DD 00 04 57 EE 50 D5 C0 D0 00 01 00 01 00 00 27 22 00 04 CC F6 A0 05 C1 4E 00 01 00 01 00 00 20 ED 00 04 CD FB E4 06 C1 39 00 01 00 01 00 00 00 DD 00 04 CC F6 A2 0A
45 00 01 0F 0F DA 00 00 40 11 A0 25 93 20 50 69 93 20 53 35 00 35 7F 0D 00 FB 0B 2B 9F 50 81 80 00 01 00 01 00 04 00 04 04 64 69 67 67 03 63 6F 6D 00 00 01 00 01 C0 0C 00 01 00 01 00 00 00 3C 00 04 32 12 A9 6A C0 0C 00 02 00 01 00 02 4C 64 00 16 06 6E 73 2D 39 32 39 09 61 77 73 64 6E 73 2D 35 32 03 6E 65 74 00 C0 0C 00 02 00 01 00 02 4C 64 00 17 07 6E 73 2D 31 31 33 31 09 61 77 73 64 6E 73 2D 31 33 03 6F 72 67 00 C0 0C 00 02 00 01 00 02 4C 64 00 19 07 6E 73 2D 31 38 38 36 09 61 77 73 64 6E 73 2D 34 33 02 63 6F 02 75 6B 00 C0 0C 00 02 00 01 00 02 4C 64 00 13 06 6E 73 2D 31 34 37 09 61 77 73 64 6E 73 2D 31 38 C0 11 C0 A0 00 01 00 01 00 02 4C 64 00 04 CD FB C0 93 C0 36 00 01 00 01 00 02 4C 64 00 04 CD FB C3 A1 C0 58 00 01 00 01 00 02 39 41 00 04 CD FB C4 6B C0 7B 00 01 00 01 00 02 4C 64 00 04 CD FB C7 5E
45 00 00 3E 5A 30 40 00 40 11 16 A0 93 20 53 35 93 20 50 69 94 11 00 35 00 2A CA 1A 68 94 01 00 00 01 00 00 00 00 00 00 03 65 65 73 08 65 6C 73 65 76 69 65 72 03 63 6F 6D 00 00 01 00 01
45 00 00 BC 10 89 00 00 40 11 9F C9 93 20 50 69 93 20 53 35 00 35 94 11 00 A8 54 99 68 94 81 80 00 01 00 02 00 02 00 02 03 65 65 73 08 65 6C 73 65 76 69 65 72 03 63 6F 6D 00 00 01 00 01 C0 0C 00 05 00 01 00 00 09 E0 00 0A 07 67 73 73 70 72 6F 64 C0 10 C0 2E 00 01 00 01 00 00 00 05 00 04 91 24 D7 B4 C0 2E 00 02 00 01 00 00 09 E0 00 10 0D 73 65 75 6B 72 65 61 61 67 73 73 30 31 C0 10 C0 2E 00 02 00 01 00 00 09 E0 00 10 0D 73 65 75 6B 6F 78 66 61 67 73 73 30 31 C0 10 C0 70 00 01 00 01 00 00 09 E0 00 04 91 24 D6 A4 C0 54 00 01 00 01 00 00 09 E0 00 04 91 24 1E 78
45 00 00 3E 69 46 40 00 40 11 07 8A 93 20 53 35 93 20 50 69 1C AA 00 35 00 2A CA 1A 17 98 01 00 00 01 00 00 00 00 00 00 03 63 64 6E 08 65 6C 73 65 76 69 65 72 03 63 6F 6D 00 00 01 00 01
45 00 00 46 69 46 40 00 40 11 07 82 93 20 53 35 93 20 50 69 B4 EE 00 35 00 32 CA 22 D9 85 01 00 00 01 00 00 00 00 00 00 03 77 77 77 10 67 6F 6F 67 6C 65 2D 61 6E 61 6C 79 74 69 63 73 03 63 6F 6D 00 00 01 00 01
45 00 01 EA 11 DB 00 00 40 11 9D 49 93 20 50 69 93 20 53 35 00 35 B4 EE 01 D6 FC 60 D9 85 81 80 00 01 00 10 00 04 00 04 03 77 77 77 10 67 6F 6F 67 6C 65 2D 61 6E 61 6C 79 74 69 63 73 03 63 6F 6D 00 00 01 00 01 C0 0C 00 05 00 01 00 00 EE DF 00 20 14 77 77 77 2D 67 6F 6F 67 6C 65 2D 61 6E 61 6C 79 74 69 63 73 01 6C 06 67 6F 6F 67 6C 65 C0 21 C0 36 00 01 00 01 00 00 00 59 00 04 C3 71 D6 E2 C0 36 00 01 00 01 00 00 00 59 00 04 C3 71 D6 EC C0 36 00 01 00 01 00 00 00 59 00 04 C3 71 D6 DB C0 36 00 01 00 01 00 00 00 59 00 04 C3 71 D6 D3 C0 36 00 01 00 01 00 00 00 59 00 04 C3 71 D6 DE C0 36 00 01 00 01 00 00 00 59 00 04 C3 71 D6 FB C0 36 00 01 00 01 00 00 00 59 00 04 C3 71 D6 EA C0 36 00 01 00 01 00 00 00 59 00 04 C3 71 D6 ED C0 36 00 01 00 01 00 00 00 59 00 04 C3 71 D6 D7 C0 36 00 01 00 01 00 00 00 59 00 04 C3 71 D6 F9 C0 36 00 01 00 01 00 00 00 59 00 04 C3 71 D6 E6 C0 36 00 01 00 01 00 00 00 59 00 04 C3 71 D6 CF C0 36 00 01 00 01 00 00 00 59 00 04 C3 71 D6 F5 C0 36 00 01 00 01 00 00 00 59 00 04 C3 71 D6 DD C0 36 00 01 00 01 00 00 00 59 00 04 C3 71 D6 F1 C0 4D 00 02 00 01 00 01 B2 BB 00 06 03 6E 73 33 C0 4D C0 4D 00 02 00 01 00 01 B2 BB 00 06 03 6E 73 32 C0 4D C0 4D 00 02 00 01 00 01 B2 BB 00 06 03 6E 73 34 C0 4D C0 4D 00 02 00 01 00 01 B2 BB 00 06 03 6E 73 31 C0 4D C1 88 00 01 00 01 00 04 55 BB 00 04 D8 EF 20 0A C1 64 00 01 00 01 00 04 55 BB 00 04 D8 EF 22 0A C1 52 00 01 00 01 00 04 55 BB 00 04 D8 EF 24 0A C1 76 00 01 00 01 00 04 55 BB 00 04 D8 EF 26 0A
45 00 01 AA 11 DC 00 00 40 11 9D 88 93 20 50 69 93 20 53 35 00 35 1C AA 01 96 F0 26 17 98 81 80 00 01 00 02 00 06 00 09 03 63 64 6E 08 65 6C 73 65 76 69 65 72 03 63 6F 6D 00 00 01 00 01 C0 0C 00 05 00 01 00 00 09 CF 00 22 0B 65 6C 73 65 76 69 65 72 63 64 6E 08 73 71 75 69 7A 6C 74 64 0A 6E 65 74 64 6E 61 2D 63 64 6E C0 19 C0 2E 00 01 00 01 00 00 01 2C 00 04 6C A1 BD 03 C0 43 00 02 00 01 00 00 FF DC 00 06 03 6E 73 32 C0 43 C0 43 00 02 00 01 00 00 FF DC 00 06 03 6E 73 31 C0 43 C0 43 00 02 00 01 00 00 FF DC 00 14 03 6E 73 31 03 70 31 35 06 64 79 6E 65 63 74 03 6E 65 74 00 C0 43 00 02 00 01 00 00 FF DC 00 06 03 6E 73 32 C0 94 C0 43 00 02 00 01 00 00 FF DC 00 06 03 6E 73 33 C0 94 C0 43 00 02 00 01 00 00 FF DC 00 06 03 6E 73 33 C0 43 C0 90 00 01 00 01 00 00 FA B8 00 04 D0 4E 46 0F C0 7E 00 01 00 01 00 02 51 5C 00 04 D0 5E 94 0D C0 7E 00 1C 00 01 00 02 51 5C 00 10 26 00 18 00 00 05 00 00 00 00 00 00 00 00 00 01 C0 B0 00 01 00 01 00 00 FA B8 00 04 CC 0D FA 0F C0 6C 00 01 00 01 00 02 51 5C 00 04 D0 50 7C 0D C0 6C 00 1C 00 01 00 00 FF DC 00 10 26 00 18 01 00 06 00 00 00 00 00 00 00 00 00 01 C0 C2 00 01 00 01 00 00 FA B8 00 04 D0 4E 47 0F C0 D4 00 01 00 01 00 02 51 5C 00 04 D0 50 7E 0D C0 D4 00 1C 00 01 00 02 51 5C 00 10 26 00 18 02 00 07 00 00 00 00 00 00 00 00 00 01
45 00 00 3F 77 B8 40 00 40 11 F9 16 93 20 53 35 93 20 50 69 5C 26 00 35 00 2B CA 1B 38 0D 01 00 00 01 00 00 00 00 00 00 03 77 77 77 06 67 6F 6F 67 6C 65 03 63 6F 6D 02 61 72 00 00 01 00 01
45 00 00 3D 77 B8 40 00 40 11 F9 18 93 20 53 35 93 20 50 69 F7 8D 00 35 00 29 CA 19 5A 26 01 00 00 01 00 00 00 00 00 00 03 77 77 77 07 67 73 74 61 74 69 63 03 63 6F 6D 00 00 01 00 01
45 00 00 DC 12 82 00 00 40 11 9D B0 93 20 50 69 93 20 53 35 00 35 F7 8D 00 C8 28 84 5A 26 81 80 00 01 00 01 00 04 00 04 03 77 77 77 07 67 73 74 61 74 69 63 03 63 6F 6D 00 00 01 00 01 C0 0C 00 01 00 01 00 00 01 25 00 04 AD C2 23 4F C0 10 00 02 00 01 00 01 B2 AD 00 0D 03 6E 73 33 06 67 6F 6F 67 6C 65 C0 18 C0 10 00 02 00 01 00 01 B2 AD 00 06 03 6E 73 32 C0 41 C0 10 00 02 00 01 00 01 B2 AD 00 06 03 6E 73 31 C0 41 C0 10 00 02 00 01 00 01 B2 AD 00 06 03 6E 73 34 C0 41 C0 68 00 01 00 01 00 04 55 AD 00 04 D8 EF 20 0A C0 56 00 01 00 01 00 04 55 AD 00 04 D8 EF 22 0A C0 3D 00 01 00 01 00 04 55 AD 00 04 D8 EF 24 0A C0 7A 00 01 00 01 00 04 55 AD 00 04 D8 EF 26 0A
45 00 01 01 12 A1 00 00 40 11 9D 6C 93 20 50 69 93 20 53 35 00 35 5C 26 00 ED 18 D5 38 0D 81 80 00 01 00 03 00 04 00 04 03 77 77 77 06 67 6F 6F 67 6C 65 03 63 6F 6D 02 61 72 00 00 01 00 01 C0 0C 00 01 00 01 00 00 01 2C 00 04 AD C2 71 B8 C0 0C 00 01 00 01 00 00 01 2C 00 04 AD C2 71 B7 C0 0C 00 01 00 01 00 00 01 2C 00 04 AD C2 71 BF C0 10 00 02 00 01 00 00 0E 10 00 10 03 6E 73 31 06 67 6F 6F 67 6C 65 03 63 6F 6D 00 C0 10 00 02 00 01 00 00 0E 10 00 06 03 6E 73 34 C0 63 C0 10 00 02 00 01 00 00 0E 10 00 06 03 6E 73 33 C0 63 C0 10 00 02 00 01 00 00 0E 10 00 06 03 6E 73 32 C0 63 C0 5F 00 01 00 01 00 04 55 AC 00 04 D8 EF 20 0A C0 9F 00 01 00 01 00 04 55 AC 00 04 D8 EF 22 0A C0 8D 00 01 00 01 00 04 55 AC 00 04 D8 EF 24 0A C0 7B 00 01 00 01 00 04 55 AC 00 04 D8 EF 26 0A
45 00 00 43 79 1C 40 00 40 11 F7 AE 93 20 53 35 93 20 50 69 D8 4C 00 35 00 2F CA 1F 6C 34 01 00 00 01 00 00 00 00 00 00 03 74 65 78 0D 73 74 61 63 6B 65 78 63 68 61 6E 67 65 03 63 6F 6D 00 00 01 00 01
45 00 00 41 79 1C 40 00 40 11 F7 B0 93 20 53 35 93 20 50 69 FD B3 00 35 00 2D CA 1D E6 23 01 00 00 01 00 00 00 00 00 00 04 61 6A 61 78 0A 67 6F 6F 67 6C 65 61 70 69 73 03 63 6F 6D 00 00 01 00 01
45 00 00 C5 12 AE 00 00 40 11 9D 9B 93 20 50 69 93 20 53 35 00 35 D8 4C 00 B1 34 38 6C 34 81 80 00 01 00 01 00 03 00 03 03 74 65 78 0D 73 74 61 63 6B 65 78 63 68 61 6E 67 65 03 63 6F 6D 00 00 01 00 01 C0 0C 00 01 00 01 00 00 01 0E 00 04 C6 FC CE 10 C0 10 00 02 00 01 00 00 00 E5 00 12 03 6E 73 33 0B 73 65 72 76 65 72 66 61 75 6C 74 C0 1E C0 10 00 02 00 01 00 00 00 E5 00 06 03 6E 73 32 C0 47 C0 10 00 02 00 01 00 00 00 E5 00 06 03 6E 73 31 C0 47 C0 73 00 01 00 01 00 02 54 5F 00 04 C6 FC CE 50 C0 61 00 01 00 01 00 02 54 5F 00 04 C6 FC CE 51 C0 43 00 01 00 01 00 00 00 E5 00 04 45 3B C4 D9
45 00 00 3D 79 1C 40 00 40 11 F7 B4 93 20 53 35 93 20 50 69 06 6A 00 35 00 29 CA 19 4D 89 01 00 00 01 00 00 00 00 00 00 03 63 64 6E 07 73 73 74 61 74 69 63 03 6E 65 74 00 00 01 00 01
45 00 00 41 79 1C 40 00 40 11 F7 B0 93 20 53 35 93 20 50 69 62 EB 00 35 00 2D CA 1D CF 1A 01 00 00 01 00 00 00 00 00 00 04 65 64 67 65 0A 71 75 61 6E 74 73 65 72 76 65 03 63 6F 6D 00 00 01 00 01
45 00 01 45 12 B0 00 00 40 11 9D 19 93 20 50 69 93 20 53 35 00 35 06 6A 01 31 24 71 4D 89 81 80 00 01 00 06 00 02 00 04 03 63 64 6E 07 73 73 74 61 74 69 63 03 6E 65 74 00 00 01 00 01 C0 0C 00 05 00 01 00 00 0D C9 00 1D 07 73 73 74 61 74 69 63 03 6E 65 74 03 63 64 6E 0A 63 6C 6F 75 64 66 6C 61 72 65 C0 18 C0 2D 00 01 00 01 00 00 00 E5 00 04 BE 5D F7 3A C0 2D 00 01 00 01 00 00 00 E5 00 04 BE 5D F6 3A C0 2D 00 01 00 01 00 00 00 E5 00 04 BE 5D F4 3A C0 2D 00 01 00 01 00 00 00 E5 00 04 8D 65 72 3B C0 2D 00 01 00 01 00 00 00 E5 00 04 BE 5D F5 3A C0 3D 00 02 00 01 00 02 40 01 00 18 04 66 72 65 64 02 6E 73 0A 63 6C 6F 75 64 66 6C 61 72 65 03 63 6F 6D 00 C0 3D 00 02 00 01 00 02 40 01 00 07 04 6A 65 61 6E C0 AB C0 A6 00 01 00 01 00 00 EE 81 00 04 AD F5 3B 71 C0 A6 00 1C 00 01 00 00 EE 81 00 10 24 00 CB 00 20 49 00 01 00 00 00 00 AD F5 3B 71 C0 CA 00 01 00 01 00 00 EE 81 00 04 AD F5 3A 79 C0 CA 00 1C 00 01 00 00 EE 81 00 10 24 00 CB 00 20 49 00 01 00 00 00 00 AD F5 3A 79
45 00 00 3F 79 1C 40 00 40 11 F7 B2 93 20 53 35 93 20 50 69 8E 14 00 35 00 2B CA 1B B3 6D 01 00 00 01 00 00 00 00 00 00 06 65 6E 67 69 6E 65 06 61 64 7A 65 72 6B 03 6E 65 74 00 00 01 00 01
45 00 00 42 79 1C 40 00 40 11 F7 AF 93 20 53 35 93 20 50 69 97 0B 00 35 00 2E CA 1E A9 53 01 00 00 01 00 00 00 00 00 00 05 70 69 78 65 6C 0A 71 75 61 6E 74 73 65 72 76 65 03 63 6F 6D 00 00 01 00 01
45 00 02 16 12 B3 00 00 40 11 9C 45 93 20 50 69 93 20 53 35 00 35 97 0B 02 02 C6 21 A9 53 81 80 00 01 00 0A 00 0A 00 02 05 70 69 78 65 6C 0A 71 75 61 6E 74 73 65 72 76 65 03 63 6F 6D 00 00 01 00 01 C0 0C 00 05 00 01 00 00 57 0F 00 22 06 6D 61 70 2D 70 62 0A 71 75 61 6E 74 73 65 72 76 65 03 63 6F 6D 06 61 6B 61 64 6E 73 03 6E 65 74 00 C0 32 00 05 00 01 00 00 04 9F 00 11 0E 61 6E 79 63 61 73 74 2D 65 75 72 6F 70 65 C0 39 C0 60 00 01 00 01 00 00 00 E5 00 04 5F AC 5E 2E C0 60 00 01 00 01 00 00 00 E5 00 04 5F AC 5E 0D C0 60 00 01 00 01 00 00 00 E5 00 04 5F AC 5E 23 C0 60 00 01 00 01 00 00 00 E5 00 04 5F AC 5E 3B C0 60 00 01 00 01 00 00 00 E5 00 04 5F AC 5E 2C C0 60 00 01 00 01 00 00 00 E5 00 04 5F AC 5E 1D C0 60 00 01 00 01 00 00 00 E5 00 04 5F AC 5E 25 C0 60 00 01 00 01 00 00 00 E5 00 04 5F AC 5E 31 C0 48 00 02 00 01 00 01 B3 08 00 15 08 6E 73 32 30 2D 31 33 31 06 61 6B 61 64 6E 73 03 6F 72 67 00 C0 48 00 02 00 01 00 01 B3 08 00 0A 07 6E 73 33 2D 31 33 31 C1 06 C0 48 00 02 00 01 00 01 B3 08 00 0A 07 6E 73 32 2D 31 33 31 C1 06 C0 48 00 02 00 01 00 01 B3 08 00 0A 07 6E 73 36 2D 31 33 31 C1 06 C0 48 00 02 00 01 00 01 B3 08 00 0A 07 6E 73 31 2D 31 32 39 C0 48 C0 48 00 02 00 01 00 01 B3 08 00 0A 07 6E 73 32 2D 31 32 39 C0 48 C0 48 00 02 00 01 00 01 B3 08 00 0A 07 6E 73 33 2D 31 32 39 C0 48 C0 48 00 02 00 01 00 01 B3 08 00 0B 08 6E 73 31 37 2D 31 33 33 C1 06 C0 48 00 02 00 01 00 01 B3 08 00 0A 07 6E 73 36 2D 31 32 39 C0 48 C0 48 00 02 00 01 00 01 B3 08 00 0B 08 6E 73 31 31 2D 31 32 38 C0 48 C1 60 00 01 00 01 00 01 B3 08 00 04 C1 6C 58 81 C1 76 00 01 00 01 00 01 B3 08 00 04 02 16 E6 81
45 00 01 E8 12 B4 00 00 40 11 9C 72 93 20 50 69 93 20 53 35 00 35 62 EB 01 D4 36 AF CF 1A 81 80 00 01 00 05 00 08 00 08 04 65 64 67 65 0A 71 75 61 6E 74 73 65 72 76 65 03 63 6F 6D 00 00 01 00 01 C0 0C 00 05 00 01 00 00 19 A8 00 22 06 6D 61 70 2D 6A 73 0A 71 75 61 6E 74 73 65 72 76 65 03 63 6F 6D 06 61 6B 61 64 6E 73 03 6E 65 74 00 C0 31 00 05 00 01 00 00 00 C6 00 20 04 65 64 67 65 0A 71 75 61 6E 74 73 65 72 76 65 03 63 6F 6D 09 65 64 67 65 73 75 69 74 65 C0 4E C0 5F 00 05 00 01 00 00 52 D2 00 11 05 61 31 38 31 31 01 67 06 61 6B 61 6D 61 69 C0 4E C0 8B 00 01 00 01 00 00 00 14 00 04 C3 71 E8 49 C0 8B 00 01 00 01 00 00 00 14 00 04 C3 71 E8 59 C0 91 00 02 00 01 00 00 13 F2 00 06 03 6E 30 67 C0 93 C0 91 00 02 00 01 00 00 13 F2 00 06 03 6E 36 67 C0 93 C0 91 00 02 00 01 00 00 13 F2 00 06 03 6E 31 67 C0 93 C0 91 00 02 00 01 00 00 13 F2 00 06 03 6E 33 67 C0 93 C0 91 00 02 00 01 00 00 13 F2 00 06 03 6E 35 67 C0 93 C0 91 00 02 00 01 00 00 13 F2 00 06 03 6E 32 67 C0 93 C0 91 00 02 00 01 00 00 13 F2 00 06 03 6E 34 67 C0 93 C0 91 00 02 00 01 00 00 13 F2 00 06 03 6E 37 67 C0 93 C0 C8 00 01 00 01 00 00 13 F2 00 04 C3 71 E8 56 C0 EC 00 01 00 01 00 00 3E 22 00 04 50 EF C8 2E C1 22 00 01 00 01 00 00 68 52 00 04 17 3E ED 73 C0 FE 00 01 00 01 00 00 13 F2 00 04 58 DD 51 C3 C1 34 00 01 00 01 00 00 3E 22 00 04 C3 71 E8 57 C1 10 00 01 00 01 00 00 68 52 00 04 50 EF 94 5C C0 DA 00 01 00 01 00 00 13 F2 00 04 C3 71 E8 5C C1 46 00 01 00 01 00 00 3E 22 00 04 C3 71 E8 55
45 00 00 3F 79 1D 40 00 40 11 F7 B1 93 20 53 35 93 20 50 69 7C F1 00 35 00 2B CA 1B 98 41 01 00 00 01 00 00 00 00 00 00 0D 73 74 61 63 6B 65 78 63 68 61 6E 67 65 03 63 6F 6D 00 00 01 00 01
45 00 00 3B 79 1D 40 00 40 11 F7 B5 93 20 53 35 93 20 50 69 94 D2 00 35 00 27 CA 17 BF 3B 01 00 00 01 00 00 00 00 00 00 09 73 74 61 63 6B 61 75 74 68 03 63 6F 6D 00 00 01 00 01
45 00 00 C1 12 B5 00 00 40 11 9D 98 93 20 50 69 93 20 53 35 00 35 7C F1 00 AD 19 7B 98 41 81 80 00 01 00 01 00 03 00 03 0D 73 74 61 63 6B 65 78 63 68 61 6E 67 65 03 63 6F 6D 00 00 01 00 01 C0 0C 00 01 00 01 00 00 00 E5 00 04 C6 FC CE 10 C0 0C 00 02 00 01 00 00 00 E5 00 12 03 6E 73 33 0B 73 65 72 76 65 72 66 61 75 6C 74 C0 1A C0 0C 00 02 00 01 00 00 00 E5 00 06 03 6E 73 32 C0 43 C0 0C 00 02 00 01 00 00 00 E5 00 06 03 6E 73 31 C0 43 C0 6F 00 01 00 01 00 02 54 5F 00 04 C6 FC CE 50 C0 5D 00 01 00 01 00 02 54 5F 00 04 C6 FC CE 51 C0 3F 00 01 00 01 00 00 00 E5 00 04 45 3B C4 D9
45 00 00 3E 79 1D 40 00 40 11 F7 B2 93 20 53 35 93 20 50 69 84 9B 00 35 00 2A CA 1A EA 63 01 00 00 01 00 00 00 00 00 00 03 77 77 77 08 67 72 61 76 61 74 61 72 03 63 6F 6D 00 00 01 00 01
45 00 00 B8 12 B7 00 00 40 11 9D 9F 93 20 50 69 93 20 53 35 00 35 84 9B 00 A4 D9 68 EA 63 81 80 00 01 00 02 00 02 00 02 03 77 77 77 08 67 72 61 76 61 74 61 72 03 63 6F 6D 00 00 01 00 01 C0 0C 00 05 00 01 00 00 11 81 00 1A 04 63 73 39 31 03 77 61 63 0B 65 64 67 65 63 61 73 74 63 64 6E 03 6E 65 74 00 C0 2E 00 01 00 01 00 00 07 1C 00 04 44 E8 23 79 C0 37 00 02 00 01 00 01 B3 21 00 06 03 6E 73 31 C0 37 C0 37 00 02 00 01 00 01 B3 21 00 06 03 6E 73 32 C0 37 C0 64 00 01 00 01 00 01 B3 21 00 04 48 15 50 05 C0 76 00 01 00 01 00 01 B3 21 00 04 48 15 50 06
45 00 00 FB 12 B9 00 00 40 11 9D 5A 93 20 50 69 93 20 53 35 00 35 FD B3 00 E7 69 E2 E6 23 81 80 00 01 00 02 00 04 00 04 04 61 6A 61 78 0A 67 6F 6F 67 6C 65 61 70 69 73 03 63 6F 6D 00 00 01 00 01 C0 0C 00 05 00 01 00 00 09 D5 00 16 0A 67 6F 6F 67 6C 65 61 70 69 73 01 6C 06 67 6F 6F 67 6C 65 C0 1C C0 31 00 01 00 01 00 00 01 2C 00 04 AD C2 46 5F C0 3E 00 02 00 01 00 01 B2 AB 00 06 03 6E 73 31 C0 3E C0 3E 00 02 00 01 00 01 B2 AB 00 06 03 6E 73 32 C0 3E C0 3E 00 02 00 01 00 01 B2 AB 00 06 03 6E 73 33 C0 3E C0 3E 00 02 00 01 00 01 B2 AB 00 06 03 6E 73 34 C0 3E C0 63 00 01 00 01 00 04 55 AB 00 04 D8 EF 20 0A C0 75 00 01 00 01 00 04 55 AB 00 04 D8 EF 22 0A C0 87 00 01 00 01 00 04 55 AB 00 04 D8 EF 24 0A C0 99 00 01 00 01 00 04 55 AB 00 04 D8 EF 26 0A
45 00 00 BD 12 BB 00 00 40 11 9D 96 93 20 50 69 93 20 53 35 00 35 94 D2 00 A9 91 7D BF 3B 81 80 00 01 00 01 00 03 00 03 09 73 74 61 63 6B 61 75 74 68 03 63 6F 6D 00 00 01 00 01 C0 0C 00 01 00 01 00 00 01 2C 00 04 C6 FC CE 15 C0 0C 00 02 00 01 00 00 01 2C 00 12 03 6E 73 33 0B 73 65 72 76 65 72 66 61 75 6C 74 C0 16 C0 0C 00 02 00 01 00 00 01 2C 00 06 03 6E 73 32 C0 3F C0 0C 00 02 00 01 00 00 01 2C 00 06 03 6E 73 31 C0 3F C0 6B 00 01 00 01 00 02 54 5F 00 04 C6 FC CE 50 C0 59 00 01 00 01 00 02 54 5F 00 04 C6 FC CE 51 C0 3B 00 01 00 01 00 00 00 E5 00 04 45 3B C4 D9
45 00 02 12 12 BC 00 00 40 11 9C 40 93 20 50 69 93 20 53 35 00 35 8E 14 01 FE 33 98 B3 6D 81 80 00 01 00 09 00 08 00 07 06 65 6E 67 69 6E 65 06 61 64 7A 65 72 6B 03 6E 65 74 00 00 01 00 01 C0 0C 00 05 00 01 00 00 0D C9 00 2F 11 65 6E 67 69 6E 65 33 2D 37 37 34 35 39 35 39 38 30 09 75 73 2D 65 61 73 74 2D 31 03 65 6C 62 09 61 6D 61 7A 6F 6E 61 77 73 03 63 6F 6D 00 C0 2F 00 01 00 01 00 00 00 3C 00 04 36 E1 AE 85 C0 2F 00 01 00 01 00 00 00 3C 00 04 17 17 68 FB C0 2F 00 01 00 01 00 00 00 3C 00 04 36 F3 74 44 C0 2F 00 01 00 01 00 00 00 3C 00 04 AE 81 E8 CF C0 2F 00 01 00 01 00 00 00 3C 00 04 17 15 9E 9E C0 2F 00 01 00 01 00 00 00 3C 00 04 36 F3 3B 11 C0 2F 00 01 00 01 00 00 00 3C 00 04 17 17 CE 7A C0 2F 00 01 00 01 00 00 00 3C 00 04 36 F3 9B 42 C0 2F 00 02 00 01 00 00 06 C1 00 09 06 6E 73 2D 39 32 37 C0 4F C0 2F 00 02 00 01 00 00 06 C1 00 09 06 6E 73 2D 39 34 37 C0 4F C0 2F 00 02 00 01 00 00 06 C1 00 09 06 6E 73 2D 39 33 35 C0 4F C0 2F 00 02 00 01 00 00 06 C1 00 09 06 6E 73 2D 39 34 31 C0 4F C0 2F 00 02 00 01 00 00 06 C1 00 09 06 6E 73 2D 39 32 35 C0 4F C0 2F 00 02 00 01 00 00 06 C1 00 09 06 6E 73 2D 39 33 34 C0 4F C0 2F 00 02 00 01 00 00 06 C1 00 09 06 6E 73 2D 39 34 34 C0 4F C0 2F 00 02 00 01 00 00 06 C1 00 09 06 6E 73 2D 39 31 36 C0 4F C1 7D 00 01 00 01 00 00 01 DE 00 04 CF AB B2 07 C1 3E 00 01 00 01 00 00 00 B2 00 04 48 15 D0 D5 C0 EA 00 01 00 01 00 00 00 B2 00 04 48 15 CC D1 C1 53 00 01 00 01 00 00 00 B2 00 04 57 EE 54 D7 C1 14 00 01 00 01 00 00 00 B2 00 04 57 EE 50 D5 C1 29 00 01 00 01 00 00 26 F7 00 04 CC F6 A0 05 C1 68 00 01 00 01 00 00 20 C2 00 04 CD FB E4 06
45 00 00 3A 79 82 40 00 40 11 F7 51 93 20 53 35 93 20 50 69 7C 31 00 35 00 26 CA 16 A9 B5 01 00 00 01 00 00 00 00 00 00 03 77 77 77 04 63 74 61 6E 03 6F 72 67 00 00 01 00 01
45 00 00 DA 12 BF 00 00 40 11 9D 75 93 20 50 69 93 20 53 35 00 35 7C 31 00 C6 1F A5 A9 B5 81 80 00 01 00 02 00 03 00 03 03 77 77 77 04 63 74 61 6E 03 6F 72 67 00 00 01 00 01 C0 0C 00 05 00 01 00 00 21 D2 00 11 06 63 6F 6D 65 64 79 05 64 61 6E 74 65 02 64 65 00 C0 2A 00 01 00 01 00 00 0E 10 00 04 B0 1C 36 B8 C0 31 00 02 00 01 00 00 0E 10 00 02 C0 2A C0 31 00 02 00 01 00 00 0E 10 00 0B 03 6E 73 32 04 65 74 65 73 C0 37 C0 31 00 02 00 01 00 00 0E 10 00 06 03 6E 73 33 C0 69 C0 65 00 01 00 01 00 01 3B 12 00 04 BC 5E 71 2F C0 65 00 1C 00 01 00 01 3B 12 00 10 2A 01 01 98 02 A0 00 00 00 00 00 00 00 00 00 47 C0 7C 00 01 00 01 00 01 3B 12 00 04 2E ED DC E6
45 00 00 3F 79 8D 40 00 40 11 F7 41 93 20 53 35 93 20 50 69 2A DF 00 35 00 2B CA 1B 41 DA 01 00 00 01 00 00 00 00 00 00 01 69 05 73 74 61 63 6B 05 69 6D 67 75 72 03 63 6F 6D 00 00 01 00 01
45 00 01 B0 12 C0 00 00 40 11 9C 9E 93 20 50 69 93 20 53 35 00 35 2A DF 01 9C AB 52 41 DA 81 80 00 01 00 0D 00 02 00 04 01 69 05 73 74 61 63 6B 05 69 6D 67 75 72 03 63 6F 6D 00 00 01 00 01 C0 0C 00 05 00 01 00 00 00 E5 00 1A 17 63 66 2D 73 73 6C 31 31 34 39 36 2D 70 72 6F 74 65 63 74 65 64 2D 69 C0 0E C0 2F 00 01 00 01 00 00 00 E5 00 04 67 1F 07 21 C0 2F 00 01 00 01 00 00 00 E5 00 04 67 1F 07 22 C0 2F 00 01 00 01 00 00 00 E5 00 04 67 1F 06 23 C0 2F 00 01 00 01 00 00 00 E5 00 04 67 1F 06 B8 C0 2F 00 01 00 01 00 00 00 E5 00 04 67 1F 07 1F C0 2F 00 01 00 01 00 00 00 E5 00 04 67 1F 06 20 C0 2F 00 01 00 01 00 00 00 E5 00 04 67 1F 06 22 C0 2F 00 01 00 01 00 00 00 E5 00 04 67 1F 07 B8 C0 2F 00 01 00 01 00 00 00 E5 00 04 67 1F 06 24 C0 2F 00 01 00 01 00 00 00 E5 00 04 67 1F 07 23 C0 2F 00 01 00 01 00 00 00 E5 00 04 67 1F 07 20 C0 2F 00 01 00 01 00 00 00 E5 00 04 67 1F 06 21 C0 14 00 02 00 01 00 02 40 4F 00 15 04 6E 6F 61 68 02 6E 73 0A 63 6C 6F 75 64 66 6C 61 72 65 C0 1A C0 14 00 02 00 01 00 02 40 4F 00 06 03 73 75 65 C1 1A C1 36 00 01 00 01 00 02 40 4F 00 04 AD F5 3A 91 C1 36 00 1C 00 01 00 02 40 4F 00 10 24 00 CB 00 20 49 00 01 00 00 00 00 AD F5 3A 91 C1 15 00 01 00 01 00 02 40 4F 00 04 AD F5 3B 85 C1 15 00 1C 00 01 00 02 40 4F 00 10 24 00 CB 00 20 49 00 01 00 00 00 00 AD F5 3B 85
45 00 00 48 79 8F 40 00 40 11 F7 36 93 20 53 35 93 20 50 69 EF E7 00 35 00 34 CA 24 D4 78 01 00 00 01 00 00 00 00 00 00 04 6D 65 74 61 03 74 65 78 0D 73 74 61 63 6B 65 78 63 68 61 6E 67 65 03 63 6F 6D 00 00 01 00 01
45 00 00 CA 12 C2 00 00 40 11 9D 82 93 20 50 69 93 20 53 35 00 35 EF E7 00 B6 ED 1D D4 78 81 80 00 01 00 01 00 03 00 03 04 6D 65 74 61 03 74 65 78 0D 73 74 61 63 6B 65 78 63 68 61 6E 67 65 03 63 6F 6D 00 00 01 00 01 C0 0C 00 01 00 01 00 00 01 2C 00 04 C6 FC CE 10 C0 15 00 02 00 01 00 00 00 E5 00 12 03 6E 73 33 0B 73 65 72 76 65 72 66 61 75 6C 74 C0 23 C0 15 00 02 00 01 00 00 00 E5 00 06 03 6E 73 31 C0 4C C0 15 00 02 00 01 00 00 00 E5 00 06 03 6E 73 32 C0 4C C0 66 00 01 00 01 00 02 54 5F 00 04 C6 FC CE 50 C0 78 00 01 00 01 00 02 54 5F 00 04 C6 FC CE 51 C0 48 00 01 00 01 00 00 00 E5 00 04 45 3B C4 D9
45 00 00 47 7A 43 40 00 40 11 F6 83 93 20 53 35 93 20 50 69 5D 2E 00 35 00 33 CA 23 E8 94 01 00 00 01 00 00 00 00 00 00 07 61 6E 64 72 6F 69 64 0D 73 74 61 63 6B 65 78 63 68 61 6E 67 65 03 63 6F 6D 00 00 01 00 01
45 00 00 45 7A 44 40 00 40 11 F6 84 93 20 53 35 93 20 50 69 28 30 00 35 00 31 CA 21 45 9A 01 00 00 01 00 00 00 00 00 00 05 61 70 70 6C 65 0D 73 74 61 63 6B 65 78 63 68 61 6E 67 65 03 63 6F 6D 00 00 01 00 01
45 00 00 3B 7A 44 40 00 40 11 F6 8E 93 20 53 35 93 20 50 69 94 2B 00 35 00 27 CA 17 E0 73 01 00 00 01 00 00 00 00 00 00 09 61 73 6B 75 62 75 6E 74 75 03 63 6F 6D 00 00 01 00 01
45 00 00 C9 12 CC 00 00 40 11 9D 79 93 20 50 69 93 20 53 35 00 35 5D 2E 00 B5 56 41 E8 94 81 80 00 01 00 01 00 03 00 03 07 61 6E 64 72 6F 69 64 0D 73 74 61 63 6B 65 78 63 68 61 6E 67 65 03 63 6F 6D 00 00 01 00 01 C0 0C 00 01 00 01 00 00 00 E4 00 04 C6 FC CE 10 C0 14 00 02 00 01 00 00 00 E4 00 12 03 6E 73 32 0B 73 65 72 76 65 72 66 61 75 6C 74 C0 22 C0 14 00 02 00 01 00 00 00 E4 00 06 03 6E 73 31 C0 4B C0 14 00 02 00 01 00 00 00 E4 00 06 03 6E 73 33 C0 4B C0 65 00 01 00 01 00 02 54 5E 00 04 C6 FC CE 50 C0 47 00 01 00 01 00 02 54 5E 00 04 C6 FC CE 51 C0 77 00 01 00 01 00 00 00 E4 00 04 45 3B C4 D9
45 00 00 C7 12 CD 00 00 40 11 9D 7A 93 20 50 69 93 20 53 35 00 35 28 30 00 B3 AF A0 45 9A 81 80 00 01 00 01 00 03 00 03 05 61 70 70 6C 65 0D 73 74 61 63 6B 65 78 63 68 61 6E 67 65 03 63 6F 6D 00 00 01 00 01 C0 0C 00 01 00 01 00 00 00 E4 00 04 C6 FC CE 10 C0 12 00 02 00 01 00 00 00 E4 00 12 03 6E 73 33 0B 73 65 72 76 65 72 66 61 75 6C 74 C0 20 C0 12 00 02 00 01 00 00 00 E4 00 06 03 6E 73 32 C0 49 C0 12 00 02 00 01 00 00 00 E4 00 06 03 6E 73 31 C0 49 C0 75 00 01 00 01 00 02 54 5E 00 04 C6 FC CE 50 C0 63 00 01 00 01 00 02 54 5E 00 04 C6 FC CE 51 C0 45 00 01 00 01 00 00 00 E4 00 04 45 3B C4 D9
45 00 00 BD 12 CE 00 00 40 11 9D 83 93 20 50 69 93 20 53 35 00 35 94 2B 00 A9 6B F8 E0 73 81 80 00 01 00 01 00 03 00 03 09 61 73 6B 75 62 75 6E 74 75 03 63 6F 6D 00 00 01 00 01 C0 0C 00 01 00 01 00 00 00 E4 00 04 C6 FC CE 18 C0 0C 00 02 00 01 00 00 00 E4 00 12 03 6E 73 32 0B 73 65 72 76 65 72 66 61 75 6C 74 C0 16 C0 0C 00 02 00 01 00 00 00 E4 00 06 03 6E 73 33 C0 3F C0 0C 00 02 00 01 00 00 00 E4 00 06 03 6E 73 31 C0 3F C0 6B 00 01 00 01 00 02 54 5E 00 04 C6 FC CE 50 C0 3B 00 01 00 01 00 02 54 5E 00 04 C6 FC CE 51 C0 59 00 01 00 01 00 00 00 E4 00 04 45 3B C4 D9
45 00 00 48 7A 44 40 00 40 11 F6 81 93 20 53 35 93 20 50 69 43 EF 00 35 00 34 CA 24 8B 11 01 00 00 01 00 00 00 00 00 00 08 62 69 63 79 63 6C 65 73 0D 73 74 61 63 6B 65 78 63 68 61 6E 67 65 03 63 6F 6D 00 00 01 00 01
45 00 00 44 7A 44 40 00 40 11 F6 85 93 20 53 35 93 20 50 69 D0 D6 00 35 00 30 CA 20 A4 56 01 00 00 01 00 00 00 00 00 00 04 63 68 61 74 0D 73 74 61 63 6B 65 78 63 68 61 6E 67 65 03 63 6F 6D 00 00 01 00 01
45 00 00 4C 7A 44 40 00 40 11 F6 7D 93 20 53 35 93 20 50 69 AA 82 00 35 00 38 CA 28 59 86 01 00 00 01 00 00 00 00 00 00 0C 63 68 72 69 73 74 69 61 6E 69 74 79 0D 73 74 61 63 6B 65 78 63 68 61 6E 67 65 03 63 6F 6D 00 00 01 00 01
45 00 00 CA 12 CF 00 00 40 11 9D 75 93 20 50 69 93 20 53 35 00 35 43 EF 00 B6 CF 87 8B 11 81 80 00 01 00 01 00 03 00 03 08 62 69 63 79 63 6C 65 73 0D 73 74 61 63 6B 65 78 63 68 61 6E 67 65 03 63 6F 6D 00 00 01 00 01 C0 0C 00 01 00 01 00 00 00 E4 00 04 C6 FC CE 10 C0 15 00 02 00 01 00 00 00 E4 00 12 03 6E 73 31 0B 73 65 72 76 65 72 66 61 75 6C 74 C0 23 C0 15 00 02 00 01 00 00 00 E4 00 06 03 6E 73 32 C0 4C C0 15 00 02 00 01 00 00 00 E4 00 06 03 6E 73 33 C0 4C C0 48 00 01 00 01 00 02 54 5E 00 04 C6 FC CE 50 C0 66 00 01 00 01 00 02 54 5E 00 04 C6 FC CE 51 C0 78 00 01 00 01 00 00 00 E4 00 04 45 3B C4 D9
45 00 00 47 7A 44 40 00 40 11 F6 82 93 20 53 35 93 20 50 69 B8 0E 00 35 00 33 CA 23 66 F3 01 00 00 01 00 00 00 00 00 00 07 63 6F 6F 6B 69 6E 67 0D 73 74 61 63 6B 65 78 63 68 61 6E 67 65 03 63 6F 6D 00 00 01 00 01
45 00 00 CE 12 D1 00 00 40 11 9D 6F 93 20 50 69 93 20 53 35 00 35 AA 82 00 BA CE 4B 59 86 81 80 00 01 00 01 00 03 00 03 0C 63 68 72 69 73 74 69 61 6E 69 74 79 0D 73 74 61 63 6B 65 78 63 68 61 6E 67 65 03 63 6F 6D 00 00 01 00 01 C0 0C 00 01 00 01 00 00 00 E5 00 04 C6 FC CE 10 C0 19 00 02 00 01 00 00 00 E4 00 12 03 6E 73 31 0B 73 65 72 76 65 72 66 61 75 6C 74 C0 27 C0 19 00 02 00 01 00 00 00 E4 00 06 03 6E 73 32 C0 50 C0 19 00 02 00 01 00 00 00 E4 00 06 03 6E 73 33 C0 50 C0 4C 00 01 00 01 00 02 54 5E 00 04 C6 FC CE 50 C0 6A 00 01 00 01 00 02 54 5E 00 04 C6 FC CE 51 C0 7C 00 01 00 01 00 00 00 E4 00 04 45 3B C4 D9
45 00 00 C9 12 D2 00 00 40 11 9D 73 93 20 50 69 93 20 53 35 00 35 B8 0E 00 B5 7C F8 66 F3 81 80 00 01 00 01 00 03 00 03 07 63 6F 6F 6B 69 6E 67 0D 73 74 61 63 6B 65 78 63 68 61 6E 67 65 03 63 6F 6D 00 00 01 00 01 C0 0C 00 01 00 01 00 00 00 E5 00 04 C6 FC CE 10 C0 14 00 02 00 01 00 00 00 E4 00 12 03 6E 73 32 0B 73 65 72 76 65 72 66 61 75 6C 74 C0 22 C0 14 00 02 00 01 00 00 00 E4 00 06 03 6E 73 31 C0 4B C0 14 00 02 00 01 00 00 00 E4 00 06 03 6E 73 33 C0 4B C0 65 00 01 00 01 00 02 54 5E 00 04 C6 FC CE 50 C0 47 00 01 00 01 00 02 54 5E 00 04 C6 FC CE 51 C0 77 00 01 00 01 00 00 00 E4 00 04 45 3B C4 D9
45 00 00 44 7A 44 40 00 40 11 F6 85 93 20 53 35 93 20 50 69 CB 6F 00 35 00 30 CA 20 E9 87 01 00 00 01 00 00 00 00 00 00 04 64 61 74 61 0D 73 74 61 63 6B 65 78 63 68 61 6E 67 65 03 63 6F 6D 00 00 01 00 01
45 00 00 43 7A 44 40 00 40 11 F6 86 93 20 53 35 93 20 50 69 EF 0B 00 35 00 2F CA 1F D8 8F 01 00 00 01 00 00 00 00 00 00 03 64 62 61 0D 73 74 61 63 6B 65 78 63 68 61 6E 67 65 03 63 6F 6D 00 00 01 00 01
45 00 00 C6 12 D3 00 00 40 11 9D 75 93 20 50 69 93 20 53 35 00 35 CB 6F 00 B2 ED 64 E9 87 81 80 00 01 00 01 00 03 00 03 04 64 61 74 61 0D 73 74 61 63 6B 65 78 63 68 61 6E 67 65 03 63 6F 6D 00 00 01 00 01 C0 0C 00 01 00 01 00 00 00 E5 00 04 C6 FC CE 1D C0 11 00 02 00 01 00 00 00 E4 00 12 03 6E 73 33 0B 73 65 72 76 65 72 66 61 75 6C 74 C0 1F C0 11 00 02 00 01 00 00 00 E4 00 06 03 6E 73 32 C0 48 C0 11 00 02 00 01 00 00 00 E4 00 06 03 6E 73 31 C0 48 C0 74 00 01 00 01 00 02 54 5E 00 04 C6 FC CE 50 C0 62 00 01 00 01 00 02 54 5E 00 04 C6 FC CE 51 C0 44 00 01 00 01 00 00 00 E4 00 04 45 3B C4 D9
45 00 00 C5 12 D4 00 00 40 11 9D 75 93 20 50 69 93 20 53 35 00 35 EF 0B 00 B1 E3 44 D8 8F 81 80 00 01 00 01 00 03 00 03 03 64 62 61 0D 73 74 61 63 6B 65 78 63 68 61 6E 67 65 03 63 6F 6D 00 00 01 00 01 C0 0C 00 01 00 01 00 00 00 E5 00 04 C6 FC CE 10 C0 10 00 02 00 01 00 00 00 E4 00 12 03 6E 73 33 0B 73 65 72 76 65 72 66 61 75 6C 74 C0 1E C0 10 00 02 00 01 00 00 00 E4 00 06 03 6E 73 31 C0 47 C0 10 00 02 00 01 00 00 00 E4 00 06 03 6E 73 32 C0 47 C0 61 00 01 00 01 00 02 54 5E 00 04 C6 FC CE 50 C0 73 00 01 00 01 00 02 54 5E 00 04 C6 FC CE 51 C0 43 00 01 00 01 00 00 00 E4 00 04 45 3B C4 D9
45 00 00 43 7A 44 40 00 40 11 F6 86 93 20 53 35 93 20 50 69 2A 1C 00 35 00 2F CA 1F BE DC 01 00 00 01 00 00 00 00 00 00 03 64 69 79 0D 73 74 61 63 6B 65 78 63 68 61 6E 67 65 03 63 6F 6D 00 00 01 00 01
45 00 00 46 7A 44 40 00 40 11 F6 83 93 20 53 35 93 20 50 69 B5 E2 00 35 00 32 CA 22 6A 5B 01 00 00 01 00 00 00 00 00 00 06 64 72 75 70 61 6C 0D 73 74 61 63 6B 65 78 63 68 61 6E 67 65 03 63 6F 6D 00 00 01 00 01
45 00 00 C5 12 D5 00 00 40 11 9D 74 93 20 50 69 93 20 53 35 00 35 2A 1C 00 B1 BA CF BE DC 81 80 00 01 00 01 00 03 00 03 03 64 69 79 0D 73 74 61 63 6B 65 78 63 68 61 6E 67 65 03 63 6F 6D 00 00 01 00 01 C0 0C 00 01 00 01 00 00 00 E5 00 04 C6 FC CE 10 C0 10 00 02 00 01 00 00 00 E4 00 12 03 6E 73 33 0B 73 65 72 76 65 72 66 61 75 6C 74 C0 1E C0 10 00 02 00 01 00 00 00 E4 00 06 03 6E 73 31 C0 47 C0 10 00 02 00 01 00 00 00 E4 00 06 03 6E 73 32 C0 47 C0 61 00 01 00 01 00 02 54 5E 00 04 C6 FC CE 50 C0 73 00 01 00 01 00 02 54 5E 00 04 C6 FC CE 51 C0 43 00 01 00 01 00 00 00 E4 00 04 45 3B C4 D9
45 00 00 4B 7A 44 40 00 40 11 F6 7E 93 20 53 35 93 20 50 69 26 05 00 35 00 37 CA 27 11 7B 01 00 00 01 00 00 00 00 00 00 0B 65 6C 65 63 74 72 6F 6E 69 63 73 0D 73 74 61 63 6B 65 78 63 68 61 6E 67 65 03 63 6F 6D 00 00 01 00 01
45 00 00 C8 12 D6 00 00 40 11 9D 70 93 20 50 69 93 20 53 35 00 35 B5 E2 00 B4 F3 B2 6A 5B 81 80 00 01 00 01 00 03 00 03 06 64 72 75 70 61 6C 0D 73 74 61 63 6B 65 78 63 68 61 6E 67 65 03 63 6F 6D 00 00 01 00 01 C0 0C 00 01 00 01 00 00 00 E5 00 04 C6 FC CE 10 C0 13 00 02 00 01 00 00 00 E4 00 12 03 6E 73 33 0B 73 65 72 76 65 72 66 61 75 6C 74 C0 21 C0 13 00 02 00 01 00 00 00 E4 00 06 03 6E 73 31 C0 4A C0 13 00 02 00 01 00 00 00 E4 00 06 03 6E 73 32 C0 4A C0 64 00 01 00 01 00 02 54 5E 00 04 C6 FC CE 50 C0 76 00 01 00 01 00 02 54 5E 00 04 C6 FC CE 51 C0 46 00 01 00 01 00 00 00 E4 00 04 45 3B C4 D9
45 00 00 47 7A 44 40 00 40 11 F6 82 93 20 53 35 93 20 50 69 F0 AB 00 35 00 33 CA 23 64 08 01 00 00 01 00 00 00 00 00 00 07 65 6E 67 6C 69 73 68 0D 73 74 61 63 6B 65 78 63 68 61 6E 67 65 03 63 6F 6D 00 00 01 00 01
45 00 00 CD 12 D7 00 00 40 11 9D 6A 93 20 50 69 93 20 53 35 00 35 26 05 00 B9 71 8A 11 7B 81 80 00 01 00 01 00 03 00 03 0B 65 6C 65 63 74 72 6F 6E 69 63 73 0D 73 74 61 63 6B 65 78 63 68 61 6E 67 65 03 63 6F 6D 00 00 01 00 01 C0 0C 00 01 00 01 00 00 00 E5 00 04 C6 FC CE 10 C0 18 00 02 00 01 00 00 00 E4 00 12 03 6E 73 31 0B 73 65 72 76 65 72 66 61 75 6C 74 C0 26 C0 18 00 02 00 01 00 00 00 E4 00 06 03 6E 73 33 C0 4F C0 18 00 02 00 01 00 00 00 E4 00 06 03 6E 73 32 C0 4F C0 4B 00 01 00 01 00 02 54 5E 00 04 C6 FC CE 50 C0 7B 00 01 00 01 00 02 54 5E 00 04 C6 FC CE 51 C0 69 00 01 00 01 00 00 00 E4 00 04 45 3B C4 D9
45 00 00 C9 12 D8 00 00 40 11 9D 6D 93 20 50 69 93 20 53 35 00 35 F0 AB 00 B5 42 4B 64 08 81 80 00 01 00 01 00 03 00 03 07 65 6E 67 6C 69 73 68 0D 73 74 61 63 6B 65 78 63 68 61 6E 67 65 03 63 6F 6D 00 00 01 00 01 C0 0C 00 01 00 01 00 00 00 E5 00 04 C6 FC CE 10 C0 14 00 02 00 01 00 00 00 E4 00 12 03 6E 73 31 0B 73 65 72 76 65 72 66 61 75 6C 74 C0 22 C0 14 00 02 00 01 00 00 00 E4 00 06 03 6E 73 33 C0 4B C0 14 00 02 00 01 00 00 00 E4 00 06 03 6E 73 32 C0 4B C0 47 00 01 00 01 00 02 54 5E 00 04 C6 FC CE 50 C0 77 00 01 00 01 00 02 54 5E 00 04 C6 FC CE 51 C0 65 00 01 00 01 00 00 00 E4 00 04 45 3B C4 D9
45 00 00 47 7A 44 40 00 40 11 F6 82 93 20 53 35 93 20 50 69 4A C2 00 35 00 33 CA 23 F2 C8 01 00 00 01 00 00 00 00 00 00 07 67 61 6D 65 64 65 76 0D 73 74 61 63 6B 65 78 63 68 61 6E 67 65 03 63 6F 6D 00 00 01 00 01
45 00 00 46 7A 44 40 00 40 11 F6 83 93 20 53 35 93 20 50 69 62 81 00 35 00 32 CA 22 17 62 01 00 00 01 00 00 00 00 00 00 06 67 61 6D 69 6E 67 0D 73 74 61 63 6B 65 78 63 68 61 6E 67 65 03 63 6F 6D 00 00 01 00 01
45 00 00 C9 12 D9 00 00 40 11 9D 6C 93 20 50 69 93 20 53 35 00 35 4A C2 00 B5 7B 63 F2 C8 81 80 00 01 00 01 00 03 00 03 07 67 61 6D 65 64 65 76 0D 73 74 61 63 6B 65 78 63 68 61 6E 67 65 03 63 6F 6D 00 00 01 00 01 C0 0C 00 01 00 01 00 00 00 E5 00 04 C6 FC CE 10 C0 14 00 02 00 01 00 00 00 E4 00 12 03 6E 73 32 0B 73 65 72 76 65 72 66 61 75 6C 74 C0 22 C0 14 00 02 00 01 00 00 00 E4 00 06 03 6E 73 31 C0 4B C0 14 00 02 00 01 00 00 00 E4 00 06 03 6E 73 33 C0 4B C0 65 00 01 00 01 00 02 54 5E 00 04 C6 FC CE 50 C0 47 00 01 00 01 00 02 54 5E 00 04 C6 FC CE 51 C0 77 00 01 00 01 00 00 00 E4 00 04 45 3B C4 D9
45 00 00 C8 12 DA 00 00 40 11 9D 6C 93 20 50 69 93 20 53 35 00 35 62 81 00 B4 B7 05 17 62 81 80 00 01 00 01 00 03 00 03 06 67 61 6D 69 6E 67 0D 73 74 61 63 6B 65 78 63 68 61 6E 67 65 03 63 6F 6D 00 00 01 00 01 C0 0C 00 01 00 01 00 00 00 E5 00 04 C6 FC CE 10 C0 13 00 02 00 01 00 00 00 E4 00 12 03 6E 73 32 0B 73 65 72 76 65 72 66 61 75 6C 74 C0 21 C0 13 00 02 00 01 00 00 00 E4 00 06 03 6E 73 31 C0 4A C0 13 00 02 00 01 00 00 00 E4 00 06 03 6E 73 33 C0 4A C0 64 00 01 00 01 00 02 54 5E 00 04 C6 FC CE 50 C0 46 00 01 00 01 00 02 54 5E 00 04 C6 FC CE 51 C0 76 00 01 00 01 00 00 00 E4 00 04 45 3B C4 D9
45 00 00 43 7A 44 40 00 40 11 F6 86 93 20 53 35 93 20 50 69 B0 2A 00 35 00 2F CA 1F 7C 46 01 00 00 01 00 00 00 00 00 00 03 67 69 73 0D 73 74 61 63 6B 65 78 63 68 61 6E 67 65 03 63 6F 6D 00 00 01 00 01
45 00 00 47 7A 44 40 00 40 11 F6 82 93 20 53 35 93 20 50 69 96 20 00 35 00 33 CA 23 25 BC 01 00 00 01 00 00 00 00 00 00 07 6A 75 64 61 69 73 6D 0D 73 74 61 63 6B 65 78 63 68 61 6E 67 65 03 63 6F 6D 00 00 01 00 01
45 00 00 C5 12 DB 00 00 40 11 9D 6E 93 20 50 69 93 20 53 35 00 35 B0 2A 00 B1 77 5A 7C 46 81 80 00 01 00 01 00 03 00 03 03 67 69 73 0D 73 74 61 63 6B 65 78 63 68 61 6E 67 65 03 63 6F 6D 00 00 01 00 01 C0 0C 00 01 00 01 00 00 00 E5 00 04 C6 FC CE 10 C0 10 00 02 00 01 00 00 00 E4 00 12 03 6E 73 33 0B 73 65 72 76 65 72 66 61 75 6C 74 C0 1E C0 10 00 02 00 01 00 00 00 E4 00 06 03 6E 73 32 C0 47 C0 10 00 02 00 01 00 00 00 E4 00 06 03 6E 73 31 C0 47 C0 73 00 01 00 01 00 02 54 5E 00 04 C6 FC CE 50 C0 61 00 01 00 01 00 02 54 5E 00 04 C6 FC CE 51 C0 43 00 01 00 01 00 00 00 E4 00 04 45 3B C4 D9
45 00 00 C9 12 DC 00 00 40 11 9D 69 93 20 50 69 93 20 53 35 00 35 96 20 00 B5 DE 1B 25 BC 81 80 00 01 00 01 00 03 00 03 07 6A 75 64 61 69 73 6D 0D 73 74 61 63 6B 65 78 63 68 61 6E 67 65 03 63 6F 6D 00 00 01 00 01 C0 0C 00 01 00 01 00 00 00 E6 00 04 C6 FC CE 10 C0 14 00 02 00 01 00 00 00 E4 00 12 03 6E 73 32 0B 73 65 72 76 65 72 66 61 75 6C 74 C0 22 C0 14 00 02 00 01 00 00 00 E4 00 06 03 6E 73 31 C0 4B C0 14 00 02 00 01 00 00 00 E4 00 06 03 6E 73 33 C0 4B C0 65 00 01 00 01 00 02 54 5E 00 04 C6 FC CE 50 C0 47 00 01 00 01 00 02 54 5E 00 04 C6 FC CE 51 C0 77 00 01 00 01 00 00 00 E4 00 04 45 3B C4 D9
45 00 00 4B 7A 45 40 00 40 11 F6 7D 93 20 53 35 93 20 50 69 37 1A 00 35 00 37 CA 27 17 50 01 00 00 01 00 00 00 00 00 00 0B 6D 61 74 68 65 6D 61 74 69 63 61 0D 73 74 61 63 6B 65 78 63 68 61 6E 67 65 03 63 6F 6D 00 00 01 00 01
45 00 00 45 7A 45 40 00 40 11 F6 83 93 20 53 35 93 20 50 69 B2 F1 00 35 00 31 CA 21 E8 79 01 00 00 01 00 00 00 00 00 00 05 70 68 6F 74 6F 0D 73 74 61 63 6B 65 78 63 68 61 6E 67 65 03 63 6F 6D 00 00 01 00 01
45 00 00 CD 12 DD 00 00 40 11 9D 64 93 20 50 69 93 20 53 35 00 35 37 1A 00 B9 5F B8 17 50 81 80 00 01 00 01 00 03 00 03 0B 6D 61 74 68 65 6D 61 74 69 63 61 0D 73 74 61 63 6B 65 78 63 68 61 6E 67 65 03 63 6F 6D 00 00 01 00 01 C0 0C 00 01 00 01 00 00 00 E5 00 04 C6 FC CE 10 C0 18 00 02 00 01 00 00 00 E4 00 12 03 6E 73 32 0B 73 65 72 76 65 72 66 61 75 6C 74 C0 26 C0 18 00 02 00 01 00 00 00 E4 00 06 03 6E 73 31 C0 4F C0 18 00 02 00 01 00 00 00 E4 00 06 03 6E 73 33 C0 4F C0 69 00 01 00 01 00 02 54 5E 00 04 C6 FC CE 50 C0 4B 00 01 00 01 00 02 54 5E 00 04 C6 FC CE 51 C0 7B 00 01 00 01 00 00 00 E4 00 04 45 3B C4 D9
45 00 00 C7 12 DE 00 00 40 11 9D 69 93 20 50 69 93 20 53 35 00 35 B2 F1 00 B3 59 E7 E8 79 81 80 00 01 00 01 00 03 00 03 05 70 68 6F 74 6F 0D 73 74 61 63 6B 65 78 63 68 61 6E 67 65 03 63 6F 6D 00 00 01 00 01 C0 0C 00 01 00 01 00 00 01 0C 00 04 C6 FC CE 10 C0 12 00 02 00 01 00 00 00 E4 00 12 03 6E 73 32 0B 73 65 72 76 65 72 66 61 75 6C 74 C0 20 C0 12 00 02 00 01 00 00 00 E4 00 06 03 6E 73 31 C0 49 C0 12 00 02 00 01 00 00 00 E4 00 06 03 6E 73 33 C0 49 C0 63 00 01 00 01 00 02 54 5E 00 04 C6 FC CE 50 C0 45 00 01 00 01 00 02 54 5E 00 04 C6 FC CE 51 C0 75 00 01 00 01 00 00 00 E4 00 04 45 3B C4 D9
45 00 00 4B 7A 45 40 00 40 11 F6 7D 93 20 53 35 93 20 50 69 1A 28 00 35 00 37 CA 27 2B 65 01 00 00 01 00 00 00 00 00 00 0B 70 72 6F 67 72 61 6D 6D 65 72 73 0D 73 74 61 63 6B 65 78 63 68 61 6E 67 65 03 63 6F 6D 00 00 01 00 01
45 00 00 45 7A 45 40 00 40 11 F6 83 93 20 53 35 93 20 50 69 9F 11 00 35 00 31 CA 21 EE B4 01 00 00 01 00 00 00 00 00 00 05 73 63 69 66 69 0D 73 74 61 63 6B 65 78 63 68 61 6E 67 65 03 63 6F 6D 00 00 01 00 01
45 00 00 CD 12 DF 00 00 40 11 9D 62 93 20 50 69 93 20 53 35 00 35 1A 28 00 B9 35 70 2B 65 81 80 00 01 00 01 00 03 00 03 0B 70 72 6F 67 72 61 6D 6D 65 72 73 0D 73 74 61 63 6B 65 78 63 68 61 6E 67 65 03 63 6F 6D 00 00 01 00 01 C0 0C 00 01 00 01 00 00 01 0C 00 04 C6 FC CE 10 C0 18 00 02 00 01 00 00 00 E4 00 12 03 6E 73 33 0B 73 65 72 76 65 72 66 61 75 6C 74 C0 26 C0 18 00 02 00 01 00 00 00 E4 00 06 03 6E 73 32 C0 4F C0 18 00 02 00 01 00 00 00 E4 00 06 03 6E 73 31 C0 4F C0 7B 00 01 00 01 00 02 54 5E 00 04 C6 FC CE 50 C0 69 00 01 00 01 00 02 54 5E 00 04 C6 FC CE 51 C0 4B 00 01 00 01 00 00 00 E4 00 04 45 3B C4 D9
45 00 00 C7 12 E0 00 00 40 11 9D 67 93 20 50 69 93 20 53 35 00 35 9F 11 00 B3 7A 95 EE B4 81 80 00 01 00 01 00 03 00 03 05 73 63 69 66 69 0D 73 74 61 63 6B 65 78 63 68 61 6E 67 65 03 63 6F 6D 00 00 01 00 01 C0 0C 00 01 00 01 00 00 01 0C 00 04 C6 FC CE 10 C0 12 00 02 00 01 00 00 00 E4 00 12 03 6E 73 31 0B 73 65 72 76 65 72 66 61 75 6C 74 C0 20 C0 12 00 02 00 01 00 00 00 E4 00 06 03 6E 73 32 C0 49 C0 12 00 02 00 01 00 00 00 E4 00 06 03 6E 73 33 C0 49 C0 45 00 01 00 01 00 02 54 5E 00 04 C6 FC CE 50 C0 63 00 01 00 01 00 02 54 5E 00 04 C6 FC CE 51 C0 75 00 01 00 01 00 00 00 E4 00 04 45 3B C4 D9
45 00 00 48 7A 45 40 00 40 11 F6 80 93 20 53 35 93 20 50 69 1F 34 00 35 00 34 CA 24 30 AD 01 00 00 01 00 00 00 00 00 00 08 73 65 63 75 72 69 74 79 0D 73 74 61 63 6B 65 78 63 68 61 6E 67 65 03 63 6F 6D 00 00 01 00 01
45 00 00 3D 7A 45 40 00 40 11 F6 8B 93 20 53 35 93 20 50 69 46 22 00 35 00 29 CA 19 90 65 01 00 00 01 00 00 00 00 00 00 0B 73 65 72 76 65 72 66 61 75 6C 74 03 63 6F 6D 00 00 01 00 01
45 00 00 CA 12 E1 00 00 40 11 9D 63 93 20 50 69 93 20 53 35 00 35 1F 34 00 B6 53 50 30 AD 81 80 00 01 00 01 00 03 00 03 08 73 65 63 75 72 69 74 79 0D 73 74 61 63 6B 65 78 63 68 61 6E 67 65 03 63 6F 6D 00 00 01 00 01 C0 0C 00 01 00 01 00 00 01 0C 00 04 C6 FC CE 10 C0 15 00 02 00 01 00 00 00 E4 00 12 03 6E 73 33 0B 73 65 72 76 65 72 66 61 75 6C 74 C0 23 C0 15 00 02 00 01 00 00 00 E4 00 06 03 6E 73 32 C0 4C C0 15 00 02 00 01 00 00 00 E4 00 06 03 6E 73 31 C0 4C C0 78 00 01 00 01 00 02 54 5E 00 04 C6 FC CE 50 C0 66 00 01 00 01 00 02 54 5E 00 04 C6 FC CE 51 C0 48 00 01 00 01 00 00 00 E4 00 04 45 3B C4 D9
45 00 00 4A 7A 45 40 00 40 11 F6 7E 93 20 53 35 93 20 50 69 1A 0B 00 35 00 36 CA 26 34 09 01 00 00 01 00 00 00 00 00 00 0A 73 68 61 72 65 70 6F 69 6E 74 0D 73 74 61 63 6B 65 78 63 68 61 6E 67 65 03 63 6F 6D 00 00 01 00 01
45 00 00 D5 12 E2 00 00 40 11 9D 57 93 20 50 69 93 20 53 35 00 35 46 22 00 C1 E2 BA 90 65 81 80 00 01 00 01 00 04 00 04 0B 73 65 72 76 65 72 66 61 75 6C 74 03 63 6F 6D 00 00 01 00 01 C0 0C 00 01 00 01 00 00 01 0C 00 04 C6 FC CE 10 C0 0C 00 02 00 01 00 00 00 E4 00 06 03 6E 73 32 C0 0C C0 0C 00 02 00 01 00 00 00 E4 00 06 03 6E 73 34 C0 0C C0 0C 00 02 00 01 00 00 00 E4 00 06 03 6E 73 31 C0 0C C0 0C 00 02 00 01 00 00 00 E4 00 06 03 6E 73 33 C0 0C C0 61 00 01 00 01 00 02 54 5E 00 04 C6 FC CE 50 C0 3D 00 01 00 01 00 02 54 5E 00 04 C6 FC CE 51 C0 73 00 01 00 01 00 00 00 E4 00 04 45 3B C4 D9 C0 4F 00 01 00 01 00 00 01 0C 00 04 45 3B C4 7A
45 00 00 48 7A 45 40 00 40 11 F6 80 93 20 53 35 93 20 50 69 F5 4F 00 35 00 34 CA 24 D3 A0 01 00 00 01 00 00 00 00 00 00 08 73 6B 65 70 74 69 63 73 0D 73 74 61 63 6B 65 78 63 68 61 6E 67 65 03 63 6F 6D 00 00 01 00 01
45 00 00 CC 12 E3 00 00 40 11 9D 5F 93 20 50 69 93 20 53 35 00 35 1A 0B 00 B8 E7 AC 34 09 81 80 00 01 00 01 00 03 00 03 0A 73 68 61 72 65 70 6F 69 6E 74 0D 73 74 61 63 6B 65 78 63 68 61 6E 67 65 03 63 6F 6D 00 00 01 00 01 C0 0C 00 01 00 01 00 00 01 0C 00 04 C6 FC CE 10 C0 17 00 02 00 01 00 00 00 E4 00 12 03 6E 73 32 0B 73 65 72 76 65 72 66 61 75 6C 74 C0 25 C0 17 00 02 00 01 00 00 00 E4 00 06 03 6E 73 31 C0 4E C0 17 00 02 00 01 00 00 00 E4 00 06 03 6E 73 33 C0 4E C0 68 00 01 00 01 00 02 54 5E 00 04 C6 FC CE 50 C0 4A 00 01 00 01 00 02 54 5E 00 04 C6 FC CE 51 C0 7A 00 01 00 01 00 00 00 E4 00 04 45 3B C4 D9
45 00 00 CA 12 E4 00 00 40 11 9D 60 93 20 50 69 93 20 53 35 00 35 F5 4F 00 B6 DF 4D D3 A0 81 80 00 01 00 01 00 03 00 03 08 73 6B 65 70 74 69 63 73 0D 73 74 61 63 6B 65 78 63 68 61 6E 67 65 03 63 6F 6D 00 00 01 00 01 C0 0C 00 01 00 01 00 00 01 0C 00 04 C6 FC CE 10 C0 15 00 02 00 01 00 00 00 E4 00 12 03 6E 73 33 0B 73 65 72 76 65 72 66 61 75 6C 74 C0 23 C0 15 00 02 00 01 00 00 00 E4 00 06 03 6E 73 31 C0 4C C0 15 00 02 00 01 00 00 00 E4 00 06 03 6E 73 32 C0 4C C0 66 00 01 00 01 00 02 54 5E 00 04 C6 FC CE 50 C0 78 00 01 00 01 00 02 54 5E 00 04 C6 FC CE 51 C0 48 00 01 00 01 00 00 00 E4 00 04 45 3B C4 D9
45 00 00 3F 7A 45 40 00 40 11 F6 89 93 20 53 35 93 20 50 69 AA 7B 00 35 00 2B CA 1B D2 D7 01 00 00 01 00 00 00 00 00 00 0D 73 74 61 63 6B 6F 76 65 72 66 6C 6F 77 03 63 6F 6D 00 00 01 00 01
45 00 00 3B 7A 45 40 00 40 11 F6 8D 93 20 53 35 93 20 50 69 20 DC 00 35 00 27 CA 17 07 C2 01 00 00 01 00 00 00 00 00 00 09 73 75 70 65 72 75 73 65 72 03 63 6F 6D 00 00 01 00 01
45 00 00 C1 12 E5 00 00 40 11 9D 68 93 20 50 69 93 20 53 35 00 35 AA 7B 00 AD A3 42 D2 D7 81 80 00 01 00 01 00 03 00 03 0D 73 74 61 63 6B 6F 76 65 72 66 6C 6F 77 03 63 6F 6D 00 00 01 00 01 C0 0C 00 01 00 01 00 00 00 E3 00 04 C6 FC CE 10 C0 0C 00 02 00 01 00 00 00 E3 00 12 03 6E 73 33 0B 73 65 72 76 65 72 66 61 75 6C 74 C0 1A C0 0C 00 02 00 01 00 00 00 E3 00 06 03 6E 73 32 C0 43 C0 0C 00 02 00 01 00 00 00 E3 00 06 03 6E 73 31 C0 43 C0 6F 00 01 00 01 00 02 54 5E 00 04 C6 FC CE 50 C0 5D 00 01 00 01 00 02 54 5E 00 04 C6 FC CE 51 C0 3F 00 01 00 01 00 00 00 E4 00 04 45 3B C4 D9
45 00 00 BD 12 E6 00 00 40 11 9D 6B 93 20 50 69 93 20 53 35 00 35 20 DC 00 A9 38 D0 07 C2 81 80 00 01 00 01 00 03 00 03 09 73 75 70 65 72 75 73 65 72 03 63 6F 6D 00 00 01 00 01 C0 0C 00 01 00 01 00 00 01 0D 00 04 C6 FC CE 10 C0 0C 00 02 00 01 00 00 01 0D 00 12 03 6E 73 31 0B 73 65 72 76 65 72 66 61 75 6C 74 C0 16 C0 0C 00 02 00 01 00 00 01 0D 00 06 03 6E 73 33 C0 3F C0 0C 00 02 00 01 00 00 01 0D 00 06 03 6E 73 32 C0 3F C0 3B 00 01 00 01 00 02 54 5E 00 04 C6 FC CE 50 C0 6B 00 01 00 01 00 02 54 5E 00 04 C6 FC CE 51 C0 59 00 01 00 01 00 00 00 E4 00 04 45 3B C4 D9
45 00 00 42 7A 45 40 00 40 11 F6 86 93 20 53 35 93 20 50 69 A9 31 00 35 00 2E CA 1E 83 9D 01 00 00 01 00 00 00 00 00 00 03 74 65 78 0C 62 6C 6F 67 6F 76 65 72 66 6C 6F 77 03 63 6F 6D 00 00 01 00 01
45 00 00 4A 7A 56 40 00 40 11 F6 6D 93 20 53 35 93 20 50 69 10 B6 00 35 00 36 CA 26 81 CC 01 00 00 01 00 00 00 00 00 00 07 73 6F 63 6B 65 74 73 02 6E 79 0D 73 74 61 63 6B 65 78 63 68 61 6E 67 65 03 63 6F 6D 00 00 01 00 01
45 00 00 C6 12 EA 00 00 40 11 9D 5E 93 20 50 69 93 20 53 35 00 35 D0 D6 00 B2 12 FC A4 56 81 80 00 01 00 01 00 03 00 03 04 63 68 61 74 0D 73 74 61 63 6B 65 78 63 68 61 6E 67 65 03 63 6F 6D 00 00 01 00 01 C0 0C 00 01 00 01 00 00 01 2C 00 04 C6 FC CE 1D C0 11 00 02 00 01 00 00 00 E4 00 12 03 6E 73 32 0B 73 65 72 76 65 72 66 61 75 6C 74 C0 1F C0 11 00 02 00 01 00 00 00 E4 00 06 03 6E 73 33 C0 48 C0 11 00 02 00 01 00 00 00 E4 00 06 03 6E 73 31 C0 48 C0 74 00 01 00 01 00 02 54 5E 00 04 C6 FC CE 50 C0 44 00 01 00 01 00 02 54 5E 00 04 C6 FC CE 51 C0 62 00 01 00 01 00 00 00 E4 00 04 45 3B C4 D9
45 00 00 C4 12 EB 00 00 40 11 9D 5F 93 20 50 69 93 20 53 35 00 35 A9 31 00 B0 1A 72 83 9D 81 80 00 01 00 01 00 03 00 03 03 74 65 78 0C 62 6C 6F 67 6F 76 65 72 66 6C 6F 77 03 63 6F 6D 00 00 01 00 01 C0 0C 00 01 00 01 00 00 01 2C 00 04 C6 FC CE 13 C0 10 00 02 00 01 00 00 01 2C 00 12 03 6E 73 31 0B 73 65 72 76 65 72 66 61 75 6C 74 C0 1D C0 10 00 02 00 01 00 00 01 2C 00 06 03 6E 73 32 C0 46 C0 10 00 02 00 01 00 00 01 2C 00 06 03 6E 73 33 C0 46 C0 42 00 01 00 01 00 02 54 5E 00 04 C6 FC CE 50 C0 60 00 01 00 01 00 02 54 5E 00 04 C6 FC CE 51 C0 72 00 01 00 01 00 00 00 E4 00 04 45 3B C4 D9
45 00 00 CC 12 EC 00 00 40 11 9D 56 93 20 50 69 93 20 53 35 00 35 10 B6 00 B8 04 10 81 CC 81 80 00 01 00 01 00 03 00 03 07 73 6F 63 6B 65 74 73 02 6E 79 0D 73 74 61 63 6B 65 78 63 68 61 6E 67 65 03 63 6F 6D 00 00 01 00 01 C0 0C 00 01 00 01 00 00 01 2C 00 04 C6 FC CE 19 C0 17 00 02 00 01 00 00 00 E4 00 12 03 6E 73 32 0B 73 65 72 76 65 72 66 61 75 6C 74 C0 25 C0 17 00 02 00 01 00 00 00 E4 00 06 03 6E 73 33 C0 4E C0 17 00 02 00 01 00 00 00 E4 00 06 03 6E 73 31 C0 4E C0 7A 00 01 00 01 00 02 54 5E 00 04 C6 FC CE 50 C0 4A 00 01 00 01 00 02 54 5E 00 04 C6 FC CE 51 C0 68 00 01 00 01 00 00 00 E4 00 04 45 3B C4 D9
45 00 00 46 7A 70 40 00 40 11 F6 57 93 20 53 35 93 20 50 69 50 8E 00 35 00 32 CA 22 34 C9 01 00 00 01 00 00 00 00 00 00 06 74 72 61 76 65 6C 0D 73 74 61 63 6B 65 78 63 68 61 6E 67 65 03 63 6F 6D 00 00 01 00 01
45 00 00 44 7A 70 40 00 40 11 F6 59 93 20 53 35 93 20 50 69 B7 C6 00 35 00 30 CA 20 72 E4 01 00 00 01 00 00 00 00 00 00 04 75 6E 69 78 0D 73 74 61 63 6B 65 78 63 68 61 6E 67 65 03 63 6F 6D 00 00 01 00 01
45 00 00 42 7A 70 40 00 40 11 F6 5B 93 20 53 35 93 20 50 69 9A 6E 00 35 00 2E CA 1E F6 3A 01 00 00 01 00 00 00 00 00 00 02 75 78 0D 73 74 61 63 6B 65 78 63 68 61 6E 67 65 03 63 6F 6D 00 00 01 00 01
45 00 00 C8 12 ED 00 00 40 11 9D 59 93 20 50 69 93 20 53 35 00 35 50 8E 00 B4 88 71 34 C9 81 80 00 01 00 01 00 03 00 03 06 74 72 61 76 65 6C 0D 73 74 61 63 6B 65 78 63 68 61 6E 67 65 03 63 6F 6D 00 00 01 00 01 C0 0C 00 01 00 01 00 00 01 0D 00 04 C6 FC CE 10 C0 13 00 02 00 01 00 00 00 E4 00 12 03 6E 73 33 0B 73 65 72 76 65 72 66 61 75 6C 74 C0 21 C0 13 00 02 00 01 00 00 00 E4 00 06 03 6E 73 31 C0 4A C0 13 00 02 00 01 00 00 00 E4 00 06 03 6E 73 32 C0 4A C0 64 00 01 00 01 00 02 54 5E 00 04 C6 FC CE 50 C0 76 00 01 00 01 00 02 54 5E 00 04 C6 FC CE 51 C0 46 00 01 00 01 00 00 00 E4 00 04 45 3B C4 D9
45 00 00 C6 12 EE 00 00 40 11 9D 5A 93 20 50 69 93 20 53 35 00 35 B7 C6 00 B2 53 90 72 E4 81 80 00 01 00 01 00 03 00 03 04 75 6E 69 78 0D 73 74 61 63 6B 65 78 63 68 61 6E 67 65 03 63 6F 6D 00 00 01 00 01 C0 0C 00 01 00 01 00 00 01 0D 00 04 C6 FC CE 10 C0 11 00 02 00 01 00 00 00 E4 00 12 03 6E 73 33 0B 73 65 72 76 65 72 66 61 75 6C 74 C0 1F C0 11 00 02 00 01 00 00 00 E4 00 06 03 6E 73 31 C0 48 C0 11 00 02 00 01 00 00 00 E4 00 06 03 6E 73 32 C0 48 C0 62 00 01 00 01 00 02 54 5E 00 04 C6 FC CE 50 C0 74 00 01 00 01 00 02 54 5E 00 04 C6 FC CE 51 C0 44 00 01 00 01 00 00 00 E4 00 04 45 3B C4 D9
45 00 00 47 7A 70 40 00 40 11 F6 56 93 20 53 35 93 20 50 69 27 5D 00 35 00 33 CA 23 96 13 01 00 00 01 00 00 00 00 00 00 07 77 65 62 61 70 70 73 0D 73 74 61 63 6B 65 78 63 68 61 6E 67 65 03 63 6F 6D 00 00 01 00 01
45 00 00 C4 12 EF 00 00 40 11 9D 5B 93 20 50 69 93 20 53 35 00 35 9A 6E 00 B0 5E 11 F6 3A 81 80 00 01 00 01 00 03 00 03 02 75 78 0D 73 74 61 63 6B 65 78 63 68 61 6E 67 65 03 63 6F 6D 00 00 01 00 01 C0 0C 00 01 00 01 00 00 01 0D 00 04 C6 FC CE 10 C0 0F 00 02 00 01 00 00 00 E4 00 12 03 6E 73 33 0B 73 65 72 76 65 72 66 61 75 6C 74 C0 1D C0 0F 00 02 00 01 00 00 00 E4 00 06 03 6E 73 32 C0 46 C0 0F 00 02 00 01 00 00 00 E4 00 06 03 6E 73 31 C0 46 C0 72 00 01 00 01 00 02 54 5E 00 04 C6 FC CE 50 C0 60 00 01 00 01 00 02 54 5E 00 04 C6 FC CE 51 C0 42 00 01 00 01 00 00 00 E4 00 04 45 3B C4 D9
45 00 00 4A 7A 71 40 00 40 11 F6 52 93 20 53 35 93 20 50 69 53 5D 00 35 00 36 CA 26 34 D4 01 00 00 01 00 00 00 00 00 00 0A 77 65 62 6D 61 73 74 65 72 73 0D 73 74 61 63 6B 65 78 63 68 61 6E 67 65 03 63 6F 6D 00 00 01 00 01
45 00 00 49 7A 71 40 00 40 11 F6 53 93 20 53 35 93 20 50 69 23 39 00 35 00 35 CA 25 6C BD 01 00 00 01 00 00 00 00 00 00 09 77 6F 72 64 70 72 65 73 73 0D 73 74 61 63 6B 65 78 63 68 61 6E 67 65 03 63 6F 6D 00 00 01 00 01
45 00 00 C9 12 F0 00 00 40 11 9D 55 93 20 50 69 93 20 53 35 00 35 27 5D 00 B5 C8 6F 96 13 81 80 00 01 00 01 00 03 00 03 07 77 65 62 61 70 70 73 0D 73 74 61 63 6B 65 78 63 68 61 6E 67 65 03 63 6F 6D 00 00 01 00 01 C0 0C 00 01 00 01 00 00 01 0D 00 04 C6 FC CE 10 C0 14 00 02 00 01 00 00 00 E4 00 12 03 6E 73 32 0B 73 65 72 76 65 72 66 61 75 6C 74 C0 22 C0 14 00 02 00 01 00 00 00 E4 00 06 03 6E 73 33 C0 4B C0 14 00 02 00 01 00 00 00 E4 00 06 03 6E 73 31 C0 4B C0 77 00 01 00 01 00 02 54 5E 00 04 C6 FC CE 50 C0 47 00 01 00 01 00 02 54 5E 00 04 C6 FC CE 51 C0 65 00 01 00 01 00 00 00 E4 00 04 45 3B C4 D9
45 00 00 CC 12 F1 00 00 40 11 9D 51 93 20 50 69 93 20 53 35 00 35 53 5D 00 B8 B7 84 34 D4 81 80 00 01 00 01 00 03 00 03 0A 77 65 62 6D 61 73 74 65 72 73 0D 73 74 61 63 6B 65 78 63 68 61 6E 67 65 03 63 6F 6D 00 00 01 00 01 C0 0C 00 01 00 01 00 00 01 0D 00 04 C6 FC CE 10 C0 17 00 02 00 01 00 00 00 E4 00 12 03 6E 73 33 0B 73 65 72 76 65 72 66 61 75 6C 74 C0 25 C0 17 00 02 00 01 00 00 00 E4 00 06 03 6E 73 32 C0 4E C0 17 00 02 00 01 00 00 00 E4 00 06 03 6E 73 31 C0 4E C0 7A 00 01 00 01 00 02 54 5E 00 04 C6 FC CE 50 C0 68 00 01 00 01 00 02 54 5E 00 04 C6 FC CE 51 C0 4A 00 01 00 01 00 00 00 E4 00 04 45 3B C4 D9
45 00 00 CB 12 F2 00 00 40 11 9D 51 93 20 50 69 93 20 53 35 00 35 23 39 00 B7 5F 70 6C BD 81 80 00 01 00 01 00 03 00 03 09 77 6F 72 64 70 72 65 73 73 0D 73 74 61 63 6B 65 78 63 68 61 6E 67 65 03 63 6F 6D 00 00 01 00 01 C0 0C 00 01 00 01 00 00 01 0D 00 04 C6 FC CE 10 C0 16 00 02 00 01 00 00 00 E4 00 12 03 6E 73 32 0B 73 65 72 76 65 72 66 61 75 6C 74 C0 24 C0 16 00 02 00 01 00 00 00 E4 00 06 03 6E 73 31 C0 4D C0 16 00 02 00 01 00 00 00 E4 00 06 03 6E 73 33 C0 4D C0 67 00 01 00 01 00 02 54 5E 00 04 C6 FC CE 50 C0 49 00 01 00 01 00 02 54 5E 00 04 C6 FC CE 51 C0 79 00 01 00 01 00 00 00 E4 00 04 45 3B C4 D9
45 00 00 44 84 30 40 00 40 11 EC 99 93 20 53 35 93 20 50 69 BD F8 00 35 00 30 CA 20 82 DE 01 00 00 01 00 00 00 00 00 00 09 53 75 70 65 72 4E 6F 76 61 04 66 65 6C 6B 04 63 76 75 74 02 63 7A 00 00 1C 00 01
45 00 00 76 13 7E 00 00 40 11 9D 1A 93 20 50 69 93 20 53 35 00 35 BD F8 00 62 80 FB 82 DE 85 83 00 01 00 00 00 01 00 00 09 53 75 70 65 72 4E 6F 76 61 04 66 65 6C 6B 04 63 76 75 74 02 63 7A 00 00 1C 00 01 C0 16 00 06 00 01 00 00 0E 10 00 26 02 6E 73 C0 16 0A 68 6F 73 74 6D 61 73 74 65 72 C0 16 77 FD 80 15 00 00 54 60 00 00 0E 10 00 12 75 00 00 00 0E 10
45 00 00 37 84 30 40 00 40 11 EC A6 93 20 53 35 93 20 50 69 DB C7 00 35 00 23 CA 13 EA 3B 01 00 00 01 00 00 00 00 00 00 09 53 75 70 65 72 4E 6F 76 61 00 00 1C 00 01
45 00 00 82 13 7F 00 00 40 11 9D 0D 93 20 50 69 93 20 53 35 00 35 DB C7 00 6E B5 29 EA 3B 81 83 00 01 00 00 00 01 00 00 09 53 75 70 65 72 4E 6F 76 61 00 00 1C 00 01 00 00 06 00 01 00 00 0E 10 00 40 01 61 0C 72 6F 6F 74 2D 73 65 72 76 65 72 73 03 6E 65 74 00 05 6E 73 74 6C 64 0C 76 65 72 69 73 69 67 6E 2D 67 72 73 03 63 6F 6D 00 77 FD 80 14 00 00 07 08 00 00 03 84 00 09 3A 80 00 01 51 80
45 00 00 3E A0 80 40 00 40 11 D0 4F 93 20 53 35 93 20 50 69 DC 31 00 35 00 2A CA 1A 95 AA 01 00 00 01 00 00 00 00 00 00 03 65 65 73 08 65 6C 73 65 76 69 65 72 03 63 6F 6D 00 00 01 00 01
45 00 00 BC 14 B5 00 00 40 11 9B 9D 93 20 50 69 93 20 53 35 00 35 DC 31 00 A8 E0 CA 95 AA 81 80 00 01 00 02 00 02 00 02 03 65 65 73 08 65 6C 73 65 76 69 65 72 03 63 6F 6D 00 00 01 00 01 C0 0C 00 05 00 01 00 00 09 98 00 0A 07 67 73 73 70 72 6F 64 C0 10 C0 2E 00 01 00 01 00 00 00 05 00 04 91 24 D7 B4 C0 2E 00 02 00 01 00 00 09 98 00 10 0D 73 65 75 6B 6F 78 66 61 67 73 73 30 31 C0 10 C0 2E 00 02 00 01 00 00 09 98 00 10 0D 73 65 75 6B 72 65 61 61 67 73 73 30 31 C0 10 C0 54 00 01 00 01 00 00 09 98 00 04 91 24 D6 A4 C0 70 00 01 00 01 00 00 09 98 00 04 91 24 1E 78
45 00 00 3E E6 DA 40 00 40 11 89 F5 93 20 53 35 93 20 50 69 CB E9 00 35 00 2A CA 1A 7A ED 01 00 00 01 00 00 00 00 00 00 03 65 65 73 08 65 6C 73 65 76 69 65 72 03 63 6F 6D 00 00 01 00 01
45 00 00 BC 1F 29 00 00 40 11 91 29 93 20 50 69 93 20 53 35 00 35 CB E9 00 A8 0D 38 7A ED 81 80 00 01 00 02 00 02 00 02 03 65 65 73 08 65 6C 73 65 76 69 65 72 03 63 6F 6D 00 00 01 00 01 C0 0C 00 05 00 01 00 00 09 50 00 0A 07 67 73 73 70 72 6F 64 C0 10 C0 2E 00 01 00 01 00 00 00 05 00 04 91 24 D7 B4 C0 2E 00 02 00 01 00 00 09 50 00 10 0D 73 65 75 6B 72 65 61 61 67 73 73 30 31 C0 10 C0 2E 00 02 00 01 00 00 09 50 00 10 0D 73 65 75 6B 6F 78 66 61 67 73 73 30 31 C0 10 C0 70 00 01 00 01 00 00 09 50 00 04 91 24 D6 A4 C0 54 00 01 00 01 00 00 09 50 00 04 91 24 1E 78
45 00 00 3E 2E 1A 40 00 40 11 42 B6 93 20 53 35 93 20 50 69 D1 E5 00 35 00 2A CA 1A E5 B6 01 00 00 01 00 00 00 00 00 00 03 65 65 73 08 65 6C 73 65 76 69 65 72 03 63 6F 6D 00 00 01 00 01
45 00 00 BC 22 99 00 00 40 11 8D B9 93 20 50 69 93 20 53 35 00 35 D1 E5 00 A8 9D DF E5 B6 81 80 00 01 00 02 00 02 00 02 03 65 65 73 08 65 6C 73 65 76 69 65 72 03 63 6F 6D 00 00 01 00 01 C0 0C 00 05 00 01 00 00 09 07 00 0A 07 67 73 73 70 72 6F 64 C0 10 C0 2E 00 01 00 01 00 00 00 05 00 04 91 24 D7 B4 C0 2E 00 02 00 01 00 00 09 07 00 10 0D 73 65 75 6B 72 65 61 61 67 73 73 30 31 C0 10 C0 2E 00 02 00 01 00 00 09 07 00 10 0D 73 65 75 6B 6F 78 66 61 67 73 73 30 31 C0 10 C0 70 00 01 00 01 00 00 09 07 00 04 91 24 D6 A4 C0 54 00 01 00 01 00 00 09 07 00 04 91 24 1E 78
45 00 00 3E 75 64 40 00 40 11 FB 6B 93 20 53 35 93 20 50 69 F1 14 00 35 00 2A CA 1A 3A A3 01 00 00 01 00 00 00 00 00 00 03 65 65 73 08 65 6C 73 65 76 69 65 72 03 63 6F 6D 00 00 01 00 01
45 00 00 BC 29 13 00 00 40 11 87 3F 93 20 50 69 93 20 53 35 00 35 F1 14 00 A8 2B 31 3A A3 81 80 00 01 00 02 00 02 00 02 03 65 65 73 08 65 6C 73 65 76 69 65 72 03 63 6F 6D 00 00 01 00 01 C0 0C 00 05 00 01 00 00 08 BE 00 0A 07 67 73 73 70 72 6F 64 C0 10 C0 2E 00 01 00 01 00 00 00 05 00 04 91 24 D7 B4 C0 2E 00 02 00 01 00 00 08 BE 00 10 0D 73 65 75 6B 72 65 61 61 67 73 73 30 31 C0 10 C0 2E 00 02 00 01 00 00 08 BE 00 10 0D 73 65 75 6B 6F 78 66 61 67 73 73 30 31 C0 10 C0 70 00 01 00 01 00 00 08 BE 00 04 91 24 D6 A4 C0 54 00 01 00 01 00 00 08 BE 00 04 91 24 1E 78
45 00 00 42 89 F8 40 00 40 11 E6 D3 93 20 53 35 93 20 50 69 A5 C0 00 35 00 2E CA 1E 5B 81 01 00 00 01 00 00 00 00 00 00 07 73 75 70 70 6F 72 74 08 65 6C 73 65 76 69 65 72 03 63 6F 6D 00 00 01 00 01
45 00 01 1B 2A 84 00 00 40 11 85 6F 93 20 50 69 93 20 53 35 00 35 A5 C0 01 07 F1 59 5B 81 81 80 00 01 00 02 00 04 00 04 07 73 75 70 70 6F 72 74 08 65 6C 73 65 76 69 65 72 03 63 6F 6D 00 00 01 00 01 C0 0C 00 05 00 01 00 00 03 84 00 14 08 65 6C 73 65 76 69 65 72 08 63 75 73 74 68 65 6C 70 C0 1D C0 32 00 01 00 01 00 00 03 84 00 04 4A 75 CF DB C0 3B 00 02 00 01 00 00 03 84 00 18 08 65 64 6E 73 6D 77 30 31 0C 72 69 67 68 74 6E 6F 77 74 65 63 68 C0 1D C0 3B 00 02 00 01 00 00 03 84 00 0B 08 65 64 6E 73 6D 77 30 32 C0 6B C0 3B 00 02 00 01 00 00 03 84 00 0B 08 65 64 6E 73 63 61 30 31 C0 6B C0 3B 00 02 00 01 00 00 03 84 00 0B 08 65 64 6E 73 63 61 30 32 C0 6B C0 9D 00 01 00 01 00 00 03 12 00 04 D8 88 E5 3C C0 B4 00 01 00 01 00 00 03 12 00 04 D8 88 E5 3D C0 62 00 01 00 01 00 02 8F 89 00 04 4A 75 CB 0D C0 86 00 01 00 01 00 02 8F 89 00 04 4A 75 CB 0E
45 00 00 3E BD A7 40 00 40 11 B3 28 93 20 53 35 93 20 50 69 21 1D 00 35 00 2A CA 1A 91 41 01 00 00 01 00 00 00 00 00 00 03 65 65 73 08 65 6C 73 65 76 69 65 72 03 63 6F 6D 00 00 01 00 01
45 00 00 BC 2E B9 00 00 40 11 81 99 93 20 50 69 93 20 53 35 00 35 21 1D 00 A8 A5 FC 91 41 81 80 00 01 00 02 00 02 00 02 03 65 65 73 08 65 6C 73 65 76 69 65 72 03 63 6F 6D 00 00 01 00 01 C0 0C 00 05 00 01 00 00 08 74 00 0A 07 67 73 73 70 72 6F 64 C0 10 C0 2E 00 01 00 01 00 00 00 05 00 04 91 24 D7 B4 C0 2E 00 02 00 01 00 00 08 74 00 10 0D 73 65 75 6B 72 65 61 61 67 73 73 30 31 C0 10 C0 2E 00 02 00 01 00 00 08 74 00 10 0D 73 65 75 6B 6F 78 66 61 67 73 73 30 31 C0 10 C0 70 00 01 00 01 00 00 08 74 00 04 91 24 D6 A4 C0 54 00 01 00 01 00 00 08 74 00 04 91 24 1E 78
45 00 00 3E 04 01 40 00 40 11 6C CF 93 20 53 35 93 20 50 69 EE DB 00 35 00 2A CA 1A BA 37 01 00 00 01 00 00 00 00 00 00 03 65 65 73 08 65 6C 73 65 76 69 65 72 03 63 6F 6D 00 00 01 00 01
45 00 00 BC 39 A6 00 00 40 11 76 AC 93 20 50 69 93 20 53 35 00 35 EE DB 00 A8 B0 AF BA 37 81 80 00 01 00 02 00 02 00 02 03 65 65 73 08 65 6C 73 65 76 69 65 72 03 63 6F 6D 00 00 01 00 01 C0 0C 00 05 00 01 00 00 08 2C 00 0A 07 67 73 73 70 72 6F 64 C0 10 C0 2E 00 01 00 01 00 00 00 05 00 04 91 24 D7 B4 C0 2E 00 02 00 01 00 00 08 2C 00 10 0D 73 65 75 6B 6F 78 66 61 67 73 73 30 31 C0 10 C0 2E 00 02 00 01 00 00 08 2C 00 10 0D 73 65 75 6B 72 65 61 61 67 73 73 30 31 C0 10 C0 54 00 01 00 01 00 00 08 2C 00 04 91 24 D6 A4 C0 70 00 01 00 01 00 00 08 2C 00 04 91 24 1E 78
45 00 00 3D 56 06 40 00 40 11 1A CB 93 20 53 35 93 20 50 69 0A C0 00 35 00 29 CA 19 57 1F 01 00 00 01 00 00 00 00 00 00 04 70 6C 75 73 06 67 6F 6F 67 6C 65 03 63 6F 6D 00 00 01 00 01
45 00 01 B5 3E A6 00 00 40 11 70 B3 93 20 50 69 93 20 53 35 00 35 0A C0 01 A1 B9 EC 57 1F 81 80 00 01 00 0F 00 04 00 04 04 70 6C 75 73 06 67 6F 6F 67 6C 65 03 63 6F 6D 00 00 01 00 01 C0 0C 00 01 00 01 00 00 00 D4 00 04 C3 71 D6 E2 C0 0C 00 01 00 01 00 00 00 D4 00 04 C3 71 D6 DE C0 0C 00 01 00 01 00 00 00 D4 00 04 C3 71 D6 D7 C0 0C 00 01 00 01 00 00 00 D4 00 04 C3 71 D6 F1 C0 0C 00 01 00 01 00 00 00 D4 00 04 C3 71 D6 EC C0 0C 00 01 00 01 00 00 00 D4 00 04 C3 71 D6 ED C0 0C 00 01 00 01 00 00 00 D4 00 04 C3 71 D6 CF C0 0C 00 01 00 01 00 00 00 D4 00 04 C3 71 D6 DB C0 0C 00 01 00 01 00 00 00 D4 00 04 C3 71 D6 DD C0 0C 00 01 00 01 00 00 00 D4 00 04 C3 71 D6 E6 C0 0C 00 01 00 01 00 00 00 D4 00 04 C3 71 D6 F5 C0 0C 00 01 00 01 00 00 00 D4 00 04 C3 71 D6 D3 C0 0C 00 01 00 01 00 00 00 D4 00 04 C3 71 D6 EA C0 0C 00 01 00 01 00 00 00 D4 00 04 C3 71 D6 FB C0 0C 00 01 00 01 00 00 00 D4 00 04 C3 71 D6 F9 C0 11 00 02 00 01 00 01 B0 C3 00 06 03 6E 73 32 C0 11 C0 11 00 02 00 01 00 01 B0 C3 00 06 03 6E 73 34 C0 11 C0 11 00 02 00 01 00 01 B0 C3 00 06 03 6E 73 33 C0 11 C0 11 00 02 00 01 00 01 B0 C3 00 06 03 6E 73 31 C0 11 C1 53 00 01 00 01 00 04 53 C3 00 04 D8 EF 20 0A C1 1D 00 01 00 01 00 04 53 C3 00 04 D8 EF 22 0A C1 41 00 01 00 01 00 04 53 C3 00 04 D8 EF 24 0A C1 2F 00 01 00 01 00 04 53 C3 00 04 D8 EF 26 0A
45 00 00 3E 82 2C 40 00 40 11 EE A3 93 20 53 35 93 20 50 69 18 A0 00 35 00 2A CA 1A 62 74 01 00 00 01 00 00 00 00 00 00 03 65 65 73 08 65 6C 73 65 76 69 65 72 03 63 6F 6D 00 00 01 00 01
45 00 00 3E 82 2C 40 00 40 11 EE A3 93 20 53 35 93 20 50 69 65 6E 00 35 00 2A CA 1A 40 90 01 00 00 01 00 00 00 00 00 00 03 63 64 6E 08 65 6C 73 65 76 69 65 72 03 63 6F 6D 00 00 01 00 01
45 00 00 46 82 2C 40 00 40 11 EE 9B 93 20 53 35 93 20 50 69 C4 A6 00 35 00 32 CA 22 DC 7F 01 00 00 01 00 00 00 00 00 00 03 77 77 77 10 67 6F 6F 67 6C 65 2D 61 6E 61 6C 79 74 69 63 73 03 63 6F 6D 00 00 01 00 01
45 00 01 EA 42 A2 00 00 40 11 6C 82 93 20 50 69 93 20 53 35 00 35 C4 A6 01 D6 F3 B9 DC 7F 81 80 00 01 00 10 00 04 00 04 03 77 77 77 10 67 6F 6F 67 6C 65 2D 61 6E 61 6C 79 74 69 63 73 03 63 6F 6D 00 00 01 00 01 C0 0C 00 05 00 01 00 00 EC BA 00 20 14 77 77 77 2D 67 6F 6F 67 6C 65 2D 61 6E 61 6C 79 74 69 63 73 01 6C 06 67 6F 6F 67 6C 65 C0 21 C0 36 00 01 00 01 00 00 00 F7 00 04 C3 71 D6 EA C0 36 00 01 00 01 00 00 00 F7 00 04 C3 71 D6 D3 C0 36 00 01 00 01 00 00 00 F7 00 04 C3 71 D6 F9 C0 36 00 01 00 01 00 00 00 F7 00 04 C3 71 D6 F1 C0 36 00 01 00 01 00 00 00 F7 00 04 C3 71 D6 F5 C0 36 00 01 00 01 00 00 00 F7 00 04 C3 71 D6 DD C0 36 00 01 00 01 00 00 00 F7 00 04 C3 71 D6 EC C0 36 00 01 00 01 00 00 00 F7 00 04 C3 71 D6 ED C0 36 00 01 00 01 00 00 00 F7 00 04 C3 71 D6 CF C0 36 00 01 00 01 00 00 00 F7 00 04 C3 71 D6 DE C0 36 00 01 00 01 00 00 00 F7 00 04 C3 71 D6 E2 C0 36 00 01 00 01 00 00 00 F7 00 04 C3 71 D6 DB C0 36 00 01 00 01 00 00 00 F7 00 04 C3 71 D6 FB C0 36 00 01 00 01 00 00 00 F7 00 04 C3 71 D6 E6 C0 36 00 01 00 01 00 00 00 F7 00 04 C3 71 D6 D7 C0 4D 00 02 00 01 00 01 B0 96 00 06 03 6E 73 34 C0 4D C0 4D 00 02 00 01 00 01 B0 96 00 06 03 6E 73 32 C0 4D C0 4D 00 02 00 01 00 01 B0 96 00 06 03 6E 73 31 C0 4D C0 4D 00 02 00 01 00 01 B0 96 00 06 03 6E 73 33 C0 4D C1 76 00 01 00 01 00 04 53 96 00 04 D8 EF 20 0A C1 64 00 01 00 01 00 04 53 96 00 04 D8 EF 22 0A C1 88 00 01 00 01 00 04 53 96 00 04 D8 EF 24 0A C1 52 00 01 00 01 00 04 53 96 00 04 D8 EF 26 0A
45 00 01 AA 42 A3 00 00 40 11 6C C1 93 20 50 69 93 20 53 35 00 35 65 6E 01 96 A0 B0 40 90 81 80 00 01 00 02 00 06 00 09 03 63 64 6E 08 65 6C 73 65 76 69 65 72 03 63 6F 6D 00 00 01 00 01 C0 0C 00 05 00 01 00 00 07 AA 00 22 0B 65 6C 73 65 76 69 65 72 63 64 6E 08 73 71 75 69 7A 6C 74 64 0A 6E 65 74 64 6E 61 2D 63 64 6E C0 19 C0 2E 00 01 00 01 00 00 01 2C 00 04 6C A1 BD 03 C0 43 00 02 00 01 00 00 FD B7 00 06 03 6E 73 31 C0 43 C0 43 00 02 00 01 00 00 FD B7 00 14 03 6E 73 33 03 70 31 35 06 64 79 6E 65 63 74 03 6E 65 74 00 C0 43 00 02 00 01 00 00 FD B7 00 06 03 6E 73 31 C0 82 C0 43 00 02 00 01 00 00 FD B7 00 06 03 6E 73 33 C0 43 C0 43 00 02 00 01 00 00 FD B7 00 06 03 6E 73 32 C0 43 C0 43 00 02 00 01 00 00 FD B7 00 06 03 6E 73 32 C0 82 C0 9E 00 01 00 01 00 00 F8 93 00 04 D0 4E 46 0F C0 6C 00 01 00 01 00 02 4F 37 00 04 D0 5E 94 0D C0 6C 00 1C 00 01 00 02 4F 37 00 10 26 00 18 00 00 05 00 00 00 00 00 00 00 00 00 01 C0 D4 00 01 00 01 00 00 F8 93 00 04 CC 0D FA 0F C0 C2 00 01 00 01 00 02 4F 37 00 04 D0 50 7C 0D C0 C2 00 1C 00 01 00 00 FD B7 00 10 26 00 18 01 00 06 00 00 00 00 00 00 00 00 00 01 C0 7E 00 01 00 01 00 00 F8 93 00 04 D0 4E 47 0F C0 B0 00 01 00 01 00 02 4F 37 00 04 D0 50 7E 0D C0 B0 00 1C 00 01 00 02 4F 37 00 10 26 00 18 02 00 07 00 00 00 00 00 00 00 00 00 01
45 00 00 BC 42 A4 00 00 40 11 6D AE 93 20 50 69 93 20 53 35 00 35 18 A0 00 A8 E1 37 62 74 81 80 00 01 00 02 00 02 00 02 03 65 65 73 08 65 6C 73 65 76 69 65 72 03 63 6F 6D 00 00 01 00 01 C0 0C 00 05 00 01 00 00 07 AB 00 0A 07 67 73 73 70 72 6F 64 C0 10 C0 2E 00 01 00 01 00 00 00 05 00 04 91 24 D7 B4 C0 2E 00 02 00 01 00 00 07 AA 00 10 0D 73 65 75 6B 72 65 61 61 67 73 73 30 31 C0 10 C0 2E 00 02 00 01 00 00 07 AA 00 10 0D 73 65 75 6B 6F 78 66 61 67 73 73 30 31 C0 10 C0 70 00 01 00 01 00 00 07 AA 00 04 91 24 D6 A4 C0 54 00 01 00 01 00 00 07 AA 00 04 91 24 1E 78
45 00 00 3F 82 86 40 00 40 11 EE 48 93 20 53 35 93 20 50 69 F4 F1 00 35 00 2B CA 1B A5 A9 01 00 00 01 00 00 00 00 00 00 04 68 65 6C 70 08 65 6C 73 65 76 69 65 72 03 63 6F 6D 00 00 01 00 01
45 00 01 19 42 A7 00 00 40 11 6D 4E 93 20 50 69 93 20 53 35 00 35 F4 F1 01 05 07 68 A5 A9 81 80 00 01 00 02 00 04 00 04 04 68 65 6C 70 08 65 6C 73 65 76 69 65 72 03 63 6F 6D 00 00 01 00 01 C0 0C 00 05 00 01 00 00 07 B2 00 15 09 65 6C 73 65 76 69 65 72 36 08 63 75 73 74 68 65 6C 70 C0 1A C0 2F 00 01 00 01 00 00 03 84 00 04 4A 75 CF F5 C0 39 00 02 00 01 00 00 02 85 00 18 08 65 64 6E 73 63 61 30 32 0C 72 69 67 68 74 6E 6F 77 74 65 63 68 C0 1A C0 39 00 02 00 01 00 00 02 85 00 0B 08 65 64 6E 73 6D 77 30 32 C0 69 C0 39 00 02 00 01 00 00 02 85 00 0B 08 65 64 6E 73 6D 77 30 31 C0 69 C0 39 00 02 00 01 00 00 02 85 00 0B 08 65 64 6E 73 63 61 30 31 C0 69 C0 B2 00 01 00 01 00 00 02 13 00 04 D8 88 E5 3C C0 60 00 01 00 01 00 00 02 13 00 04 D8 88 E5 3D C0 9B 00 01 00 01 00 02 8E 8A 00 04 4A 75 CB 0D C0 84 00 01 00 01 00 02 8E 8A 00 04 4A 75 CB 0E
45 00 00 3E A4 F1 40 00 40 11 CB DE 93 20 53 35 93 20 50 69 36 DC 00 35 00 2A CA 1A EC 4A 01 00 00 01 00 00 00 00 00 00 03 65 65 73 08 65 6C 73 65 76 69 65 72 03 63 6F 6D 00 00 01 00 01
45 00 00 BC 44 69 00 00 40 11 6B E9 93 20 50 69 93 20 53 35 00 35 36 DC 00 A8 39 D5 EC 4A 81 80 00 01 00 02 00 02 00 02 03 65 65 73 08 65 6C 73 65 76 69 65 72 03 63 6F 6D 00 00 01 00 01 C0 0C 00 05 00 01 00 00 07 87 00 0A 07 67 73 73 70 72 6F 64 C0 10 C0 2E 00 01 00 01 00 00 00 05 00 04 91 24 D7 B4 C0 2E 00 02 00 01 00 00 07 87 00 10 0D 73 65 75 6B 72 65 61 61 67 73 73 30 31 C0 10 C0 2E 00 02 00 01 00 00 07 87 00 10 0D 73 65 75 6B 6F 78 66 61 67 73 73 30 31 C0 10 C0 70 00 01 00 01 00 00 07 87 00 04 91 24 D6 A4 C0 54 00 01 00 01 00 00 07 87 00 04 91 24 1E 78
45 00 00 3E B7 4F 40 00 40 11 B9 80 93 20 53 35 93 20 50 69 EB EB 00 35 00 2A CA 1A A3 2C 01 00 00 01 00 00 00 00 00 00 03 65 65 73 08 65 6C 73 65 76 69 65 72 03 63 6F 6D 00 00 01 00 01
45 00 00 BC 46 48 00 00 40 11 6A 0A 93 20 50 69 93 20 53 35 00 35 EB EB 00 A8 CE 42 A3 2C 81 80 00 01 00 02 00 02 00 02 03 65 65 73 08 65 6C 73 65 76 69 65 72 03 63 6F 6D 00 00 01 00 01 C0 0C 00 05 00 01 00 00 07 74 00 0A 07 67 73 73 70 72 6F 64 C0 10 C0 2E 00 01 00 01 00 00 00 05 00 04 91 24 D7 B4 C0 2E 00 02 00 01 00 00 07 74 00 10 0D 73 65 75 6B 72 65 61 61 67 73 73 30 31 C0 10 C0 2E 00 02 00 01 00 00 07 74 00 10 0D 73 65 75 6B 6F 78 66 61 67 73 73 30 31 C0 10 C0 70 00 01 00 01 00 00 07 74 00 04 91 24 D6 A4 C0 54 00 01 00 01 00 00 07 74 00 04 91 24 1E 78
45 00 00 3E F6 84 40 00 40 11 7A 4B 93 20 53 35 93 20 50 69 1F 2F 00 35 00 2A CA 1A 0A AF 01 00 00 01 00 00 00 00 00 00 03 65 65 73 08 65 6C 73 65 76 69 65 72 03 63 6F 6D 00 00 01 00 01
45 00 00 BC 50 1A 00 00 40 11 60 38 93 20 50 69 93 20 53 35 00 35 1F 2F 00 A8 34 C2 0A AF 81 80 00 01 00 02 00 02 00 02 03 65 65 73 08 65 6C 73 65 76 69 65 72 03 63 6F 6D 00 00 01 00 01 C0 0C 00 05 00 01 00 00 07 33 00 0A 07 67 73 73 70 72 6F 64 C0 10 C0 2E 00 01 00 01 00 00 00 05 00 04 91 24 D7 B4 C0 2E 00 02 00 01 00 00 07 33 00 10 0D 73 65 75 6B 6F 78 66 61 67 73 73 30 31 C0 10 C0 2E 00 02 00 01 00 00 07 33 00 10 0D 73 65 75 6B 72 65 61 61 67 73 73 30 31 C0 10 C0 54 00 01 00 01 00 00 07 33 00 04 91 24 D6 A4 C0 70 00 01 00 01 00 00 07 33 00 04 91 24 1E 78
45 00 00 3E 3A 79 40 00 40 11 36 57 93 20 53 35 93 20 50 69 F9 C4 00 35 00 2A CA 1A E0 0E 01 00 00 01 00 00 00 00 00 00 03 65 65 73 08 65 6C 73 65 76 69 65 72 03 63 6F 6D 00 00 01 00 01
45 00 00 BC 54 3E 00 00 40 11 5C 14 93 20 50 69 93 20 53 35 00 35 F9 C4 00 A8 86 25 E0 0E 81 80 00 01 00 02 00 02 00 02 03 65 65 73 08 65 6C 73 65 76 69 65 72 03 63 6F 6D 00 00 01 00 01 C0 0C 00 05 00 01 00 00 06 EE 00 0A 07 67 73 73 70 72 6F 64 C0 10 C0 2E 00 01 00 01 00 00 00 05 00 04 91 24 D7 B4 C0 2E 00 02 00 01 00 00 06 EE 00 10 0D 73 65 75 6B 72 65 61 61 67 73 73 30 31 C0 10 C0 2E 00 02 00 01 00 00 06 EE 00 10 0D 73 65 75 6B 6F 78 66 61 67 73 73 30 31 C0 10 C0 70 00 01 00 01 00 00 06 EE 00 04 91 24 D6 A4 C0 54 00 01 00 01 00 00 06 EE 00 04 91 24 1E 78
45 00 00 3E 78 C0 40 00 40 11 F8 0F 93 20 53 35 93 20 50 69 97 E0 00 35 00 2A CA 1A 8B 38 01 00 00 01 00 00 00 00 00 00 03 65 65 73 08 65 6C 73 65 76 69 65 72 03 63 6F 6D 00 00 01 00 01
45 00 00 BC 59 A4 00 00 40 11 56 AE 93 20 50 69 93 20 53 35 00 35 97 E0 00 A8 3E 20 8B 38 81 80 00 01 00 02 00 02 00 02 03 65 65 73 08 65 6C 73 65 76 69 65 72 03 63 6F 6D 00 00 01 00 01 C0 0C 00 05 00 01 00 00 06 AE 00 0A 07 67 73 73 70 72 6F 64 C0 10 C0 2E 00 01 00 01 00 00 00 05 00 04 91 24 D7 B4 C0 2E 00 02 00 01 00 00 06 AE 00 10 0D 73 65 75 6B 72 65 61 61 67 73 73 30 31 C0 10 C0 2E 00 02 00 01 00 00 06 AE 00 10 0D 73 65 75 6B 6F 78 66 61 67 73 73 30 31 C0 10 C0 70 00 01 00 01 00 00 06 AE 00 04 91 24 D6 A4 C0 54 00 01 00 01 00 00 06 AE 00 04 91 24 1E 78
45 00 00 46 85 1F 40 00 40 11 EB A8 93 20 53 35 93 20 50 69 6A 7A 00 35 00 32 CA 22 50 14 01 00 00 01 00 00 00 00 00 00 03 77 77 77 10 67 6F 6F 67 6C 65 2D 61 6E 61 6C 79 74 69 63 73 03 63 6F 6D 00 00 01 00 01
45 00 01 EA 5A 69 00 00 40 11 54 BB 93 20 50 69 93 20 53 35 00 35 6A 7A 01 D6 E1 08 50 14 81 80 00 01 00 10 00 04 00 04 03 77 77 77 10 67 6F 6F 67 6C 65 2D 61 6E 61 6C 79 74 69 63 73 03 63 6F 6D 00 00 01 00 01 C0 0C 00 05 00 01 00 00 EB B0 00 20 14 77 77 77 2D 67 6F 6F 67 6C 65 2D 61 6E 61 6C 79 74 69 63 73 01 6C 06 67 6F 6F 67 6C 65 C0 21 C0 36 00 01 00 01 00 00 01 24 00 04 C3 71 D6 ED C0 36 00 01 00 01 00 00 01 24 00 04 C3 71 D6 E6 C0 36 00 01 00 01 00 00 01 24 00 04 C3 71 D6 F5 C0 36 00 01 00 01 00 00 01 24 00 04 C3 71 D6 DD C0 36 00 01 00 01 00 00 01 24 00 04 C3 71 D6 CF C0 36 00 01 00 01 00 00 01 24 00 04 C3 71 D6 F1 C0 36 00 01 00 01 00 00 01 24 00 04 C3 71 D6 DE C0 36 00 01 00 01 00 00 01 24 00 04 C3 71 D6 E2 C0 36 00 01 00 01 00 00 01 24 00 04 C3 71 D6 D7 C0 36 00 01 00 01 00 00 01 24 00 04 C3 71 D6 DB C0 36 00 01 00 01 00 00 01 24 00 04 C3 71 D6 F9 C0 36 00 01 00 01 00 00 01 24 00 04 C3 71 D6 FB C0 36 00 01 00 01 00 00 01 24 00 04 C3 71 D6 EC C0 36 00 01 00 01 00 00 01 24 00 04 C3 71 D6 EA C0 36 00 01 00 01 00 00 01 24 00 04 C3 71 D6 D3 C0 4D 00 02 00 01 00 01 AF 8C 00 06 03 6E 73 32 C0 4D C0 4D 00 02 00 01 00 01 AF 8C 00 06 03 6E 73 33 C0 4D C0 4D 00 02 00 01 00 01 AF 8C 00 06 03 6E 73 34 C0 4D C0 4D 00 02 00 01 00 01 AF 8C 00 06 03 6E 73 31 C0 4D C1 88 00 01 00 01 00 04 52 8C 00 04 D8 EF 20 0A C1 52 00 01 00 01 00 04 52 8C 00 04 D8 EF 22 0A C1 64 00 01 00 01 00 04 52 8C 00 04 D8 EF 24 0A C1 76 00 01 00 01 00 04 52 8C 00 04 D8 EF 26 0A
45 00 00 3E A8 05 40 00 40 11 C8 CA 93 20 53 35 93 20 50 69 B0 A7 00 35 00 2A CA 1A 89 99 01 00 00 01 00 00 00 00 00 00 03 65 65 73 08 65 6C 73 65 76 69 65 72 03 63 6F 6D 00 00 01 00 01
45 00 00 BC 5D 24 00 00 40 11 53 2E 93 20 50 69 93 20 53 35 00 35 B0 A7 00 A8 27 E8 89 99 81 80 00 01 00 02 00 02 00 02 03 65 65 73 08 65 6C 73 65 76 69 65 72 03 63 6F 6D 00 00 01 00 01 C0 0C 00 05 00 01 00 00 06 7E 00 0A 07 67 73 73 70 72 6F 64 C0 10 C0 2E 00 01 00 01 00 00 00 05 00 04 91 24 D7 B4 C0 2E 00 02 00 01 00 00 06 7E 00 10 0D 73 65 75 6B 6F 78 66 61 67 73 73 30 31 C0 10 C0 2E 00 02 00 01 00 00 06 7E 00 10 0D 73 65 75 6B 72 65 61 61 67 73 73 30 31 C0 10 C0 54 00 01 00 01 00 00 06 7E 00 04 91 24 D6 A4 C0 70 00 01 00 01 00 00 06 7E 00 04 91 24 1E 78
45 00 00 3E C2 44 40 00 40 11 AE 8B 93 20 53 35 93 20 50 69 2F 82 00 35 00 2A CA 1A 69 68 01 00 00 01 00 00 00 00 00 00 03 65 65 73 08 65 6C 73 65 76 69 65 72 03 63 6F 6D 00 00 01 00 01
45 00 00 BC 5F 27 00 00 40 11 51 2B 93 20 50 69 93 20 53 35 00 35 2F 82 00 A8 C9 C5 69 68 81 80 00 01 00 02 00 02 00 02 03 65 65 73 08 65 6C 73 65 76 69 65 72 03 63 6F 6D 00 00 01 00 01 C0 0C 00 05 00 01 00 00 06 63 00 0A 07 67 73 73 70 72 6F 64 C0 10 C0 2E 00 01 00 01 00 00 00 05 00 04 91 24 D7 B4 C0 2E 00 02 00 01 00 00 06 63 00 10 0D 73 65 75 6B 6F 78 66 61 67 73 73 30 31 C0 10 C0 2E 00 02 00 01 00 00 06 63 00 10 0D 73 65 75 6B 72 65 61 61 67 73 73 30 31 C0 10 C0 54 00 01 00 01 00 00 06 63 00 04 91 24 D6 A4 C0 70 00 01 00 01 00 00 06 63 00 04 91 24 1E 78
45 00 00 3E CC E9 40 00 40 11 A3 E6 93 20 53 35 93 20 50 69 CE 09 00 35 00 2A CA 1A 9F CD 01 00 00 01 00 00 00 00 00 00 03 65 65 73 08 65 6C 73 65 76 69 65 72 03 63 6F 6D 00 00 01 00 01
45 00 00 BC 5F D1 00 00 40 11 50 81 93 20 50 69 93 20 53 35 00 35 CE 09 00 A8 F5 0F 9F CD 81 80 00 01 00 02 00 02 00 02 03 65 65 73 08 65 6C 73 65 76 69 65 72 03 63 6F 6D 00 00 01 00 01 C0 0C 00 05 00 01 00 00 06 58 00 0A 07 67 73 73 70 72 6F 64 C0 10 C0 2E 00 01 00 01 00 00 00 05 00 04 91 24 D7 B4 C0 2E 00 02 00 01 00 00 06 58 00 10 0D 73 65 75 6B 6F 78 66 61 67 73 73 30 31 C0 10 C0 2E 00 02 00 01 00 00 06 58 00 10 0D 73 65 75 6B 72 65 61 61 67 73 73 30 31 C0 10 C0 54 00 01 00 01 00 00 06 58 00 04 91 24 D6 A4 C0 70 00 01 00 01 00 00 06 58 00 04 91 24 1E 78
45 00 00 3E CC F4 40 00 40 11 A3 DB 93 20 53 35 93 20 50 69 79 F9 00 35 00 2A CA 1A 03 AB 01 00 00 01 00 00 00 00 00 00 03 65 65 73 08 65 6C 73 65 76 69 65 72 03 63 6F 6D 00 00 01 00 01
45 00 00 BC 5F D2 00 00 40 11 50 80 93 20 50 69 93 20 53 35 00 35 79 F9 00 A8 E5 42 03 AB 81 80 00 01 00 02 00 02 00 02 03 65 65 73 08 65 6C 73 65 76 69 65 72 03 63 6F 6D 00 00 01 00 01 C0 0C 00 05 00 01 00 00 06 58 00 0A 07 67 73 73 70 72 6F 64 C0 10 C0 2E 00 01 00 01 00 00 00 05 00 04 91 24 D7 B4 C0 2E 00 02 00 01 00 00 06 58 00 10 0D 73 65 75 6B 72 65 61 61 67 73 73 30 31 C0 10 C0 2E 00 02 00 01 00 00 06 58 00 10 0D 73 65 75 6B 6F 78 66 61 67 73 73 30 31 C0 10 C0 70 00 01 00 01 00 00 06 58 00 04 91 24 D6 A4 C0 54 00 01 00 01 00 00 06 58 00 04 91 24 1E 78
45 00 00 3E D8 50 40 00 40 11 98 7F 93 20 53 35 93 20 50 69 A5 BB 00 35 00 2A CA 1A 34 A2 01 00 00 01 00 00 00 00 00 00 03 65 65 73 08 65 6C 73 65 76 69 65 72 03 63 6F 6D 00 00 01 00 01
45 00 00 BC 60 C6 00 00 40 11 4F 8C 93 20 50 69 93 20 53 35 00 35 A5 BB 00 A8 88 C5 34 A2 81 80 00 01 00 02 00 02 00 02 03 65 65 73 08 65 6C 73 65 76 69 65 72 03 63 6F 6D 00 00 01 00 01 C0 0C 00 05 00 01 00 00 06 4C 00 0A 07 67 73 73 70 72 6F 64 C0 10 C0 2E 00 01 00 01 00 00 00 05 00 04 91 24 D7 B4 C0 2E 00 02 00 01 00 00 06 4C 00 10 0D 73 65 75 6B 72 65 61 61 67 73 73 30 31 C0 10 C0 2E 00 02 00 01 00 00 06 4C 00 10 0D 73 65 75 6B 6F 78 66 61 67 73 73 30 31 C0 10 C0 70 00 01 00 01 00 00 06 4C 00 04 91 24 D6 A4 C0 54 00 01 00 01 00 00 06 4C 00 04 91 24 1E 78
45 00 00 3E 15 F8 40 00 40 11 5A D8 93 20 53 35 93 20 50 69 36 0C 00 35 00 2A CA 1A 2A 4E 01 00 00 01 00 00 00 00 00 00 03 65 65 73 08 65 6C 73 65 76 69 65 72 03 63 6F 6D 00 00 01 00 01
45 00 00 BC 67 B3 00 00 40 11 48 9F 93 20 50 69 93 20 53 35 00 35 36 0C 00 A8 04 04 2A 4E 81 80 00 01 00 02 00 02 00 02 03 65 65 73 08 65 6C 73 65 76 69 65 72 03 63 6F 6D 00 00 01 00 01 C0 0C 00 05 00 01 00 00 06 0D 00 0A 07 67 73 73 70 72 6F 64 C0 10 C0 2E 00 01 00 01 00 00 00 05 00 04 91 24 D7 B4 C0 2E 00 02 00 01 00 00 06 0D 00 10 0D 73 65 75 6B 72 65 61 61 67 73 73 30 31 C0 10 C0 2E 00 02 00 01 00 00 06 0D 00 10 0D 73 65 75 6B 6F 78 66 61 67 73 73 30 31 C0 10 C0 70 00 01 00 01 00 00 06 0D 00 04 91 24 D6 A4 C0 54 00 01 00 01 00 00 06 0D 00 04 91 24 1E 78
45 00 00 3D A0 37 40 00 40 11 D0 99 93 20 53 35 93 20 50 69 CA 2E 00 35 00 29 CA 19 D4 D1 01 00 00 01 00 00 00 00 00 00 04 70 6C 75 73 06 67 6F 6F 67 6C 65 03 63 6F 6D 00 00 01 00 01
45 00 01 B5 75 5F 00 00 40 11 39 FA 93 20 50 69 93 20 53 35 00 35 CA 2E 01 A1 1C D9 D4 D1 81 80 00 01 00 0F 00 04 00 04 04 70 6C 75 73 06 67 6F 6F 67 6C 65 03 63 6F 6D 00 00 01 00 01 C0 0C 00 01 00 01 00 00 01 2C 00 04 C3 71 D6 ED C0 0C 00 01 00 01 00 00 01 2C 00 04 C3 71 D6 D3 C0 0C 00 01 00 01 00 00 01 2C 00 04 C3 71 D6 EA C0 0C 00 01 00 01 00 00 01 2C 00 04 C3 71 D6 F1 C0 0C 00 01 00 01 00 00 01 2C 00 04 C3 71 D6 DE C0 0C 00 01 00 01 00 00 01 2C 00 04 C3 71 D6 F5 C0 0C 00 01 00 01 00 00 01 2C 00 04 C3 71 D6 EC C0 0C 00 01 00 01 00 00 01 2C 00 04 C3 71 D6 D7 C0 0C 00 01 00 01 00 00 01 2C 00 04 C3 71 D6 E6 C0 0C 00 01 00 01 00 00 01 2C 00 04 C3 71 D6 DD C0 0C 00 01 00 01 00 00 01 2C 00 04 C3 71 D6 E2 C0 0C 00 01 00 01 00 00 01 2C 00 04 C3 71 D6 CF C0 0C 00 01 00 01 00 00 01 2C 00 04 C3 71 D6 DB C0 0C 00 01 00 01 00 00 01 2C 00 04 C3 71 D6 FB C0 0C 00 01 00 01 00 00 01 2C 00 04 C3 71 D6 F9 C0 11 00 02 00 01 00 01 AE 6A 00 06 03 6E 73 31 C0 11 C0 11 00 02 00 01 00 01 AE 6A 00 06 03 6E 73 34 C0 11 C0 11 00 02 00 01 00 01 AE 6A 00 06 03 6E 73 33 C0 11 C0 11 00 02 00 01 00 01 AE 6A 00 06 03 6E 73 32 C0 11 C1 1D 00 01 00 01 00 04 51 6A 00 04 D8 EF 20 0A C1 53 00 01 00 01 00 04 51 6A 00 04 D8 EF 22 0A C1 41 00 01 00 01 00 04 51 6A 00 04 D8 EF 24 0A C1 2F 00 01 00 01 00 04 51 6A 00 04 D8 EF 26 0A
45 00 00 40 09 FE 40 00 40 11 66 D0 93 20 53 35 93 20 50 69 15 50 00 35 00 2C CA 1C DA D0 01 00 00 01 00 00 00 00 00 00 03 77 77 77 0A 72 2D 62 6C 6F 67 67 65 72 73 03 63 6F 6D 00 00 01 00 01
45 00 00 3C 0A 1E 40 00 40 11 66 B4 93 20 53 35 93 20 50 69 60 0F 00 35 00 28 CA 18 71 2A 01 00 00 01 00 00 00 00 00 00 03 77 77 77 06 61 6D 61 7A 6F 6E 03 63 6F 6D 00 00 01 00 01
45 00 01 74 7D 0C 00 00 40 11 32 8E 93 20 50 69 93 20 53 35 00 35 60 0F 01 60 C8 B6 71 2A 81 80 00 01 00 01 00 08 00 08 03 77 77 77 06 61 6D 61 7A 6F 6E 03 63 6F 6D 00 00 01 00 01 C0 0C 00 01 00 01 00 00 00 3C 00 04 48 15 D7 E8 C0 0C 00 02 00 01 00 00 0B 75 00 09 06 6E 73 2D 39 32 33 C0 10 C0 0C 00 02 00 01 00 00 0B 75 00 09 06 6E 73 2D 39 34 32 C0 10 C0 0C 00 02 00 01 00 00 0B 75 00 09 06 6E 73 2D 39 32 32 C0 10 C0 0C 00 02 00 01 00 00 0B 75 00 09 06 6E 73 2D 39 31 32 C0 10 C0 0C 00 02 00 01 00 00 0B 75 00 09 06 6E 73 2D 39 34 31 C0 10 C0 0C 00 02 00 01 00 00 0B 75 00 09 06 6E 73 2D 39 32 34 C0 10 C0 0C 00 02 00 01 00 00 0B 75 00 09 06 6E 73 2D 39 32 31 C0 10 C0 0C 00 02 00 01 00 00 0B 75 00 09 06 6E 73 2D 39 31 31 C0 10 C0 CF 00 01 00 01 00 00 00 B2 00 04 CF AB B2 06 C0 7B 00 01 00 01 00 00 02 58 00 04 CC F6 A2 05 C0 BA 00 01 00 01 00 00 02 58 00 04 48 15 C0 D7 C0 66 00 01 00 01 00 00 00 B2 00 04 48 15 C0 D3 C0 3C 00 01 00 01 00 00 00 B2 00 04 48 15 D0 D7 C0 A5 00 01 00 01 00 00 02 58 00 04 48 15 D0 D7 C0 90 00 01 00 01 00 00 00 B2 00 04 CC F6 A0 05 C0 51 00 01 00 01 00 00 00 B2 00 04 CC F6 A0 07
45 00 00 EC 7D 0D 00 00 40 11 33 15 93 20 50 69 93 20 53 35 00 35 15 50 00 D8 A6 44 DA D0 81 80 00 01 00 02 00 02 00 04 03 77 77 77 0A 72 2D 62 6C 6F 67 67 65 72 73 03 63 6F 6D 00 00 01 00 01 C0 0C 00 01 00 01 00 00 01 2C 00 04 6C A2 C5 EF C0 0C 00 01 00 01 00 00 01 2C 00 04 6C A2 C4 EF C0 10 00 02 00 01 00 02 52 B4 00 15 04 64 6F 72 61 02 6E 73 0A 63 6C 6F 75 64 66 6C 61 72 65 C0 1B C0 10 00 02 00 01 00 02 52 B4 00 07 04 77 69 6C 6C C0 55 C0 50 00 01 00 01 00 02 4E 04 00 04 AD F5 3A 6C C0 50 00 1C 00 01 00 02 4E 04 00 10 24 00 CB 00 20 49 00 01 00 00 00 00 AD F5 3A 6C C0 71 00 01 00 01 00 02 52 B4 00 04 AD F5 3B 95 C0 71 00 1C 00 01 00 02 52 B4 00 10 24 00 CB 00 20 49 00 01 00 00 00 00 AD F5 3B 95
45 00 00 3E 53 FC 40 00 40 11 1C D4 93 20 53 35 93 20 50 69 D9 F0 00 35 00 2A CA 1A 29 F2 01 00 00 01 00 00 00 00 00 00 03 77 77 77 08 71 75 61 6E 74 69 64 65 03 63 6F 6D 00 00 01 00 01
45 00 00 C2 88 24 00 00 40 11 28 28 93 20 50 69 93 20 53 35 00 35 D9 F0 00 AE EC 9E 29 F2 81 80 00 01 00 02 00 02 00 02 03 77 77 77 08 71 75 61 6E 74 69 64 65 03 63 6F 6D 00 00 01 00 01 C0 0C 00 05 00 01 00 00 03 84 00 19 0A 6F 6E 6C 69 6E 75 78 2D 69 74 08 73 65 74 75 70 64 6E 73 03 6E 65 74 00 C0 2E 00 01 00 01 00 00 03 84 00 04 51 58 30 4E C0 39 00 02 00 01 00 02 52 6A 00 11 03 6E 73 32 08 72 65 67 69 73 74 65 72 02 69 74 00 C0 39 00 02 00 01 00 02 52 6A 00 06 03 6E 73 31 C0 67 C0 80 00 01 00 01 00 01 00 EA 00 04 C3 6E 7C 8C C0 63 00 01 00 01 00 01 00 EA 00 04 D5 5C 0B 22
45 00 00 3E 71 E0 40 00 40 11 FE EF 93 20 53 35 93 20 50 69 A7 33 00 35 00 2A CA 1A 0A 77 01 00 00 01 00 00 00 00 00 00 04 63 72 61 6E 07 72 73 74 75 64 69 6F 03 63 6F 6D 00 00 01 00 01
45 00 01 AE 89 F3 00 00 40 11 25 6D 93 20 50 69 93 20 53 35 00 35 A7 33 01 9A D2 B9 0A 77 81 80 00 01 00 09 00 04 00 04 04 63 72 61 6E 07 72 73 74 75 64 69 6F 03 63 6F 6D 00 00 01 00 01 C0 0C 00 05 00 01 00 00 07 08 00 1E 0D 64 71 68 63 31 7A 78 67 35 62 35 6A 68 0A 63 6C 6F 75 64 66 72 6F 6E 74 03 6E 65 74 00 C0 2E 00 01 00 01 00 00 00 3C 00 04 36 F0 A2 14 C0 2E 00 01 00 01 00 00 00 3C 00 04 36 E6 2D 44 C0 2E 00 01 00 01 00 00 00 3C 00 04 36 F0 A2 F4 C0 2E 00 01 00 01 00 00 00 3C 00 04 36 E6 2C 82 C0 2E 00 01 00 01 00 00 00 3C 00 04 36 E6 2E 92 C0 2E 00 01 00 01 00 00 00 3C 00 04 36 E6 2E AE C0 2E 00 01 00 01 00 00 00 3C 00 04 36 E6 2E 82 C0 2E 00 01 00 01 00 00 00 3C 00 04 36 F0 A2 53 C0 3C 00 02 00 01 00 00 01 ED 00 13 06 6E 73 2D 34 31 38 09 61 77 73 64 6E 73 2D 35 32 C0 19 C0 3C 00 02 00 01 00 00 01 ED 00 17 07 6E 73 2D 31 33 30 36 09 61 77 73 64 6E 73 2D 33 35 03 6F 72 67 00 C0 3C 00 02 00 01 00 00 01 ED 00 19 07 6E 73 2D 31 35 39 37 09 61 77 73 64 6E 73 2D 30 37 02 63 6F 02 75 6B 00 C0 3C 00 02 00 01 00 00 01 ED 00 13 06 6E 73 2D 36 36 36 09 61 77 73 64 6E 73 2D 31 39 C0 47 C0 D8 00 01 00 01 00 02 37 1B 00 04 CD FB C1 A2 C1 3F 00 01 00 01 00 02 38 E1 00 04 CD FB C2 9A C0 F7 00 01 00 01 00 02 37 1B 00 04 CD FB C5 1A C1 1A 00 01 00 01 00 02 37 1B 00 04 CD FB C6 3D
45 00 00 3E 72 C0 40 00 40 11 FE 0F 93 20 53 35 93 20 50 69 B3 6F 00 35 00 2A CA 1A DA 90 01 00 00 01 00 00 00 00 00 00 04 63 72 61 6E 07 72 73 74 75 64 69 6F 03 63 6F 6D 00 00 01 00 01
45 00 01 AE 8A 01 00 00 40 11 25 5F 93 20 50 69 93 20 53 35 00 35 B3 6F 01 9A 27 40 DA 90 81 80 00 01 00 09 00 04 00 04 04 63 72 61 6E 07 72 73 74 75 64 69 6F 03 63 6F 6D 00 00 01 00 01 C0 0C 00 05 00 01 00 00 07 07 00 1E 0D 64 71 68 63 31 7A 78 67 35 62 35 6A 68 0A 63 6C 6F 75 64 66 72 6F 6E 74 03 6E 65 74 00 C0 2E 00 01 00 01 00 00 00 3B 00 04 36 E6 2D 44 C0 2E 00 01 00 01 00 00 00 3B 00 04 36 F0 A2 53 C0 2E 00 01 00 01 00 00 00 3B 00 04 36 F0 A2 14 C0 2E 00 01 00 01 00 00 00 3B 00 04 36 E6 2E 82 C0 2E 00 01 00 01 00 00 00 3B 00 04 36 F0 A2 F4 C0 2E 00 01 00 01 00 00 00 3B 00 04 36 E6 2E 92 C0 2E 00 01 00 01 00 00 00 3B 00 04 36 E6 2E AE C0 2E 00 01 00 01 00 00 00 3B 00 04 36 E6 2C 82 C0 3C 00 02 00 01 00 00 01 EC 00 17 07 6E 73 2D 31 33 30 36 09 61 77 73 64 6E 73 2D 33 35 03 6F 72 67 00 C0 3C 00 02 00 01 00 00 01 EC 00 13 06 6E 73 2D 36 36 36 09 61 77 73 64 6E 73 2D 31 39 C0 47 C0 3C 00 02 00 01 00 00 01 EC 00 19 07 6E 73 2D 31 35 39 37 09 61 77 73 64 6E 73 2D 30 37 02 63 6F 02 75 6B 00 C0 3C 00 02 00 01 00 00 01 EC 00 13 06 6E 73 2D 34 31 38 09 61 77 73 64 6E 73 2D 35 32 C0 19 C1 3F 00 01 00 01 00 02 37 1A 00 04 CD FB C1 A2 C0 FB 00 01 00 01 00 02 38 E0 00 04 CD FB C2 9A C0 D8 00 01 00 01 00 02 37 1A 00 04 CD FB C5 1A C1 1A 00 01 00 01 00 02 37 1A 00 04 CD FB C6 3D
45 00 00 3F A2 92 40 00 40 11 CE 3C 93 20 53 35 93 20 50 69 16 64 00 35 00 2B CA 1B 2F CB 01 00 00 01 00 00 00 00 00 00 01 33 02 62 70 08 62 6C 6F 67 73 70 6F 74 03 63 6F 6D 00 00 01 00 01
45 00 01 0B 8E 24 00 00 40 11 21 DF 93 20 50 69 93 20 53 35 00 35 16 64 00 F7 9E 50 2F CB 81 80 00 01 00 02 00 04 00 04 01 33 02 62 70 08 62 6C 6F 67 73 70 6F 74 03 63 6F 6D 00 00 01 00 01 C0 0C 00 05 00 01 00 08 E9 9A 00 21 0A 70 68 6F 74 6F 73 2D 75 67 63 01 6C 11 67 6F 6F 67 6C 65 75 73 65 72 63 6F 6E 74 65 6E 74 C0 1A C0 2F 00 01 00 01 00 00 00 2A 00 04 AD C2 46 84 C0 3C 00 02 00 01 00 01 B0 C9 00 0D 03 6E 73 31 06 67 6F 6F 67 6C 65 C0 1A C0 3C 00 02 00 01 00 01 B0 C9 00 06 03 6E 73 34 C0 70 C0 3C 00 02 00 01 00 01 B0 C9 00 06 03 6E 73 33 C0 70 C0 3C 00 02 00 01 00 01 B0 C9 00 06 03 6E 73 32 C0 70 C0 6C 00 01 00 01 00 04 50 62 00 04 D8 EF 20 0A C0 A9 00 01 00 01 00 04 50 62 00 04 D8 EF 22 0A C0 97 00 01 00 01 00 04 50 62 00 04 D8 EF 24 0A C0 85 00 01 00 01 00 04 50 62 00 04 D8 EF 26 0A
45 00 00 3C BB 20 40 00 40 11 B5 B1 93 20 53 35 93 20 50 69 DC D9 00 35 00 28 CA 18 E9 B7 01 00 00 01 00 00 00 00 00 00 07 73 6D 2D 70 72 6F 64 03 61 6E 79 02 64 6F 00 00 01 00 01
45 00 01 DD 8F A8 00 00 40 11 1F 89 93 20 50 69 93 20 53 35 00 35 DC D9 01 C9 09 EE E9 B7 81 80 00 01 00 03 00 08 00 08 07 73 6D 2D 70 72 6F 64 03 61 6E 79 02 64 6F 00 00 01 00 01 C0 0C 00 05 00 01 00 00 2A 30 00 1E 07 73 6D 2D 70 72 6F 64 10 65 6C 61 73 74 69 63 62 65 61 6E 73 74 61 6C 6B 03 63 6F 6D 00 C0 2C 00 05 00 01 00 00 00 3C 00 33 18 61 77 73 65 62 2D 73 6D 2D 70 72 6F 64 33 2D 37 38 33 30 34 30 38 35 37 09 75 73 2D 65 61 73 74 2D 31 03 65 6C 62 09 61 6D 61 7A 6F 6E 61 77 73 C0 45 C0 56 00 01 00 01 00 00 00 3C 00 04 36 F3 98 ED C0 56 00 02 00 01 00 00 07 08 00 09 06 6E 73 2D 39 34 37 C0 7D C0 56 00 02 00 01 00 00 07 08 00 09 06 6E 73 2D 39 32 35 C0 7D C0 56 00 02 00 01 00 00 07 08 00 09 06 6E 73 2D 39 32 37 C0 7D C0 56 00 02 00 01 00 00 07 08 00 09 06 6E 73 2D 39 34 31 C0 7D C0 56 00 02 00 01 00 00 07 08 00 09 06 6E 73 2D 39 33 35 C0 7D C0 56 00 02 00 01 00 00 07 08 00 09 06 6E 73 2D 39 31 36 C0 7D C0 56 00 02 00 01 00 00 07 08 00 09 06 6E 73 2D 39 34 34 C0 7D C0 56 00 02 00 01 00 00 07 08 00 09 06 6E 73 2D 39 33 34 C0 7D C1 0E 00 01 00 01 00 00 00 25 00 04 CF AB B2 07 C0 BA 00 01 00 01 00 00 00 6E 00 04 48 15 D0 D5 C0 CF 00 01 00 01 00 00 00 6E 00 04 48 15 CC D1 C1 38 00 01 00 01 00 00 00 6E 00 04 57 EE 54 D7 C0 F9 00 01 00 01 00 00 00 6E 00 04 57 EE 50 D5 C0 E4 00 01 00 01 00 00 21 95 00 04 CC F6 A0 05 C1 23 00 01 00 01 00 00 1B 60 00 04 CD FB E4 06 C0 A5 00 01 00 01 00 00 00 6E 00 04 CC F6 A2 0A
45 00 00 3D EA 98 40 00 40 11 86 38 93 20 53 35 93 20 50 69 F5 5E 00 35 00 29 CA 19 7F EF 01 00 00 01 00 00 00 00 00 00 04 70 6C 75 73 06 67 6F 6F 67 6C 65 03 63 6F 6D 00 00 01 00 01
45 00 01 B5 AC C8 00 00 40 11 02 91 93 20 50 69 93 20 53 35 00 35 F5 5E 01 A1 40 AF 7F EF 81 80 00 01 00 0F 00 04 00 04 04 70 6C 75 73 06 67 6F 6F 67 6C 65 03 63 6F 6D 00 00 01 00 01 C0 0C 00 01 00 01 00 00 00 06 00 04 C3 71 D6 ED C0 0C 00 01 00 01 00 00 00 06 00 04 C3 71 D6 FB C0 0C 00 01 00 01 00 00 00 06 00 04 C3 71 D6 F5 C0 0C 00 01 00 01 00 00 00 06 00 04 C3 71 D6 D7 C0 0C 00 01 00 01 00 00 00 06 00 04 C3 71 D6 DD C0 0C 00 01 00 01 00 00 00 06 00 04 C3 71 D6 D3 C0 0C 00 01 00 01 00 00 00 06 00 04 C3 71 D6 DB C0 0C 00 01 00 01 00 00 00 06 00 04 C3 71 D6 E2 C0 0C 00 01 00 01 00 00 00 06 00 04 C3 71 D6 EA C0 0C 00 01 00 01 00 00 00 06 00 04 C3 71 D6 EC C0 0C 00 01 00 01 00 00 00 06 00 04 C3 71 D6 E6 C0 0C 00 01 00 01 00 00 00 06 00 04 C3 71 D6 F9 C0 0C 00 01 00 01 00 00 00 06 00 04 C3 71 D6 DE C0 0C 00 01 00 01 00 00 00 06 00 04 C3 71 D6 F1 C0 0C 00 01 00 01 00 00 00 06 00 04 C3 71 D6 CF C0 11 00 02 00 01 00 01 AC 12 00 06 03 6E 73 34 C0 11 C0 11 00 02 00 01 00 01 AC 12 00 06 03 6E 73 31 C0 11 C0 11 00 02 00 01 00 01 AC 12 00 06 03 6E 73 32 C0 11 C0 11 00 02 00 01 00 01 AC 12 00 06 03 6E 73 33 C0 11 C1 2F 00 01 00 01 00 04 4F 12 00 04 D8 EF 20 0A C1 41 00 01 00 01 00 04 4F 12 00 04 D8 EF 22 0A C1 53 00 01 00 01 00 04 4F 12 00 04 D8 EF 24 0A C1 1D 00 01 00 01 00 04 4F 12 00 04 D8 EF 26 0A
45 00 00 44 62 00 40 00 40 11 0E CA 93 20 53 35 93 20 50 69 97 08 00 35 00 30 CA 20 C5 41 01 00 00 01 00 00 00 00 00 00 09 53 75 70 65 72 4E 6F 76 61 04 66 65 6C 6B 04 63 76 75 74 02 63 7A 00 00 1C 00 01
45 00 00 76 B2 D6 00 00 40 11 FD C1 93 20 50 69 93 20 53 35 00 35 97 08 00 62 65 88 C5 41 85 83 00 01 00 00 00 01 00 00 09 53 75 70 65 72 4E 6F 76 61 04 66 65 6C 6B 04 63 76 75 74 02 63 7A 00 00 1C 00 01 C0 16 00 06 00 01 00 00 0E 10 00 26 02 6E 73 C0 16 0A 68 6F 73 74 6D 61 73 74 65 72 C0 16 77 FD 80 15 00 00 54 60 00 00 0E 10 00 12 75 00 00 00 0E 10
45 00 00 37 62 00 40 00 40 11 0E D7 93 20 53 35 93 20 50 69 D5 28 00 35 00 23 CA 13 75 DE 01 00 00 01 00 00 00 00 00 00 09 53 75 70 65 72 4E 6F 76 61 00 00 1C 00 01
45 00 00 82 B2 D7 00 00 40 11 FD B4 93 20 50 69 93 20 53 35 00 35 D5 28 00 6E 37 2E 75 DE 81 83 00 01 00 00 00 01 00 00 09 53 75 70 65 72 4E 6F 76 61 00 00 1C 00 01 00 00 06 00 01 00 00 07 08 00 40 01 61 0C 72 6F 6F 74 2D 73 65 72 76 65 72 73 03 6E 65 74 00 05 6E 73 74 6C 64 0C 76 65 72 69 73 69 67 6E 2D 67 72 73 03 63 6F 6D 00 77 FD 80 14 00 00 07 08 00 00 03 84 00 09 3A 80 00 01 51 80
45 00 00 41 41 6A 40 00 40 11 2F 63 93 20 53 35 93 20 50 69 FE E3 00 35 00 2D CA 1D 91 82 01 00 00 01 00 00 00 00 00 00 08 63 6C 69 65 6E 74 73 33 06 67 6F 6F 67 6C 65 03 63 6F 6D 00 00 01 00 01
45 00 01 D1 C9 FE 00 00 40 11 E5 3E 93 20 50 69 93 20 53 35 00 35 FE E3 01 BD 0F BC 91 82 81 80 00 01 00 10 00 04 00 04 08 63 6C 69 65 6E 74 73 33 06 67 6F 6F 67 6C 65 03 63 6F 6D 00 00 01 00 01 C0 0C 00 05 00 01 00 00 01 2C 00 0C 07 63 6C 69 65 6E 74 73 01 6C C0 15 C0 31 00 01 00 01 00 00 01 2C 00 04 C3 71 D6 DD C0 31 00 01 00 01 00 00 01 2C 00 04 C3 71 D6 EA C0 31 00 01 00 01 00 00 01 2C 00 04 C3 71 D6 D7 C0 31 00 01 00 01 00 00 01 2C 00 04 C3 71 D6 ED C0 31 00 01 00 01 00 00 01 2C 00 04 C3 71 D6 E6 C0 31 00 01 00 01 00 00 01 2C 00 04 C3 71 D6 D3 C0 31 00 01 00 01 00 00 01 2C 00 04 C3 71 D6 DB C0 31 00 01 00 01 00 00 01 2C 00 04 C3 71 D6 EC C0 31 00 01 00 01 00 00 01 2C 00 04 C3 71 D6 F5 C0 31 00 01 00 01 00 00 01 2C 00 04 C3 71 D6 CF C0 31 00 01 00 01 00 00 01 2C 00 04 C3 71 D6 DE C0 31 00 01 00 01 00 00 01 2C 00 04 C3 71 D6 FB C0 31 00 01 00 01 00 00 01 2C 00 04 C3 71 D6 E2 C0 31 00 01 00 01 00 00 01 2C 00 04 C3 71 D6 F9 C0 31 00 01 00 01 00 00 01 2C 00 04 C3 71 D6 F1 C0 15 00 02 00 01 00 01 AA B3 00 06 03 6E 73 34 C0 15 C0 15 00 02 00 01 00 01 AA B3 00 06 03 6E 73 32 C0 15 C0 15 00 02 00 01 00 01 AA B3 00 06 03 6E 73 33 C0 15 C0 15 00 02 00 01 00 01 AA B3 00 06 03 6E 73 31 C0 15 C1 6F 00 01 00 01 00 04 4D B3 00 04 D8 EF 20 0A C1 4B 00 01 00 01 00 04 4D B3 00 04 D8 EF 22 0A C1 5D 00 01 00 01 00 04 4D B3 00 04 D8 EF 24 0A C1 39 00 01 00 01 00 04 4D B3 00 04 D8 EF 26 0A
45 00 00 5C F8 13 40 00 40 11 78 9E 93 20 53 35 93 20 50 69 23 79 00 35 00 48 CA 38 08 98 01 00 00 01 00 00 00 00 00 00 18 69 6D 61 67 65 73 31 2D 66 6F 63 75 73 2D 6F 70 65 6E 73 6F 63 69 61 6C 11 67 6F 6F 67 6C 65 75 73 65 72 63 6F 6E 74 65 6E 74 03 63 6F 6D 00 00 01 00 01
45 00 00 3D F8 13 40 00 40 11 78 BD 93 20 53 35 93 20 50 69 DB 68 00 35 00 29 CA 19 A1 29 01 00 00 01 00 00 00 00 00 00 04 70 6C 75 73 06 67 6F 6F 67 6C 65 03 63 6F 6D 00 00 01 00 01
45 00 01 B5 DA B3 00 00 40 11 D4 A5 93 20 50 69 93 20 53 35 00 35 DB 68 01 A1 06 70 A1 29 81 80 00 01 00 0F 00 04 00 04 04 70 6C 75 73 06 67 6F 6F 67 6C 65 03 63 6F 6D 00 00 01 00 01 C0 0C 00 01 00 01 00 00 00 D3 00 04 C3 71 D6 FB C0 0C 00 01 00 01 00 00 00 D3 00 04 C3 71 D6 F1 C0 0C 00 01 00 01 00 00 00 D3 00 04 C3 71 D6 D7 C0 0C 00 01 00 01 00 00 00 D3 00 04 C3 71 D6 E6 C0 0C 00 01 00 01 00 00 00 D3 00 04 C3 71 D6 EA C0 0C 00 01 00 01 00 00 00 D3 00 04 C3 71 D6 F9 C0 0C 00 01 00 01 00 00 00 D3 00 04 C3 71 D6 ED C0 0C 00 01 00 01 00 00 00 D3 00 04 C3 71 D6 CF C0 0C 00 01 00 01 00 00 00 D3 00 04 C3 71 D6 DD C0 0C 00 01 00 01 00 00 00 D3 00 04 C3 71 D6 DB C0 0C 00 01 00 01 00 00 00 D3 00 04 C3 71 D6 EC C0 0C 00 01 00 01 00 00 00 D3 00 04 C3 71 D6 F5 C0 0C 00 01 00 01 00 00 00 D3 00 04 C3 71 D6 D3 C0 0C 00 01 00 01 00 00 00 D3 00 04 C3 71 D6 DE C0 0C 00 01 00 01 00 00 00 D3 00 04 C3 71 D6 E2 C0 11 00 02 00 01 00 01 A9 F8 00 06 03 6E 73 34 C0 11 C0 11 00 02 00 01 00 01 A9 F8 00 06 03 6E 73 32 C0 11 C0 11 00 02 00 01 00 01 A9 F8 00 06 03 6E 73 33 C0 11 C0 11 00 02 00 01 00 01 A9 F8 00 06 03 6E 73 31 C0 11 C1 53 00 01 00 01 00 04 4C F8 00 04 D8 EF 20 0A C1 2F 00 01 00 01 00 04 4C F8 00 04 D8 EF 22 0A C1 41 00 01 00 01 00 04 4C F8 00 04 D8 EF 24 0A C1 1D 00 01 00 01 00 04 4C F8 00 04 D8 EF 26 0A
45 00 01 38 DA B4 00 00 40 11 D5 21 93 20 50 69 93 20 53 35 00 35 23 79 01 24 72 D7 08 98 81 80 00 01 00 04 00 04 00 04 18 69 6D 61 67 65 73 31 2D 66 6F 63 75 73 2D 6F 70 65 6E 73 6F 63 69 61 6C 11 67 6F 6F 67 6C 65 75 73 65 72 63 6F 6E 74 65 6E 74 03 63 6F 6D 00 00 01 00 01 C0 0C 00 05 00 01 00 00 FD 94 00 11 0C 67 6F 6F 67 6C 65 68 6F 73 74 65 64 01 6C C0 25 C0 4C 00 01 00 01 00 00 01 2C 00 04 AD C2 2C EA C0 4C 00 01 00 01 00 00 01 2C 00 04 AD C2 2C EB C0 4C 00 01 00 01 00 00 01 2C 00 04 AD C2 2C EC C0 25 00 02 00 01 00 01 AD 5F 00 0D 03 6E 73 32 06 67 6F 6F 67 6C 65 C0 37 C0 25 00 02 00 01 00 01 AD 5F 00 06 03 6E 73 33 C0 9D C0 25 00 02 00 01 00 01 AD 5F 00 06 03 6E 73 31 C0 9D C0 25 00 02 00 01 00 01 AD 5F 00 06 03 6E 73 34 C0 9D C0 C4 00 01 00 01 00 04 4C F8 00 04 D8 EF 20 0A C0 99 00 01 00 01 00 04 4C F8 00 04 D8 EF 22 0A C0 B2 00 01 00 01 00 04 4C F8 00 04 D8 EF 24 0A C0 D6 00 01 00 01 00 04 4C F8 00 04 D8 EF 26 0A
45 00 00 4C 75 9F 40 00 40 11 FB 22 93 20 53 35 93 20 50 69 D5 0F 00 35 00 38 CA 28 5C 31 01 00 00 01 00 00 00 00 00 00 12 73 74 61 74 69 73 74 69 63 61 6C 72 65 63 69 70 65 73 08 62 6C 6F 67 73 70 6F 74 02 63 7A 00 00 01 00 01
45 00 01 19 E2 08 00 00 40 11 CD EC 93 20 50 69 93 20 53 35 00 35 D5 0F 01 05 55 47 5C 31 81 80 00 01 00 02 00 04 00 04 12 73 74 61 74 69 73 74 69 63 61 6C 72 65 63 69 70 65 73 08 62 6C 6F 67 73 70 6F 74 02 63 7A 00 00 01 00 01 C0 0C 00 05 00 01 00 00 02 58 00 22 08 62 6C 6F 67 73 70 6F 74 01 6C 11 67 6F 6F 67 6C 65 75 73 65 72 63 6F 6E 74 65 6E 74 03 63 6F 6D 00 C0 3C 00 01 00 01 00 00 01 2C 00 04 AD C2 46 84 C0 47 00 02 00 01 00 01 AC DE 00 0D 03 6E 73 33 06 67 6F 6F 67 6C 65 C0 59 C0 47 00 02 00 01 00 01 AC DE 00 06 03 6E 73 32 C0 7E C0 47 00 02 00 01 00 01 AC DE 00 06 03 6E 73 34 C0 7E C0 47 00 02 00 01 00 01 AC DE 00 06 03 6E 73 31 C0 7E C0 B7 00 01 00 01 00 04 4C 77 00 04 D8 EF 20 0A C0 93 00 01 00 01 00 04 4C 77 00 04 D8 EF 22 0A C0 7A 00 01 00 01 00 04 4C 77 00 04 D8 EF 24 0A C0 A5 00 01 00 01 00 04 4C 77 00 04 D8 EF 26 0A
45 00 00 3E 77 9C 40 00 40 11 F9 33 93 20 53 35 93 20 50 69 CF 61 00 35 00 2A CA 1A 99 78 01 00 00 01 00 00 00 00 00 00 03 77 77 77 08 68 69 67 68 73 74 61 74 03 63 6F 6D 00 00 01 00 01
45 00 00 3E 77 A2 40 00 40 11 F9 2D 93 20 53 35 93 20 50 69 55 5A 00 35 00 2A CA 1A F2 36 01 00 00 01 00 00 00 00 00 00 03 77 77 77 08 71 75 61 6E 74 69 64 65 03 63 6F 6D 00 00 01 00 01
45 00 00 3D 77 B1 40 00 40 11 F9 1F 93 20 53 35 93 20 50 69 FB C4 00 35 00 29 CA 19 BC 3F 01 00 00 01 00 00 00 00 00 00 03 77 77 77 07 72 73 74 75 64 69 6F 03 6F 72 67 00 00 01 00 01
45 00 00 DC E2 27 00 00 40 11 CE 0A 93 20 50 69 93 20 53 35 00 35 FB C4 00 C8 01 59 BC 3F 81 80 00 01 00 01 00 02 00 04 03 77 77 77 07 72 73 74 75 64 69 6F 03 6F 72 67 00 00 01 00 01 C0 0C 00 01 00 01 00 00 03 BA 00 04 41 B5 85 D0 C0 10 00 02 00 01 00 00 03 BA 00 18 04 6E 73 33 30 0D 64 6F 6D 61 69 6E 63 6F 6E 74 72 6F 6C 03 63 6F 6D 00 C0 10 00 02 00 01 00 00 03 BA 00 07 04 6E 73 32 39 C0 42 C0 61 00 01 00 01 00 00 FC AE 00 04 D8 45 B9 0F C0 61 00 1C 00 01 00 00 FC AE 00 10 26 07 F2 08 02 06 00 00 00 00 00 00 00 00 00 0F C0 3D 00 01 00 01 00 00 FC AE 00 04 D0 6D FF 0F C0 3D 00 1C 00 01 00 00 FC AE 00 10 26 07 F2 08 03 02 00 00 00 00 00 00 00 00 00 0F
45 00 00 C2 E2 28 00 00 40 11 CE 23 93 20 50 69 93 20 53 35 00 35 55 5A 00 AE F3 AA F2 36 81 80 00 01 00 02 00 02 00 02 03 77 77 77 08 71 75 61 6E 74 69 64 65 03 63 6F 6D 00 00 01 00 01 C0 0C 00 05 00 01 00 00 03 84 00 19 0A 6F 6E 6C 69 6E 75 78 2D 69 74 08 73 65 74 75 70 64 6E 73 03 6E 65 74 00 C0 2E 00 01 00 01 00 00 03 84 00 04 51 58 30 4E C0 39 00 02 00 01 00 02 4E 2D 00 11 03 6E 73 31 08 72 65 67 69 73 74 65 72 02 69 74 00 C0 39 00 02 00 01 00 02 4E 2D 00 06 03 6E 73 32 C0 67 C0 63 00 01 00 01 00 00 FC AD 00 04 C3 6E 7C 8C C0 80 00 01 00 01 00 00 FC AD 00 04 D5 5C 0B 22
45 00 00 9D E2 2A 00 00 40 11 CE 46 93 20 50 69 93 20 53 35 00 35 CF 61 00 89 5D D5 99 78 81 80 00 01 00 01 00 02 00 02 03 77 77 77 08 68 69 67 68 73 74 61 74 03 63 6F 6D 00 00 01 00 01 C0 0C 00 01 00 01 00 00 38 40 00 04 CF 96 DF A1 C0 10 00 02 00 01 00 00 38 40 00 13 01 61 03 64 6E 73 07 68 6F 73 74 77 61 79 03 6E 65 74 00 C0 10 00 02 00 01 00 00 38 40 00 04 01 62 C0 40 C0 3E 00 01 00 01 00 00 38 40 00 04 42 71 81 F3 C0 5D 00 01 00 01 00 00 38 40 00 04 40 1A 00 73
45 00 00 41 A4 2C 40 00 40 11 CC A0 93 20 53 35 93 20 50 69 A7 07 00 35 00 2D CA 1D 87 48 01 00 00 01 00 00 00 00 00 00 08 63 6C 69 65 6E 74 73 32 06 67 6F 6F 67 6C 65 03 63 6F 6D 00 00 01 00 01
45 00 01 D1 E4 2E 00 00 40 11 CB 0E 93 20 50 69 93 20 53 35 00 35 A7 07 01 BD 54 DE 87 48 81 80 00 01 00 10 00 04 00 04 08 63 6C 69 65 6E 74 73 32 06 67 6F 6F 67 6C 65 03 63 6F 6D 00 00 01 00 01 C0 0C 00 05 00 01 00 00 00 A2 00 0C 07 63 6C 69 65 6E 74 73 01 6C C0 15 C0 31 00 01 00 01 00 00 01 2C 00 04 C3 71 D6 EA C0 31 00 01 00 01 00 00 01 2C 00 04 C3 71 D6 CF C0 31 00 01 00 01 00 00 01 2C 00 04 C3 71 D6 D3 C0 31 00 01 00 01 00 00 01 2C 00 04 C3 71 D6 DE C0 31 00 01 00 01 00 00 01 2C 00 04 C3 71 D6 E2 C0 31 00 01 00 01 00 00 01 2C 00 04 C3 71 D6 ED C0 31 00 01 00 01 00 00 01 2C 00 04 C3 71 D6 F1 C0 31 00 01 00 01 00 00 01 2C 00 04 C3 71 D6 EC C0 31 00 01 00 01 00 00 01 2C 00 04 C3 71 D6 DB C0 31 00 01 00 01 00 00 01 2C 00 04 C3 71 D6 D7 C0 31 00 01 00 01 00 00 01 2C 00 04 C3 71 D6 FB C0 31 00 01 00 01 00 00 01 2C 00 04 C3 71 D6 F9 C0 31 00 01 00 01 00 00 01 2C 00 04 C3 71 D6 DD C0 31 00 01 00 01 00 00 01 2C 00 04 C3 71 D6 E6 C0 31 00 01 00 01 00 00 01 2C 00 04 C3 71 D6 F5 C0 15 00 02 00 01 00 01 A9 48 00 06 03 6E 73 34 C0 15 C0 15 00 02 00 01 00 01 A9 48 00 06 03 6E 73 32 C0 15 C0 15 00 02 00 01 00 01 A9 48 00 06 03 6E 73 33 C0 15 C0 15 00 02 00 01 00 01 A9 48 00 06 03 6E 73 31 C0 15 C1 6F 00 01 00 01 00 04 4C 48 00 04 D8 EF 20 0A C1 4B 00 01 00 01 00 04 4C 48 00 04 D8 EF 22 0A C1 5D 00 01 00 01 00 04 4C 48 00 04 D8 EF 24 0A C1 39 00 01 00 01 00 04 4C 48 00 04 D8 EF 26 0A
45 00 00 3D A8 23 40 00 40 11 C8 AD 93 20 53 35 93 20 50 69 2A 7E 00 35 00 29 CA 19 6B C0 01 00 00 01 00 00 00 00 00 00 03 77 77 77 07 67 73 74 61 74 69 63 03 63 6F 6D 00 00 01 00 01
45 00 00 DC E4 7A 00 00 40 11 CB B7 93 20 50 69 93 20 53 35 00 35 2A 7E 00 C8 89 E0 6B C0 81 80 00 01 00 01 00 04 00 04 03 77 77 77 07 67 73 74 61 74 69 63 03 63 6F 6D 00 00 01 00 01 C0 0C 00 01 00 01 00 00 01 2C 00 04 AD C2 23 4F C0 10 00 02 00 01 00 01 A9 44 00 0D 03 6E 73 31 06 67 6F 6F 67 6C 65 C0 18 C0 10 00 02 00 01 00 01 A9 44 00 06 03 6E 73 33 C0 41 C0 10 00 02 00 01 00 01 A9 44 00 06 03 6E 73 34 C0 41 C0 10 00 02 00 01 00 01 A9 44 00 06 03 6E 73 32 C0 41 C0 3D 00 01 00 01 00 04 4C 44 00 04 D8 EF 20 0A C0 7A 00 01 00 01 00 04 4C 44 00 04 D8 EF 22 0A C0 56 00 01 00 01 00 04 4C 44 00 04 D8 EF 24 0A C0 68 00 01 00 01 00 04 4C 44 00 04 D8 EF 26 0A
45 00 00 39 B5 BD 40 00 40 11 BB 17 93 20 53 35 93 20 50 69 C0 74 00 35 00 25 CA 15 78 8E 01 00 00 01 00 00 00 00 00 00 07 73 74 61 74 61 63 65 03 63 6F 6D 00 00 01 00 01
45 00 00 3B B5 C1 40 00 40 11 BB 11 93 20 53 35 93 20 50 69 CA B2 00 35 00 27 CA 17 6D C9 01 00 00 01 00 00 00 00 00 00 03 77 77 77 05 77 69 6C 65 79 03 63 6F 6D 00 00 01 00 01
45 00 01 12 E5 A8 00 00 40 11 CA 53 93 20 50 69 93 20 53 35 00 35 C0 74 00 FE EB 38 78 8E 81 80 00 01 00 01 00 04 00 04 07 73 74 61 74 61 63 65 03 63 6F 6D 00 00 01 00 01 C0 0C 00 01 00 01 00 00 00 3C 00 04 B0 20 65 9C C0 0C 00 02 00 01 00 02 4D EE 00 19 07 6E 73 2D 31 36 30 35 09 61 77 73 64 6E 73 2D 30 38 02 63 6F 02 75 6B 00 C0 0C 00 02 00 01 00 02 4D EE 00 16 06 6E 73 2D 38 31 36 09 61 77 73 64 6E 73 2D 33 38 03 6E 65 74 00 C0 0C 00 02 00 01 00 02 4D EE 00 17 07 6E 73 2D 31 31 37 39 09 61 77 73 64 6E 73 2D 31 39 03 6F 72 67 00 C0 0C 00 02 00 01 00 02 4D EE 00 13 06 6E 73 2D 34 37 33 09 61 77 73 64 6E 73 2D 35 39 C0 14 C0 A3 00 01 00 01 00 02 4D EE 00 04 CD FB C1 D9 C0 5E 00 01 00 01 00 02 4D EE 00 04 CD FB C3 30 C0 80 00 01 00 01 00 02 4D EE 00 04 CD FB C4 9B C0 39 00 01 00 01 00 02 47 D7 00 04 CD FB C6 45
45 00 01 37 E5 B5 00 00 40 11 CA 21 93 20 50 69 93 20 53 35 00 35 CA B2 01 23 27 E7 6D C9 81 80 00 01 00 01 00 06 00 06 03 77 77 77 05 77 69 6C 65 79 03 63 6F 6D 00 00 01 00 01 C0 0C 00 01 00 01 00 00 03 84 00 04 D0 D7 B3 92 C0 10 00 02 00 01 00 02 4D EE 00 0B 08 62 72 69 2D 6E 73 30 31 C0 10 C0 10 00 02 00 01 00 02 4D EE 00 0B 08 6A 77 73 2D 65 64 63 70 C0 10 C0 10 00 02 00 01 00 02 4D EE 00 0A 07 73 67 2D 6E 73 30 31 C0 10 C0 10 00 02 00 01 00 02 4D EE 00 11 03 6E 73 32 05 77 69 6C 65 79 02 63 6F 02 75 6B 00 C0 10 00 02 00 01 00 02 4D EE 00 0E 02 6E 73 08 77 69 6C 65 79 70 75 62 C0 16 C0 10 00 02 00 01 00 02 4D EE 00 05 02 6E 73 C0 83 C0 B6 00 01 00 01 00 00 02 57 00 04 C1 82 44 13 C0 9C 00 01 00 01 00 02 4D EE 00 04 0C A5 F0 35 C0 7F 00 01 00 01 00 00 02 57 00 04 C1 82 44 15 C0 69 00 01 00 01 00 02 4D EE 00 04 CA 06 A1 EE C0 3B 00 01 00 01 00 02 4D EE 00 04 CB 2E 46 85 C0 52 00 01 00 01 00 02 4D EE 00 04 D0 D7 B3 64
45 00 00 3E 4E 88 40 00 40 11 22 48 93 20 53 35 93 20 50 69 0D 7C 00 35 00 2A CA 1A A8 CC 01 00 00 01 00 00 00 00 00 00 02 65 6E 09 77 69 6B 69 70 65 64 69 61 03 6F 72 67 00 00 01 00 01
45 00 00 FA FC A8 00 00 40 11 B3 6B 93 20 50 69 93 20 53 35 00 35 0D 7C 00 E6 5A 32 A8 CC 81 80 00 01 00 03 00 03 00 03 02 65 6E 09 77 69 6B 69 70 65 64 69 61 03 6F 72 67 00 00 01 00 01 C0 0C 00 05 00 01 00 00 06 42 00 19 0C 77 69 6B 69 70 65 64 69 61 2D 6C 62 09 77 69 6B 69 6D 65 64 69 61 C0 19 C0 2E 00 05 00 01 00 00 02 3C 00 15 0C 77 69 6B 69 70 65 64 69 61 2D 6C 62 05 65 73 61 6D 73 C0 3B C0 53 00 01 00 01 00 00 0D F4 00 04 5B C6 AE E1 C0 3B 00 02 00 01 00 00 EA 65 00 06 03 6E 73 30 C0 3B C0 3B 00 02 00 01 00 00 EA 65 00 06 03 6E 73 31 C0 3B C0 3B 00 02 00 01 00 00 EA 65 00 06 03 6E 73 32 C0 3B C0 84 00 01 00 01 00 00 EA 65 00 04 D0 50 9A EE C0 96 00 01 00 01 00 00 EA 65 00 04 D0 50 98 D6 C0 A8 00 01 00 01 00 00 EA 65 00 04 5B C6 AE EF
45 00 00 3E 56 3F 40 00 40 11 1A 91 93 20 53 35 93 20 50 69 09 39 00 35 00 2A CA 1A D9 6E 01 00 00 01 00 00 00 00 00 00 0C 73 63 69 6B 69 74 2D 6C 65 61 72 6E 03 6F 72 67 00 00 01 00 01
45 00 02 02 FD 51 00 00 40 11 B1 BA 93 20 50 69 93 20 53 35 00 35 09 39 01 EE EF B9 D9 6E 81 80 00 01 00 01 00 05 00 14 0C 73 63 69 6B 69 74 2D 6C 65 61 72 6E 03 6F 72 67 00 00 01 00 01 C0 0C 00 01 00 01 00 00 07 08 00 04 D8 22 B5 61 C0 0C 00 02 00 01 00 00 FB C6 00 1C 04 64 6E 73 32 11 72 65 67 69 73 74 72 61 72 2D 73 65 72 76 65 72 73 03 63 6F 6D 00 C0 0C 00 02 00 01 00 00 FB C6 00 07 04 64 6E 73 34 C0 43 C0 0C 00 02 00 01 00 00 FB C6 00 07 04 64 6E 73 35 C0 43 C0 0C 00 02 00 01 00 00 FB C6 00 07 04 64 6E 73 31 C0 43 C0 0C 00 02 00 01 00 00 FB C6 00 07 04 64 6E 73 33 C0 43 C0 8C 00 01 00 01 00 01 FB 2F 00 04 45 10 F4 19 C0 8C 00 01 00 01 00 01 FB 2F 00 04 32 07 E6 1A C0 8C 00 01 00 01 00 01 FB 2F 00 04 42 5A 52 C2 C0 8C 00 01 00 01 00 01 FB 2F 00 04 44 E9 FA 2D C0 3E 00 01 00 01 00 01 FB 2F 00 04 D0 40 7A F2 C0 3E 00 01 00 01 00 01 FB 2F 00 04 D0 40 7A F4 C0 9F 00 01 00 01 00 01 FB 2F 00 04 43 E4 E4 D8 C0 9F 00 01 00 01 00 01 FB 2F 00 04 AD E0 7D 0C C0 9F 00 01 00 01 00 01 FB 2F 00 04 B8 AD 70 D8 C0 9F 00 01 00 01 00 01 FB 2F 00 04 BC 8A 60 D5 C0 66 00 01 00 01 00 01 FB 2F 00 04 32 17 53 30 C0 66 00 01 00 01 00 01 FB 2F 00 04 AD EC 37 63 C0 66 00 01 00 01 00 01 FB 2F 00 04 B8 AB A3 5B C0 66 00 01 00 01 00 01 FB 2F 00 04 B8 AD 93 42 C0 66 00 01 00 01 00 01 FB 2F 00 04 25 3A 4D EA C0 79 00 01 00 01 00 01 FB 2F 00 04 D5 E5 77 E5 C0 79 00 01 00 01 00 01 FB 2F 00 04 45 A0 21 4B C0 79 00 01 00 01 00 01 FB 2F 00 04 48 14 26 89 C0 79 00 01 00 01 00 01 FB 2F 00 04 5F D3 09 23 C0 79 00 01 00 01 00 01 FB 2F 00 04 BC 8A 02 17
45 00 00 3B 5D 84 40 00 40 11 13 4F 93 20 53 35 93 20 50 69 F5 B3 00 35 00 27 CA 17 E8 21 01 00 00 01 00 00 00 00 00 00 03 77 77 77 02 63 73 03 75 62 63 02 63 61 00 00 01 00 01
45 00 00 95 04 FB 00 00 40 11 AB 7E 93 20 50 69 93 20 53 35 00 35 F5 B3 00 81 40 D9 E8 21 81 80 00 01 00 01 00 02 00 02 03 77 77 77 02 63 73 03 75 62 63 02 63 61 00 00 01 00 01 C0 0C 00 01 00 01 00 00 0E 10 00 04 8E 67 06 05 C0 10 00 02 00 01 00 00 0E 10 00 0C 03 66 73 31 05 75 67 72 61 64 C0 10 C0 10 00 02 00 01 00 00 0E 10 00 06 03 6E 73 31 C0 10 C0 3B 00 01 00 01 00 01 27 15 00 04 C6 A2 23 01 C0 53 00 01 00 01 00 01 27 15 00 04 8E 67 06 06
45 00 00 41 FC 3A 40 00 40 11 74 92 93 20 53 35 93 20 50 69 62 AC 00 35 00 2D CA 1D A2 2B 01 00 00 01 00 00 00 00 00 00 08 63 6C 69 65 6E 74 73 31 06 67 6F 6F 67 6C 65 03 63 6F 6D 00 00 01 00 01
45 00 00 46 FC 3B 40 00 40 11 74 8C 93 20 53 35 93 20 50 69 F2 3D 00 35 00 32 CA 22 E1 C1 01 00 00 01 00 00 00 00 00 00 03 77 77 77 10 67 6F 6F 67 6C 65 2D 61 6E 61 6C 79 74 69 63 73 03 63 6F 6D 00 00 01 00 01
45 00 00 3C FC 3B 40 00 40 11 74 96 93 20 53 35 93 20 50 69 A9 17 00 35 00 28 CA 18 1B 5D 01 00 00 01 00 00 00 00 00 00 03 77 77 77 06 67 6F 6F 67 6C 65 03 63 6F 6D 00 00 01 00 01
45 00 00 40 FC 3B 40 00 40 11 74 92 93 20 53 35 93 20 50 69 2A BB 00 35 00 2C CA 1C 2B 20 01 00 00 01 00 00 00 00 00 00 03 77 77 77 0A 67 6F 6F 67 6C 65 61 70 69 73 03 63 6F 6D 00 00 01 00 01
45 00 01 14 28 1F 00 00 40 11 87 DB 93 20 50 69 93 20 53 35 00 35 A9 17 01 00 68 BC 1B 5D 81 80 00 01 00 05 00 04 00 04 03 77 77 77 06 67 6F 6F 67 6C 65 03 63 6F 6D 00 00 01 00 01 C0 0C 00 01 00 01 00 00 00 30 00 04 AD C2 71 B3 C0 0C 00 01 00 01 00 00 00 30 00 04 AD C2 71 B0 C0 0C 00 01 00 01 00 00 00 30 00 04 AD C2 71 B2 C0 0C 00 01 00 01 00 00 00 30 00 04 AD C2 71 B1 C0 0C 00 01 00 01 00 00 00 30 00 04 AD C2 71 B4 C0 10 00 02 00 01 00 01 A7 E7 00 06 03 6E 73 34 C0 10 C0 10 00 02 00 01 00 01 A7 E7 00 06 03 6E 73 32 C0 10 C0 10 00 02 00 01 00 01 A7 E7 00 06 03 6E 73 31 C0 10 C0 10 00 02 00 01 00 01 A7 E7 00 06 03 6E 73 33 C0 10 C0 A0 00 01 00 01 00 04 4A E7 00 04 D8 EF 20 0A C0 8E 00 01 00 01 00 04 4A E7 00 04 D8 EF 22 0A C0 B2 00 01 00 01 00 04 4A E7 00 04 D8 EF 24 0A C0 7C 00 01 00 01 00 04 4A E7 00 04 D8 EF 26 0A
45 00 01 D1 28 21 00 00 40 11 87 1C 93 20 50 69 93 20 53 35 00 35 62 AC 01 BD EB 63 A2 2B 81 80 00 01 00 10 00 04 00 04 08 63 6C 69 65 6E 74 73 31 06 67 6F 6F 67 6C 65 03 63 6F 6D 00 00 01 00 01 C0 0C 00 05 00 01 00 00 01 2C 00 0C 07 63 6C 69 65 6E 74 73 01 6C C0 15 C0 31 00 01 00 01 00 00 00 FA 00 04 C3 71 D6 EC C0 31 00 01 00 01 00 00 00 FA 00 04 C3 71 D6 ED C0 31 00 01 00 01 00 00 00 FA 00 04 C3 71 D6 DE C0 31 00 01 00 01 00 00 00 FA 00 04 C3 71 D6 F9 C0 31 00 01 00 01 00 00 00 FA 00 04 C3 71 D6 F5 C0 31 00 01 00 01 00 00 00 FA 00 04 C3 71 D6 DB C0 31 00 01 00 01 00 00 00 FA 00 04 C3 71 D6 D3 C0 31 00 01 00 01 00 00 00 FA 00 04 C3 71 D6 E6 C0 31 00 01 00 01 00 00 00 FA 00 04 C3 71 D6 CF C0 31 00 01 00 01 00 00 00 FA 00 04 C3 71 D6 DD C0 31 00 01 00 01 00 00 00 FA 00 04 C3 71 D6 E2 C0 31 00 01 00 01 00 00 00 FA 00 04 C3 71 D6 EA C0 31 00 01 00 01 00 00 00 FA 00 04 C3 71 D6 D7 C0 31 00 01 00 01 00 00 00 FA 00 04 C3 71 D6 F1 C0 31 00 01 00 01 00 00 00 FA 00 04 C3 71 D6 FB C0 15 00 02 00 01 00 01 A7 E7 00 06 03 6E 73 32 C0 15 C0 15 00 02 00 01 00 01 A7 E7 00 06 03 6E 73 34 C0 15 C0 15 00 02 00 01 00 01 A7 E7 00 06 03 6E 73 31 C0 15 C0 15 00 02 00 01 00 01 A7 E7 00 06 03 6E 73 33 C0 15 C1 5D 00 01 00 01 00 04 4A E7 00 04 D8 EF 20 0A C1 39 00 01 00 01 00 04 4A E7 00 04 D8 EF 22 0A C1 6F 00 01 00 01 00 04 4A E7 00 04 D8 EF 24 0A C1 4B 00 01 00 01 00 04 4A E7 00 04 D8 EF 26 0A
45 00 01 EA 28 22 00 00 40 11 87 02 93 20 50 69 93 20 53 35 00 35 F2 3D 01 D6 0B ED E1 C1 81 80 00 01 00 10 00 04 00 04 03 77 77 77 10 67 6F 6F 67 6C 65 2D 61 6E 61 6C 79 74 69 63 73 03 63 6F 6D 00 00 01 00 01 C0 0C 00 05 00 01 00 00 E4 0B 00 20 14 77 77 77 2D 67 6F 6F 67 6C 65 2D 61 6E 61 6C 79 74 69 63 73 01 6C 06 67 6F 6F 67 6C 65 C0 21 C0 36 00 01 00 01 00 00 01 2C 00 04 C3 71 D6 E6 C0 36 00 01 00 01 00 00 01 2C 00 04 C3 71 D6 EC C0 36 00 01 00 01 00 00 01 2C 00 04 C3 71 D6 F1 C0 36 00 01 00 01 00 00 01 2C 00 04 C3 71 D6 EA C0 36 00 01 00 01 00 00 01 2C 00 04 C3 71 D6 CF C0 36 00 01 00 01 00 00 01 2C 00 04 C3 71 D6 D7 C0 36 00 01 00 01 00 00 01 2C 00 04 C3 71 D6 ED C0 36 00 01 00 01 00 00 01 2C 00 04 C3 71 D6 DD C0 36 00 01 00 01 00 00 01 2C 00 04 C3 71 D6 D3 C0 36 00 01 00 01 00 00 01 2C 00 04 C3 71 D6 F5 C0 36 00 01 00 01 00 00 01 2C 00 04 C3 71 D6 FB C0 36 00 01 00 01 00 00 01 2C 00 04 C3 71 D6 DE C0 36 00 01 00 01 00 00 01 2C 00 04 C3 71 D6 E2 C0 36 00 01 00 01 00 00 01 2C 00 04 C3 71 D6 F9 C0 36 00 01 00 01 00 00 01 2C 00 04 C3 71 D6 DB C0 4D 00 02 00 01 00 01 A7 E7 00 06 03 6E 73 34 C0 4D C0 4D 00 02 00 01 00 01 A7 E7 00 06 03 6E 73 31 C0 4D C0 4D 00 02 00 01 00 01 A7 E7 00 06 03 6E 73 33 C0 4D C0 4D 00 02 00 01 00 01 A7 E7 00 06 03 6E 73 32 C0 4D C1 64 00 01 00 01 00 04 4A E7 00 04 D8 EF 20 0A C1 88 00 01 00 01 00 04 4A E7 00 04 D8 EF 22 0A C1 76 00 01 00 01 00 04 4A E7 00 04 D8 EF 24 0A C1 52 00 01 00 01 00 04 4A E7 00 04 D8 EF 26 0A
45 00 00 FA 28 23 00 00 40 11 87 F1 93 20 50 69 93 20 53 35 00 35 2A BB 00 E6 3A C1 2B 20 81 80 00 01 00 02 00 04 00 04 03 77 77 77 0A 67 6F 6F 67 6C 65 61 70 69 73 03 63 6F 6D 00 00 01 00 01 C0 0C 00 05 00 01 00 00 03 7D 00 16 0A 67 6F 6F 67 6C 65 61 70 69 73 01 6C 06 67 6F 6F 67 6C 65 C0 1B C0 30 00 01 00 01 00 00 01 2C 00 04 AD C2 46 5F C0 3D 00 02 00 01 00 01 A7 E7 00 06 03 6E 73 34 C0 3D C0 3D 00 02 00 01 00 01 A7 E7 00 06 03 6E 73 33 C0 3D C0 3D 00 02 00 01 00 01 A7 E7 00 06 03 6E 73 32 C0 3D C0 3D 00 02 00 01 00 01 A7 E7 00 06 03 6E 73 31 C0 3D C0 98 00 01 00 01 00 04 4A E7 00 04 D8 EF 20 0A C0 86 00 01 00 01 00 04 4A E7 00 04 D8 EF 22 0A C0 74 00 01 00 01 00 04 4A E7 00 04 D8 EF 24 0A C0 62 00 01 00 01 00 04 4A E7 00 04 D8 EF 26 0A
45 00 00 3C FC A4 40 00 40 11 74 2D 93 20 53 35 93 20 50 69 E3 00 00 35 00 28 CA 18 EB A8 01 00 00 01 00 00 00 00 00 00 04 64 6F 63 73 05 73 63 69 70 79 03 6F 72 67 00 00 01 00 01
45 00 00 38 FC A4 40 00 40 11 74 31 93 20 53 35 93 20 50 69 10 88 00 35 00 24 CA 14 E4 EC 01 00 00 01 00 00 00 00 00 00 06 67 69 74 68 75 62 03 63 6F 6D 00 00 01 00 01
45 00 00 3C FC A4 40 00 40 11 74 2D 93 20 53 35 93 20 50 69 F3 09 00 35 00 28 CA 18 D1 E0 01 00 00 01 00 00 00 00 00 00 0A 6D 61 74 70 6C 6F 74 6C 69 62 03 6F 72 67 00 00 01 00 01
45 00 00 DE 28 33 00 00 40 11 87 FD 93 20 50 69 93 20 53 35 00 35 10 88 00 CA AA 9C E4 EC 81 80 00 01 00 01 00 04 00 04 06 67 69 74 68 75 62 03 63 6F 6D 00 00 01 00 01 C0 0C 00 01 00 01 00 00 00 1E 00 04 C0 1E FC 83 C0 0C 00 02 00 01 00 00 E8 53 00 14 03 6E 73 31 03 70 31 36 06 64 79 6E 65 63 74 03 6E 65 74 00 C0 0C 00 02 00 01 00 00 E8 53 00 06 03 6E 73 32 C0 3C C0 0C 00 02 00 01 00 00 E8 53 00 06 03 6E 73 34 C0 3C C0 0C 00 02 00 01 00 00 E8 53 00 06 03 6E 73 33 C0 3C C0 38 00 01 00 01 00 00 E8 53 00 04 D0 4E 46 10 C0 58 00 01 00 01 00 00 E8 53 00 04 CC 0D FA 10 C0 7C 00 01 00 01 00 00 E8 53 00 04 D0 4E 47 10 C0 6A 00 01 00 01 00 00 E8 53 00 04 CC 0D FB 10
45 00 00 EB 28 35 00 00 40 11 87 EE 93 20 50 69 93 20 53 35 00 35 F3 09 00 D7 00 BD D1 E0 81 80 00 01 00 01 00 04 00 04 0A 6D 61 74 70 6C 6F 74 6C 69 62 03 6F 72 67 00 00 01 00 01 C0 0C 00 01 00 01 00 00 00 3C 00 04 CC E8 AF 4E C0 0C 00 02 00 01 00 01 51 80 00 14 06 6E 73 34 31 38 38 03 64 6E 73 03 64 79 6E 03 63 6F 6D 00 C0 0C 00 02 00 01 00 01 51 80 00 09 06 6E 73 33 31 37 36 C0 43 C0 0C 00 02 00 01 00 01 51 80 00 09 06 6E 73 32 31 34 39 C0 43 C0 0C 00 02 00 01 00 01 51 80 00 09 06 6E 73 31 31 38 34 C0 43 C0 86 00 01 00 01 00 00 07 08 00 04 D0 4C 3A B8 C0 71 00 01 00 01 00 00 07 08 00 04 D0 4C 3B 95 C0 5C 00 01 00 01 00 00 07 08 00 04 D0 4C 3C B0 C0 3C 00 01 00 01 00 00 07 08 00 04 D0 4C 3D BC
45 00 00 8D 28 72 00 00 40 11 88 0F 93 20 50 69 93 20 53 35 00 35 E3 00 00 79 47 17 EB A8 81 80 00 01 00 01 00 02 00 01 04 64 6F 63 73 05 73 63 69 70 79 03 6F 72 67 00 00 01 00 01 C0 0C 00 01 00 01 00 00 96 00 00 04 D8 3E D5 F9 C0 0C 00 02 00 01 00 00 96 00 00 13 03 6E 73 32 09 65 6E 74 68 6F 75 67 68 74 03 63 6F 6D 00 C0 0C 00 02 00 01 00 00 96 00 00 06 03 6E 73 30 C0 40 C0 5B 00 01 00 01 00 02 88 0A 00 04 D8 3E D5 E5
45 00 00 3D 7F B9 40 00 40 11 F1 17 93 20 53 35 93 20 50 69 EE A2 00 35 00 29 CA 19 73 D5 01 00 00 01 00 00 00 00 00 00 04 70 6C 75 73 06 67 6F 6F 67 6C 65 03 63 6F 6D 00 00 01 00 01
45 00 01 B5 35 5C 00 00 40 11 79 FD 93 20 50 69 93 20 53 35 00 35 EE A2 01 A1 54 9B 73 D5 81 80 00 01 00 0F 00 04 00 04 04 70 6C 75 73 06 67 6F 6F 67 6C 65 03 63 6F 6D 00 00 01 00 01 C0 0C 00 01 00 01 00 00 01 0F 00 04 C3 71 D6 DD C0 0C 00 01 00 01 00 00 01 0F 00 04 C3 71 D6 F9 C0 0C 00 01 00 01 00 00 01 0F 00 04 C3 71 D6 DE C0 0C 00 01 00 01 00 00 01 0F 00 04 C3 71 D6 D3 C0 0C 00 01 00 01 00 00 01 0F 00 04 C3 71 D6 ED C0 0C 00 01 00 01 00 00 01 0F 00 04 C3 71 D6 E6 C0 0C 00 01 00 01 00 00 01 0F 00 04 C3 71 D6 DB C0 0C 00 01 00 01 00 00 01 0F 00 04 C3 71 D6 F1 C0 0C 00 01 00 01 00 00 01 0F 00 04 C3 71 D6 EA C0 0C 00 01 00 01 00 00 01 0F 00 04 C3 71 D6 F5 C0 0C 00 01 00 01 00 00 01 0F 00 04 C3 71 D6 D7 C0 0C 00 01 00 01 00 00 01 0F 00 04 C3 71 D6 E2 C0 0C 00 01 00 01 00 00 01 0F 00 04 C3 71 D6 FB C0 0C 00 01 00 01 00 00 01 0F 00 04 C3 71 D6 CF C0 0C 00 01 00 01 00 00 01 0F 00 04 C3 71 D6 EC C0 11 00 02 00 01 00 01 A7 61 00 06 03 6E 73 31 C0 11 C0 11 00 02 00 01 00 01 A7 61 00 06 03 6E 73 32 C0 11 C0 11 00 02 00 01 00 01 A7 61 00 06 03 6E 73 33 C0 11 C0 11 00 02 00 01 00 01 A7 61 00 06 03 6E 73 34 C0 11 C1 1D 00 01 00 01 00 04 4A 61 00 04 D8 EF 20 0A C1 2F 00 01 00 01 00 04 4A 61 00 04 D8 EF 22 0A C1 41 00 01 00 01 00 04 4A 61 00 04 D8 EF 24 0A C1 53 00 01 00 01 00 04 4A 61 00 04 D8 EF 26 0A
45 00 00 5C B2 EC 40 00 40 11 BD C5 93 20 53 35 93 20 50 69 60 6B 00 35 00 48 CA 38 C7 04 01 00 00 01 00 00 00 00 00 00 18 69 6D 61 67 65 73 31 2D 66 6F 63 75 73 2D 6F 70 65 6E 73 6F 63 69 61 6C 11 67 6F 6F 67 6C 65 75 73 65 72 63 6F 6E 74 65 6E 74 03 63 6F 6D 00 00 01 00 01
45 00 01 38 39 28 00 00 40 11 76 AE 93 20 50 69 93 20 53 35 00 35 60 6B 01 24 57 DD C7 04 81 80 00 01 00 04 00 04 00 04 18 69 6D 61 67 65 73 31 2D 66 6F 63 75 73 2D 6F 70 65 6E 73 6F 63 69 61 6C 11 67 6F 6F 67 6C 65 75 73 65 72 63 6F 6E 74 65 6E 74 03 63 6F 6D 00 00 01 00 01 C0 0C 00 05 00 01 00 00 FA C8 00 11 0C 67 6F 6F 67 6C 65 68 6F 73 74 65 64 01 6C C0 25 C0 4C 00 01 00 01 00 00 01 2C 00 04 AD C2 2C EA C0 4C 00 01 00 01 00 00 01 2C 00 04 AD C2 2C EC C0 4C 00 01 00 01 00 00 01 2C 00 04 AD C2 2C EB C0 25 00 02 00 01 00 01 AA 93 00 0D 03 6E 73 34 06 67 6F 6F 67 6C 65 C0 37 C0 25 00 02 00 01 00 01 AA 93 00 06 03 6E 73 33 C0 9D C0 25 00 02 00 01 00 01 AA 93 00 06 03 6E 73 32 C0 9D C0 25 00 02 00 01 00 01 AA 93 00 06 03 6E 73 31 C0 9D C0 D6 00 01 00 01 00 04 4A 2C 00 04 D8 EF 20 0A C0 C4 00 01 00 01 00 04 4A 2C 00 04 D8 EF 22 0A C0 B2 00 01 00 01 00 04 4A 2C 00 04 D8 EF 24 0A C0 99 00 01 00 01 00 04 4A 2C 00 04 D8 EF 26 0A
45 00 00 3C 98 F0 40 00 40 11 D7 E1 93 20 53 35 93 20 50 69 1C 52 00 35 00 28 CA 18 39 65 01 00 00 01 00 00 00 00 00 00 07 73 6D 2D 70 72 6F 64 03 61 6E 79 02 64 6F 00 00 01 00 01
45 00 01 DD 4D C3 00 00 40 11 61 6E 93 20 50 69 93 20 53 35 00 35 1C 52 01 C9 FF E0 39 65 81 80 00 01 00 03 00 08 00 08 07 73 6D 2D 70 72 6F 64 03 61 6E 79 02 64 6F 00 00 01 00 01 C0 0C 00 05 00 01 00 00 23 28 00 1E 07 73 6D 2D 70 72 6F 64 10 65 6C 61 73 74 69 63 62 65 61 6E 73 74 61 6C 6B 03 63 6F 6D 00 C0 2C 00 05 00 01 00 00 00 3C 00 33 18 61 77 73 65 62 2D 73 6D 2D 70 72 6F 64 33 2D 37 38 33 30 34 30 38 35 37 09 75 73 2D 65 61 73 74 2D 31 03 65 6C 62 09 61 6D 61 7A 6F 6E 61 77 73 C0 45 C0 56 00 01 00 01 00 00 00 3C 00 04 36 F3 98 ED C0 56 00 02 00 01 00 00 07 08 00 09 06 6E 73 2D 39 33 34 C0 7D C0 56 00 02 00 01 00 00 07 08 00 09 06 6E 73 2D 39 34 34 C0 7D C0 56 00 02 00 01 00 00 07 08 00 09 06 6E 73 2D 39 33 35 C0 7D C0 56 00 02 00 01 00 00 07 08 00 09 06 6E 73 2D 39 31 36 C0 7D C0 56 00 02 00 01 00 00 07 08 00 09 06 6E 73 2D 39 34 31 C0 7D C0 56 00 02 00 01 00 00 07 08 00 09 06 6E 73 2D 39 32 35 C0 7D C0 56 00 02 00 01 00 00 07 08 00 09 06 6E 73 2D 39 32 37 C0 7D C0 56 00 02 00 01 00 00 07 08 00 09 06 6E 73 2D 39 34 37 C0 7D C0 E4 00 01 00 01 00 00 00 96 00 04 CF AB B2 07 C1 0E 00 01 00 01 00 00 00 DA 00 04 48 15 D0 D5 C1 23 00 01 00 01 00 00 00 DA 00 04 48 15 CC D1 C0 A5 00 01 00 01 00 00 00 DA 00 04 57 EE 54 D7 C0 CF 00 01 00 01 00 00 00 DA 00 04 57 EE 50 D5 C0 F9 00 01 00 01 00 00 1A 8D 00 04 CC F6 A0 05 C0 BA 00 01 00 01 00 00 14 58 00 04 CD FB E4 06 C1 38 00 01 00 01 00 00 00 DA 00 04 CC F6 A2 0A
45 00 00 46 B3 53 40 00 40 11 BD 74 93 20 53 35 93 20 50 69 9E 93 00 35 00 32 CA 22 3C 75 01 00 00 01 00 00 00 00 00 00 02 73 32 11 67 6F 6F 67 6C 65 75 73 65 72 63 6F 6E 74 65 6E 74 03 63 6F 6D 00 00 01 00 01
45 00 01 22 51 23 00 00 40 11 5E C9 93 20 50 69 93 20 53 35 00 35 9E 93 01 0E C6 70 3C 75 81 80 00 01 00 04 00 04 00 04 02 73 32 11 67 6F 6F 67 6C 65 75 73 65 72 63 6F 6E 74 65 6E 74 03 63 6F 6D 00 00 01 00 01 C0 0C 00 05 00 01 00 00 F7 20 00 11 0C 67 6F 6F 67 6C 65 68 6F 73 74 65 64 01 6C C0 0F C0 36 00 01 00 01 00 00 00 26 00 04 AD C2 2C EA C0 36 00 01 00 01 00 00 00 26 00 04 AD C2 2C EC C0 36 00 01 00 01 00 00 00 26 00 04 AD C2 2C EB C0 0F 00 02 00 01 00 01 A9 8D 00 0D 03 6E 73 33 06 67 6F 6F 67 6C 65 C0 21 C0 0F 00 02 00 01 00 01 A9 8D 00 06 03 6E 73 34 C0 87 C0 0F 00 02 00 01 00 01 A9 8D 00 06 03 6E 73 31 C0 87 C0 0F 00 02 00 01 00 01 A9 8D 00 06 03 6E 73 32 C0 87 C0 AE 00 01 00 01 00 04 49 26 00 04 D8 EF 20 0A C0 C0 00 01 00 01 00 04 49 26 00 04 D8 EF 22 0A C0 83 00 01 00 01 00 04 49 26 00 04 D8 EF 24 0A C0 9C 00 01 00 01 00 04 49 26 00 04 D8 EF 26 0A
45 00 00 3D B3 54 40 00 40 11 BD 7C 93 20 53 35 93 20 50 69 48 8A 00 35 00 29 CA 19 D0 E2 01 00 00 01 00 00 00 00 00 00 03 73 73 6C 07 67 73 74 61 74 69 63 03 63 6F 6D 00 00 01 00 01
45 00 00 DC 51 24 00 00 40 11 5F 0E 93 20 50 69 93 20 53 35 00 35 48 8A 00 C8 5D 99 D0 E2 81 80 00 01 00 01 00 04 00 04 03 73 73 6C 07 67 73 74 61 74 69 63 03 63 6F 6D 00 00 01 00 01 C0 0C 00 01 00 01 00 00 01 0A 00 04 AD C2 23 4F C0 10 00 02 00 01 00 01 A6 26 00 0D 03 6E 73 34 06 67 6F 6F 67 6C 65 C0 18 C0 10 00 02 00 01 00 01 A6 26 00 06 03 6E 73 32 C0 41 C0 10 00 02 00 01 00 01 A6 26 00 06 03 6E 73 31 C0 41 C0 10 00 02 00 01 00 01 A6 26 00 06 03 6E 73 33 C0 41 C0 68 00 01 00 01 00 04 49 26 00 04 D8 EF 20 0A C0 56 00 01 00 01 00 04 49 26 00 04 D8 EF 22 0A C0 7A 00 01 00 01 00 04 49 26 00 04 D8 EF 24 0A C0 3D 00 01 00 01 00 04 49 26 00 04 D8 EF 26 0A
45 00 00 3F EB A2 40 00 40 11 85 2C 93 20 53 35 93 20 50 69 91 F7 00 35 00 2B CA 1B A4 2A 01 00 00 01 00 00 00 00 00 00 03 77 77 77 06 67 6F 6F 67 6C 65 03 63 6F 6D 02 61 72 00 00 01 00 01
45 00 00 3D EB A2 40 00 40 11 85 2E 93 20 53 35 93 20 50 69 ED 1C 00 35 00 29 CA 19 5B 14 01 00 00 01 00 00 00 00 00 00 04 61 70 69 73 06 67 6F 6F 67 6C 65 03 63 6F 6D 00 00 01 00 01
45 00 00 3C EB A2 40 00 40 11 85 2F 93 20 53 35 93 20 50 69 D3 A4 00 35 00 28 CA 18 96 AD 01 00 00 01 00 00 00 00 00 00 03 77 77 77 06 67 6F 6F 67 6C 65 03 63 6F 6D 00 00 01 00 01
45 00 01 CA 54 D6 00 00 40 11 5A 6E 93 20 50 69 93 20 53 35 00 35 ED 1C 01 B6 44 1B 5B 14 81 80 00 01 00 10 00 04 00 04 04 61 70 69 73 06 67 6F 6F 67 6C 65 03 63 6F 6D 00 00 01 00 01 C0 0C 00 05 00 01 00 08 40 D3 00 09 04 70 6C 75 73 01 6C C0 11 C0 2D 00 01 00 01 00 00 00 D0 00 04 C3 71 D6 FB C0 2D 00 01 00 01 00 00 00 D0 00 04 C3 71 D6 D7 C0 2D 00 01 00 01 00 00 00 D0 00 04 C3 71 D6 F5 C0 2D 00 01 00 01 00 00 00 D0 00 04 C3 71 D6 D3 C0 2D 00 01 00 01 00 00 00 D0 00 04 C3 71 D6 ED C0 2D 00 01 00 01 00 00 00 D0 00 04 C3 71 D6 DE C0 2D 00 01 00 01 00 00 00 D0 00 04 C3 71 D6 E6 C0 2D 00 01 00 01 00 00 00 D0 00 04 C3 71 D6 F9 C0 2D 00 01 00 01 00 00 00 D0 00 04 C3 71 D6 E2 C0 2D 00 01 00 01 00 00 00 D0 00 04 C3 71 D6 EC C0 2D 00 01 00 01 00 00 00 D0 00 04 C3 71 D6 CF C0 2D 00 01 00 01 00 00 00 D0 00 04 C3 71 D6 DB C0 2D 00 01 00 01 00 00 00 D0 00 04 C3 71 D6 DD C0 2D 00 01 00 01 00 00 00 D0 00 04 C3 71 D6 F1 C0 2D 00 01 00 01 00 00 00 D0 00 04 C3 71 D6 EA C0 11 00 02 00 01 00 01 A5 EC 00 06 03 6E 73 33 C0 11 C0 11 00 02 00 01 00 01 A5 EC 00 06 03 6E 73 31 C0 11 C0 11 00 02 00 01 00 01 A5 EC 00 06 03 6E 73 32 C0 11 C0 11 00 02 00 01 00 01 A5 EC 00 06 03 6E 73 34 C0 11 C1 44 00 01 00 01 00 04 48 EC 00 04 D8 EF 20 0A C1 56 00 01 00 01 00 04 48 EC 00 04 D8 EF 22 0A C1 32 00 01 00 01 00 04 48 EC 00 04 D8 EF 24 0A C1 68 00 01 00 01 00 04 48 EC 00 04 D8 EF 26 0A
45 00 00 3D EB A2 40 00 40 11 85 2E 93 20 53 35 93 20 50 69 08 2E 00 35 00 29 CA 19 55 C3 01 00 00 01 00 00 00 00 00 00 03 77 77 77 07 67 73 74 61 74 69 63 03 63 6F 6D 00 00 01 00 01
45 00 01 14 54 D7 00 00 40 11 5B 23 93 20 50 69 93 20 53 35 00 35 D3 A4 01 00 D0 E5 96 AD 81 80 00 01 00 05 00 04 00 04 03 77 77 77 06 67 6F 6F 67 6C 65 03 63 6F 6D 00 00 01 00 01 C0 0C 00 01 00 01 00 00 00 8D 00 04 AD C2 71 B3 C0 0C 00 01 00 01 00 00 00 8D 00 04 AD C2 71 B1 C0 0C 00 01 00 01 00 00 00 8D 00 04 AD C2 71 B4 C0 0C 00 01 00 01 00 00 00 8D 00 04 AD C2 71 B0 C0 0C 00 01 00 01 00 00 00 8D 00 04 AD C2 71 B2 C0 10 00 02 00 01 00 01 A5 EC 00 06 03 6E 73 32 C0 10 C0 10 00 02 00 01 00 01 A5 EC 00 06 03 6E 73 33 C0 10 C0 10 00 02 00 01 00 01 A5 EC 00 06 03 6E 73 34 C0 10 C0 10 00 02 00 01 00 01 A5 EC 00 06 03 6E 73 31 C0 10 C0 B2 00 01 00 01 00 04 48 EC 00 04 D8 EF 20 0A C0 7C 00 01 00 01 00 04 48 EC 00 04 D8 EF 22 0A C0 8E 00 01 00 01 00 04 48 EC 00 04 D8 EF 24 0A C0 A0 00 01 00 01 00 04 48 EC 00 04 D8 EF 26 0A
45 00 00 DC 54 D8 00 00 40 11 5B 5A 93 20 50 69 93 20 53 35 00 35 08 2E 00 C8 C9 92 55 C3 81 80 00 01 00 01 00 04 00 04 03 77 77 77 07 67 73 74 61 74 69 63 03 63 6F 6D 00 00 01 00 01 C0 0C 00 01 00 01 00 00 00 F1 00 04 AD C2 2C EF C0 10 00 02 00 01 00 01 A5 EC 00 0D 03 6E 73 34 06 67 6F 6F 67 6C 65 C0 18 C0 10 00 02 00 01 00 01 A5 EC 00 06 03 6E 73 33 C0 41 C0 10 00 02 00 01 00 01 A5 EC 00 06 03 6E 73 31 C0 41 C0 10 00 02 00 01 00 01 A5 EC 00 06 03 6E 73 32 C0 41 C0 68 00 01 00 01 00 04 48 EC 00 04 D8 EF 20 0A C0 7A 00 01 00 01 00 04 48 EC 00 04 D8 EF 22 0A C0 56 00 01 00 01 00 04 48 EC 00 04 D8 EF 24 0A C0 3D 00 01 00 01 00 04 48 EC 00 04 D8 EF 26 0A
45 00 01 01 54 DA 00 00 40 11 5B 33 93 20 50 69 93 20 53 35 00 35 91 F7 00 ED 77 4C A4 2A 81 80 00 01 00 03 00 04 00 04 03 77 77 77 06 67 6F 6F 67 6C 65 03 63 6F 6D 02 61 72 00 00 01 00 01 C0 0C 00 01 00 01 00 00 01 2C 00 04 AD C2 71 B7 C0 0C 00 01 00 01 00 00 01 2C 00 04 AD C2 71 BF C0 0C 00 01 00 01 00 00 01 2C 00 04 AD C2 71 B8 C0 10 00 02 00 01 00 00 01 50 00 10 03 6E 73 34 06 67 6F 6F 67 6C 65 03 63 6F 6D 00 C0 10 00 02 00 01 00 00 01 50 00 06 03 6E 73 33 C0 63 C0 10 00 02 00 01 00 00 01 50 00 06 03 6E 73 32 C0 63 C0 10 00 02 00 01 00 00 01 50 00 06 03 6E 73 31 C0 63 C0 9F 00 01 00 01 00 04 48 EC 00 04 D8 EF 20 0A C0 8D 00 01 00 01 00 04 48 EC 00 04 D8 EF 22 0A C0 7B 00 01 00 01 00 04 48 EC 00 04 D8 EF 24 0A C0 5F 00 01 00 01 00 04 48 EC 00 04 D8 EF 26 0A
45 00 00 3E EC 67 40 00 40 11 84 68 93 20 53 35 93 20 50 69 04 95 00 35 00 2A CA 1A 24 A1 01 00 00 01 00 00 00 00 00 00 02 69 64 06 67 6F 6F 67 6C 65 03 63 6F 6D 02 61 72 00 00 01 00 01
45 00 01 D3 54 EB 00 00 40 11 5A 50 93 20 50 69 93 20 53 35 00 35 04 95 01 BF 9B 28 24 A1 81 80 00 01 00 10 00 04 00 04 02 69 64 06 67 6F 6F 67 6C 65 03 63 6F 6D 02 61 72 00 00 01 00 01 C0 0C 00 05 00 01 00 01 2B F5 00 11 02 69 64 01 6C 06 67 6F 6F 67 6C 65 03 63 6F 6D 00 C0 2E 00 01 00 01 00 00 01 2C 00 04 C3 71 D6 DB C0 2E 00 01 00 01 00 00 01 2C 00 04 C3 71 D6 E6 C0 2E 00 01 00 01 00 00 01 2C 00 04 C3 71 D6 F9 C0 2E 00 01 00 01 00 00 01 2C 00 04 C3 71 D6 ED C0 2E 00 01 00 01 00 00 01 2C 00 04 C3 71 D6 E2 C0 2E 00 01 00 01 00 00 01 2C 00 04 C3 71 D6 EA C0 2E 00 01 00 01 00 00 01 2C 00 04 C3 71 D6 DD C0 2E 00 01 00 01 00 00 01 2C 00 04 C3 71 D6 F1 C0 2E 00 01 00 01 00 00 01 2C 00 04 C3 71 D6 DE C0 2E 00 01 00 01 00 00 01 2C 00 04 C3 71 D6 CF C0 2E 00 01 00 01 00 00 01 2C 00 04 C3 71 D6 EC C0 2E 00 01 00 01 00 00 01 2C 00 04 C3 71 D6 F5 C0 2E 00 01 00 01 00 00 01 2C 00 04 C3 71 D6 FB C0 2E 00 01 00 01 00 00 01 2C 00 04 C3 71 D6 D3 C0 2E 00 01 00 01 00 00 01 2C 00 04 C3 71 D6 D7 C0 33 00 02 00 01 00 01 A5 EB 00 06 03 6E 73 32 C0 33 C0 33 00 02 00 01 00 01 A5 EB 00 06 03 6E 73 33 C0 33 C0 33 00 02 00 01 00 01 A5 EB 00 06 03 6E 73 31 C0 33 C0 33 00 02 00 01 00 01 A5 EB 00 06 03 6E 73 34 C0 33 C1 5F 00 01 00 01 00 04 48 EB 00 04 D8 EF 20 0A C1 3B 00 01 00 01 00 04 48 EB 00 04 D8 EF 22 0A C1 4D 00 01 00 01 00 04 48 EB 00 04 D8 EF 24 0A C1 71 00 01 00 01 00 04 48 EB 00 04 D8 EF 26 0A
45 00 00 45 EC D6 40 00 40 11 83 F2 93 20 53 35 93 20 50 69 6C D8 00 35 00 31 CA 21 14 63 01 00 00 01 00 00 00 00 00 00 03 77 77 77 0F 68 6F 77 74 6F 63 61 6C 6C 61 62 72 6F 61 64 03 63 6F 6D 00 00 01 00 01
45 00 00 A7 54 F1 00 00 40 11 5B 76 93 20 50 69 93 20 53 35 00 35 6C D8 00 93 85 60 14 63 81 80 00 01 00 02 00 02 00 02 03 77 77 77 0F 68 6F 77 74 6F 63 61 6C 6C 61 62 72 6F 61 64 03 63 6F 6D 00 00 01 00 01 C0 0C 00 05 00 01 00 00 38 40 00 02 C0 10 C0 10 00 01 00 01 00 00 38 40 00 04 CF 07 58 2F C0 10 00 02 00 01 00 01 51 80 00 06 03 6E 73 32 C0 10 C0 10 00 02 00 01 00 01 51 80 00 06 03 6E 73 31 C0 10 C0 65 00 01 00 01 00 02 A3 00 00 04 CF 07 58 2F C0 53 00 01 00 01 00 02 A3 00 00 04 CF 07 59 2F
45 00 00 3E ED 9D 40 00 40 11 83 32 93 20 53 35 93 20 50 69 A6 E5 00 35 00 2A CA 1A 0F 8B 01 00 00 01 00 00 00 00 00 00 03 77 77 77 08 66 61 63 65 62 6F 6F 6B 03 63 6F 6D 00 00 01 00 01
45 00 00 3C ED A0 40 00 40 11 83 31 93 20 53 35 93 20 50 69 71 EC 00 35 00 28 CA 18 8B C7 01 00 00 01 00 00 00 00 00 00 03 77 77 77 03 63 6E 63 03 67 6F 76 02 61 72 00 00 01 00 01
45 00 00 49 ED A0 40 00 40 11 83 24 93 20 53 35 93 20 50 69 ED C4 00 35 00 35 CA 25 33 4B 01 00 00 01 00 00 00 00 00 00 03 77 77 77 10 70 61 67 69 6E 61 73 61 6D 61 72 69 6C 6C 61 73 03 63 6F 6D 02 61 72 00 00 01 00 01
45 00 00 44 ED A0 40 00 40 11 83 29 93 20 53 35 93 20 50 69 A2 C8 00 35 00 30 CA 20 6B 5D 01 00 00 01 00 00 00 00 00 00 03 77 77 77 0B 74 65 6C 65 78 70 6C 6F 72 65 72 03 63 6F 6D 02 61 72 00 00 01 00 01
45 00 00 A9 54 FD 00 00 40 11 5B 68 93 20 50 69 93 20 53 35 00 35 A6 E5 00 95 D6 D7 0F 8B 81 80 00 01 00 02 00 02 00 02 03 77 77 77 08 66 61 63 65 62 6F 6F 6B 03 63 6F 6D 00 00 01 00 01 C0 0C 00 05 00 01 00 00 02 11 00 0C 04 73 74 61 72 04 63 31 30 72 C0 10 C0 2E 00 01 00 01 00 00 00 3C 00 04 AD FC 64 1B C0 33 00 02 00 01 00 01 A6 5D 00 07 01 61 02 6E 73 C0 33 C0 33 00 02 00 01 00 01 A6 5D 00 04 01 62 C0 58 C0 56 00 01 00 01 00 01 A6 5D 00 04 45 AB EF 0B C0 69 00 01 00 01 00 01 A6 5D 00 04 45 AB FF 0B
45 00 00 C6 55 05 00 00 40 11 5B 43 93 20 50 69 93 20 53 35 00 35 A2 C8 00 B2 A0 CC 6B 5D 81 80 00 01 00 02 00 02 00 02 03 77 77 77 0B 74 65 6C 65 78 70 6C 6F 72 65 72 03 63 6F 6D 02 61 72 00 00 01 00 01 C0 0C 00 01 00 01 00 00 01 2C 00 04 6C A2 CB 65 C0 0C 00 01 00 01 00 00 01 2C 00 04 6C A2 CC 65 C0 10 00 02 00 01 00 00 0E 10 00 18 04 61 62 62 79 02 6E 73 0A 63 6C 6F 75 64 66 6C 61 72 65 03 63 6F 6D 00 C0 10 00 02 00 01 00 00 0E 10 00 06 03 74 69 6D C0 59 C0 78 00 01 00 01 00 02 96 DE 00 04 AD F5 3B 91 C0 78 00 1C 00 01 00 02 96 DE 00 10 24 00 CB 00 20 49 00 01 00 00 00 00 AD F5 3B 91
45 00 00 4B ED CD 40 00 40 11 82 F5 93 20 53 35 93 20 50 69 69 11 00 35 00 37 CA 27 09 2A 01 00 00 01 00 00 00 00 00 00 07 70 61 67 65 61 64 32 11 67 6F 6F 67 6C 65 73 79 6E 64 69 63 61 74 69 6F 6E 03 63 6F 6D 00 00 01 00 01
45 00 01 32 55 0C 00 00 40 11 5A D0 93 20 50 69 93 20 53 35 00 35 69 11 01 1E 52 6B 09 2A 81 80 00 01 00 04 00 04 00 04 07 70 61 67 65 61 64 32 11 67 6F 6F 67 6C 65 73 79 6E 64 69 63 61 74 69 6F 6E 03 63 6F 6D 00 00 01 00 01 C0 0C 00 05 00 01 00 00 00 27 00 1C 08 70 61 67 65 61 64 34 36 01 6C 0B 64 6F 75 62 6C 65 63 6C 69 63 6B 03 6E 65 74 00 C0 3B 00 01 00 01 00 00 00 E4 00 04 AD C2 23 59 C0 3B 00 01 00 01 00 00 00 E4 00 04 AD C2 23 4D C0 3B 00 01 00 01 00 00 00 E4 00 04 AD C2 23 5A C0 44 00 02 00 01 00 04 D6 5D 00 0D 03 6E 73 31 06 67 6F 6F 67 6C 65 C0 26 C0 44 00 02 00 01 00 04 D6 5D 00 06 03 6E 73 34 C0 97 C0 44 00 02 00 01 00 04 D6 5D 00 06 03 6E 73 32 C0 97 C0 44 00 02 00 01 00 04 D6 5D 00 06 03 6E 73 33 C0 97 C0 93 00 01 00 01 00 04 48 EA 00 04 D8 EF 20 0A C0 BE 00 01 00 01 00 04 48 EA 00 04 D8 EF 22 0A C0 D0 00 01 00 01 00 04 48 EA 00 04 D8 EF 24 0A C0 AC 00 01 00 01 00 04 48 EA 00 04 D8 EF 26 0A
45 00 00 4A ED ED 40 00 40 11 82 D6 93 20 53 35 93 20 50 69 05 11 00 35 00 36 CA 26 EF AB 01 00 00 01 00 00 00 00 00 00 0F 66 62 63 64 6E 2D 70 72 6F 66 69 6C 65 2D 61 08 61 6B 61 6D 61 69 68 64 03 6E 65 74 00 00 01 00 01
45 00 02 12 55 10 00 00 40 11 59 EC 93 20 50 69 93 20 53 35 00 35 05 11 01 FE 67 DB EF AB 81 80 00 01 00 0C 00 08 00 00 0F 66 62 63 64 6E 2D 70 72 6F 66 69 6C 65 2D 61 08 61 6B 61 6D 61 69 68 64 03 6E 65 74 00 00 01 00 01 C0 0C 00 05 00 01 00 00 00 14 00 29 0F 66 62 63 64 6E 2D 70 72 6F 66 69 6C 65 2D 61 08 61 6B 61 6D 61 69 68 64 03 6E 65 74 09 65 64 67 65 73 75 69 74 65 C0 25 C0 3A 00 05 00 01 00 00 00 6D 00 2F 0F 66 62 63 64 6E 2D 70 72 6F 66 69 6C 65 2D 61 02 61 6B 05 66 62 63 64 6E 08 61 6B 61 6D 61 69 68 64 03 6E 65 74 06 61 6B 61 64 6E 73 C0 25 C0 6F 00 05 00 01 00 00 00 3C 00 14 05 61 32 30 34 37 04 64 73 70 6C 06 61 6B 61 6D 61 69 C0 25 C0 AA 00 01 00 01 00 00 00 14 00 04 17 3E ED 30 C0 AA 00 01 00 01 00 00 00 14 00 04 17 3E ED 31 C0 AA 00 01 00 01 00 00 00 14 00 04 17 3E ED 28 C0 AA 00 01 00 01 00 00 00 14 00 04 17 3E ED 09 C0 AA 00 01 00 01 00 00 00 14 00 04 17 3E ED 29 C0 AA 00 01 00 01 00 00 00 14 00 04 17 3E ED 47 C0 AA 00 01 00 01 00 00 00 14 00 04 17 3E ED 19 C0 AA 00 01 00 01 00 00 00 14 00 04 17 3E ED 36 C0 AA 00 01 00 01 00 00 00 14 00 04 17 3E ED 40 C0 B0 00 02 00 01 00 00 3D 59 00 09 06 6E 36 64 73 70 6C C0 B5 C0 B0 00 02 00 01 00 00 3D 59 00 09 06 6E 33 64 73 70 6C C0 B5 C0 B0 00 02 00 01 00 00 3D 59 00 09 06 6E 31 64 73 70 6C C0 B5 C0 B0 00 02 00 01 00 00 3D 59 00 09 06 6E 37 64 73 70 6C C0 B5 C0 B0 00 02 00 01 00 00 3D 59 00 09 06 6E 30 64 73 70 6C C0 B5 C0 B0 00 02 00 01 00 00 3D 59 00 09 06 6E 35 64 73 70 6C C0 B5 C0 B0 00 02 00 01 00 00 3D 59 00 09 06 6E 32 64 73 70 6C C0 B5 C0 B0 00 02 00 01 00 00 3D 59 00 09 06 6E 34 64 73 70 6C C0 B5
45 00 00 45 ED F6 40 00 40 11 82 D2 93 20 53 35 93 20 50 69 BF DA 00 35 00 31 CA 21 91 C4 01 00 00 01 00 00 00 00 00 00 0A 66 62 73 74 61 74 69 63 2D 61 08 61 6B 61 6D 61 69 68 64 03 6E 65 74 00 00 01 00 01
45 00 01 E9 55 12 00 00 40 11 5A 13 93 20 50 69 93 20 53 35 00 35 BF DA 01 D5 F2 C0 91 C4 81 80 00 01 00 04 00 08 00 08 0A 66 62 73 74 61 74 69 63 2D 61 08 61 6B 61 6D 61 69 68 64 03 6E 65 74 00 00 01 00 01 C0 0C 00 05 00 01 00 00 00 35 00 24 0A 66 62 73 74 61 74 69 63 2D 61 08 61 6B 61 6D 61 69 68 64 03 6E 65 74 09 65 64 67 65 73 75 69 74 65 C0 20 C0 35 00 05 00 01 00 00 00 71 00 14 05 61 31 31 36 38 04 64 73 77 34 06 61 6B 61 6D 61 69 C0 20 C0 65 00 01 00 01 00 00 00 14 00 04 C3 71 E8 48 C0 65 00 01 00 01 00 00 00 14 00 04 C3 71 E8 59 C0 6B 00 02 00 01 00 00 3D 04 00 09 06 61 30 64 73 77 34 C0 70 C0 6B 00 02 00 01 00 00 3D 04 00 09 06 6E 32 64 73 77 34 C0 70 C0 6B 00 02 00 01 00 00 3D 04 00 09 06 6E 30 64 73 77 34 C0 70 C0 6B 00 02 00 01 00 00 3D 04 00 09 06 6E 31 64 73 77 34 C0 70 C0 6B 00 02 00 01 00 00 3D 04 00 09 06 6E 36 64 73 77 34 C0 70 C0 6B 00 02 00 01 00 00 3D 04 00 09 06 6E 33 64 73 77 34 C0 70 C0 6B 00 02 00 01 00 00 3D 04 00 09 06 6E 34 64 73 77 34 C0 70 C0 6B 00 02 00 01 00 00 3D 04 00 09 06 6E 35 64 73 77 34 C0 70 C0 A5 00 1C 00 01 00 00 91 64 00 10 2A 02 26 F0 00 32 F0 00 F5 07 01 B3 92 93 51 DA C0 CF 00 01 00 01 00 00 3D 04 00 04 5C 7A D9 05 C0 E4 00 01 00 01 00 00 67 34 00 04 D5 FE F5 0A C0 BA 00 01 00 01 00 00 3D 04 00 04 50 EF CE 85 C1 0E 00 01 00 01 00 00 67 34 00 04 58 DD 51 C3 C1 23 00 01 00 01 00 00 91 64 00 04 5C 7A D9 04 C1 38 00 01 00 01 00 00 3D 04 00 04 5C 7A D9 0C C0 F9 00 01 00 01 00 00 67 34 00 04 5C 7A D9 0A
45 00 00 41 EE 25 40 00 40 11 82 A7 93 20 53 35 93 20 50 69 0B F0 00 35 00 2D CA 1D 8D D9 01 00 00 01 00 00 00 00 00 00 08 61 63 63 6F 75 6E 74 73 06 67 6F 6F 67 6C 65 03 63 6F 6D 00 00 01 00 01
45 00 00 F2 55 13 00 00 40 11 5B 09 93 20 50 69 93 20 53 35 00 35 0B F0 00 DE A5 FF 8D D9 81 80 00 01 00 02 00 04 00 04 08 61 63 63 6F 75 6E 74 73 06 67 6F 6F 67 6C 65 03 63 6F 6D 00 00 01 00 01 C0 0C 00 05 00 01 00 08 41 28 00 0D 08 61 63 63 6F 75 6E 74 73 01 6C C0 15 C0 31 00 01 00 01 00 00 00 E5 00 04 AD C2 46 54 C0 15 00 02 00 01 00 01 A5 EA 00 06 03 6E 73 31 C0 15 C0 15 00 02 00 01 00 01 A5 EA 00 06 03 6E 73 33 C0 15 C0 15 00 02 00 01 00 01 A5 EA 00 06 03 6E 73 34 C0 15 C0 15 00 02 00 01 00 01 A5 EA 00 06 03 6E 73 32 C0 15 C0 5A 00 01 00 01 00 04 48 EA 00 04 D8 EF 20 0A C0 90 00 01 00 01 00 04 48 EA 00 04 D8 EF 22 0A C0 6C 00 01 00 01 00 04 48 EA 00 04 D8 EF 24 0A C0 7E 00 01 00 01 00 04 48 EA 00 04 D8 EF 26 0A
45 00 00 C1 55 14 00 00 40 11 5B 39 93 20 50 69 93 20 53 35 00 35 ED C4 00 AD A0 ED 33 4B 81 80 00 01 00 02 00 02 00 02 03 77 77 77 10 70 61 67 69 6E 61 73 61 6D 61 72 69 6C 6C 61 73 03 63 6F 6D 02 61 72 00 00 01 00 01 C0 0C 00 05 00 01 00 00 0E 10 00 0D 0A 70 72 6F 64 75 63 63 69 6F 6E C0 10 C0 39 00 01 00 01 00 00 0E 10 00 04 C8 33 C5 DE C0 10 00 02 00 01 00 00 0E 0F 00 10 07 6F 6B 74 75 62 72 65 05 61 72 6E 65 74 C0 21 C0 10 00 02 00 01 00 00 0E 0F 00 07 04 67 75 6C 70 C0 6A C0 7E 00 01 00 01 00 00 0E 0F 00 04 C8 2D 00 73 C0 62 00 01 00 01 00 00 0E 0F 00 04 C8 2D 30 C2
45 00 00 49 EE 40 40 00 40 11 82 84 93 20 53 35 93 20 50 69 55 C7 00 35 00 35 CA 25 65 20 01 00 00 01 00 00 00 00 00 00 09 67 6F 6F 67 6C 65 61 64 73 01 67 0B 64 6F 75 62 6C 65 63 6C 69 63 6B 03 6E 65 74 00 00 01 00 01
45 00 01 24 55 17 00 00 40 11 5A D3 93 20 50 69 93 20 53 35 00 35 55 C7 01 10 FD 30 65 20 81 80 00 01 00 04 00 04 00 04 09 67 6F 6F 67 6C 65 61 64 73 01 67 0B 64 6F 75 62 6C 65 63 6C 69 63 6B 03 6E 65 74 00 00 01 00 01 C0 0C 00 05 00 01 00 00 01 2C 00 0D 08 70 61 67 65 61 64 34 36 01 6C C0 18 C0 39 00 01 00 01 00 00 00 E3 00 04 AD C2 23 4D C0 39 00 01 00 01 00 00 00 E3 00 04 AD C2 23 5A C0 39 00 01 00 01 00 00 00 E3 00 04 AD C2 23 59 C0 42 00 02 00 01 00 04 D6 5C 00 10 03 6E 73 32 06 67 6F 6F 67 6C 65 03 63 6F 6D 00 C0 42 00 02 00 01 00 04 D6 5C 00 06 03 6E 73 34 C0 86 C0 42 00 02 00 01 00 04 D6 5C 00 06 03 6E 73 31 C0 86 C0 42 00 02 00 01 00 04 D6 5C 00 06 03 6E 73 33 C0 86 C0 B0 00 01 00 01 00 04 48 E9 00 04 D8 EF 20 0A C0 82 00 01 00 01 00 04 48 E9 00 04 D8 EF 22 0A C0 C2 00 01 00 01 00 04 48 E9 00 04 D8 EF 24 0A C0 9E 00 01 00 01 00 04 48 E9 00 04 D8 EF 26 0A
45 00 00 DD 55 1D 00 00 40 11 5B 14 93 20 50 69 93 20 53 35 00 35 71 EC 00 C9 11 E5 8B C7 81 80 00 01 00 01 00 04 00 04 03 77 77 77 03 63 6E 63 03 67 6F 76 02 61 72 00 00 01 00 01 C0 0C 00 01 00 01 00 01 51 80 00 04 BE E4 89 F0 C0 10 00 02 00 01 00 00 0E 0F 00 07 04 64 6E 73 32 C0 10 C0 10 00 02 00 01 00 00 0E 0F 00 0A 07 77 65 62 63 6E 63 32 C0 10 C0 10 00 02 00 01 00 00 0E 0F 00 09 06 77 65 62 63 6E 63 C0 10 C0 10 00 02 00 01 00 00 0E 0F 00 07 04 64 6E 73 31 C0 10 C0 7A 00 01 00 01 00 00 0E 0F 00 04 BE E4 89 E6 C0 3C 00 01 00 01 00 00 0E 0F 00 04 BE E4 89 E7 C0 65 00 01 00 01 00 00 0E 0F 00 04 C8 10 8A 03 C0 4F 00 01 00 01 00 00 0E 0F 00 04 C8 10 8A 04
45 00 00 3D CA A2 40 00 40 11 A6 2E 93 20 53 35 93 20 50 69 E6 EA 00 35 00 29 CA 19 EC 20 01 00 00 01 00 00 00 00 00 00 04 70 6C 75 73 06 67 6F 6F 67 6C 65 03 63 6F 6D 00 00 01 00 01
45 00 01 B5 67 8A 00 00 40 11 47 CF 93 20 50 69 93 20 53 35 00 35 E6 EA 01 A1 71 19 EC 20 81 80 00 01 00 0F 00 04 00 04 04 70 6C 75 73 06 67 6F 6F 67 6C 65 03 63 6F 6D 00 00 01 00 01 C0 0C 00 01 00 01 00 00 01 24 00 04 C3 71 D6 F9 C0 0C 00 01 00 01 00 00 01 24 00 04 C3 71 D6 DD C0 0C 00 01 00 01 00 00 01 24 00 04 C3 71 D6 D3 C0 0C 00 01 00 01 00 00 01 24 00 04 C3 71 D6 DB C0 0C 00 01 00 01 00 00 01 24 00 04 C3 71 D6 ED C0 0C 00 01 00 01 00 00 01 24 00 04 C3 71 D6 E6 C0 0C 00 01 00 01 00 00 01 24 00 04 C3 71 D6 D7 C0 0C 00 01 00 01 00 00 01 24 00 04 C3 71 D6 CF C0 0C 00 01 00 01 00 00 01 24 00 04 C3 71 D6 FB C0 0C 00 01 00 01 00 00 01 24 00 04 C3 71 D6 F1 C0 0C 00 01 00 01 00 00 01 24 00 04 C3 71 D6 E2 C0 0C 00 01 00 01 00 00 01 24 00 04 C3 71 D6 EA C0 0C 00 01 00 01 00 00 01 24 00 04 C3 71 D6 DE C0 0C 00 01 00 01 00 00 01 24 00 04 C3 71 D6 EC C0 0C 00 01 00 01 00 00 01 24 00 04 C3 71 D6 F5 C0 11 00 02 00 01 00 01 A5 08 00 06 03 6E 73 31 C0 11 C0 11 00 02 00 01 00 01 A5 08 00 06 03 6E 73 32 C0 11 C0 11 00 02 00 01 00 01 A5 08 00 06 03 6E 73 33 C0 11 C0 11 00 02 00 01 00 01 A5 08 00 06 03 6E 73 34 C0 11 C1 1D 00 01 00 01 00 04 48 08 00 04 D8 EF 20 0A C1 2F 00 01 00 01 00 04 48 08 00 04 D8 EF 22 0A C1 41 00 01 00 01 00 04 48 08 00 04 D8 EF 24 0A C1 53 00 01 00 01 00 04 48 08 00 04 D8 EF 26 0A
45 00 00 4C F1 15 40 00 40 11 7F AC 93 20 53 35 93 20 50 69 69 D9 00 35 00 38 CA 28 28 EF 01 00 00 01 00 00 00 00 00 00 12 73 74 61 74 69 73 74 69 63 61 6C 72 65 63 69 70 65 73 08 62 6C 6F 67 73 70 6F 74 02 63 7A 00 00 01 00 01
45 00 01 19 6A 56 00 00 40 11 45 9F 93 20 50 69 93 20 53 35 00 35 69 D9 01 05 19 77 28 EF 81 80 00 01 00 02 00 04 00 04 12 73 74 61 74 69 73 74 69 63 61 6C 72 65 63 69 70 65 73 08 62 6C 6F 67 73 70 6F 74 02 63 7A 00 00 01 00 01 C0 0C 00 05 00 01 00 00 02 58 00 22 08 62 6C 6F 67 73 70 6F 74 01 6C 11 67 6F 6F 67 6C 65 75 73 65 72 63 6F 6E 74 65 6E 74 03 63 6F 6D 00 C0 3C 00 01 00 01 00 00 01 2C 00 04 AD C2 46 84 C0 47 00 02 00 01 00 01 A8 47 00 0D 03 6E 73 33 06 67 6F 6F 67 6C 65 C0 59 C0 47 00 02 00 01 00 01 A8 47 00 06 03 6E 73 32 C0 7E C0 47 00 02 00 01 00 01 A8 47 00 06 03 6E 73 31 C0 7E C0 47 00 02 00 01 00 01 A8 47 00 06 03 6E 73 34 C0 7E C0 A5 00 01 00 01 00 04 47 E0 00 04 D8 EF 20 0A C0 93 00 01 00 01 00 04 47 E0 00 04 D8 EF 22 0A C0 7A 00 01 00 01 00 04 47 E0 00 04 D8 EF 24 0A C0 B7 00 01 00 01 00 04 47 E0 00 04 D8 EF 26 0A
45 00 00 44 3F D0 40 00 40 11 30 FA 93 20 53 35 93 20 50 69 A3 76 00 35 00 30 CA 20 37 B8 01 00 00 01 00 00 00 00 00 00 09 53 75 70 65 72 4E 6F 76 61 04 66 65 6C 6B 04 63 76 75 74 02 63 7A 00 00 1C 00 01
45 00 00 76 70 E1 00 00 40 11 3F B7 93 20 50 69 93 20 53 35 00 35 A3 76 00 62 E6 A3 37 B8 85 83 00 01 00 00 00 01 00 00 09 53 75 70 65 72 4E 6F 76 61 04 66 65 6C 6B 04 63 76 75 74 02 63 7A 00 00 1C 00 01 C0 16 00 06 00 01 00 00 0E 10 00 26 02 6E 73 C0 16 0A 68 6F 73 74 6D 61 73 74 65 72 C0 16 77 FD 80 15 00 00 54 60 00 00 0E 10 00 12 75 00 00 00 0E 10
45 00 00 37 3F D0 40 00 40 11 31 07 93 20 53 35 93 20 50 69 85 48 00 35 00 23 CA 13 F7 21 01 00 00 01 00 00 00 00 00 00 09 53 75 70 65 72 4E 6F 76 61 00 00 1C 00 01
45 00 00 82 70 E4 00 00 40 11 3F A8 93 20 50 69 93 20 53 35 00 35 85 48 00 6E E2 A2 F7 21 81 83 00 01 00 00 00 01 00 00 09 53 75 70 65 72 4E 6F 76 61 00 00 1C 00 01 00 00 06 00 01 00 00 2A 30 00 40 01 61 0C 72 6F 6F 74 2D 73 65 72 76 65 72 73 03 6E 65 74 00 05 6E 73 74 6C 64 0C 76 65 72 69 73 69 67 6E 2D 67 72 73 03 63 6F 6D 00 77 FD 80 14 00 00 07 08 00 00 03 84 00 09 3A 80 00 01 51 80
45 00 00 41 A0 54 40 00 40 11 D0 78 93 20 53 35 93 20 50 69 B3 BC 00 35 00 2D CA 1D 28 86 01 00 00 01 00 00 00 00 00 00 08 63 6C 69 65 6E 74 73 32 06 67 6F 6F 67 6C 65 03 63 6F 6D 00 00 01 00 01
45 00 01 D1 98 22 00 00 40 11 17 1B 93 20 50 69 93 20 53 35 00 35 B3 BC 01 BD 25 1C 28 86 81 80 00 01 00 10 00 04 00 04 08 63 6C 69 65 6E 74 73 32 06 67 6F 6F 67 6C 65 03 63 6F 6D 00 00 01 00 01 C0 0C 00 05 00 01 00 00 01 2C 00 0C 07 63 6C 69 65 6E 74 73 01 6C C0 15 C0 31 00 01 00 01 00 00 01 2C 00 04 C3 71 D6 F9 C0 31 00 01 00 01 00 00 01 2C 00 04 C3 71 D6 D3 C0 31 00 01 00 01 00 00 01 2C 00 04 C3 71 D6 F5 C0 31 00 01 00 01 00 00 01 2C 00 04 C3 71 D6 DE C0 31 00 01 00 01 00 00 01 2C 00 04 C3 71 D6 DD C0 31 00 01 00 01 00 00 01 2C 00 04 C3 71 D6 DB C0 31 00 01 00 01 00 00 01 2C 00 04 C3 71 D6 F1 C0 31 00 01 00 01 00 00 01 2C 00 04 C3 71 D6 ED C0 31 00 01 00 01 00 00 01 2C 00 04 C3 71 D6 E6 C0 31 00 01 00 01 00 00 01 2C 00 04 C3 71 D6 EA C0 31 00 01 00 01 00 00 01 2C 00 04 C3 71 D6 D7 C0 31 00 01 00 01 00 00 01 2C 00 04 C3 71 D6 E2 C0 31 00 01 00 01 00 00 01 2C 00 04 C3 71 D6 FB C0 31 00 01 00 01 00 00 01 2C 00 04 C3 71 D6 EC C0 31 00 01 00 01 00 00 01 2C 00 04 C3 71 D6 CF C0 15 00 02 00 01 00 01 A3 27 00 06 03 6E 73 32 C0 15 C0 15 00 02 00 01 00 01 A3 27 00 06 03 6E 73 33 C0 15 C0 15 00 02 00 01 00 01 A3 27 00 06 03 6E 73 31 C0 15 C0 15 00 02 00 01 00 01 A3 27 00 06 03 6E 73 34 C0 15 C1 5D 00 01 00 01 00 04 46 27 00 04 D8 EF 20 0A C1 39 00 01 00 01 00 04 46 27 00 04 D8 EF 22 0A C1 4B 00 01 00 01 00 04 46 27 00 04 D8 EF 24 0A C1 6F 00 01 00 01 00 04 46 27 00 04 D8 EF 26 0A
45 00 00 3D 15 89 40 00 40 11 5B 48 93 20 53 35 93 20 50 69 9F 1F 00 35 00 29 CA 19 7E 6E 01 00 00 01 00 00 00 00 00 00 04 70 6C 75 73 06 67 6F 6F 67 6C 65 03 63 6F 6D 00 00 01 00 01
45 00 01 B5 A3 20 00 00 40 11 0C 39 93 20 50 69 93 20 53 35 00 35 9F 1F 01 A1 76 A9 7E 6E 81 80 00 01 00 0F 00 04 00 04 04 70 6C 75 73 06 67 6F 6F 67 6C 65 03 63 6F 6D 00 00 01 00 01 C0 0C 00 01 00 01 00 00 01 2C 00 04 C3 71 D6 E6 C0 0C 00 01 00 01 00 00 01 2C 00 04 C3 71 D6 ED C0 0C 00 01 00 01 00 00 01 2C 00 04 C3 71 D6 F9 C0 0C 00 01 00 01 00 00 01 2C 00 04 C3 71 D6 DB C0 0C 00 01 00 01 00 00 01 2C 00 04 C3 71 D6 DD C0 0C 00 01 00 01 00 00 01 2C 00 04 C3 71 D6 E2 C0 0C 00 01 00 01 00 00 01 2C 00 04 C3 71 D6 FB C0 0C 00 01 00 01 00 00 01 2C 00 04 C3 71 D6 D3 C0 0C 00 01 00 01 00 00 01 2C 00 04 C3 71 D6 EC C0 0C 00 01 00 01 00 00 01 2C 00 04 C3 71 D6 EA C0 0C 00 01 00 01 00 00 01 2C 00 04 C3 71 D6 DE C0 0C 00 01 00 01 00 00 01 2C 00 04 C3 71 D6 D7 C0 0C 00 01 00 01 00 00 01 2C 00 04 C3 71 D6 CF C0 0C 00 01 00 01 00 00 01 2C 00 04 C3 71 D6 F5 C0 0C 00 01 00 01 00 00 01 2C 00 04 C3 71 D6 F1 C0 11 00 02 00 01 00 01 A2 AF 00 06 03 6E 73 33 C0 11 C0 11 00 02 00 01 00 01 A2 AF 00 06 03 6E 73 32 C0 11 C0 11 00 02 00 01 00 01 A2 AF 00 06 03 6E 73 34 C0 11 C0 11 00 02 00 01 00 01 A2 AF 00 06 03 6E 73 31 C0 11 C1 53 00 01 00 01 00 04 45 AF 00 04 D8 EF 20 0A C1 2F 00 01 00 01 00 04 45 AF 00 04 D8 EF 22 0A C1 1D 00 01 00 01 00 04 45 AF 00 04 D8 EF 24 0A C1 41 00 01 00 01 00 04 45 AF 00 04 D8 EF 26 0A
45 00 00 3D 60 75 40 00 40 11 10 5C 93 20 53 35 93 20 50 69 C2 25 00 35 00 29 CA 19 DB B3 01 00 00 01 00 00 00 00 00 00 04 70 6C 75 73 06 67 6F 6F 67 6C 65 03 63 6F 6D 00 00 01 00 01
45 00 01 B5 D9 F4 00 00 40 11 D5 64 93 20 50 69 93 20 53 35 00 35 C2 25 01 A1 A2 7D DB B3 81 80 00 01 00 0F 00 04 00 04 04 70 6C 75 73 06 67 6F 6F 67 6C 65 03 63 6F 6D 00 00 01 00 01 C0 0C 00 01 00 01 00 00 00 50 00 04 C3 71 D6 F5 C0 0C 00 01 00 01 00 00 00 50 00 04 C3 71 D6 F1 C0 0C 00 01 00 01 00 00 00 50 00 04 C3 71 D6 FB C0 0C 00 01 00 01 00 00 00 50 00 04 C3 71 D6 D3 C0 0C 00 01 00 01 00 00 00 50 00 04 C3 71 D6 DB C0 0C 00 01 00 01 00 00 00 50 00 04 C3 71 D6 DD C0 0C 00 01 00 01 00 00 00 50 00 04 C3 71 D6 EC C0 0C 00 01 00 01 00 00 00 50 00 04 C3 71 D6 EA C0 0C 00 01 00 01 00 00 00 50 00 04 C3 71 D6 CF C0 0C 00 01 00 01 00 00 00 50 00 04 C3 71 D6 ED C0 0C 00 01 00 01 00 00 00 50 00 04 C3 71 D6 D7 C0 0C 00 01 00 01 00 00 00 50 00 04 C3 71 D6 F9 C0 0C 00 01 00 01 00 00 00 50 00 04 C3 71 D6 E6 C0 0C 00 01 00 01 00 00 00 50 00 04 C3 71 D6 DE C0 0C 00 01 00 01 00 00 00 50 00 04 C3 71 D6 E2 C0 11 00 02 00 01 00 01 A0 56 00 06 03 6E 73 34 C0 11 C0 11 00 02 00 01 00 01 A0 56 00 06 03 6E 73 31 C0 11 C0 11 00 02 00 01 00 01 A0 56 00 06 03 6E 73 33 C0 11 C0 11 00 02 00 01 00 01 A0 56 00 06 03 6E 73 32 C0 11 C1 2F 00 01 00 01 00 04 43 56 00 04 D8 EF 20 0A C1 53 00 01 00 01 00 04 43 56 00 04 D8 EF 22 0A C1 41 00 01 00 01 00 04 43 56 00 04 D8 EF 24 0A C1 1D 00 01 00 01 00 04 43 56 00 04 D8 EF 26 0A
45 00 00 3C 76 C4 40 00 40 11 FA 0D 93 20 53 35 93 20 50 69 9C 37 00 35 00 28 CA 18 A7 52 01 00 00 01 00 00 00 00 00 00 07 73 6D 2D 70 72 6F 64 03 61 6E 79 02 64 6F 00 00 01 00 01
45 00 01 DD F5 7E 00 00 40 11 B9 B2 93 20 50 69 93 20 53 35 00 35 9C 37 01 C9 5A 13 A7 52 81 80 00 01 00 03 00 08 00 08 07 73 6D 2D 70 72 6F 64 03 61 6E 79 02 64 6F 00 00 01 00 01 C0 0C 00 05 00 01 00 00 1C 20 00 1E 07 73 6D 2D 70 72 6F 64 10 65 6C 61 73 74 69 63 62 65 61 6E 73 74 61 6C 6B 03 63 6F 6D 00 C0 2C 00 05 00 01 00 00 00 3C 00 33 18 61 77 73 65 62 2D 73 6D 2D 70 72 6F 64 33 2D 37 38 33 30 34 30 38 35 37 09 75 73 2D 65 61 73 74 2D 31 03 65 6C 62 09 61 6D 61 7A 6F 6E 61 77 73 C0 45 C0 56 00 01 00 01 00 00 00 3C 00 04 36 F3 98 ED C0 56 00 02 00 01 00 00 07 08 00 09 06 6E 73 2D 39 32 37 C0 7D C0 56 00 02 00 01 00 00 07 08 00 09 06 6E 73 2D 39 33 35 C0 7D C0 56 00 02 00 01 00 00 07 08 00 09 06 6E 73 2D 39 34 34 C0 7D C0 56 00 02 00 01 00 00 07 08 00 09 06 6E 73 2D 39 33 34 C0 7D C0 56 00 02 00 01 00 00 07 08 00 09 06 6E 73 2D 39 32 35 C0 7D C0 56 00 02 00 01 00 00 07 08 00 09 06 6E 73 2D 39 34 37 C0 7D C0 56 00 02 00 01 00 00 07 08 00 09 06 6E 73 2D 39 31 36 C0 7D C0 56 00 02 00 01 00 00 07 08 00 09 06 6E 73 2D 39 34 31 C0 7D C1 23 00 01 00 01 00 00 01 F7 00 04 CF AB B2 07 C0 F9 00 01 00 01 00 00 02 58 00 04 48 15 D0 D5 C0 A5 00 01 00 01 00 00 02 58 00 04 48 15 CC D1 C0 E4 00 01 00 01 00 00 02 58 00 04 57 EE 54 D7 C0 BA 00 01 00 01 00 00 02 58 00 04 57 EE 50 D5 C1 38 00 01 00 01 00 00 13 85 00 04 CC F6 A0 05 C0 CF 00 01 00 01 00 00 0D 50 00 04 CD FB E4 06 C1 0E 00 01 00 01 00 00 02 58 00 04 CC F6 A2 0A
45 00 00 3D AB 5D 40 00 40 11 C5 73 93 20 53 35 93 20 50 69 BF 7D 00 35 00 29 CA 19 21 09 01 00 00 01 00 00 00 00 00 00 04 70 6C 75 73 06 67 6F 6F 67 6C 65 03 63 6F 6D 00 00 01 00 01
45 00 01 B5 10 C6 00 00 40 11 9E 93 93 20 50 69 93 20 53 35 00 35 BF 7D 01 A1 48 E0 21 09 81 80 00 01 00 0F 00 04 00 04 04 70 6C 75 73 06 67 6F 6F 67 6C 65 03 63 6F 6D 00 00 01 00 01 C0 0C 00 01 00 01 00 00 00 81 00 04 C3 71 D6 DB C0 0C 00 01 00 01 00 00 00 81 00 04 C3 71 D6 ED C0 0C 00 01 00 01 00 00 00 81 00 04 C3 71 D6 E2 C0 0C 00 01 00 01 00 00 00 81 00 04 C3 71 D6 D7 C0 0C 00 01 00 01 00 00 00 81 00 04 C3 71 D6 F9 C0 0C 00 01 00 01 00 00 00 81 00 04 C3 71 D6 F5 C0 0C 00 01 00 01 00 00 00 81 00 04 C3 71 D6 EA C0 0C 00 01 00 01 00 00 00 81 00 04 C3 71 D6 F1 C0 0C 00 01 00 01 00 00 00 81 00 04 C3 71 D6 DD C0 0C 00 01 00 01 00 00 00 81 00 04 C3 71 D6 DE C0 0C 00 01 00 01 00 00 00 81 00 04 C3 71 D6 D3 C0 0C 00 01 00 01 00 00 00 81 00 04 C3 71 D6 E6 C0 0C 00 01 00 01 00 00 00 81 00 04 C3 71 D6 EC C0 0C 00 01 00 01 00 00 00 81 00 04 C3 71 D6 FB C0 0C 00 01 00 01 00 00 00 81 00 04 C3 71 D6 CF C0 11 00 02 00 01 00 01 9D FD 00 06 03 6E 73 31 C0 11 C0 11 00 02 00 01 00 01 9D FD 00 06 03 6E 73 33 C0 11 C0 11 00 02 00 01 00 01 9D FD 00 06 03 6E 73 32 C0 11 C0 11 00 02 00 01 00 01 9D FD 00 06 03 6E 73 34 C0 11 C1 1D 00 01 00 01 00 04 40 FD 00 04 D8 EF 20 0A C1 41 00 01 00 01 00 04 40 FD 00 04 D8 EF 22 0A C1 2F 00 01 00 01 00 04 40 FD 00 04 D8 EF 24 0A C1 53 00 01 00 01 00 04 40 FD 00 04 D8 EF 26 0A
45 00 00 44 1D A0 40 00 40 11 53 2A 93 20 53 35 93 20 50 69 87 9A 00 35 00 30 CA 20 E1 CC 01 00 00 01 00 00 00 00 00 00 09 53 75 70 65 72 4E 6F 76 61 04 66 65 6C 6B 04 63 76 75 74 02 63 7A 00 00 1C 00 01
45 00 00 76 17 5D 00 00 40 11 99 3B 93 20 50 69 93 20 53 35 00 35 87 9A 00 62 58 6B E1 CC 85 83 00 01 00 00 00 01 00 00 09 53 75 70 65 72 4E 6F 76 61 04 66 65 6C 6B 04 63 76 75 74 02 63 7A 00 00 1C 00 01 C0 16 00 06 00 01 00 00 0E 10 00 26 02 6E 73 C0 16 0A 68 6F 73 74 6D 61 73 74 65 72 C0 16 77 FD 80 15 00 00 54 60 00 00 0E 10 00 12 75 00 00 00 0E 10
45 00 00 37 1D A1 40 00 40 11 53 36 93 20 53 35 93 20 50 69 88 4A 00 35 00 23 CA 13 DF 1B 01 00 00 01 00 00 00 00 00 00 09 53 75 70 65 72 4E 6F 76 61 00 00 1C 00 01
45 00 00 82 17 5E 00 00 40 11 99 2E 93 20 50 69 93 20 53 35 00 35 88 4A 00 6E FE AE DF 1B 81 83 00 01 00 00 00 01 00 00 09 53 75 70 65 72 4E 6F 76 61 00 00 1C 00 01 00 00 06 00 01 00 00 23 28 00 40 01 61 0C 72 6F 6F 74 2D 73 65 72 76 65 72 73 03 6E 65 74 00 05 6E 73 74 6C 64 0C 76 65 72 69 73 69 67 6E 2D 67 72 73 03 63 6F 6D 00 77 FD 80 14 00 00 07 08 00 00 03 84 00 09 3A 80 00 01 51 80
45 00 00 3D F6 4B 40 00 40 11 7A 85 93 20 53 35 93 20 50 69 1C 4D 00 35 00 29 CA 19 69 C5 01 00 00 01 00 00 00 00 00 00 04 70 6C 75 73 06 67 6F 6F 67 6C 65 03 63 6F 6D 00 00 01 00 01
45 00 01 B5 3E 96 00 00 40 11 70 C3 93 20 50 69 93 20 53 35 00 35 1C 4D 01 A1 54 60 69 C5 81 80 00 01 00 0F 00 04 00 04 04 70 6C 75 73 06 67 6F 6F 67 6C 65 03 63 6F 6D 00 00 01 00 01 C0 0C 00 01 00 01 00 00 00 FA 00 04 C3 71 D6 D7 C0 0C 00 01 00 01 00 00 00 FA 00 04 C3 71 D6 DB C0 0C 00 01 00 01 00 00 00 FA 00 04 C3 71 D6 F5 C0 0C 00 01 00 01 00 00 00 FA 00 04 C3 71 D6 DE C0 0C 00 01 00 01 00 00 00 FA 00 04 C3 71 D6 EA C0 0C 00 01 00 01 00 00 00 FA 00 04 C3 71 D6 DD C0 0C 00 01 00 01 00 00 00 FA 00 04 C3 71 D6 F9 C0 0C 00 01 00 01 00 00 00 FA 00 04 C3 71 D6 ED C0 0C 00 01 00 01 00 00 00 FA 00 04 C3 71 D6 FB C0 0C 00 01 00 01 00 00 00 FA 00 04 C3 71 D6 D3 C0 0C 00 01 00 01 00 00 00 FA 00 04 C3 71 D6 E2 C0 0C 00 01 00 01 00 00 00 FA 00 04 C3 71 D6 F1 C0 0C 00 01 00 01 00 00 00 FA 00 04 C3 71 D6 CF C0 0C 00 01 00 01 00 00 00 FA 00 04 C3 71 D6 EC C0 0C 00 01 00 01 00 00 00 FA 00 04 C3 71 D6 E6 C0 11 00 02 00 01 00 01 9B A4 00 06 03 6E 73 31 C0 11 C0 11 00 02 00 01 00 01 9B A4 00 06 03 6E 73 34 C0 11 C0 11 00 02 00 01 00 01 9B A4 00 06 03 6E 73 33 C0 11 C0 11 00 02 00 01 00 01 9B A4 00 06 03 6E 73 32 C0 11 C1 1D 00 01 00 01 00 04 3E A4 00 04 D8 EF 20 0A C1 53 00 01 00 01 00 04 3E A4 00 04 D8 EF 22 0A C1 41 00 01 00 01 00 04 3E A4 00 04 D8 EF 24 0A C1 2F 00 01 00 01 00 04 3E A4 00 04 D8 EF 26 0A
45 00 00 3D 41 36 40 00 40 11 2F 9B 93 20 53 35 93 20 50 69 D3 5B 00 35 00 29 CA 19 9B 93 01 00 00 01 00 00 00 00 00 00 04 70 6C 75 73 06 67 6F 6F 67 6C 65 03 63 6F 6D 00 00 01 00 01
45 00 01 B5 74 0F 00 00 40 11 3B 4A 93 20 50 69 93 20 53 35 00 35 D3 5B 01 A1 45 93 9B 93 81 80 00 01 00 0F 00 04 00 04 04 70 6C 75 73 06 67 6F 6F 67 6C 65 03 63 6F 6D 00 00 01 00 01 C0 0C 00 01 00 01 00 00 01 2C 00 04 C3 71 D6 E2 C0 0C 00 01 00 01 00 00 01 2C 00 04 C3 71 D6 EC C0 0C 00 01 00 01 00 00 01 2C 00 04 C3 71 D6 DB C0 0C 00 01 00 01 00 00 01 2C 00 04 C3 71 D6 CF C0 0C 00 01 00 01 00 00 01 2C 00 04 C3 71 D6 D3 C0 0C 00 01 00 01 00 00 01 2C 00 04 C3 71 D6 F5 C0 0C 00 01 00 01 00 00 01 2C 00 04 C3 71 D6 DE C0 0C 00 01 00 01 00 00 01 2C 00 04 C3 71 D6 DD C0 0C 00 01 00 01 00 00 01 2C 00 04 C3 71 D6 E6 C0 0C 00 01 00 01 00 00 01 2C 00 04 C3 71 D6 FB C0 0C 00 01 00 01 00 00 01 2C 00 04 C3 71 D6 EA C0 0C 00 01 00 01 00 00 01 2C 00 04 C3 71 D6 F1 C0 0C 00 01 00 01 00 00 01 2C 00 04 C3 71 D6 ED C0 0C 00 01 00 01 00 00 01 2C 00 04 C3 71 D6 F9 C0 0C 00 01 00 01 00 00 01 2C 00 04 C3 71 D6 D7 C0 11 00 02 00 01 00 01 99 4B 00 06 03 6E 73 31 C0 11 C0 11 00 02 00 01 00 01 99 4B 00 06 03 6E 73 33 C0 11 C0 11 00 02 00 01 00 01 99 4B 00 06 03 6E 73 32 C0 11 C0 11 00 02 00 01 00 01 99 4B 00 06 03 6E 73 34 C0 11 C1 1D 00 01 00 01 00 04 3C 4B 00 04 D8 EF 20 0A C1 41 00 01 00 01 00 04 3C 4B 00 04 D8 EF 22 0A C1 2F 00 01 00 01 00 04 3C 4B 00 04 D8 EF 24 0A C1 53 00 01 00 01 00 04 3C 4B 00 04 D8 EF 26 0A
45 00 00 3C 54 91 40 00 40 11 1C 41 93 20 53 35 93 20 50 69 12 E0 00 35 00 28 CA 18 0D 3B 01 00 00 01 00 00 00 00 00 00 07 73 6D 2D 70 72 6F 64 03 61 6E 79 02 64 6F 00 00 01 00 01
45 00 01 DD 8E D4 00 00 40 11 20 5D 93 20 50 69 93 20 53 35 00 35 12 E0 01 C9 10 A9 0D 3B 81 80 00 01 00 03 00 08 00 08 07 73 6D 2D 70 72 6F 64 03 61 6E 79 02 64 6F 00 00 01 00 01 C0 0C 00 05 00 01 00 00 15 18 00 1E 07 73 6D 2D 70 72 6F 64 10 65 6C 61 73 74 69 63 62 65 61 6E 73 74 61 6C 6B 03 63 6F 6D 00 C0 2C 00 05 00 01 00 00 00 3C 00 33 18 61 77 73 65 62 2D 73 6D 2D 70 72 6F 64 33 2D 37 38 33 30 34 30 38 35 37 09 75 73 2D 65 61 73 74 2D 31 03 65 6C 62 09 61 6D 61 7A 6F 6E 61 77 73 C0 45 C0 56 00 01 00 01 00 00 00 3C 00 04 36 F3 98 ED C0 56 00 02 00 01 00 00 07 08 00 09 06 6E 73 2D 39 33 34 C0 7D C0 56 00 02 00 01 00 00 07 08 00 09 06 6E 73 2D 39 32 37 C0 7D C0 56 00 02 00 01 00 00 07 08 00 09 06 6E 73 2D 39 34 34 C0 7D C0 56 00 02 00 01 00 00 07 08 00 09 06 6E 73 2D 39 31 36 C0 7D C0 56 00 02 00 01 00 00 07 08 00 09 06 6E 73 2D 39 34 37 C0 7D C0 56 00 02 00 01 00 00 07 08 00 09 06 6E 73 2D 39 34 31 C0 7D C0 56 00 02 00 01 00 00 07 08 00 09 06 6E 73 2D 39 32 35 C0 7D C0 56 00 02 00 01 00 00 07 08 00 09 06 6E 73 2D 39 33 35 C0 7D C0 E4 00 01 00 01 00 00 02 8D 00 04 CF AB B2 07 C1 23 00 01 00 01 00 00 00 20 00 04 48 15 D0 D5 C0 BA 00 01 00 01 00 00 00 20 00 04 48 15 CC D1 C0 A5 00 01 00 01 00 00 00 20 00 04 57 EE 54 D7 C1 38 00 01 00 01 00 00 00 20 00 04 57 EE 50 D5 C1 0E 00 01 00 01 00 00 0C 7D 00 04 CC F6 A0 05 C0 CF 00 01 00 01 00 00 06 48 00 04 CD FB E4 06 C0 F9 00 01 00 01 00 00 00 20 00 04 CC F6 A2 0A
45 00 00 3A 6A 82 40 00 40 11 06 52 93 20 53 35 93 20 50 69 B5 78 00 35 00 26 CA 16 02 B3 01 00 00 01 00 00 00 00 00 00 04 61 6B 63 65 04 63 76 75 74 02 63 7A 00 00 01 00 01
45 00 00 3A 6A 83 40 00 40 11 06 51 93 20 53 35 93 20 50 69 B5 78 00 35 00 26 CA 16 96 70 01 00 00 01 00 00 00 00 00 00 04 61 6B 63 65 04 63 76 75 74 02 63 7A 00 00 1C 00 01
45 00 00 C5 A7 37 00 00 40 11 09 12 93 20 50 69 93 20 53 35 00 35 B5 78 00 B1 81 9A 02 B3 81 80 00 01 00 01 00 02 00 04 04 61 6B 63 65 04 63 76 75 74 02 63 7A 00 00 01 00 01 C0 0C 00 01 00 01 00 00 0E 42 00 04 93 20 03 40 C0 11 00 02 00 01 00 00 10 8B 00 06 03 6E 73 73 C0 11 C0 11 00 02 00 01 00 00 10 8B 00 05 02 6E 73 C0 11 C0 4C 00 01 00 01 00 00 10 8B 00 04 93 20 01 14 C0 4C 00 1C 00 01 00 00 10 8B 00 10 20 01 07 18 00 02 22 00 00 00 00 00 00 00 01 00 C0 3A 00 01 00 01 00 00 07 B5 00 04 93 20 01 09 C0 3A 00 1C 00 01 00 00 07 B5 00 10 20 01 07 18 00 02 22 00 00 00 00 00 00 00 01 01
45 00 00 6C A7 39 00 00 40 11 09 69 93 20 50 69 93 20 53 35 00 35 B5 78 00 58 D0 19 96 70 81 80 00 01 00 00 00 01 00 00 04 61 6B 63 65 04 63 76 75 74 02 63 7A 00 00 1C 00 01 C0 11 00 06 00 01 00 00 19 00 00 26 02 6E 73 C0 11 0A 68 6F 73 74 6D 61 73 74 65 72 C0 11 01 31 31 BE 00 00 2A 30 00 00 07 08 00 12 75 00 00 01 51 80
45 00 00 3D 8C 1B 40 00 40 11 E4 B5 93 20 53 35 93 20 50 69 0B 60 00 35 00 29 CA 19 E7 9E 01 00 00 01 00 00 00 00 00 00 04 70 6C 75 73 06 67 6F 6F 67 6C 65 03 63 6F 6D 00 00 01 00 01
45 00 01 B5 A8 EC 00 00 40 11 06 6D 93 20 50 69 93 20 53 35 00 35 0B 60 01 A1 C6 A4 E7 9E 81 80 00 01 00 0F 00 04 00 04 04 70 6C 75 73 06 67 6F 6F 67 6C 65 03 63 6F 6D 00 00 01 00 01 C0 0C 00 01 00 01 00 00 00 39 00 04 C3 71 D6 F9 C0 0C 00 01 00 01 00 00 00 39 00 04 C3 71 D6 CF C0 0C 00 01 00 01 00 00 00 39 00 04 C3 71 D6 FB C0 0C 00 01 00 01 00 00 00 39 00 04 C3 71 D6 F5 C0 0C 00 01 00 01 00 00 00 39 00 04 C3 71 D6 DE C0 0C 00 01 00 01 00 00 00 39 00 04 C3 71 D6 D3 C0 0C 00 01 00 01 00 00 00 39 00 04 C3 71 D6 EC C0 0C 00 01 00 01 00 00 00 39 00 04 C3 71 D6 ED C0 0C 00 01 00 01 00 00 00 39 00 04 C3 71 D6 D7 C0 0C 00 01 00 01 00 00 00 39 00 04 C3 71 D6 F1 C0 0C 00 01 00 01 00 00 00 39 00 04 C3 71 D6 E6 C0 0C 00 01 00 01 00 00 00 39 00 04 C3 71 D6 E2 C0 0C 00 01 00 01 00 00 00 39 00 04 C3 71 D6 EA C0 0C 00 01 00 01 00 00 00 39 00 04 C3 71 D6 DB C0 0C 00 01 00 01 00 00 00 39 00 04 C3 71 D6 DD C0 11 00 02 00 01 00 01 96 F2 00 06 03 6E 73 34 C0 11 C0 11 00 02 00 01 00 01 96 F2 00 06 03 6E 73 33 C0 11 C0 11 00 02 00 01 00 01 96 F2 00 06 03 6E 73 31 C0 11 C0 11 00 02 00 01 00 01 96 F2 00 06 03 6E 73 32 C0 11 C1 41 00 01 00 01 00 04 39 F2 00 04 D8 EF 20 0A C1 53 00 01 00 01 00 04 39 F2 00 04 D8 EF 22 0A C1 2F 00 01 00 01 00 04 39 F2 00 04 D8 EF 24 0A C1 1D 00 01 00 01 00 04 39 F2 00 04 D8 EF 26 0A
45 00 00 44 FB 71 40 00 40 11 75 58 93 20 53 35 93 20 50 69 A9 EF 00 35 00 30 CA 20 43 DF 01 00 00 01 00 00 00 00 00 00 09 53 75 70 65 72 4E 6F 76 61 04 66 65 6C 6B 04 63 76 75 74 02 63 7A 00 00 1C 00 01
45 00 00 76 AF 26 00 00 40 11 01 72 93 20 50 69 93 20 53 35 00 35 A9 EF 00 62 D4 03 43 DF 85 83 00 01 00 00 00 01 00 00 09 53 75 70 65 72 4E 6F 76 61 04 66 65 6C 6B 04 63 76 75 74 02 63 7A 00 00 1C 00 01 C0 16 00 06 00 01 00 00 0E 10 00 26 02 6E 73 C0 16 0A 68 6F 73 74 6D 61 73 74 65 72 C0 16 77 FD 80 15 00 00 54 60 00 00 0E 10 00 12 75 00 00 00 0E 10
45 00 00 37 FB 71 40 00 40 11 75 65 93 20 53 35 93 20 50 69 D8 76 00 35 00 23 CA 13 9D 1D 01 00 00 01 00 00 00 00 00 00 09 53 75 70 65 72 4E 6F 76 61 00 00 1C 00 01
45 00 00 82 AF 27 00 00 40 11 01 65 93 20 50 69 93 20 53 35 00 35 D8 76 00 6E F7 88 9D 1D 81 83 00 01 00 00 00 01 00 00 09 53 75 70 65 72 4E 6F 76 61 00 00 1C 00 01 00 00 06 00 01 00 00 1C 20 00 40 01 61 0C 72 6F 6F 74 2D 73 65 72 76 65 72 73 03 6E 65 74 00 05 6E 73 74 6C 64 0C 76 65 72 69 73 69 67 6E 2D 67 72 73 03 63 6F 6D 00 77 FD 80 14 00 00 07 08 00 00 03 84 00 09 3A 80 00 01 51 80
45 00 00 3D D7 09 40 00 40 11 99 C7 93 20 53 35 93 20 50 69 4C 11 00 35 00 29 CA 19 1F E9 01 00 00 01 00 00 00 00 00 00 04 70 6C 75 73 06 67 6F 6F 67 6C 65 03 63 6F 6D 00 00 01 00 01
45 00 01 B5 D8 FE 00 00 40 11 D6 5A 93 20 50 69 93 20 53 35 00 35 4C 11 01 A1 0A B8 1F E9 81 80 00 01 00 0F 00 04 00 04 04 70 6C 75 73 06 67 6F 6F 67 6C 65 03 63 6F 6D 00 00 01 00 01 C0 0C 00 01 00 01 00 00 00 7E 00 04 C3 71 D6 EA C0 0C 00 01 00 01 00 00 00 7E 00 04 C3 71 D6 E2 C0 0C 00 01 00 01 00 00 00 7E 00 04 C3 71 D6 DD C0 0C 00 01 00 01 00 00 00 7E 00 04 C3 71 D6 F9 C0 0C 00 01 00 01 00 00 00 7E 00 04 C3 71 D6 F1 C0 0C 00 01 00 01 00 00 00 7E 00 04 C3 71 D6 DE C0 0C 00 01 00 01 00 00 00 7E 00 04 C3 71 D6 CF C0 0C 00 01 00 01 00 00 00 7E 00 04 C3 71 D6 E6 C0 0C 00 01 00 01 00 00 00 7E 00 04 C3 71 D6 D3 C0 0C 00 01 00 01 00 00 00 7E 00 04 C3 71 D6 FB C0 0C 00 01 00 01 00 00 00 7E 00 04 C3 71 D6 DB C0 0C 00 01 00 01 00 00 00 7E 00 04 C3 71 D6 EC C0 0C 00 01 00 01 00 00 00 7E 00 04 C3 71 D6 ED C0 0C 00 01 00 01 00 00 00 7E 00 04 C3 71 D6 F5 C0 0C 00 01 00 01 00 00 00 7E 00 04 C3 71 D6 D7 C0 11 00 02 00 01 00 01 94 99 00 06 03 6E 73 34 C0 11 C0 11 00 02 00 01 00 01 94 99 00 06 03 6E 73 33 C0 11 C0 11 00 02 00 01 00 01 94 99 00 06 03 6E 73 32 C0 11 C0 11 00 02 00 01 00 01 94 99 00 06 03 6E 73 31 C0 11 C1 53 00 01 00 01 00 04 37 99 00 04 D8 EF 20 0A C1 41 00 01 00 01 00 04 37 99 00 04 D8 EF 22 0A C1 2F 00 01 00 01 00 04 37 99 00 04 D8 EF 24 0A C1 1D 00 01 00 01 00 04 37 99 00 04 D8 EF 26 0A
45 00 00 3A BF DA 40 00 40 11 B0 F9 93 20 53 35 93 20 50 69 D2 87 00 35 00 26 CA 16 C8 33 01 00 00 01 00 00 00 00 00 00 04 61 6B 63 65 04 63 76 75 74 02 63 7A 00 00 01 00 01
45 00 00 C5 05 B2 00 00 40 11 AA 97 93 20 50 69 93 20 53 35 00 35 D2 87 00 B1 6C 6C C8 33 81 80 00 01 00 01 00 02 00 04 04 61 6B 63 65 04 63 76 75 74 02 63 7A 00 00 01 00 01 C0 0C 00 01 00 01 00 00 09 D2 00 04 93 20 03 40 C0 11 00 02 00 01 00 00 0C 1B 00 06 03 6E 73 73 C0 11 C0 11 00 02 00 01 00 00 0C 1B 00 05 02 6E 73 C0 11 C0 4C 00 01 00 01 00 00 0C 1B 00 04 93 20 01 14 C0 4C 00 1C 00 01 00 00 0C 1B 00 10 20 01 07 18 00 02 22 00 00 00 00 00 00 00 01 00 C0 3A 00 01 00 01 00 00 03 45 00 04 93 20 01 09 C0 3A 00 1C 00 01 00 00 03 45 00 10 20 01 07 18 00 02 22 00 00 00 00 00 00 00 01 01
45 00 00 46 C0 11 40 00 40 11 B0 B6 93 20 53 35 93 20 50 69 AE C4 00 35 00 32 CA 22 7D 98 01 00 00 01 00 00 00 00 00 00 03 77 77 77 10 67 6F 6F 67 6C 65 2D 61 6E 61 6C 79 74 69 63 73 03 63 6F 6D 00 00 01 00 01
45 00 01 EA 05 B3 00 00 40 11 A9 71 93 20 50 69 93 20 53 35 00 35 AE C4 01 D6 80 74 7D 98 81 80 00 01 00 10 00 04 00 04 03 77 77 77 10 67 6F 6F 67 6C 65 2D 61 6E 61 6C 79 74 69 63 73 03 63 6F 6D 00 00 01 00 01 C0 0C 00 05 00 01 00 00 CE C8 00 20 14 77 77 77 2D 67 6F 6F 67 6C 65 2D 61 6E 61 6C 79 74 69 63 73 01 6C 06 67 6F 6F 67 6C 65 C0 21 C0 36 00 01 00 01 00 00 00 45 00 04 C3 71 D6 F5 C0 36 00 01 00 01 00 00 00 45 00 04 C3 71 D6 E6 C0 36 00 01 00 01 00 00 00 45 00 04 C3 71 D6 DD C0 36 00 01 00 01 00 00 00 45 00 04 C3 71 D6 FB C0 36 00 01 00 01 00 00 00 45 00 04 C3 71 D6 CF C0 36 00 01 00 01 00 00 00 45 00 04 C3 71 D6 F1 C0 36 00 01 00 01 00 00 00 45 00 04 C3 71 D6 D7 C0 36 00 01 00 01 00 00 00 45 00 04 C3 71 D6 F9 C0 36 00 01 00 01 00 00 00 45 00 04 C3 71 D6 E2 C0 36 00 01 00 01 00 00 00 45 00 04 C3 71 D6 EA C0 36 00 01 00 01 00 00 00 45 00 04 C3 71 D6 EC C0 36 00 01 00 01 00 00 00 45 00 04 C3 71 D6 DB C0 36 00 01 00 01 00 00 00 45 00 04 C3 71 D6 DE C0 36 00 01 00 01 00 00 00 45 00 04 C3 71 D6 ED C0 36 00 01 00 01 00 00 00 45 00 04 C3 71 D6 D3 C0 4D 00 02 00 01 00 01 92 A4 00 06 03 6E 73 31 C0 4D C0 4D 00 02 00 01 00 01 92 A4 00 06 03 6E 73 33 C0 4D C0 4D 00 02 00 01 00 01 92 A4 00 06 03 6E 73 34 C0 4D C0 4D 00 02 00 01 00 01 92 A4 00 06 03 6E 73 32 C0 4D C1 52 00 01 00 01 00 04 35 A4 00 04 D8 EF 20 0A C1 88 00 01 00 01 00 04 35 A4 00 04 D8 EF 22 0A C1 64 00 01 00 01 00 04 35 A4 00 04 D8 EF 24 0A C1 76 00 01 00 01 00 04 35 A4 00 04 D8 EF 26 0A
45 00 00 3D C0 31 40 00 40 11 B0 9F 93 20 53 35 93 20 50 69 D9 3F 00 35 00 29 CA 19 17 33 01 00 00 01 00 00 00 00 00 00 03 77 77 77 03 66 65 6C 04 63 76 75 74 02 63 7A 00 00 01 00 01
45 00 00 D3 05 B8 00 00 40 11 AA 83 93 20 50 69 93 20 53 35 00 35 D9 3F 00 BF 91 6D 17 33 81 80 00 01 00 01 00 03 00 04 03 77 77 77 03 66 65 6C 04 63 76 75 74 02 63 7A 00 00 01 00 01 C0 0C 00 01 00 01 00 00 0A CA 00 04 93 20 C0 0D C0 10 00 02 00 01 00 00 17 96 00 05 02 6E 73 C0 14 C0 10 00 02 00 01 00 00 17 96 00 06 03 6C 75 78 C0 10 C0 10 00 02 00 01 00 00 17 96 00 0B 03 6E 73 31 04 66 65 6C 64 C0 14 C0 3D 00 01 00 01 00 00 0C 1B 00 04 93 20 01 14 C0 3D 00 1C 00 01 00 00 0C 1B 00 10 20 01 07 18 00 02 22 00 00 00 00 00 00 00 01 00 C0 4E 00 01 00 01 00 00 0A CA 00 04 93 20 C0 FA C0 60 00 01 00 01 00 00 25 D4 00 04 93 20 C0 04
45 00 00 46 C0 C0 40 00 40 11 B0 07 93 20 53 35 93 20 50 69 32 71 00 35 00 32 CA 22 40 43 01 00 00 01 00 00 00 00 00 00 09 74 72 61 6E 73 6C 61 74 65 0A 67 6F 6F 67 6C 65 61 70 69 73 03 63 6F 6D 00 00 01 00 01
45 00 01 00 05 C1 00 00 40 11 AA 4D 93 20 50 69 93 20 53 35 00 35 32 71 00 EC 7A 68 40 43 81 80 00 01 00 02 00 04 00 04 09 74 72 61 6E 73 6C 61 74 65 0A 67 6F 6F 67 6C 65 61 70 69 73 03 63 6F 6D 00 00 01 00 01 C0 0C 00 05 00 01 00 00 01 AD 00 16 0A 67 6F 6F 67 6C 65 61 70 69 73 01 6C 06 67 6F 6F 67 6C 65 C0 21 C0 36 00 01 00 01 00 00 00 1B 00 04 AD C2 46 5F C0 43 00 02 00 01 00 01 92 A3 00 06 03 6E 73 34 C0 43 C0 43 00 02 00 01 00 01 92 A3 00 06 03 6E 73 31 C0 43 C0 43 00 02 00 01 00 01 92 A3 00 06 03 6E 73 33 C0 43 C0 43 00 02 00 01 00 01 92 A3 00 06 03 6E 73 32 C0 43 C0 7A 00 01 00 01 00 04 35 A3 00 04 D8 EF 20 0A C0 9E 00 01 00 01 00 04 35 A3 00 04 D8 EF 22 0A C0 8C 00 01 00 01 00 04 35 A3 00 04 D8 EF 24 0A C0 68 00 01 00 01 00 04 35 A3 00 04 D8 EF 26 0A
45 00 00 42 C0 E2 40 00 40 11 AF E9 93 20 53 35 93 20 50 69 17 67 00 35 00 2E CA 1E 54 A2 01 00 00 01 00 00 00 00 00 00 09 74 72 61 6E 73 6C 61 74 65 06 67 6F 6F 67 6C 65 03 63 6F 6D 00 00 01 00 01
45 00 01 CF 05 C2 00 00 40 11 A9 7D 93 20 50 69 93 20 53 35 00 35 17 67 01 BB C5 5B 54 A2 81 80 00 01 00 10 00 04 00 04 09 74 72 61 6E 73 6C 61 74 65 06 67 6F 6F 67 6C 65 03 63 6F 6D 00 00 01 00 01 C0 0C 00 05 00 01 00 08 2A 7C 00 09 04 77 77 77 33 01 6C C0 16 C0 32 00 01 00 01 00 00 00 E1 00 04 C3 71 D6 D3 C0 32 00 01 00 01 00 00 00 E1 00 04 C3 71 D6 DE C0 32 00 01 00 01 00 00 00 E1 00 04 C3 71 D6 ED C0 32 00 01 00 01 00 00 00 E1 00 04 C3 71 D6 E2 C0 32 00 01 00 01 00 00 00 E1 00 04 C3 71 D6 D7 C0 32 00 01 00 01 00 00 00 E1 00 04 C3 71 D6 F9 C0 32 00 01 00 01 00 00 00 E1 00 04 C3 71 D6 DB C0 32 00 01 00 01 00 00 00 E1 00 04 C3 71 D6 F1 C0 32 00 01 00 01 00 00 00 E1 00 04 C3 71 D6 EC C0 32 00 01 00 01 00 00 00 E1 00 04 C3 71 D6 CF C0 32 00 01 00 01 00 00 00 E1 00 04 C3 71 D6 FB C0 32 00 01 00 01 00 00 00 E1 00 04 C3 71 D6 DD C0 32 00 01 00 01 00 00 00 E1 00 04 C3 71 D6 EA C0 32 00 01 00 01 00 00 00 E1 00 04 C3 71 D6 E6 C0 32 00 01 00 01 00 00 00 E1 00 04 C3 71 D6 F5 C0 16 00 02 00 01 00 01 92 A3 00 06 03 6E 73 33 C0 16 C0 16 00 02 00 01 00 01 92 A3 00 06 03 6E 73 31 C0 16 C0 16 00 02 00 01 00 01 92 A3 00 06 03 6E 73 34 C0 16 C0 16 00 02 00 01 00 01 92 A3 00 06 03 6E 73 32 C0 16 C1 49 00 01 00 01 00 04 35 A3 00 04 D8 EF 20 0A C1 6D 00 01 00 01 00 04 35 A3 00 04 D8 EF 22 0A C1 37 00 01 00 01 00 04 35 A3 00 04 D8 EF 24 0A C1 5B 00 01 00 01 00 04 35 A3 00 04 D8 EF 26 0A
45 00 00 5C D5 CF 40 00 40 11 9A E2 93 20 53 35 93 20 50 69 07 4C 00 35 00 48 CA 38 FE 44 01 00 00 01 00 00 00 00 00 00 18 69 6D 61 67 65 73 31 2D 66 6F 63 75 73 2D 6F 70 65 6E 73 6F 63 69 61 6C 11 67 6F 6F 67 6C 65 75 73 65 72 63 6F 6E 74 65 6E 74 03 63 6F 6D 00 00 01 00 01
45 00 00 3D D5 D0 40 00 40 11 9B 00 93 20 53 35 93 20 50 69 36 E0 00 35 00 29 CA 19 DA 5D 01 00 00 01 00 00 00 00 00 00 04 70 6C 75 73 06 67 6F 6F 67 6C 65 03 63 6F 6D 00 00 01 00 01
45 00 01 38 07 9E 00 00 40 11 A8 38 93 20 50 69 93 20 53 35 00 35 07 4C 01 24 0A E0 FE 44 81 80 00 01 00 04 00 04 00 04 18 69 6D 61 67 65 73 31 2D 66 6F 63 75 73 2D 6F 70 65 6E 73 6F 63 69 61 6C 11 67 6F 6F 67 6C 65 75 73 65 72 63 6F 6E 74 65 6E 74 03 63 6F 6D 00 00 01 00 01 C0 0C 00 05 00 01 00 00 E6 2A 00 11 0C 67 6F 6F 67 6C 65 68 6F 73 74 65 64 01 6C C0 25 C0 4C 00 01 00 01 00 00 00 08 00 04 AD C2 23 4C C0 4C 00 01 00 01 00 00 00 08 00 04 AD C2 23 4B C0 4C 00 01 00 01 00 00 00 08 00 04 AD C2 23 4A C0 25 00 02 00 01 00 01 95 F5 00 0D 03 6E 73 32 06 67 6F 6F 67 6C 65 C0 37 C0 25 00 02 00 01 00 01 95 F5 00 06 03 6E 73 34 C0 9D C0 25 00 02 00 01 00 01 95 F5 00 06 03 6E 73 31 C0 9D C0 25 00 02 00 01 00 01 95 F5 00 06 03 6E 73 33 C0 9D C0 C4 00 01 00 01 00 04 35 8E 00 04 D8 EF 20 0A C0 99 00 01 00 01 00 04 35 8E 00 04 D8 EF 22 0A C0 D6 00 01 00 01 00 04 35 8E 00 04 D8 EF 24 0A C0 B2 00 01 00 01 00 04 35 8E 00 04 D8 EF 26 0A
45 00 01 B5 07 9F 00 00 40 11 A7 BA 93 20 50 69 93 20 53 35 00 35 36 E0 01 A1 19 83 DA 5D 81 80 00 01 00 0F 00 04 00 04 04 70 6C 75 73 06 67 6F 6F 67 6C 65 03 63 6F 6D 00 00 01 00 01 C0 0C 00 01 00 01 00 00 00 9A 00 04 C3 71 D6 D7 C0 0C 00 01 00 01 00 00 00 9A 00 04 C3 71 D6 D3 C0 0C 00 01 00 01 00 00 00 9A 00 04 C3 71 D6 DE C0 0C 00 01 00 01 00 00 00 9A 00 04 C3 71 D6 DB C0 0C 00 01 00 01 00 00 00 9A 00 04 C3 71 D6 EA C0 0C 00 01 00 01 00 00 00 9A 00 04 C3 71 D6 F5 C0 0C 00 01 00 01 00 00 00 9A 00 04 C3 71 D6 E2 C0 0C 00 01 00 01 00 00 00 9A 00 04 C3 71 D6 FB C0 0C 00 01 00 01 00 00 00 9A 00 04 C3 71 D6 F9 C0 0C 00 01 00 01 00 00 00 9A 00 04 C3 71 D6 CF C0 0C 00 01 00 01 00 00 00 9A 00 04 C3 71 D6 E6 C0 0C 00 01 00 01 00 00 00 9A 00 04 C3 71 D6 F1 C0 0C 00 01 00 01 00 00 00 9A 00 04 C3 71 D6 ED C0 0C 00 01 00 01 00 00 00 9A 00 04 C3 71 D6 DD C0 0C 00 01 00 01 00 00 00 9A 00 04 C3 71 D6 EC C0 11 00 02 00 01 00 01 92 8E 00 06 03 6E 73 33 C0 11 C0 11 00 02 00 01 00 01 92 8E 00 06 03 6E 73 31 C0 11 C0 11 00 02 00 01 00 01 92 8E 00 06 03 6E 73 32 C0 11 C0 11 00 02 00 01 00 01 92 8E 00 06 03 6E 73 34 C0 11 C1 2F 00 01 00 01 00 04 35 8E 00 04 D8 EF 20 0A C1 41 00 01 00 01 00 04 35 8E 00 04 D8 EF 22 0A C1 1D 00 01 00 01 00 04 35 8E 00 04 D8 EF 24 0A C1 53 00 01 00 01 00 04 35 8E 00 04 D8 EF 26 0A
45 00 00 41 FE 2D 40 00 40 11 72 9F 93 20 53 35 93 20 50 69 5F C0 00 35 00 2D CA 1D 12 B2 01 00 00 01 00 00 00 00 00 00 08 63 61 6C 65 6E 64 61 72 06 67 6F 6F 67 6C 65 03 63 6F 6D 00 00 01 00 01
45 00 00 3C FE 2E 40 00 40 11 72 A3 93 20 53 35 93 20 50 69 1F 1E 00 35 00 28 CA 18 2A F0 01 00 00 01 00 00 00 00 00 00 03 77 77 77 06 67 6F 6F 67 6C 65 03 63 6F 6D 00 00 01 00 01
45 00 01 CE 09 AA 00 00 40 11 A5 96 93 20 50 69 93 20 53 35 00 35 5F C0 01 BA D3 B1 12 B2 81 80 00 01 00 10 00 04 00 04 08 63 61 6C 65 6E 64 61 72 06 67 6F 6F 67 6C 65 03 63 6F 6D 00 00 01 00 01 C0 0C 00 05 00 01 00 08 43 F1 00 09 04 77 77 77 33 01 6C C0 15 C0 31 00 01 00 01 00 00 00 A2 00 04 C3 71 D6 F1 C0 31 00 01 00 01 00 00 00 A2 00 04 C3 71 D6 DB C0 31 00 01 00 01 00 00 00 A2 00 04 C3 71 D6 E2 C0 31 00 01 00 01 00 00 00 A2 00 04 C3 71 D6 F9 C0 31 00 01 00 01 00 00 00 A2 00 04 C3 71 D6 D7 C0 31 00 01 00 01 00 00 00 A2 00 04 C3 71 D6 FB C0 31 00 01 00 01 00 00 00 A2 00 04 C3 71 D6 CF C0 31 00 01 00 01 00 00 00 A2 00 04 C3 71 D6 EC C0 31 00 01 00 01 00 00 00 A2 00 04 C3 71 D6 DE C0 31 00 01 00 01 00 00 00 A2 00 04 C3 71 D6 F5 C0 31 00 01 00 01 00 00 00 A2 00 04 C3 71 D6 DD C0 31 00 01 00 01 00 00 00 A2 00 04 C3 71 D6 EA C0 31 00 01 00 01 00 00 00 A2 00 04 C3 71 D6 E6 C0 31 00 01 00 01 00 00 00 A2 00 04 C3 71 D6 ED C0 31 00 01 00 01 00 00 00 A2 00 04 C3 71 D6 D3 C0 15 00 02 00 01 00 01 92 64 00 06 03 6E 73 34 C0 15 C0 15 00 02 00 01 00 01 92 64 00 06 03 6E 73 33 C0 15 C0 15 00 02 00 01 00 01 92 64 00 06 03 6E 73 31 C0 15 C0 15 00 02 00 01 00 01 92 64 00 06 03 6E 73 32 C0 15 C1 5A 00 01 00 01 00 04 35 64 00 04 D8 EF 20 0A C1 6C 00 01 00 01 00 04 35 64 00 04 D8 EF 22 0A C1 48 00 01 00 01 00 04 35 64 00 04 D8 EF 24 0A C1 36 00 01 00 01 00 04 35 64 00 04 D8 EF 26 0A
45 00 01 14 09 AB 00 00 40 11 A6 4F 93 20 50 69 93 20 53 35 00 35 1F 1E 01 00 8D BA 2A F0 81 80 00 01 00 05 00 04 00 04 03 77 77 77 06 67 6F 6F 67 6C 65 03 63 6F 6D 00 00 01 00 01 C0 0C 00 01 00 01 00 00 00 7D 00 04 AD C2 71 B1 C0 0C 00 01 00 01 00 00 00 7D 00 04 AD C2 71 B0 C0 0C 00 01 00 01 00 00 00 7D 00 04 AD C2 71 B3 C0 0C 00 01 00 01 00 00 00 7D 00 04 AD C2 71 B2 C0 0C 00 01 00 01 00 00 00 7D 00 04 AD C2 71 B4 C0 10 00 02 00 01 00 01 92 64 00 06 03 6E 73 32 C0 10 C0 10 00 02 00 01 00 01 92 64 00 06 03 6E 73 33 C0 10 C0 10 00 02 00 01 00 01 92 64 00 06 03 6E 73 31 C0 10 C0 10 00 02 00 01 00 01 92 64 00 06 03 6E 73 34 C0 10 C0 A0 00 01 00 01 00 04 35 64 00 04 D8 EF 20 0A C0 7C 00 01 00 01 00 04 35 64 00 04 D8 EF 22 0A C0 8E 00 01 00 01 00 04 35 64 00 04 D8 EF 24 0A C0 B2 00 01 00 01 00 04 35 64 00 04 D8 EF 26 0A
45 00 00 3D FE 3C 40 00 40 11 72 94 93 20 53 35 93 20 50 69 1A 74 00 35 00 29 CA 19 F9 15 01 00 00 01 00 00 00 00 00 00 04 61 70 69 73 06 67 6F 6F 67 6C 65 03 63 6F 6D 00 00 01 00 01
45 00 00 41 FE 3C 40 00 40 11 72 90 93 20 53 35 93 20 50 69 0D 4C 00 35 00 2D CA 1D 75 8C 01 00 00 01 00 00 00 00 00 00 08 63 6C 69 65 6E 74 73 32 06 67 6F 6F 67 6C 65 03 63 6F 6D 00 00 01 00 01
45 00 01 D1 09 AD 00 00 40 11 A5 90 93 20 50 69 93 20 53 35 00 35 0D 4C 01 BD 0A 12 75 8C 81 80 00 01 00 10 00 04 00 04 08 63 6C 69 65 6E 74 73 32 06 67 6F 6F 67 6C 65 03 63 6F 6D 00 00 01 00 01 C0 0C 00 05 00 01 00 00 00 FF 00 0C 07 63 6C 69 65 6E 74 73 01 6C C0 15 C0 31 00 01 00 01 00 00 00 D2 00 04 C3 71 D6 CF C0 31 00 01 00 01 00 00 00 D2 00 04 C3 71 D6 DB C0 31 00 01 00 01 00 00 00 D2 00 04 C3 71 D6 FB C0 31 00 01 00 01 00 00 00 D2 00 04 C3 71 D6 D7 C0 31 00 01 00 01 00 00 00 D2 00 04 C3 71 D6 DE C0 31 00 01 00 01 00 00 00 D2 00 04 C3 71 D6 F9 C0 31 00 01 00 01 00 00 00 D2 00 04 C3 71 D6 E6 C0 31 00 01 00 01 00 00 00 D2 00 04 C3 71 D6 E2 C0 31 00 01 00 01 00 00 00 D2 00 04 C3 71 D6 ED C0 31 00 01 00 01 00 00 00 D2 00 04 C3 71 D6 D3 C0 31 00 01 00 01 00 00 00 D2 00 04 C3 71 D6 DD C0 31 00 01 00 01 00 00 00 D2 00 04 C3 71 D6 F5 C0 31 00 01 00 01 00 00 00 D2 00 04 C3 71 D6 EA C0 31 00 01 00 01 00 00 00 D2 00 04 C3 71 D6 F1 C0 31 00 01 00 01 00 00 00 D2 00 04 C3 71 D6 EC C0 15 00 02 00 01 00 01 92 64 00 06 03 6E 73 33 C0 15 C0 15 00 02 00 01 00 01 92 64 00 06 03 6E 73 34 C0 15 C0 15 00 02 00 01 00 01 92 64 00 06 03 6E 73 31 C0 15 C0 15 00 02 00 01 00 01 92 64 00 06 03 6E 73 32 C0 15 C1 5D 00 01 00 01 00 04 35 64 00 04 D8 EF 20 0A C1 6F 00 01 00 01 00 04 35 64 00 04 D8 EF 22 0A C1 39 00 01 00 01 00 04 35 64 00 04 D8 EF 24 0A C1 4B 00 01 00 01 00 04 35 64 00 04 D8 EF 26 0A
45 00 00 47 FE 3C 40 00 40 11 72 8A 93 20 53 35 93 20 50 69 FA 71 00 35 00 33 CA 23 30 41 01 00 00 01 00 00 00 00 00 00 03 6C 68 35 11 67 6F 6F 67 6C 65 75 73 65 72 63 6F 6E 74 65 6E 74 03 63 6F 6D 00 00 01 00 01
45 00 00 3D FE 3C 40 00 40 11 72 94 93 20 53 35 93 20 50 69 A6 AA 00 35 00 29 CA 19 81 D6 01 00 00 01 00 00 00 00 00 00 03 73 73 6C 07 67 73 74 61 74 69 63 03 63 6F 6D 00 00 01 00 01
45 00 00 3D FE 3C 40 00 40 11 72 94 93 20 53 35 93 20 50 69 4F A6 00 35 00 29 CA 19 C6 26 01 00 00 01 00 00 00 00 00 00 03 77 77 77 07 67 73 74 61 74 69 63 03 63 6F 6D 00 00 01 00 01
45 00 00 DC 09 B0 00 00 40 11 A6 82 93 20 50 69 93 20 53 35 00 35 4F A6 00 C8 37 8C C6 26 81 80 00 01 00 01 00 04 00 04 03 77 77 77 07 67 73 74 61 74 69 63 03 63 6F 6D 00 00 01 00 01 C0 0C 00 01 00 01 00 00 00 7D 00 04 AD C2 23 4F C0 10 00 02 00 01 00 01 92 64 00 0D 03 6E 73 33 06 67 6F 6F 67 6C 65 C0 18 C0 10 00 02 00 01 00 01 92 64 00 06 03 6E 73 34 C0 41 C0 10 00 02 00 01 00 01 92 64 00 06 03 6E 73 32 C0 41 C0 10 00 02 00 01 00 01 92 64 00 06 03 6E 73 31 C0 41 C0 7A 00 01 00 01 00 04 35 64 00 04 D8 EF 20 0A C0 68 00 01 00 01 00 04 35 64 00 04 D8 EF 22 0A C0 3D 00 01 00 01 00 04 35 64 00 04 D8 EF 24 0A C0 56 00 01 00 01 00 04 35 64 00 04 D8 EF 26 0A
45 00 01 CA 09 B1 00 00 40 11 A5 93 93 20 50 69 93 20 53 35 00 35 1A 74 01 B6 97 B2 F9 15 81 80 00 01 00 10 00 04 00 04 04 61 70 69 73 06 67 6F 6F 67 6C 65 03 63 6F 6D 00 00 01 00 01 C0 0C 00 05 00 01 00 08 2D 4B 00 09 04 70 6C 75 73 01 6C C0 11 C0 2D 00 01 00 01 00 00 01 2C 00 04 C3 71 D6 FB C0 2D 00 01 00 01 00 00 01 2C 00 04 C3 71 D6 CF C0 2D 00 01 00 01 00 00 01 2C 00 04 C3 71 D6 F1 C0 2D 00 01 00 01 00 00 01 2C 00 04 C3 71 D6 DD C0 2D 00 01 00 01 00 00 01 2C 00 04 C3 71 D6 F5 C0 2D 00 01 00 01 00 00 01 2C 00 04 C3 71 D6 DE C0 2D 00 01 00 01 00 00 01 2C 00 04 C3 71 D6 E2 C0 2D 00 01 00 01 00 00 01 2C 00 04 C3 71 D6 ED C0 2D 00 01 00 01 00 00 01 2C 00 04 C3 71 D6 F9 C0 2D 00 01 00 01 00 00 01 2C 00 04 C3 71 D6 D7 C0 2D 00 01 00 01 00 00 01 2C 00 04 C3 71 D6 D3 C0 2D 00 01 00 01 00 00 01 2C 00 04 C3 71 D6 DB C0 2D 00 01 00 01 00 00 01 2C 00 04 C3 71 D6 EA C0 2D 00 01 00 01 00 00 01 2C 00 04 C3 71 D6 E6 C0 2D 00 01 00 01 00 00 01 2C 00 04 C3 71 D6 EC C0 11 00 02 00 01 00 01 92 64 00 06 03 6E 73 34 C0 11 C0 11 00 02 00 01 00 01 92 64 00 06 03 6E 73 31 C0 11 C0 11 00 02 00 01 00 01 92 64 00 06 03 6E 73 32 C0 11 C0 11 00 02 00 01 00 01 92 64 00 06 03 6E 73 33 C0 11 C1 44 00 01 00 01 00 04 35 64 00 04 D8 EF 20 0A C1 56 00 01 00 01 00 04 35 64 00 04 D8 EF 22 0A C1 68 00 01 00 01 00 04 35 64 00 04 D8 EF 24 0A C1 32 00 01 00 01 00 04 35 64 00 04 D8 EF 26 0A
45 00 01 23 09 B2 00 00 40 11 A6 39 93 20 50 69 93 20 53 35 00 35 FA 71 01 0F E6 C3 30 41 81 80 00 01 00 04 00 04 00 04 03 6C 68 35 11 67 6F 6F 67 6C 65 75 73 65 72 63 6F 6E 74 65 6E 74 03 63 6F 6D 00 00 01 00 01 C0 0C 00 05 00 01 00 00 45 84 00 11 0C 67 6F 6F 67 6C 65 68 6F 73 74 65 64 01 6C C0 10 C0 37 00 01 00 01 00 00 01 2C 00 04 AD C2 23 4A C0 37 00 01 00 01 00 00 01 2C 00 04 AD C2 23 4B C0 37 00 01 00 01 00 00 01 2C 00 04 AD C2 23 4C C0 10 00 02 00 01 00 01 95 CB 00 0D 03 6E 73 34 06 67 6F 6F 67 6C 65 C0 22 C0 10 00 02 00 01 00 01 95 CB 00 06 03 6E 73 31 C0 88 C0 10 00 02 00 01 00 01 95 CB 00 06 03 6E 73 33 C0 88 C0 10 00 02 00 01 00 01 95 CB 00 06 03 6E 73 32 C0 88 C0 9D 00 01 00 01 00 04 35 64 00 04 D8 EF 20 0A C0 C1 00 01 00 01 00 04 35 64 00 04 D8 EF 22 0A C0 AF 00 01 00 01 00 04 35 64 00 04 D8 EF 24 0A C0 84 00 01 00 01 00 04 35 64 00 04 D8 EF 26 0A
45 00 00 DC 09 B3 00 00 40 11 A6 7F 93 20 50 69 93 20 53 35 00 35 A6 AA 00 C8 DB DA 81 D6 81 80 00 01 00 01 00 04 00 04 03 73 73 6C 07 67 73 74 61 74 69 63 03 63 6F 6D 00 00 01 00 01 C0 0C 00 01 00 01 00 00 01 2C 00 04 AD C2 2C EF C0 10 00 02 00 01 00 01 92 64 00 0D 03 6E 73 31 06 67 6F 6F 67 6C 65 C0 18 C0 10 00 02 00 01 00 01 92 64 00 06 03 6E 73 33 C0 41 C0 10 00 02 00 01 00 01 92 64 00 06 03 6E 73 34 C0 41 C0 10 00 02 00 01 00 01 92 64 00 06 03 6E 73 32 C0 41 C0 3D 00 01 00 01 00 04 35 64 00 04 D8 EF 20 0A C0 7A 00 01 00 01 00 04 35 64 00 04 D8 EF 22 0A C0 56 00 01 00 01 00 04 35 64 00 04 D8 EF 24 0A C0 68 00 01 00 01 00 04 35 64 00 04 D8 EF 26 0A
45 00 00 76 0A 7E 40 00 40 11 66 1A 93 20 53 35 93 20 50 69 E1 1C 00 35 00 62 CA 52 2E D3 01 00 00 01 00 00 00 00 00 00 35 70 35 2D 75 76 65 37 76 72 6A 77 6D 6B 33 77 71 2D 34 79 69 72 6F 74 73 68 6A 78 6E 72 35 68 7A 71 2D 36 39 37 38 32 37 2D 69 31 2D 76 36 65 78 70 33 2D 76 34 06 6D 65 74 72 69 63 07 67 73 74 61 74 69 63 03 63 6F 6D 00 00 01 00 01
45 00 00 76 0A 7E 40 00 40 11 66 1A 93 20 53 35 93 20 50 69 4F 64 00 35 00 62 CA 52 63 D7 01 00 00 01 00 00 00 00 00 00 35 70 35 2D 75 76 65 37 76 72 6A 77 6D 6B 33 77 71 2D 34 79 69 72 6F 74 73 68 6A 78 6E 72 35 68 7A 71 2D 36 39 37 38 32 37 2D 69 32 2D 76 36 65 78 70 33 2D 64 73 06 6D 65 74 72 69 63 07 67 73 74 61 74 69 63 03 63 6F 6D 00 00 01 00 01
45 00 01 15 0A 9B 00 00 40 11 A5 5E 93 20 50 69 93 20 53 35 00 35 E1 1C 01 01 C2 CB 2E D3 81 80 00 01 00 01 00 04 00 04 35 70 35 2D 75 76 65 37 76 72 6A 77 6D 6B 33 77 71 2D 34 79 69 72 6F 74 73 68 6A 78 6E 72 35 68 7A 71 2D 36 39 37 38 32 37 2D 69 31 2D 76 36 65 78 70 33 2D 76 34 06 6D 65 74 72 69 63 07 67 73 74 61 74 69 63 03 63 6F 6D 00 00 01 00 01 C0 0C 00 01 00 01 00 00 01 2C 00 04 AD C2 23 4F C0 49 00 02 00 01 00 01 92 58 00 0D 03 6E 73 33 06 67 6F 6F 67 6C 65 C0 51 C0 49 00 02 00 01 00 01 92 58 00 06 03 6E 73 31 C0 7A C0 49 00 02 00 01 00 01 92 58 00 06 03 6E 73 34 C0 7A C0 49 00 02 00 01 00 01 92 58 00 06 03 6E 73 32 C0 7A C0 8F 00 01 00 01 00 04 35 58 00 04 D8 EF 20 0A C0 B3 00 01 00 01 00 04 35 58 00 04 D8 EF 22 0A C0 76 00 01 00 01 00 04 35 58 00 04 D8 EF 24 0A C0 A1 00 01 00 01 00 04 35 58 00 04 D8 EF 26 0A
45 00 01 15 0A 9C 00 00 40 11 A5 5D 93 20 50 69 93 20 53 35 00 35 4F 64 01 01 30 41 63 D7 81 80 00 01 00 01 00 04 00 04 35 70 35 2D 75 76 65 37 76 72 6A 77 6D 6B 33 77 71 2D 34 79 69 72 6F 74 73 68 6A 78 6E 72 35 68 7A 71 2D 36 39 37 38 32 37 2D 69 32 2D 76 36 65 78 70 33 2D 64 73 06 6D 65 74 72 69 63 07 67 73 74 61 74 69 63 03 63 6F 6D 00 00 01 00 01 C0 0C 00 01 00 01 00 00 01 2C 00 04 AD C2 23 4F C0 49 00 02 00 01 00 01 92 58 00 0D 03 6E 73 32 06 67 6F 6F 67 6C 65 C0 51 C0 49 00 02 00 01 00 01 92 58 00 06 03 6E 73 31 C0 7A C0 49 00 02 00 01 00 01 92 58 00 06 03 6E 73 33 C0 7A C0 49 00 02 00 01 00 01 92 58 00 06 03 6E 73 34 C0 7A C0 8F 00 01 00 01 00 04 35 58 00 04 D8 EF 20 0A C0 76 00 01 00 01 00 04 35 58 00 04 D8 EF 22 0A C0 A1 00 01 00 01 00 04 35 58 00 04 D8 EF 24 0A C0 B3 00 01 00 01 00 04 35 58 00 04 D8 EF 26 0A
45 00 00 76 28 C3 40 00 40 11 47 D5 93 20 53 35 93 20 50 69 9F 9F 00 35 00 62 CA 52 11 53 01 00 00 01 00 00 00 00 00 00 35 70 35 2D 75 76 65 37 76 72 6A 77 6D 6B 33 77 71 2D 34 79 69 72 6F 74 73 68 6A 78 6E 72 35 68 7A 71 2D 36 39 37 38 32 37 2D 73 31 2D 76 36 65 78 70 33 2D 76 34 06 6D 65 74 72 69 63 07 67 73 74 61 74 69 63 03 63 6F 6D 00 00 01 00 01
45 00 01 15 0C 06 00 00 40 11 A3 F3 93 20 50 69 93 20 53 35 00 35 9F 9F 01 01 EF E9 11 53 81 80 00 01 00 01 00 04 00 04 35 70 35 2D 75 76 65 37 76 72 6A 77 6D 6B 33 77 71 2D 34 79 69 72 6F 74 73 68 6A 78 6E 72 35 68 7A 71 2D 36 39 37 38 32 37 2D 73 31 2D 76 36 65 78 70 33 2D 76 34 06 6D 65 74 72 69 63 07 67 73 74 61 74 69 63 03 63 6F 6D 00 00 01 00 01 C0 0C 00 01 00 01 00 00 01 2C 00 04 AD C2 23 4F C0 49 00 02 00 01 00 01 92 39 00 0D 03 6E 73 32 06 67 6F 6F 67 6C 65 C0 51 C0 49 00 02 00 01 00 01 92 39 00 06 03 6E 73 31 C0 7A C0 49 00 02 00 01 00 01 92 39 00 06 03 6E 73 34 C0 7A C0 49 00 02 00 01 00 01 92 39 00 06 03 6E 73 33 C0 7A C0 8F 00 01 00 01 00 04 35 39 00 04 D8 EF 20 0A C0 76 00 01 00 01 00 04 35 39 00 04 D8 EF 22 0A C0 B3 00 01 00 01 00 04 35 39 00 04 D8 EF 24 0A C0 A1 00 01 00 01 00 04 35 39 00 04 D8 EF 26 0A
45 00 00 5C 9C 2F 40 00 40 11 D4 82 93 20 53 35 93 20 50 69 3B 7E 00 35 00 48 CA 38 73 48 01 00 00 01 00 00 00 00 00 00 18 69 6D 61 67 65 73 31 2D 66 6F 63 75 73 2D 6F 70 65 6E 73 6F 63 69 61 6C 11 67 6F 6F 67 6C 65 75 73 65 72 63 6F 6E 74 65 6E 74 03 63 6F 6D 00 00 01 00 01
45 00 01 38 12 04 00 00 40 11 9D D2 93 20 50 69 93 20 53 35 00 35 3B 7E 01 24 A8 03 73 48 81 80 00 01 00 04 00 04 00 04 18 69 6D 61 67 65 73 31 2D 66 6F 63 75 73 2D 6F 70 65 6E 73 6F 63 69 61 6C 11 67 6F 6F 67 6C 65 75 73 65 72 63 6F 6E 74 65 6E 74 03 63 6F 6D 00 00 01 00 01 C0 0C 00 05 00 01 00 00 E5 5F 00 11 0C 67 6F 6F 67 6C 65 68 6F 73 74 65 64 01 6C C0 25 C0 4C 00 01 00 01 00 00 00 8B 00 04 AD C2 23 4C C0 4C 00 01 00 01 00 00 00 8B 00 04 AD C2 23 4A C0 4C 00 01 00 01 00 00 00 8B 00 04 AD C2 23 4B C0 25 00 02 00 01 00 01 95 2A 00 0D 03 6E 73 34 06 67 6F 6F 67 6C 65 C0 37 C0 25 00 02 00 01 00 01 95 2A 00 06 03 6E 73 31 C0 9D C0 25 00 02 00 01 00 01 95 2A 00 06 03 6E 73 32 C0 9D C0 25 00 02 00 01 00 01 95 2A 00 06 03 6E 73 33 C0 9D C0 B2 00 01 00 01 00 04 34 C3 00 04 D8 EF 20 0A C0 C4 00 01 00 01 00 04 34 C3 00 04 D8 EF 22 0A C0 D6 00 01 00 01 00 04 34 C3 00 04 D8 EF 24 0A C0 99 00 01 00 01 00 04 34 C3 00 04 D8 EF 26 0A
45 00 00 3E FD 4D 40 00 40 11 73 82 93 20 53 35 93 20 50 69 B1 70 00 35 00 2A CA 1A 60 C7 01 00 00 01 00 00 00 00 00 00 02 65 6E 09 77 69 6B 69 70 65 64 69 61 03 6F 72 67 00 00 01 00 01
45 00 00 FA 1D D1 00 00 40 11 92 43 93 20 50 69 93 20 53 35 00 35 B1 70 00 E6 6E 3A 60 C7 81 80 00 01 00 03 00 03 00 03 02 65 6E 09 77 69 6B 69 70 65 64 69 61 03 6F 72 67 00 00 01 00 01 C0 0C 00 05 00 01 00 00 0E 10 00 19 0C 77 69 6B 69 70 65 64 69 61 2D 6C 62 09 77 69 6B 69 6D 65 64 69 61 C0 19 C0 2E 00 05 00 01 00 00 02 58 00 15 0C 77 69 6B 69 70 65 64 69 61 2D 6C 62 05 65 73 61 6D 73 C0 3B C0 53 00 01 00 01 00 00 05 8B 00 04 5B C6 AE E1 C0 3B 00 02 00 01 00 00 D3 2B 00 06 03 6E 73 32 C0 3B C0 3B 00 02 00 01 00 00 D3 2B 00 06 03 6E 73 31 C0 3B C0 3B 00 02 00 01 00 00 D3 2B 00 06 03 6E 73 30 C0 3B C0 A8 00 01 00 01 00 00 D3 2B 00 04 D0 50 9A EE C0 96 00 01 00 01 00 00 D3 2B 00 04 D0 50 98 D6 C0 84 00 01 00 01 00 00 D3 2B 00 04 5B C6 AE EF
45 00 00 3C 06 BA 40 00 40 11 6A 18 93 20 53 35 93 20 50 69 AD B3 00 35 00 28 CA 18 49 D0 01 00 00 01 00 00 00 00 00 00 03 77 77 77 02 63 73 03 63 6D 75 03 65 64 75 00 00 01 00 01
45 00 00 E1 1E 7E 00 00 40 11 91 AF 93 20 50 69 93 20 53 35 00 35 AD B3 00 CD DA CA 49 D0 81 80 00 01 00 02 00 03 00 03 03 77 77 77 02 63 73 03 63 6D 75 03 65 64 75 00 00 01 00 01 C0 0C 00 05 00 01 00 00 0E 10 00 0D 06 57 45 42 2D 4C 42 03 53 52 56 C0 10 C0 2C 00 01 00 01 00 00 0E 10 00 04 80 02 D9 0D C0 10 00 02 00 01 00 00 02 58 00 10 09 41 43 2D 44 44 4E 53 2D 33 03 4E 45 54 C0 10 C0 10 00 02 00 01 00 00 02 58 00 0C 09 41 43 2D 44 44 4E 53 2D 31 C0 5F C0 10 00 02 00 01 00 00 02 58 00 0C 09 41 43 2D 44 44 4E 53 2D 32 C0 5F C0 71 00 01 00 01 00 00 02 58 00 04 80 02 B8 E3 C0 89 00 01 00 01 00 00 02 58 00 04 80 02 B8 E4 C0 55 00 01 00 01 00 00 02 58 00 04 80 02 B8 E5
45 00 00 3E 08 78 40 00 40 11 68 58 93 20 53 35 93 20 50 69 C8 F6 00 35 00 2A CA 1A 88 D0 01 00 00 01 00 00 00 00 00 00 03 77 77 77 08 61 75 74 6F 6E 6C 61 62 03 6F 72 67 00 00 01 00 01
45 00 00 ED 1E 98 00 00 40 11 91 89 93 20 50 69 93 20 53 35 00 35 C8 F6 00 D9 37 0B 88 D0 81 80 00 01 00 02 00 03 00 03 03 77 77 77 08 61 75 74 6F 6E 6C 61 62 03 6F 72 67 00 00 01 00 01 C0 0C 00 05 00 01 00 00 04 B0 00 17 04 6C 6F 63 6B 05 61 75 74 6F 6E 02 63 73 03 63 6D 75 03 65 64 75 00 C0 2E 00 01 00 01 00 00 0E 10 00 04 80 02 CC 36 C0 39 00 02 00 01 00 00 02 56 00 10 09 41 43 2D 44 44 4E 53 2D 31 03 4E 45 54 C0 39 C0 39 00 02 00 01 00 00 02 56 00 0C 09 41 43 2D 44 44 4E 53 2D 33 C0 6B C0 39 00 02 00 01 00 00 02 56 00 0C 09 41 43 2D 44 44 4E 53 2D 32 C0 6B C0 61 00 01 00 01 00 00 02 56 00 04 80 02 B8 E3 C0 95 00 01 00 01 00 00 02 56 00 04 80 02 B8 E4 C0 7D 00 01 00 01 00 00 02 56 00 04 80 02 B8 E5
45 00 00 3C 32 61 40 00 40 11 3E 71 93 20 53 35 93 20 50 69 05 C6 00 35 00 28 CA 18 BC 2F 01 00 00 01 00 00 00 00 00 00 07 73 6D 2D 70 72 6F 64 03 61 6E 79 02 64 6F 00 00 01 00 01
45 00 01 CD 20 6C 00 00 40 11 8E D5 93 20 50 69 93 20 53 35 00 35 05 C6 01 B9 D6 10 BC 2F 81 80 00 01 00 03 00 08 00 07 07 73 6D 2D 70 72 6F 64 03 61 6E 79 02 64 6F 00 00 01 00 01 C0 0C 00 05 00 01 00 00 0E 10 00 1E 07 73 6D 2D 70 72 6F 64 10 65 6C 61 73 74 69 63 62 65 61 6E 73 74 61 6C 6B 03 63 6F 6D 00 C0 2C 00 05 00 01 00 00 00 3C 00 33 18 61 77 73 65 62 2D 73 6D 2D 70 72 6F 64 33 2D 37 38 33 30 34 30 38 35 37 09 75 73 2D 65 61 73 74 2D 31 03 65 6C 62 09 61 6D 61 7A 6F 6E 61 77 73 C0 45 C0 56 00 01 00 01 00 00 00 3C 00 04 36 F3 98 ED C0 56 00 02 00 01 00 00 07 08 00 09 06 6E 73 2D 39 34 37 C0 7D C0 56 00 02 00 01 00 00 07 08 00 09 06 6E 73 2D 39 32 37 C0 7D C0 56 00 02 00 01 00 00 07 08 00 09 06 6E 73 2D 39 32 35 C0 7D C0 56 00 02 00 01 00 00 07 08 00 09 06 6E 73 2D 39 33 35 C0 7D C0 56 00 02 00 01 00 00 07 08 00 09 06 6E 73 2D 39 34 31 C0 7D C0 56 00 02 00 01 00 00 07 08 00 09 06 6E 73 2D 39 31 36 C0 7D C0 56 00 02 00 01 00 00 07 08 00 09 06 6E 73 2D 39 34 34 C0 7D C0 56 00 02 00 01 00 00 07 08 00 09 06 6E 73 2D 39 33 34 C0 7D C0 CF 00 01 00 01 00 00 01 22 00 04 48 15 D0 D5 C0 BA 00 01 00 01 00 00 01 22 00 04 48 15 CC D1 C1 38 00 01 00 01 00 00 01 22 00 04 57 EE 54 D7 C0 E4 00 01 00 01 00 00 01 22 00 04 57 EE 50 D5 C0 F9 00 01 00 01 00 00 05 75 00 04 CC F6 A0 05 C1 23 00 01 00 01 00 00 38 37 00 04 CD FB E4 06 C0 A5 00 01 00 01 00 00 01 22 00 04 CC F6 A2 0A
45 00 00 3E A2 7C 40 00 40 11 CE 53 93 20 53 35 93 20 50 69 AD C9 00 35 00 2A CA 1A C7 B6 01 00 00 01 00 00 00 00 00 00 0C 73 63 69 6B 69 74 2D 6C 65 61 72 6E 03 6F 72 67 00 00 01 00 01
45 00 02 02 26 A7 00 00 40 11 88 65 93 20 50 69 93 20 53 35 00 35 AD C9 01 EE 33 28 C7 B6 81 80 00 01 00 01 00 05 00 14 0C 73 63 69 6B 69 74 2D 6C 65 61 72 6E 03 6F 72 67 00 00 01 00 01 C0 0C 00 01 00 01 00 00 07 08 00 04 D8 22 B5 61 C0 0C 00 02 00 01 00 00 E3 EB 00 1C 04 64 6E 73 33 11 72 65 67 69 73 74 72 61 72 2D 73 65 72 76 65 72 73 03 63 6F 6D 00 C0 0C 00 02 00 01 00 00 E3 EB 00 07 04 64 6E 73 34 C0 43 C0 0C 00 02 00 01 00 00 E3 EB 00 07 04 64 6E 73 32 C0 43 C0 0C 00 02 00 01 00 00 E3 EB 00 07 04 64 6E 73 35 C0 43 C0 0C 00 02 00 01 00 00 E3 EB 00 07 04 64 6E 73 31 C0 43 C0 9F 00 01 00 01 00 01 E3 54 00 04 44 E9 FA 2D C0 9F 00 01 00 01 00 01 E3 54 00 04 45 10 F4 19 C0 9F 00 01 00 01 00 01 E3 54 00 04 32 07 E6 1A C0 9F 00 01 00 01 00 01 E3 54 00 04 42 5A 52 C2 C0 79 00 01 00 01 00 01 E3 54 00 04 D0 40 7A F4 C0 79 00 01 00 01 00 01 E3 54 00 04 D0 40 7A F2 C0 3E 00 01 00 01 00 01 E3 54 00 04 BC 8A 60 D5 C0 3E 00 01 00 01 00 01 E3 54 00 04 43 E4 E4 D8 C0 3E 00 01 00 01 00 01 E3 54 00 04 AD E0 7D 0C C0 3E 00 01 00 01 00 01 E3 54 00 04 B8 AD 70 D8 C0 66 00 01 00 01 00 01 E3 54 00 04 B8 AD 93 42 C0 66 00 01 00 01 00 01 E3 54 00 04 25 3A 4D EA C0 66 00 01 00 01 00 01 E3 54 00 04 32 17 53 30 C0 66 00 01 00 01 00 01 E3 54 00 04 AD EC 37 63 C0 66 00 01 00 01 00 01 E3 54 00 04 B8 AB A3 5B C0 8C 00 01 00 01 00 01 E3 54 00 04 5F D3 09 23 C0 8C 00 01 00 01 00 01 E3 54 00 04 BC 8A 02 17 C0 8C 00 01 00 01 00 01 E3 54 00 04 D5 E5 77 E5 C0 8C 00 01 00 01 00 01 E3 54 00 04 45 A0 21 4B C0 8C 00 01 00 01 00 01 E3 54 00 04 48 14 26 89
45 00 00 46 DC ED 40 00 40 11 93 DA 93 20 53 35 93 20 50 69 26 C9 00 35 00 32 CA 22 82 7D 01 00 00 01 00 00 00 00 00 00 03 77 77 77 10 67 6F 6F 67 6C 65 2D 61 6E 61 6C 79 74 69 63 73 03 63 6F 6D 00 00 01 00 01
45 00 01 EA 2F BD 00 00 40 11 7F 67 93 20 50 69 93 20 53 35 00 35 26 C9 01 D6 17 E6 82 7D 81 80 00 01 00 10 00 04 00 04 03 77 77 77 10 67 6F 6F 67 6C 65 2D 61 6E 61 6C 79 74 69 63 73 03 63 6F 6D 00 00 01 00 01 C0 0C 00 05 00 01 00 00 CC 9E 00 20 14 77 77 77 2D 67 6F 6F 67 6C 65 2D 61 6E 61 6C 79 74 69 63 73 01 6C 06 67 6F 6F 67 6C 65 C0 21 C0 36 00 01 00 01 00 00 00 36 00 04 C3 71 D6 E2 C0 36 00 01 00 01 00 00 00 36 00 04 C3 71 D6 F1 C0 36 00 01 00 01 00 00 00 36 00 04 C3 71 D6 F9 C0 36 00 01 00 01 00 00 00 36 00 04 C3 71 D6 FB C0 36 00 01 00 01 00 00 00 36 00 04 C3 71 D6 EA C0 36 00 01 00 01 00 00 00 36 00 04 C3 71 D6 CF C0 36 00 01 00 01 00 00 00 36 00 04 C3 71 D6 DD C0 36 00 01 00 01 00 00 00 36 00 04 C3 71 D6 DE C0 36 00 01 00 01 00 00 00 36 00 04 C3 71 D6 D7 C0 36 00 01 00 01 00 00 00 36 00 04 C3 71 D6 F5 C0 36 00 01 00 01 00 00 00 36 00 04 C3 71 D6 D3 C0 36 00 01 00 01 00 00 00 36 00 04 C3 71 D6 ED C0 36 00 01 00 01 00 00 00 36 00 04 C3 71 D6 EC C0 36 00 01 00 01 00 00 00 36 00 04 C3 71 D6 E6 C0 36 00 01 00 01 00 00 00 36 00 04 C3 71 D6 DB C0 4D 00 02 00 01 00 01 90 7A 00 06 03 6E 73 34 C0 4D C0 4D 00 02 00 01 00 01 90 7A 00 06 03 6E 73 33 C0 4D C0 4D 00 02 00 01 00 01 90 7A 00 06 03 6E 73 31 C0 4D C0 4D 00 02 00 01 00 01 90 7A 00 06 03 6E 73 32 C0 4D C1 76 00 01 00 01 00 04 33 7A 00 04 D8 EF 20 0A C1 88 00 01 00 01 00 04 33 7A 00 04 D8 EF 22 0A C1 64 00 01 00 01 00 04 33 7A 00 04 D8 EF 24 0A C1 52 00 01 00 01 00 04 33 7A 00 04 D8 EF 26 0A
45 00 00 42 E4 F0 40 00 40 11 8B DB 93 20 53 35 93 20 50 69 1F 64 00 35 00 2E CA 1E 1F 2C 01 00 00 01 00 00 00 00 00 00 09 74 72 61 6E 73 6C 61 74 65 06 67 6F 6F 67 6C 65 03 63 6F 6D 00 00 01 00 01
45 00 00 46 E4 F0 40 00 40 11 8B D7 93 20 53 35 93 20 50 69 D3 33 00 35 00 32 CA 22 D2 8F 01 00 00 01 00 00 00 00 00 00 09 74 72 61 6E 73 6C 61 74 65 0A 67 6F 6F 67 6C 65 61 70 69 73 03 63 6F 6D 00 00 01 00 01
45 00 00 3C E4 F0 40 00 40 11 8B E1 93 20 53 35 93 20 50 69 80 D8 00 35 00 28 CA 18 2A E8 01 00 00 01 00 00 00 00 00 00 03 77 77 77 06 67 6F 6F 67 6C 65 03 63 6F 6D 00 00 01 00 01
45 00 01 14 30 42 00 00 40 11 7F B8 93 20 50 69 93 20 53 35 00 35 80 D8 01 00 38 F5 2A E8 81 80 00 01 00 05 00 04 00 04 03 77 77 77 06 67 6F 6F 67 6C 65 03 63 6F 6D 00 00 01 00 01 C0 0C 00 01 00 01 00 00 01 04 00 04 AD C2 71 B3 C0 0C 00 01 00 01 00 00 01 04 00 04 AD C2 71 B2 C0 0C 00 01 00 01 00 00 01 04 00 04 AD C2 71 B4 C0 0C 00 01 00 01 00 00 01 04 00 04 AD C2 71 B1 C0 0C 00 01 00 01 00 00 01 04 00 04 AD C2 71 B0 C0 10 00 02 00 01 00 01 90 72 00 06 03 6E 73 33 C0 10 C0 10 00 02 00 01 00 01 90 72 00 06 03 6E 73 32 C0 10 C0 10 00 02 00 01 00 01 90 72 00 06 03 6E 73 31 C0 10 C0 10 00 02 00 01 00 01 90 72 00 06 03 6E 73 34 C0 10 C0 A0 00 01 00 01 00 04 33 72 00 04 D8 EF 20 0A C0 8E 00 01 00 01 00 04 33 72 00 04 D8 EF 22 0A C0 7C 00 01 00 01 00 04 33 72 00 04 D8 EF 24 0A C0 B2 00 01 00 01 00 04 33 72 00 04 D8 EF 26 0A
45 00 01 CF 30 43 00 00 40 11 7E FC 93 20 50 69 93 20 53 35 00 35 1F 64 01 BB 18 13 1F 2C 81 80 00 01 00 10 00 04 00 04 09 74 72 61 6E 73 6C 61 74 65 06 67 6F 6F 67 6C 65 03 63 6F 6D 00 00 01 00 01 C0 0C 00 05 00 01 00 08 28 4B 00 09 04 77 77 77 33 01 6C C0 16 C0 32 00 01 00 01 00 00 01 2C 00 04 C3 71 D6 DB C0 32 00 01 00 01 00 00 01 2C 00 04 C3 71 D6 F9 C0 32 00 01 00 01 00 00 01 2C 00 04 C3 71 D6 EC C0 32 00 01 00 01 00 00 01 2C 00 04 C3 71 D6 D3 C0 32 00 01 00 01 00 00 01 2C 00 04 C3 71 D6 DE C0 32 00 01 00 01 00 00 01 2C 00 04 C3 71 D6 F5 C0 32 00 01 00 01 00 00 01 2C 00 04 C3 71 D6 CF C0 32 00 01 00 01 00 00 01 2C 00 04 C3 71 D6 ED C0 32 00 01 00 01 00 00 01 2C 00 04 C3 71 D6 DD C0 32 00 01 00 01 00 00 01 2C 00 04 C3 71 D6 D7 C0 32 00 01 00 01 00 00 01 2C 00 04 C3 71 D6 FB C0 32 00 01 00 01 00 00 01 2C 00 04 C3 71 D6 E6 C0 32 00 01 00 01 00 00 01 2C 00 04 C3 71 D6 EA C0 32 00 01 00 01 00 00 01 2C 00 04 C3 71 D6 E2 C0 32 00 01 00 01 00 00 01 2C 00 04 C3 71 D6 F1 C0 16 00 02 00 01 00 01 90 72 00 06 03 6E 73 33 C0 16 C0 16 00 02 00 01 00 01 90 72 00 06 03 6E 73 31 C0 16 C0 16 00 02 00 01 00 01 90 72 00 06 03 6E 73 34 C0 16 C0 16 00 02 00 01 00 01 90 72 00 06 03 6E 73 32 C0 16 C1 49 00 01 00 01 00 04 33 72 00 04 D8 EF 20 0A C1 6D 00 01 00 01 00 04 33 72 00 04 D8 EF 22 0A C1 37 00 01 00 01 00 04 33 72 00 04 D8 EF 24 0A C1 5B 00 01 00 01 00 04 33 72 00 04 D8 EF 26 0A
45 00 01 00 30 44 00 00 40 11 7F CA 93 20 50 69 93 20 53 35 00 35 D3 33 00 EC 4B F6 D2 8F 81 80 00 01 00 02 00 04 00 04 09 74 72 61 6E 73 6C 61 74 65 0A 67 6F 6F 67 6C 65 61 70 69 73 03 63 6F 6D 00 00 01 00 01 C0 0C 00 05 00 01 00 00 0E 10 00 16 0A 67 6F 6F 67 6C 65 61 70 69 73 01 6C 06 67 6F 6F 67 6C 65 C0 21 C0 36 00 01 00 01 00 00 00 A3 00 04 AD C2 46 5F C0 43 00 02 00 01 00 01 90 72 00 06 03 6E 73 34 C0 43 C0 43 00 02 00 01 00 01 90 72 00 06 03 6E 73 31 C0 43 C0 43 00 02 00 01 00 01 90 72 00 06 03 6E 73 33 C0 43 C0 43 00 02 00 01 00 01 90 72 00 06 03 6E 73 32 C0 43 C0 7A 00 01 00 01 00 04 33 72 00 04 D8 EF 20 0A C0 9E 00 01 00 01 00 04 33 72 00 04 D8 EF 22 0A C0 8C 00 01 00 01 00 04 33 72 00 04 D8 EF 24 0A C0 68 00 01 00 01 00 04 33 72 00 04 D8 EF 26 0A
45 00 00 3E E5 3C 40 00 40 11 8B 93 93 20 53 35 93 20 50 69 82 F5 00 35 00 2A CA 1A D8 C9 01 00 00 01 00 00 00 00 00 00 05 73 69 74 65 73 06 67 6F 6F 67 6C 65 03 63 6F 6D 00 00 01 00 01
45 00 01 CB 30 46 00 00 40 11 7E FD 93 20 50 69 93 20 53 35 00 35 82 F5 01 B7 7B E4 D8 C9 81 80 00 01 00 10 00 04 00 04 05 73 69 74 65 73 06 67 6F 6F 67 6C 65 03 63 6F 6D 00 00 01 00 01 C0 0C 00 05 00 01 00 00 0E 10 00 09 04 77 77 77 33 01 6C C0 12 C0 2E 00 01 00 01 00 00 01 2C 00 04 C3 71 D6 EA C0 2E 00 01 00 01 00 00 01 2C 00 04 C3 71 D6 F9 C0 2E 00 01 00 01 00 00 01 2C 00 04 C3 71 D6 DE C0 2E 00 01 00 01 00 00 01 2C 00 04 C3 71 D6 ED C0 2E 00 01 00 01 00 00 01 2C 00 04 C3 71 D6 DB C0 2E 00 01 00 01 00 00 01 2C 00 04 C3 71 D6 FB C0 2E 00 01 00 01 00 00 01 2C 00 04 C3 71 D6 DD C0 2E 00 01 00 01 00 00 01 2C 00 04 C3 71 D6 D3 C0 2E 00 01 00 01 00 00 01 2C 00 04 C3 71 D6 EC C0 2E 00 01 00 01 00 00 01 2C 00 04 C3 71 D6 E2 C0 2E 00 01 00 01 00 00 01 2C 00 04 C3 71 D6 E6 C0 2E 00 01 00 01 00 00 01 2C 00 04 C3 71 D6 F1 C0 2E 00 01 00 01 00 00 01 2C 00 04 C3 71 D6 CF C0 2E 00 01 00 01 00 00 01 2C 00 04 C3 71 D6 D7 C0 2E 00 01 00 01 00 00 01 2C 00 04 C3 71 D6 F5 C0 12 00 02 00 01 00 01 90 72 00 06 03 6E 73 33 C0 12 C0 12 00 02 00 01 00 01 90 72 00 06 03 6E 73 31 C0 12 C0 12 00 02 00 01 00 01 90 72 00 06 03 6E 73 32 C0 12 C0 12 00 02 00 01 00 01 90 72 00 06 03 6E 73 34 C0 12 C1 45 00 01 00 01 00 04 33 72 00 04 D8 EF 20 0A C1 57 00 01 00 01 00 04 33 72 00 04 D8 EF 22 0A C1 33 00 01 00 01 00 04 33 72 00 04 D8 EF 24 0A C1 69 00 01 00 01 00 04 33 72 00 04 D8 EF 26 0A
45 00 00 3D EB 79 40 00 40 11 85 57 93 20 53 35 93 20 50 69 FE E0 00 35 00 29 CA 19 EE 2C 01 00 00 01 00 00 00 00 00 00 03 73 73 6C 07 67 73 74 61 74 69 63 03 63 6F 6D 00 00 01 00 01
45 00 00 3D EB 79 40 00 40 11 85 57 93 20 53 35 93 20 50 69 1E BD 00 35 00 29 CA 19 5B 71 01 00 00 01 00 00 00 00 00 00 03 77 77 77 07 67 73 74 61 74 69 63 03 63 6F 6D 00 00 01 00 01
45 00 00 DC 30 6E 00 00 40 11 7F C4 93 20 50 69 93 20 53 35 00 35 FE E0 00 C8 4C 21 EE 2C 81 80 00 01 00 01 00 04 00 04 03 73 73 6C 07 67 73 74 61 74 69 63 03 63 6F 6D 00 00 01 00 01 C0 0C 00 01 00 01 00 00 00 FC 00 04 AD C2 2C EF C0 10 00 02 00 01 00 01 90 6B 00 0D 03 6E 73 33 06 67 6F 6F 67 6C 65 C0 18 C0 10 00 02 00 01 00 01 90 6B 00 06 03 6E 73 32 C0 41 C0 10 00 02 00 01 00 01 90 6B 00 06 03 6E 73 31 C0 41 C0 10 00 02 00 01 00 01 90 6B 00 06 03 6E 73 34 C0 41 C0 68 00 01 00 01 00 04 33 6B 00 04 D8 EF 20 0A C0 56 00 01 00 01 00 04 33 6B 00 04 D8 EF 22 0A C0 3D 00 01 00 01 00 04 33 6B 00 04 D8 EF 24 0A C0 7A 00 01 00 01 00 04 33 6B 00 04 D8 EF 26 0A
45 00 00 DC 30 6F 00 00 40 11 7F C3 93 20 50 69 93 20 53 35 00 35 1E BD 00 C8 42 FB 5B 71 81 80 00 01 00 01 00 04 00 04 03 77 77 77 07 67 73 74 61 74 69 63 03 63 6F 6D 00 00 01 00 01 C0 0C 00 01 00 01 00 00 00 15 00 04 AD C2 23 4F C0 10 00 02 00 01 00 01 90 6B 00 0D 03 6E 73 32 06 67 6F 6F 67 6C 65 C0 18 C0 10 00 02 00 01 00 01 90 6B 00 06 03 6E 73 31 C0 41 C0 10 00 02 00 01 00 01 90 6B 00 06 03 6E 73 33 C0 41 C0 10 00 02 00 01 00 01 90 6B 00 06 03 6E 73 34 C0 41 C0 56 00 01 00 01 00 04 33 6B 00 04 D8 EF 20 0A C0 3D 00 01 00 01 00 04 33 6B 00 04 D8 EF 22 0A C0 68 00 01 00 01 00 04 33 6B 00 04 D8 EF 24 0A C0 7A 00 01 00 01 00 04 33 6B 00 04 D8 EF 26 0A
45 00 00 77 EB D4 40 00 40 11 84 C2 93 20 53 35 93 20 50 69 D5 BE 00 35 00 63 CA 53 AB 47 01 00 00 01 00 00 00 00 00 00 33 6A 75 6A 6F 30 30 6F 62 6F 32 6F 32 33 34 75 6E 67 64 33 74 38 71 6A 66 63 6A 72 73 33 6F 36 6B 2D 61 2D 73 69 74 65 73 2D 6F 70 65 6E 73 6F 63 69 61 6C 11 67 6F 6F 67 6C 65 75 73 65 72 63 6F 6E 74 65 6E 74 03 63 6F 6D 00 00 01 00 01
45 00 01 53 30 72 00 00 40 11 7F 49 93 20 50 69 93 20 53 35 00 35 D5 BE 01 3F D8 C8 AB 47 81 80 00 01 00 04 00 04 00 04 33 6A 75 6A 6F 30 30 6F 62 6F 32 6F 32 33 34 75 6E 67 64 33 74 38 71 6A 66 63 6A 72 73 33 6F 36 6B 2D 61 2D 73 69 74 65 73 2D 6F 70 65 6E 73 6F 63 69 61 6C 11 67 6F 6F 67 6C 65 75 73 65 72 63 6F 6E 74 65 6E 74 03 63 6F 6D 00 00 01 00 01 C0 0C 00 05 00 01 00 01 51 80 00 11 0C 67 6F 6F 67 6C 65 68 6F 73 74 65 64 01 6C C0 40 C0 67 00 01 00 01 00 00 01 2C 00 04 AD C2 23 4A C0 67 00 01 00 01 00 00 01 2C 00 04 AD C2 23 4B C0 67 00 01 00 01 00 00 01 2C 00 04 AD C2 23 4C C0 40 00 02 00 01 00 01 93 D2 00 0D 03 6E 73 32 06 67 6F 6F 67 6C 65 C0 52 C0 40 00 02 00 01 00 01 93 D2 00 06 03 6E 73 34 C0 B8 C0 40 00 02 00 01 00 01 93 D2 00 06 03 6E 73 31 C0 B8 C0 40 00 02 00 01 00 01 93 D2 00 06 03 6E 73 33 C0 B8 C0 DF 00 01 00 01 00 04 33 6B 00 04 D8 EF 20 0A C0 B4 00 01 00 01 00 04 33 6B 00 04 D8 EF 22 0A C0 F1 00 01 00 01 00 04 33 6B 00 04 D8 EF 24 0A C0 CD 00 01 00 01 00 04 33 6B 00 04 D8 EF 26 0A
45 00 00 3D EC 15 40 00 40 11 84 BB 93 20 53 35 93 20 50 69 CA AF 00 35 00 29 CA 19 1F 2A 01 00 00 01 00 00 00 00 00 00 04 61 70 69 73 06 67 6F 6F 67 6C 65 03 63 6F 6D 00 00 01 00 01
45 00 01 CA 30 77 00 00 40 11 7E CD 93 20 50 69 93 20 53 35 00 35 CA AF 01 B6 D5 D5 1F 2A 81 80 00 01 00 10 00 04 00 04 04 61 70 69 73 06 67 6F 6F 67 6C 65 03 63 6F 6D 00 00 01 00 01 C0 0C 00 05 00 01 00 08 2B 52 00 09 04 70 6C 75 73 01 6C C0 11 C0 2D 00 01 00 01 00 00 00 65 00 04 C3 71 D6 F1 C0 2D 00 01 00 01 00 00 00 65 00 04 C3 71 D6 D3 C0 2D 00 01 00 01 00 00 00 65 00 04 C3 71 D6 D7 C0 2D 00 01 00 01 00 00 00 65 00 04 C3 71 D6 E2 C0 2D 00 01 00 01 00 00 00 65 00 04 C3 71 D6 EA C0 2D 00 01 00 01 00 00 00 65 00 04 C3 71 D6 F9 C0 2D 00 01 00 01 00 00 00 65 00 04 C3 71 D6 DE C0 2D 00 01 00 01 00 00 00 65 00 04 C3 71 D6 DB C0 2D 00 01 00 01 00 00 00 65 00 04 C3 71 D6 DD C0 2D 00 01 00 01 00 00 00 65 00 04 C3 71 D6 CF C0 2D 00 01 00 01 00 00 00 65 00 04 C3 71 D6 ED C0 2D 00 01 00 01 00 00 00 65 00 04 C3 71 D6 F5 C0 2D 00 01 00 01 00 00 00 65 00 04 C3 71 D6 EC C0 2D 00 01 00 01 00 00 00 65 00 04 C3 71 D6 FB C0 2D 00 01 00 01 00 00 00 65 00 04 C3 71 D6 E6 C0 11 00 02 00 01 00 01 90 6B 00 06 03 6E 73 34 C0 11 C0 11 00 02 00 01 00 01 90 6B 00 06 03 6E 73 32 C0 11 C0 11 00 02 00 01 00 01 90 6B 00 06 03 6E 73 31 C0 11 C0 11 00 02 00 01 00 01 90 6B 00 06 03 6E 73 33 C0 11 C1 56 00 01 00 01 00 04 33 6B 00 04 D8 EF 20 0A C1 44 00 01 00 01 00 04 33 6B 00 04 D8 EF 22 0A C1 68 00 01 00 01 00 04 33 6B 00 04 D8 EF 24 0A C1 32 00 01 00 01 00 04 33 6B 00 04 D8 EF 26 0A
45 00 00 58 EC 15 40 00 40 11 84 A0 93 20 53 35 93 20 50 69 CD 83 00 35 00 44 CA 34 10 11 01 00 00 01 00 00 00 00 00 00 14 77 77 77 2D 73 69 74 65 73 2D 6F 70 65 6E 73 6F 63 69 61 6C 11 67 6F 6F 67 6C 65 75 73 65 72 63 6F 6E 74 65 6E 74 03 63 6F 6D 00 00 01 00 01
45 00 01 34 30 79 00 00 40 11 7F 61 93 20 50 69 93 20 53 35 00 35 CD 83 01 20 8D 01 10 11 81 80 00 01 00 04 00 04 00 04 14 77 77 77 2D 73 69 74 65 73 2D 6F 70 65 6E 73 6F 63 69 61 6C 11 67 6F 6F 67 6C 65 75 73 65 72 63 6F 6E 74 65 6E 74 03 63 6F 6D 00 00 01 00 01 C0 0C 00 05 00 01 00 01 51 80 00 11 0C 67 6F 6F 67 6C 65 68 6F 73 74 65 64 01 6C C0 21 C0 48 00 01 00 01 00 00 01 2C 00 04 AD C2 23 4A C0 48 00 01 00 01 00 00 01 2C 00 04 AD C2 23 4C C0 48 00 01 00 01 00 00 01 2C 00 04 AD C2 23 4B C0 21 00 02 00 01 00 01 93 D2 00 0D 03 6E 73 31 06 67 6F 6F 67 6C 65 C0 33 C0 21 00 02 00 01 00 01 93 D2 00 06 03 6E 73 34 C0 99 C0 21 00 02 00 01 00 01 93 D2 00 06 03 6E 73 33 C0 99 C0 21 00 02 00 01 00 01 93 D2 00 06 03 6E 73 32 C0 99 C0 95 00 01 00 01 00 04 33 6B 00 04 D8 EF 20 0A C0 D2 00 01 00 01 00 04 33 6B 00 04 D8 EF 22 0A C0 C0 00 01 00 01 00 04 33 6B 00 04 D8 EF 24 0A C0 AE 00 01 00 01 00 04 33 6B 00 04 D8 EF 26 0A
45 00 00 3A EC 27 40 00 40 11 84 AC 93 20 53 35 93 20 50 69 3B EC 00 35 00 26 CA 16 A4 A5 01 00 00 01 00 00 00 00 00 00 02 69 31 05 79 74 69 6D 67 03 63 6F 6D 00 00 01 00 01
45 00 00 39 EC 27 40 00 40 11 84 AD 93 20 53 35 93 20 50 69 D1 FA 00 35 00 25 CA 15 DB 3A 01 00 00 01 00 00 00 00 00 00 01 73 05 79 74 69 6D 67 03 63 6F 6D 00 00 01 00 01
45 00 01 CF 30 7A 00 00 40 11 7E C5 93 20 50 69 93 20 53 35 00 35 3B EC 01 BB CD BF A4 A5 81 80 00 01 00 10 00 04 00 04 02 69 31 05 79 74 69 6D 67 03 63 6F 6D 00 00 01 00 01 C0 0C 00 05 00 01 00 00 04 A4 00 11 05 79 74 69 6D 67 01 6C 06 67 6F 6F 67 6C 65 C0 15 C0 2A 00 01 00 01 00 00 00 3F 00 04 C3 71 D6 EA C0 2A 00 01 00 01 00 00 00 3F 00 04 C3 71 D6 FB C0 2A 00 01 00 01 00 00 00 3F 00 04 C3 71 D6 F9 C0 2A 00 01 00 01 00 00 00 3F 00 04 C3 71 D6 D7 C0 2A 00 01 00 01 00 00 00 3F 00 04 C3 71 D6 DD C0 2A 00 01 00 01 00 00 00 3F 00 04 C3 71 D6 E2 C0 2A 00 01 00 01 00 00 00 3F 00 04 C3 71 D6 F5 C0 2A 00 01 00 01 00 00 00 3F 00 04 C3 71 D6 DB C0 2A 00 01 00 01 00 00 00 3F 00 04 C3 71 D6 F1 C0 2A 00 01 00 01 00 00 00 3F 00 04 C3 71 D6 E6 C0 2A 00 01 00 01 00 00 00 3F 00 04 C3 71 D6 ED C0 2A 00 01 00 01 00 00 00 3F 00 04 C3 71 D6 EC C0 2A 00 01 00 01 00 00 00 3F 00 04 C3 71 D6 D3 C0 2A 00 01 00 01 00 00 00 3F 00 04 C3 71 D6 DE C0 2A 00 01 00 01 00 00 00 3F 00 04 C3 71 D6 CF C0 32 00 02 00 01 00 01 90 6B 00 06 03 6E 73 32 C0 32 C0 32 00 02 00 01 00 01 90 6B 00 06 03 6E 73 33 C0 32 C0 32 00 02 00 01 00 01 90 6B 00 06 03 6E 73 31 C0 32 C0 32 00 02 00 01 00 01 90 6B 00 06 03 6E 73 34 C0 32 C1 5B 00 01 00 01 00 04 33 6B 00 04 D8 EF 20 0A C1 37 00 01 00 01 00 04 33 6B 00 04 D8 EF 22 0A C1 49 00 01 00 01 00 04 33 6B 00 04 D8 EF 24 0A C1 6D 00 01 00 01 00 04 33 6B 00 04 D8 EF 26 0A
45 00 00 3D EC 28 40 00 40 11 84 A8 93 20 53 35 93 20 50 69 3F 2E 00 35 00 29 CA 19 05 F2 01 00 00 01 00 00 00 00 00 00 03 77 77 77 07 79 6F 75 74 75 62 65 03 63 6F 6D 00 00 01 00 01
45 00 01 D7 30 7C 00 00 40 11 7E BB 93 20 50 69 93 20 53 35 00 35 3F 2E 01 C3 FB F7 05 F2 81 80 00 01 00 10 00 04 00 04 03 77 77 77 07 79 6F 75 74 75 62 65 03 63 6F 6D 00 00 01 00 01 C0 0C 00 05 00 01 00 00 CC 44 00 16 0A 79 6F 75 74 75 62 65 2D 75 69 01 6C 06 67 6F 6F 67 6C 65 C0 18 C0 2D 00 01 00 01 00 00 00 82 00 04 C3 71 D6 E6 C0 2D 00 01 00 01 00 00 00 82 00 04 C3 71 D6 CF C0 2D 00 01 00 01 00 00 00 82 00 04 C3 71 D6 D7 C0 2D 00 01 00 01 00 00 00 82 00 04 C3 71 D6 E2 C0 2D 00 01 00 01 00 00 00 82 00 04 C3 71 D6 DD C0 2D 00 01 00 01 00 00 00 82 00 04 C3 71 D6 EC C0 2D 00 01 00 01 00 00 00 82 00 04 C3 71 D6 F9 C0 2D 00 01 00 01 00 00 00 82 00 04 C3 71 D6 ED C0 2D 00 01 00 01 00 00 00 82 00 04 C3 71 D6 EA C0 2D 00 01 00 01 00 00 00 82 00 04 C3 71 D6 DE C0 2D 00 01 00 01 00 00 00 82 00 04 C3 71 D6 D3 C0 2D 00 01 00 01 00 00 00 82 00 04 C3 71 D6 F1 C0 2D 00 01 00 01 00 00 00 82 00 04 C3 71 D6 F5 C0 2D 00 01 00 01 00 00 00 82 00 04 C3 71 D6 FB C0 2D 00 01 00 01 00 00 00 82 00 04 C3 71 D6 DB C0 3A 00 02 00 01 00 01 90 6B 00 06 03 6E 73 33 C0 3A C0 3A 00 02 00 01 00 01 90 6B 00 06 03 6E 73 34 C0 3A C0 3A 00 02 00 01 00 01 90 6B 00 06 03 6E 73 32 C0 3A C0 3A 00 02 00 01 00 01 90 6B 00 06 03 6E 73 31 C0 3A C1 75 00 01 00 01 00 04 33 6B 00 04 D8 EF 20 0A C1 63 00 01 00 01 00 04 33 6B 00 04 D8 EF 22 0A C1 3F 00 01 00 01 00 04 33 6B 00 04 D8 EF 24 0A C1 51 00 01 00 01 00 04 33 6B 00 04 D8 EF 26 0A
45 00 01 D1 30 7D 00 00 40 11 7E C0 93 20 50 69 93 20 53 35 00 35 D1 FA 01 BD 94 C2 DB 3A 81 80 00 01 00 10 00 04 00 04 01 73 05 79 74 69 6D 67 03 63 6F 6D 00 00 01 00 01 C0 0C 00 05 00 01 00 00 08 3F 00 14 08 79 74 73 74 61 74 69 63 01 6C 06 67 6F 6F 67 6C 65 C0 14 C0 29 00 01 00 01 00 00 01 2C 00 04 C3 71 D6 D7 C0 29 00 01 00 01 00 00 01 2C 00 04 C3 71 D6 D3 C0 29 00 01 00 01 00 00 01 2C 00 04 C3 71 D6 EA C0 29 00 01 00 01 00 00 01 2C 00 04 C3 71 D6 CF C0 29 00 01 00 01 00 00 01 2C 00 04 C3 71 D6 EC C0 29 00 01 00 01 00 00 01 2C 00 04 C3 71 D6 E6 C0 29 00 01 00 01 00 00 01 2C 00 04 C3 71 D6 FB C0 29 00 01 00 01 00 00 01 2C 00 04 C3 71 D6 E2 C0 29 00 01 00 01 00 00 01 2C 00 04 C3 71 D6 DD C0 29 00 01 00 01 00 00 01 2C 00 04 C3 71 D6 F1 C0 29 00 01 00 01 00 00 01 2C 00 04 C3 71 D6 ED C0 29 00 01 00 01 00 00 01 2C 00 04 C3 71 D6 F5 C0 29 00 01 00 01 00 00 01 2C 00 04 C3 71 D6 DB C0 29 00 01 00 01 00 00 01 2C 00 04 C3 71 D6 DE C0 29 00 01 00 01 00 00 01 2C 00 04 C3 71 D6 F9 C0 34 00 02 00 01 00 01 90 6B 00 06 03 6E 73 34 C0 34 C0 34 00 02 00 01 00 01 90 6B 00 06 03 6E 73 33 C0 34 C0 34 00 02 00 01 00 01 90 6B 00 06 03 6E 73 31 C0 34 C0 34 00 02 00 01 00 01 90 6B 00 06 03 6E 73 32 C0 34 C1 5D 00 01 00 01 00 04 33 6B 00 04 D8 EF 20 0A C1 6F 00 01 00 01 00 04 33 6B 00 04 D8 EF 22 0A C1 4B 00 01 00 01 00 04 33 6B 00 04 D8 EF 24 0A C1 39 00 01 00 01 00 04 33 6B 00 04 D8 EF 26 0A
45 00 00 3D EC 30 40 00 40 11 84 A0 93 20 53 35 93 20 50 69 05 54 00 35 00 29 CA 19 C7 B5 01 00 00 01 00 00 00 00 00 00 03 63 73 69 07 67 73 74 61 74 69 63 03 63 6F 6D 00 00 01 00 01
45 00 00 DC 30 7E 00 00 40 11 7F B4 93 20 50 69 93 20 53 35 00 35 05 54 00 C8 E1 41 C7 B5 81 80 00 01 00 01 00 04 00 04 03 63 73 69 07 67 73 74 61 74 69 63 03 63 6F 6D 00 00 01 00 01 C0 0C 00 01 00 01 00 00 00 27 00 04 AD C2 24 4F C0 10 00 02 00 01 00 01 90 6B 00 0D 03 6E 73 33 06 67 6F 6F 67 6C 65 C0 18 C0 10 00 02 00 01 00 01 90 6B 00 06 03 6E 73 31 C0 41 C0 10 00 02 00 01 00 01 90 6B 00 06 03 6E 73 34 C0 41 C0 10 00 02 00 01 00 01 90 6B 00 06 03 6E 73 32 C0 41 C0 56 00 01 00 01 00 04 33 6B 00 04 D8 EF 20 0A C0 7A 00 01 00 01 00 04 33 6B 00 04 D8 EF 22 0A C0 3D 00 01 00 01 00 04 33 6B 00 04 D8 EF 24 0A C0 68 00 01 00 01 00 04 33 6B 00 04 D8 EF 26 0A
45 00 00 41 EC 3C 40 00 40 11 84 90 93 20 53 35 93 20 50 69 DA 76 00 35 00 2D CA 1D A4 10 01 00 00 01 00 00 00 00 00 00 08 61 63 63 6F 75 6E 74 73 06 67 6F 6F 67 6C 65 03 63 6F 6D 00 00 01 00 01
45 00 00 F2 30 81 00 00 40 11 7F 9B 93 20 50 69 93 20 53 35 00 35 DA 76 00 DE ED 10 A4 10 81 80 00 01 00 02 00 04 00 04 08 61 63 63 6F 75 6E 74 73 06 67 6F 6F 67 6C 65 03 63 6F 6D 00 00 01 00 01 C0 0C 00 05 00 01 00 08 2B A8 00 0D 08 61 63 63 6F 75 6E 74 73 01 6C C0 15 C0 31 00 01 00 01 00 00 01 2C 00 04 AD C2 46 54 C0 15 00 02 00 01 00 01 90 6A 00 06 03 6E 73 34 C0 15 C0 15 00 02 00 01 00 01 90 6A 00 06 03 6E 73 33 C0 15 C0 15 00 02 00 01 00 01 90 6A 00 06 03 6E 73 31 C0 15 C0 15 00 02 00 01 00 01 90 6A 00 06 03 6E 73 32 C0 15 C0 7E 00 01 00 01 00 04 33 6A 00 04 D8 EF 20 0A C0 90 00 01 00 01 00 04 33 6A 00 04 D8 EF 22 0A C0 6C 00 01 00 01 00 04 33 6A 00 04 D8 EF 24 0A C0 5A 00 01 00 01 00 04 33 6A 00 04 D8 EF 26 0A
45 00 00 3B EC 64 40 00 40 11 84 6E 93 20 53 35 93 20 50 69 A5 5B 00 35 00 27 CA 17 95 ED 01 00 00 01 00 00 00 00 00 00 02 67 67 06 67 6F 6F 67 6C 65 03 63 6F 6D 00 00 01 00 01
45 00 01 B3 30 92 00 00 40 11 7E C9 93 20 50 69 93 20 53 35 00 35 A5 5B 01 9F 14 03 95 ED 81 80 00 01 00 0F 00 04 00 04 02 67 67 06 67 6F 6F 67 6C 65 03 63 6F 6D 00 00 01 00 01 C0 0C 00 01 00 01 00 00 01 2C 00 04 C3 71 D6 F9 C0 0C 00 01 00 01 00 00 01 2C 00 04 C3 71 D6 F5 C0 0C 00 01 00 01 00 00 01 2C 00 04 C3 71 D6 EA C0 0C 00 01 00 01 00 00 01 2C 00 04 C3 71 D6 CF C0 0C 00 01 00 01 00 00 01 2C 00 04 C3 71 D6 ED C0 0C 00 01 00 01 00 00 01 2C 00 04 C3 71 D6 DE C0 0C 00 01 00 01 00 00 01 2C 00 04 C3 71 D6 EC C0 0C 00 01 00 01 00 00 01 2C 00 04 C3 71 D6 F1 C0 0C 00 01 00 01 00 00 01 2C 00 04 C3 71 D6 E2 C0 0C 00 01 00 01 00 00 01 2C 00 04 C3 71 D6 D7 C0 0C 00 01 00 01 00 00 01 2C 00 04 C3 71 D6 E6 C0 0C 00 01 00 01 00 00 01 2C 00 04 C3 71 D6 DD C0 0C 00 01 00 01 00 00 01 2C 00 04 C3 71 D6 DB C0 0C 00 01 00 01 00 00 01 2C 00 04 C3 71 D6 FB C0 0C 00 01 00 01 00 00 01 2C 00 04 C3 71 D6 D3 C0 0F 00 02 00 01 00 01 90 6A 00 06 03 6E 73 33 C0 0F C0 0F 00 02 00 01 00 01 90 6A 00 06 03 6E 73 32 C0 0F C0 0F 00 02 00 01 00 01 90 6A 00 06 03 6E 73 34 C0 0F C0 0F 00 02 00 01 00 01 90 6A 00 06 03 6E 73 31 C0 0F C1 51 00 01 00 01 00 04 33 6A 00 04 D8 EF 20 0A C1 2D 00 01 00 01 00 04 33 6A 00 04 D8 EF 22 0A C1 1B 00 01 00 01 00 04 33 6A 00 04 D8 EF 24 0A C1 3F 00 01 00 01 00 04 33 6A 00 04 D8 EF 26 0A
45 00 00 49 EC 72 40 00 40 11 84 52 93 20 53 35 93 20 50 69 8A 14 00 35 00 35 CA 25 BF 6C 01 00 00 01 00 00 00 00 00 00 05 6F 61 75 74 68 11 67 6F 6F 67 6C 65 75 73 65 72 63 6F 6E 74 65 6E 74 03 63 6F 6D 00 00 01 00 01
45 00 01 25 30 93 00 00 40 11 7F 56 93 20 50 69 93 20 53 35 00 35 8A 14 01 11 1E B9 BF 6C 81 80 00 01 00 04 00 04 00 04 05 6F 61 75 74 68 11 67 6F 6F 67 6C 65 75 73 65 72 63 6F 6E 74 65 6E 74 03 63 6F 6D 00 00 01 00 01 C0 0C 00 05 00 01 00 00 D3 7F 00 11 0C 67 6F 6F 67 6C 65 68 6F 73 74 65 64 01 6C C0 12 C0 39 00 01 00 01 00 00 01 2B 00 04 AD C2 23 4B C0 39 00 01 00 01 00 00 01 2B 00 04 AD C2 23 4A C0 39 00 01 00 01 00 00 01 2B 00 04 AD C2 23 4C C0 12 00 02 00 01 00 01 93 D1 00 0D 03 6E 73 34 06 67 6F 6F 67 6C 65 C0 24 C0 12 00 02 00 01 00 01 93 D1 00 06 03 6E 73 32 C0 8A C0 12 00 02 00 01 00 01 93 D1 00 06 03 6E 73 33 C0 8A C0 12 00 02 00 01 00 01 93 D1 00 06 03 6E 73 31 C0 8A C0 C3 00 01 00 01 00 04 33 6A 00 04 D8 EF 20 0A C0 9F 00 01 00 01 00 04 33 6A 00 04 D8 EF 22 0A C0 B1 00 01 00 01 00 04 33 6A 00 04 D8 EF 24 0A C0 86 00 01 00 01 00 04 33 6A 00 04 D8 EF 26 0A
45 00 00 46 EC AA 40 00 40 11 84 1D 93 20 53 35 93 20 50 69 66 F6 00 35 00 32 CA 22 3E 42 01 00 00 01 00 00 00 00 00 00 03 73 73 6C 10 67 6F 6F 67 6C 65 2D 61 6E 61 6C 79 74 69 63 73 03 63 6F 6D 00 00 01 00 01
45 00 01 0A 30 94 00 00 40 11 7F 70 93 20 50 69 93 20 53 35 00 35 66 F6 00 F6 E9 C9 3E 42 81 80 00 01 00 02 00 04 00 04 03 73 73 6C 10 67 6F 6F 67 6C 65 2D 61 6E 61 6C 79 74 69 63 73 03 63 6F 6D 00 00 01 00 01 C0 0C 00 05 00 01 00 00 CE B5 00 20 14 73 73 6C 2D 67 6F 6F 67 6C 65 2D 61 6E 61 6C 79 74 69 63 73 01 6C 06 67 6F 6F 67 6C 65 C0 21 C0 36 00 01 00 01 00 00 01 06 00 04 AD C2 20 DE C0 4D 00 02 00 01 00 01 90 6A 00 06 03 6E 73 33 C0 4D C0 4D 00 02 00 01 00 01 90 6A 00 06 03 6E 73 31 C0 4D C0 4D 00 02 00 01 00 01 90 6A 00 06 03 6E 73 32 C0 4D C0 4D 00 02 00 01 00 01 90 6A 00 06 03 6E 73 34 C0 4D C0 84 00 01 00 01 00 04 33 6A 00 04 D8 EF 20 0A C0 96 00 01 00 01 00 04 33 6A 00 04 D8 EF 22 0A C0 72 00 01 00 01 00 04 33 6A 00 04 D8 EF 24 0A C0 A8 00 01 00 01 00 04 33 6A 00 04 D8 EF 26 0A
45 00 00 47 F6 94 40 00 40 11 7A 32 93 20 53 35 93 20 50 69 8B BE 00 35 00 33 CA 23 92 66 01 00 00 01 00 00 00 00 00 00 03 77 77 77 05 65 63 6C 75 62 0C 63 76 75 74 6D 65 64 69 61 6C 61 62 02 63 7A 00 00 01 00 01
45 00 01 0F 31 75 00 00 40 11 7E 8A 93 20 50 69 93 20 53 35 00 35 8B BE 00 FB 4F A1 92 66 81 80 00 01 00 03 00 04 00 04 03 77 77 77 05 65 63 6C 75 62 0C 63 76 75 74 6D 65 64 69 61 6C 61 62 02 63 7A 00 00 01 00 01 C0 0C 00 05 00 01 00 00 01 68 00 10 03 67 68 73 06 67 6F 6F 67 6C 65 03 63 6F 6D 00 C0 37 00 05 00 01 00 08 C3 64 00 08 03 67 68 73 01 6C C0 3B C0 53 00 01 00 01 00 00 01 2C 00 04 AD C2 46 79 C0 3B 00 02 00 01 00 01 90 5F 00 06 03 6E 73 34 C0 3B C0 3B 00 02 00 01 00 01 90 5F 00 06 03 6E 73 32 C0 3B C0 3B 00 02 00 01 00 01 90 5F 00 06 03 6E 73 31 C0 3B C0 3B 00 02 00 01 00 01 90 5F 00 06 03 6E 73 33 C0 3B C0 9B 00 01 00 01 00 04 33 5F 00 04 D8 EF 20 0A C0 89 00 01 00 01 00 04 33 5F 00 04 D8 EF 22 0A C0 AD 00 01 00 01 00 04 33 5F 00 04 D8 EF 24 0A C0 77 00 01 00 01 00 04 33 5F 00 04 D8 EF 26 0A
45 00 00 46 5D 01 40 00 40 11 13 C7 93 20 53 35 93 20 50 69 45 4D 00 35 00 32 CA 22 FE EF 01 00 00 01 00 00 00 00 00 00 03 77 77 77 10 67 6F 6F 67 6C 65 2D 61 6E 61 6C 79 74 69 63 73 03 63 6F 6D 00 00 01 00 01
45 00 01 EA 3E 07 00 00 40 11 71 1D 93 20 50 69 93 20 53 35 00 35 45 4D 01 D6 77 58 FE EF 81 80 00 01 00 10 00 04 00 04 03 77 77 77 10 67 6F 6F 67 6C 65 2D 61 6E 61 6C 79 74 69 63 73 03 63 6F 6D 00 00 01 00 01 C0 0C 00 05 00 01 00 00 CC 1B 00 20 14 77 77 77 2D 67 6F 6F 67 6C 65 2D 61 6E 61 6C 79 74 69 63 73 01 6C 06 67 6F 6F 67 6C 65 C0 21 C0 36 00 01 00 01 00 00 00 E4 00 04 C3 71 D6 E6 C0 36 00 01 00 01 00 00 00 E4 00 04 C3 71 D6 DB C0 36 00 01 00 01 00 00 00 E4 00 04 C3 71 D6 CF C0 36 00 01 00 01 00 00 00 E4 00 04 C3 71 D6 EA C0 36 00 01 00 01 00 00 00 E4 00 04 C3 71 D6 DD C0 36 00 01 00 01 00 00 00 E4 00 04 C3 71 D6 EC C0 36 00 01 00 01 00 00 00 E4 00 04 C3 71 D6 F5 C0 36 00 01 00 01 00 00 00 E4 00 04 C3 71 D6 ED C0 36 00 01 00 01 00 00 00 E4 00 04 C3 71 D6 F1 C0 36 00 01 00 01 00 00 00 E4 00 04 C3 71 D6 D3 C0 36 00 01 00 01 00 00 00 E4 00 04 C3 71 D6 FB C0 36 00 01 00 01 00 00 00 E4 00 04 C3 71 D6 D7 C0 36 00 01 00 01 00 00 00 E4 00 04 C3 71 D6 E2 C0 36 00 01 00 01 00 00 00 E4 00 04 C3 71 D6 DE C0 36 00 01 00 01 00 00 00 E4 00 04 C3 71 D6 F9 C0 4D 00 02 00 01 00 01 8F F7 00 06 03 6E 73 31 C0 4D C0 4D 00 02 00 01 00 01 8F F7 00 06 03 6E 73 34 C0 4D C0 4D 00 02 00 01 00 01 8F F7 00 06 03 6E 73 32 C0 4D C0 4D 00 02 00 01 00 01 8F F7 00 06 03 6E 73 33 C0 4D C1 52 00 01 00 01 00 04 32 F7 00 04 D8 EF 20 0A C1 76 00 01 00 01 00 04 32 F7 00 04 D8 EF 22 0A C1 88 00 01 00 01 00 04 32 F7 00 04 D8 EF 24 0A C1 64 00 01 00 01 00 04 32 F7 00 04 D8 EF 26 0A
45 00 00 3D 6B 59 40 00 40 11 05 78 93 20 53 35 93 20 50 69 78 31 00 35 00 29 CA 19 58 D2 01 00 00 01 00 00 00 00 00 00 04 70 6C 75 73 06 67 6F 6F 67 6C 65 03 63 6F 6D 00 00 01 00 01
45 00 01 B5 45 10 00 00 40 11 6A 49 93 20 50 69 93 20 53 35 00 35 78 31 01 A1 1E D4 58 D2 81 80 00 01 00 0F 00 04 00 04 04 70 6C 75 73 06 67 6F 6F 67 6C 65 03 63 6F 6D 00 00 01 00 01 C0 0C 00 01 00 01 00 00 00 7F 00 04 C3 71 D6 DD C0 0C 00 01 00 01 00 00 00 7F 00 04 C3 71 D6 ED C0 0C 00 01 00 01 00 00 00 7F 00 04 C3 71 D6 FB C0 0C 00 01 00 01 00 00 00 7F 00 04 C3 71 D6 D3 C0 0C 00 01 00 01 00 00 00 7F 00 04 C3 71 D6 EC C0 0C 00 01 00 01 00 00 00 7F 00 04 C3 71 D6 F1 C0 0C 00 01 00 01 00 00 00 7F 00 04 C3 71 D6 E6 C0 0C 00 01 00 01 00 00 00 7F 00 04 C3 71 D6 E2 C0 0C 00 01 00 01 00 00 00 7F 00 04 C3 71 D6 F5 C0 0C 00 01 00 01 00 00 00 7F 00 04 C3 71 D6 D7 C0 0C 00 01 00 01 00 00 00 7F 00 04 C3 71 D6 DE C0 0C 00 01 00 01 00 00 00 7F 00 04 C3 71 D6 CF C0 0C 00 01 00 01 00 00 00 7F 00 04 C3 71 D6 DB C0 0C 00 01 00 01 00 00 00 7F 00 04 C3 71 D6 EA C0 0C 00 01 00 01 00 00 00 7F 00 04 C3 71 D6 F9 C0 11 00 02 00 01 00 01 8F E8 00 06 03 6E 73 34 C0 11 C0 11 00 02 00 01 00 01 8F E8 00 06 03 6E 73 33 C0 11 C0 11 00 02 00 01 00 01 8F E8 00 06 03 6E 73 31 C0 11 C0 11 00 02 00 01 00 01 8F E8 00 06 03 6E 73 32 C0 11 C1 41 00 01 00 01 00 04 32 E8 00 04 D8 EF 20 0A C1 53 00 01 00 01 00 04 32 E8 00 04 D8 EF 22 0A C1 2F 00 01 00 01 00 04 32 E8 00 04 D8 EF 24 0A C1 1D 00 01 00 01 00 04 32 E8 00 04 D8 EF 26 0A
45 00 00 40 CA 5D 40 00 40 11 A6 70 93 20 53 35 93 20 50 69 4B 54 00 35 00 2C CA 1C 1C F5 01 00 00 01 00 00 00 00 00 00 03 77 77 77 0A 72 2D 62 6C 6F 67 67 65 72 73 03 63 6F 6D 00 00 01 00 01
45 00 00 EC 94 4B 00 00 40 11 1B D7 93 20 50 69 93 20 53 35 00 35 4B 54 00 D8 3D 8E 1C F5 81 80 00 01 00 02 00 02 00 04 03 77 77 77 0A 72 2D 62 6C 6F 67 67 65 72 73 03 63 6F 6D 00 00 01 00 01 C0 0C 00 01 00 01 00 00 01 2C 00 04 6C A2 C5 EF C0 0C 00 01 00 01 00 00 01 2C 00 04 6C A2 C4 EF C0 10 00 02 00 01 00 02 34 3D 00 15 04 64 6F 72 61 02 6E 73 0A 63 6C 6F 75 64 66 6C 61 72 65 C0 1B C0 10 00 02 00 01 00 02 34 3D 00 07 04 77 69 6C 6C C0 55 C0 50 00 01 00 01 00 02 2F 8D 00 04 AD F5 3A 6C C0 50 00 1C 00 01 00 02 2F 8D 00 10 24 00 CB 00 20 49 00 01 00 00 00 00 AD F5 3A 6C C0 71 00 01 00 01 00 02 34 3D 00 04 AD F5 3B 95 C0 71 00 1C 00 01 00 02 34 3D 00 10 24 00 CB 00 20 49 00 01 00 00 00 00 AD F5 3B 95
45 00 00 3C CA E3 40 00 40 11 A5 EE 93 20 53 35 93 20 50 69 FF D6 00 35 00 28 CA 18 AB 8B 01 00 00 01 00 00 00 00 00 00 03 77 77 77 06 61 6D 61 7A 6F 6E 03 63 6F 6D 00 00 01 00 01
45 00 01 74 94 D5 00 00 40 11 1A C5 93 20 50 69 93 20 53 35 00 35 FF D6 01 60 89 24 AB 8B 81 80 00 01 00 01 00 08 00 08 03 77 77 77 06 61 6D 61 7A 6F 6E 03 63 6F 6D 00 00 01 00 01 C0 0C 00 01 00 01 00 00 00 3C 00 04 48 15 D7 E8 C0 0C 00 02 00 01 00 00 0E 47 00 09 06 6E 73 2D 39 32 33 C0 10 C0 0C 00 02 00 01 00 00 0E 47 00 09 06 6E 73 2D 39 34 32 C0 10 C0 0C 00 02 00 01 00 00 0E 47 00 09 06 6E 73 2D 39 31 32 C0 10 C0 0C 00 02 00 01 00 00 0E 47 00 09 06 6E 73 2D 39 32 31 C0 10 C0 0C 00 02 00 01 00 00 0E 47 00 09 06 6E 73 2D 39 32 34 C0 10 C0 0C 00 02 00 01 00 00 0E 47 00 09 06 6E 73 2D 39 32 32 C0 10 C0 0C 00 02 00 01 00 00 0E 47 00 09 06 6E 73 2D 39 34 31 C0 10 C0 0C 00 02 00 01 00 00 0E 47 00 09 06 6E 73 2D 39 31 31 C0 10 C0 CF 00 01 00 01 00 00 03 84 00 04 CF AB B2 06 C0 66 00 01 00 01 00 00 02 58 00 04 CC F6 A2 05 C0 7B 00 01 00 01 00 00 02 58 00 04 48 15 C0 D7 C0 A5 00 01 00 01 00 00 03 84 00 04 48 15 C0 D3 C0 3C 00 01 00 01 00 00 03 84 00 04 48 15 D0 D7 C0 90 00 01 00 01 00 00 02 58 00 04 48 15 D0 D7 C0 BA 00 01 00 01 00 00 03 84 00 04 CC F6 A0 05 C0 51 00 01 00 01 00 00 03 84 00 04 CC F6 A0 07
45 00 00 40 CE 2F 40 00 40 11 A2 9E 93 20 53 35 93 20 50 69 58 D0 00 35 00 2C CA 1C 22 12 01 00 00 01 00 00 00 00 00 00 04 63 72 61 6E 09 72 2D 70 72 6F 6A 65 63 74 03 6F 72 67 00 00 01 00 01
45 00 00 F9 95 BF 00 00 40 11 1A 56 93 20 50 69 93 20 53 35 00 35 58 D0 00 E5 52 63 22 12 81 80 00 01 00 02 00 03 00 04 04 63 72 61 6E 09 72 2D 70 72 6F 6A 65 63 74 03 6F 72 67 00 00 01 00 01 C0 0C 00 05 00 01 00 00 1C 20 00 14 04 63 72 61 6E 07 77 75 2D 77 69 65 6E 02 61 63 02 61 74 00 C0 30 00 01 00 01 00 00 01 2C 00 04 89 D0 39 25 C0 35 00 02 00 01 00 00 01 2C 00 06 03 6E 73 32 C0 35 C0 35 00 02 00 01 00 00 01 2C 00 0D 03 6E 73 35 06 75 6E 69 76 69 65 C0 3D C0 35 00 02 00 01 00 00 01 2C 00 06 03 6E 73 31 C0 35 C0 8B 00 01 00 01 00 00 10 51 00 04 89 D0 0A 0A C0 60 00 01 00 01 00 00 10 51 00 04 89 D0 14 0A C0 72 00 01 00 01 00 00 16 98 00 04 C1 AB FF 4D C0 72 00 1C 00 01 00 00 16 98 00 10 20 01 06 28 04 53 43 05 00 00 00 00 00 00 00 53
45 00 00 3F CE BD 40 00 40 11 A2 11 93 20 53 35 93 20 50 69 E6 38 00 35 00 2B CA 1B 9F 69 01 00 00 01 00 00 00 00 00 00 01 33 02 62 70 08 62 6C 6F 67 73 70 6F 74 03 63 6F 6D 00 00 01 00 01
45 00 01 2B 95 F6 00 00 40 11 19 ED 93 20 50 69 93 20 53 35 00 35 E6 38 01 17 AD 7E 9F 69 81 80 00 01 00 04 00 04 00 04 01 33 02 62 70 08 62 6C 6F 67 73 70 6F 74 03 63 6F 6D 00 00 01 00 01 C0 0C 00 05 00 01 00 08 CB BB 00 21 0A 70 68 6F 74 6F 73 2D 75 67 63 01 6C 11 67 6F 6F 67 6C 65 75 73 65 72 63 6F 6E 74 65 6E 74 C0 1A C0 2F 00 01 00 01 00 00 01 2C 00 04 AD C2 70 0B C0 2F 00 01 00 01 00 00 01 2C 00 04 AD C2 70 0A C0 2F 00 01 00 01 00 00 01 2C 00 04 AD C2 70 0C C0 3C 00 02 00 01 00 01 92 EA 00 0D 03 6E 73 32 06 67 6F 6F 67 6C 65 C0 1A C0 3C 00 02 00 01 00 01 92 EA 00 06 03 6E 73 33 C0 90 C0 3C 00 02 00 01 00 01 92 EA 00 06 03 6E 73 31 C0 90 C0 3C 00 02 00 01 00 01 92 EA 00 06 03 6E 73 34 C0 90 C0 B7 00 01 00 01 00 04 32 83 00 04 D8 EF 20 0A C0 8C 00 01 00 01 00 04 32 83 00 04 D8 EF 22 0A C0 A5 00 01 00 01 00 04 32 83 00 04 D8 EF 24 0A C0 C9 00 01 00 01 00 04 32 83 00 04 D8 EF 26 0A
45 00 00 44 D9 41 40 00 40 11 97 88 93 20 53 35 93 20 50 69 84 4E 00 35 00 30 CA 20 69 9D 01 00 00 01 00 00 00 00 00 00 09 53 75 70 65 72 4E 6F 76 61 04 66 65 6C 6B 04 63 76 75 74 02 63 7A 00 00 1C 00 01
45 00 00 76 96 79 00 00 40 11 1A 1F 93 20 50 69 93 20 53 35 00 35 84 4E 00 62 D3 E6 69 9D 85 83 00 01 00 00 00 01 00 00 09 53 75 70 65 72 4E 6F 76 61 04 66 65 6C 6B 04 63 76 75 74 02 63 7A 00 00 1C 00 01 C0 16 00 06 00 01 00 00 0E 10 00 26 02 6E 73 C0 16 0A 68 6F 73 74 6D 61 73 74 65 72 C0 16 77 FD 80 15 00 00 54 60 00 00 0E 10 00 12 75 00 00 00 0E 10
45 00 00 37 D9 41 40 00 40 11 97 95 93 20 53 35 93 20 50 69 A9 73 00 35 00 23 CA 13 79 8C 01 00 00 01 00 00 00 00 00 00 09 53 75 70 65 72 4E 6F 76 61 00 00 1C 00 01
45 00 00 82 96 7A 00 00 40 11 1A 12 93 20 50 69 93 20 53 35 00 35 A9 73 00 6E 51 25 79 8C 81 83 00 01 00 00 00 01 00 00 09 53 75 70 65 72 4E 6F 76 61 00 00 1C 00 01 00 00 06 00 01 00 00 15 18 00 40 01 61 0C 72 6F 6F 74 2D 73 65 72 76 65 72 73 03 6E 65 74 00 05 6E 73 74 6C 64 0C 76 65 72 69 73 69 67 6E 2D 67 72 73 03 63 6F 6D 00 77 FD 80 14 00 00 07 08 00 00 03 84 00 09 3A 80 00 01 51 80
45 00 00 4C E5 4B 40 00 40 11 8B 76 93 20 53 35 93 20 50 69 3F D5 00 35 00 38 CA 28 10 EF 01 00 00 01 00 00 00 00 00 00 11 65 78 70 6C 6F 72 69 6E 67 64 61 74 61 62 6C 6F 67 08 62 6C 6F 67 73 70 6F 74 03 63 6F 6D 00 00 01 00 01
45 00 01 16 97 08 00 00 40 11 18 F0 93 20 50 69 93 20 53 35 00 35 3F D5 01 02 7B A9 10 EF 81 80 00 01 00 02 00 04 00 04 11 65 78 70 6C 6F 72 69 6E 67 64 61 74 61 62 6C 6F 67 08 62 6C 6F 67 73 70 6F 74 03 63 6F 6D 00 00 01 00 01 C0 0C 00 05 00 01 00 00 0E 10 00 1F 08 62 6C 6F 67 73 70 6F 74 01 6C 11 67 6F 6F 67 6C 65 75 73 65 72 63 6F 6E 74 65 6E 74 C0 27 C0 3C 00 01 00 01 00 00 00 33 00 04 AD C2 46 84 C0 47 00 02 00 01 00 01 92 D2 00 0D 03 6E 73 32 06 67 6F 6F 67 6C 65 C0 27 C0 47 00 02 00 01 00 01 92 D2 00 06 03 6E 73 33 C0 7B C0 47 00 02 00 01 00 01 92 D2 00 06 03 6E 73 31 C0 7B C0 47 00 02 00 01 00 01 92 D2 00 06 03 6E 73 34 C0 7B C0 A2 00 01 00 01 00 04 32 6B 00 04 D8 EF 20 0A C0 77 00 01 00 01 00 04 32 6B 00 04 D8 EF 22 0A C0 90 00 01 00 01 00 04 32 6B 00 04 D8 EF 24 0A C0 B4 00 01 00 01 00 04 32 6B 00 04 D8 EF 26 0A
45 00 00 3E EA FA 40 00 40 11 85 D5 93 20 53 35 93 20 50 69 DD 68 00 35 00 2A CA 1A 4F BF 01 00 00 01 00 00 00 00 00 00 03 77 77 77 08 6C 69 6E 6B 65 64 69 6E 03 63 6F 6D 00 00 01 00 01
45 00 02 12 97 60 00 00 40 11 17 9C 93 20 50 69 93 20 53 35 00 35 DD 68 01 FE 35 BC 4F BF 81 80 00 01 00 02 00 0A 00 0C 03 77 77 77 08 6C 69 6E 6B 65 64 69 6E 03 63 6F 6D 00 00 01 00 01 C0 0C 00 05 00 01 00 00 00 53 00 06 03 64 75 62 C0 10 C0 2E 00 01 00 01 00 00 00 53 00 04 5B E1 F8 50 C0 10 00 02 00 01 00 00 40 15 00 06 03 6E 73 32 C0 10 C0 10 00 02 00 01 00 00 40 15 00 14 03 6E 73 32 03 70 34 33 06 64 79 6E 65 63 74 03 6E 65 74 00 C0 10 00 02 00 01 00 00 40 15 00 06 03 6E 73 36 C0 10 C0 10 00 02 00 01 00 00 40 15 00 06 03 6E 73 33 C0 10 C0 10 00 02 00 01 00 00 40 15 00 06 03 6E 73 33 C0 66 C0 10 00 02 00 01 00 00 40 15 00 06 03 6E 73 35 C0 10 C0 10 00 02 00 01 00 00 40 15 00 06 03 6E 73 31 C0 66 C0 10 00 02 00 01 00 00 40 15 00 06 03 6E 73 34 C0 10 C0 10 00 02 00 01 00 00 40 15 00 06 03 6E 73 31 C0 10 C0 10 00 02 00 01 00 00 40 15 00 06 03 6E 73 34 C0 66 C0 CA 00 01 00 01 00 00 40 15 00 04 D0 4E 46 2B C0 EE 00 01 00 01 00 01 91 95 00 04 9C 9A 40 17 C0 EE 00 1C 00 01 00 00 7D 47 00 10 20 01 05 02 F3 FF 00 00 00 00 00 00 00 00 00 23 C0 62 00 01 00 01 00 00 40 15 00 04 CC 0D FA 2B C0 50 00 01 00 01 00 01 91 95 00 04 9C 9A 41 17 C0 50 00 1C 00 01 00 00 7D 47 00 10 26 10 00 A1 10 14 00 00 00 00 00 00 00 00 00 23 C0 A6 00 01 00 01 00 00 40 15 00 04 D0 4E 47 2B C0 94 00 01 00 01 00 01 91 95 00 04 9C 9A 42 17 C0 94 00 1C 00 01 00 00 7D 47 00 10 26 10 00 A1 10 15 00 00 00 00 00 00 00 00 00 23 C1 00 00 01 00 01 00 00 40 15 00 04 CC 0D FB 2B C0 DC 00 01 00 01 00 01 91 95 00 04 9C 9A 43 17 C0 DC 00 1C 00 01 00 00 7D 47 00 10 20 01 05 02 46 12 00 00 00 00 00 00 00 00 00 23
45 00 00 42 EB 89 40 00 40 11 85 42 93 20 53 35 93 20 50 69 C7 A5 00 35 00 2E CA 1E 2D 84 01 00 00 01 00 00 00 00 00 00 05 66 65 65 64 73 0A 66 65 65 64 62 75 72 6E 65 72 03 63 6F 6D 00 00 01 00 01
45 00 00 3E EB 89 40 00 40 11 85 46 93 20 53 35 93 20 50 69 6C 29 00 35 00 2A CA 1A 88 EE 01 00 00 01 00 00 00 00 00 00 03 77 77 77 08 66 61 63 65 62 6F 6F 6B 03 63 6F 6D 00 00 01 00 01
45 00 01 D6 97 6A 00 00 40 11 17 CE 93 20 50 69 93 20 53 35 00 35 C7 A5 01 C2 E1 1B 2D 84 81 80 00 01 00 10 00 04 00 04 05 66 65 65 64 73 0A 66 65 65 64 62 75 72 6E 65 72 03 63 6F 6D 00 00 01 00 01 C0 0C 00 05 00 01 00 00 00 9B 00 10 04 77 77 77 34 01 6C 06 67 6F 6F 67 6C 65 C0 1D C0 32 00 01 00 01 00 00 00 9B 00 04 C3 71 D6 DE C0 32 00 01 00 01 00 00 00 9B 00 04 C3 71 D6 D7 C0 32 00 01 00 01 00 00 00 9B 00 04 C3 71 D6 F1 C0 32 00 01 00 01 00 00 00 9B 00 04 C3 71 D6 FB C0 32 00 01 00 01 00 00 00 9B 00 04 C3 71 D6 CF C0 32 00 01 00 01 00 00 00 9B 00 04 C3 71 D6 D3 C0 32 00 01 00 01 00 00 00 9B 00 04 C3 71 D6 F5 C0 32 00 01 00 01 00 00 00 9B 00 04 C3 71 D6 DB C0 32 00 01 00 01 00 00 00 9B 00 04 C3 71 D6 EC C0 32 00 01 00 01 00 00 00 9B 00 04 C3 71 D6 E2 C0 32 00 01 00 01 00 00 00 9B 00 04 C3 71 D6 F9 C0 32 00 01 00 01 00 00 00 9B 00 04 C3 71 D6 DD C0 32 00 01 00 01 00 00 00 9B 00 04 C3 71 D6 ED C0 32 00 01 00 01 00 00 00 9B 00 04 C3 71 D6 E6 C0 32 00 01 00 01 00 00 00 9B 00 04 C3 71 D6 EA C0 39 00 02 00 01 00 01 8F 65 00 06 03 6E 73 31 C0 39 C0 39 00 02 00 01 00 01 8F 65 00 06 03 6E 73 34 C0 39 C0 39 00 02 00 01 00 01 8F 65 00 06 03 6E 73 33 C0 39 C0 39 00 02 00 01 00 01 8F 65 00 06 03 6E 73 32 C0 39 C1 3E 00 01 00 01 00 04 32 65 00 04 D8 EF 20 0A C1 74 00 01 00 01 00 04 32 65 00 04 D8 EF 22 0A C1 62 00 01 00 01 00 04 32 65 00 04 D8 EF 24 0A C1 50 00 01 00 01 00 04 32 65 00 04 D8 EF 26 0A
45 00 00 46 EB 8A 40 00 40 11 85 3D 93 20 53 35 93 20 50 69 A8 EF 00 35 00 32 CA 22 64 84 01 00 00 01 00 00 00 00 00 00 14 73 74 61 74 69 73 74 69 63 61 6C 2D 72 65 73 65 61 72 63 68 03 63 6F 6D 00 00 01 00 01
45 00 00 41 EB 8A 40 00 40 11 85 42 93 20 53 35 93 20 50 69 4B F6 00 35 00 2D CA 1D D6 10 01 00 00 01 00 00 00 00 00 00 05 66 65 65 64 73 09 77 6F 72 64 70 72 65 73 73 03 63 6F 6D 00 00 01 00 01
45 00 00 41 EB 8A 40 00 40 11 85 42 93 20 53 35 93 20 50 69 EF 45 00 35 00 2D CA 1D 0B 14 01 00 00 01 00 00 00 00 00 00 05 73 74 61 74 73 09 77 6F 72 64 70 72 65 73 73 03 63 6F 6D 00 00 01 00 01
45 00 00 3F EB 8A 40 00 40 11 85 44 93 20 53 35 93 20 50 69 3C A3 00 35 00 2B CA 1B C5 89 01 00 00 01 00 00 00 00 00 00 04 69 6D 67 32 08 69 6D 61 67 65 73 62 6E 03 63 6F 6D 00 00 01 00 01
45 00 01 07 97 6E 00 00 40 11 18 99 93 20 50 69 93 20 53 35 00 35 EF 45 00 F3 51 06 0B 14 81 80 00 01 00 06 00 03 00 03 05 73 74 61 74 73 09 77 6F 72 64 70 72 65 73 73 03 63 6F 6D 00 00 01 00 01 C0 0C 00 01 00 01 00 00 00 F0 00 04 42 9B 0B FA C0 0C 00 01 00 01 00 00 00 F0 00 04 D8 97 D2 7A C0 0C 00 01 00 01 00 00 00 F0 00 04 C0 00 50 F8 C0 0C 00 01 00 01 00 00 00 F0 00 04 42 9B 09 FA C0 0C 00 01 00 01 00 00 00 F0 00 04 4C 4A F8 A3 C0 0C 00 01 00 01 00 00 00 F0 00 04 C0 00 50 F7 C0 0C 00 02 00 01 00 00 38 04 00 06 03 6E 73 35 C0 12 C0 0C 00 02 00 01 00 00 38 04 00 06 03 6E 73 36 C0 12 C0 0C 00 02 00 01 00 00 38 04 00 06 03 6E 73 34 C0 12 C0 B5 00 01 00 01 00 02 2E 08 00 04 48 E9 68 62 C0 91 00 01 00 01 00 02 2E 08 00 04 45 AE F8 95 C0 A3 00 01 00 01 00 02 2E 08 00 04 CF C6 70 30
45 00 00 3F EB 8B 40 00 40 11 85 43 93 20 53 35 93 20 50 69 F9 E5 00 35 00 2B CA 1B AF B8 01 00 00 01 00 00 00 00 00 00 01 32 02 62 70 08 62 6C 6F 67 73 70 6F 74 03 63 6F 6D 00 00 01 00 01
45 00 01 2B 97 70 00 00 40 11 18 73 93 20 50 69 93 20 53 35 00 35 F9 E5 01 17 5D CD AF B8 81 80 00 01 00 04 00 04 00 04 01 32 02 62 70 08 62 6C 6F 67 73 70 6F 74 03 63 6F 6D 00 00 01 00 01 C0 0C 00 05 00 01 00 08 F8 BB 00 21 0A 70 68 6F 74 6F 73 2D 75 67 63 01 6C 11 67 6F 6F 67 6C 65 75 73 65 72 63 6F 6E 74 65 6E 74 C0 1A C0 2F 00 01 00 01 00 00 01 0E 00 04 AD C2 70 0B C0 2F 00 01 00 01 00 00 01 0E 00 04 AD C2 70 0A C0 2F 00 01 00 01 00 00 01 0E 00 04 AD C2 70 0C C0 3C 00 02 00 01 00 01 92 CC 00 0D 03 6E 73 34 06 67 6F 6F 67 6C 65 C0 1A C0 3C 00 02 00 01 00 01 92 CC 00 06 03 6E 73 32 C0 90 C0 3C 00 02 00 01 00 01 92 CC 00 06 03 6E 73 31 C0 90 C0 3C 00 02 00 01 00 01 92 CC 00 06 03 6E 73 33 C0 90 C0 B7 00 01 00 01 00 04 32 65 00 04 D8 EF 20 0A C0 A5 00 01 00 01 00 04 32 65 00 04 D8 EF 22 0A C0 C9 00 01 00 01 00 04 32 65 00 04 D8 EF 24 0A C0 8C 00 01 00 01 00 04 32 65 00 04 D8 EF 26 0A
45 00 00 3E EB 8B 40 00 40 11 85 44 93 20 53 35 93 20 50 69 C1 64 00 35 00 2A CA 1A 16 7C 01 00 00 01 00 00 00 00 00 00 03 77 77 77 08 65 78 65 67 65 74 69 63 03 62 69 7A 00 00 01 00 01
45 00 00 39 EB 8B 40 00 40 11 85 49 93 20 53 35 93 20 50 69 6B E4 00 35 00 25 CA 15 60 3D 01 00 00 01 00 00 00 00 00 00 01 69 05 69 6D 67 75 72 03 63 6F 6D 00 00 01 00 01
45 00 00 A9 97 75 00 00 40 11 18 F0 93 20 50 69 93 20 53 35 00 35 6C 29 00 95 39 21 88 EE 81 80 00 01 00 02 00 02 00 02 03 77 77 77 08 66 61 63 65 62 6F 6F 6B 03 63 6F 6D 00 00 01 00 01 C0 0C 00 05 00 01 00 00 07 E8 00 0C 04 73 74 61 72 04 63 31 30 72 C0 10 C0 2E 00 01 00 01 00 00 00 3C 00 04 AD FC 64 1B C0 33 00 02 00 01 00 01 8F D8 00 07 01 62 02 6E 73 C0 33 C0 33 00 02 00 01 00 01 8F D8 00 04 01 61 C0 58 C0 69 00 01 00 01 00 01 8F D8 00 04 45 AB EF 0B C0 56 00 01 00 01 00 01 8F D8 00 04 45 AB FF 0B
45 00 00 AA 97 76 00 00 40 11 18 EE 93 20 50 69 93 20 53 35 00 35 A8 EF 00 96 A6 F0 64 84 81 80 00 01 00 01 00 02 00 02 14 73 74 61 74 69 73 74 69 63 61 6C 2D 72 65 73 65 61 72 63 68 03 63 6F 6D 00 00 01 00 01 C0 0C 00 01 00 01 00 00 02 58 00 04 32 3E F5 01 C0 0C 00 02 00 01 00 00 0E 10 00 15 04 6E 73 31 39 0D 64 6F 6D 61 69 6E 63 6F 6E 74 72 6F 6C C0 21 C0 0C 00 02 00 01 00 00 0E 10 00 07 04 6E 73 32 30 C0 4B C0 46 00 01 00 01 00 02 20 7C 00 04 D8 45 B9 0A C0 67 00 01 00 01 00 02 20 7C 00 04 D0 6D FF 0A
45 00 00 43 EB 90 40 00 40 11 85 3A 93 20 53 35 93 20 50 69 82 89 00 35 00 2F CA 1F 70 31 01 00 00 01 00 00 00 00 00 00 0A 66 65 65 64 62 75 72 6E 65 72 06 67 6F 6F 67 6C 65 03 63 6F 6D 00 00 01 00 01
45 00 00 38 EB 90 40 00 40 11 85 45 93 20 53 35 93 20 50 69 70 65 00 35 00 24 CA 14 B4 B7 01 00 00 01 00 00 00 00 00 00 06 73 74 61 74 69 6C 03 6F 72 67 00 00 01 00 01
45 00 01 D0 97 77 00 00 40 11 17 C7 93 20 50 69 93 20 53 35 00 35 82 89 01 BC 41 E4 70 31 81 80 00 01 00 10 00 04 00 04 0A 66 65 65 64 62 75 72 6E 65 72 06 67 6F 6F 67 6C 65 03 63 6F 6D 00 00 01 00 01 C0 0C 00 05 00 01 00 08 CB 9D 00 09 04 77 77 77 33 01 6C C0 17 C0 33 00 01 00 01 00 00 00 1F 00 04 C3 71 D6 EC C0 33 00 01 00 01 00 00 00 1F 00 04 C3 71 D6 D7 C0 33 00 01 00 01 00 00 00 1F 00 04 C3 71 D6 F5 C0 33 00 01 00 01 00 00 00 1F 00 04 C3 71 D6 E6 C0 33 00 01 00 01 00 00 00 1F 00 04 C3 71 D6 D3 C0 33 00 01 00 01 00 00 00 1F 00 04 C3 71 D6 DB C0 33 00 01 00 01 00 00 00 1F 00 04 C3 71 D6 ED C0 33 00 01 00 01 00 00 00 1F 00 04 C3 71 D6 FB C0 33 00 01 00 01 00 00 00 1F 00 04 C3 71 D6 DE C0 33 00 01 00 01 00 00 00 1F 00 04 C3 71 D6 F1 C0 33 00 01 00 01 00 00 00 1F 00 04 C3 71 D6 DD C0 33 00 01 00 01 00 00 00 1F 00 04 C3 71 D6 E2 C0 33 00 01 00 01 00 00 00 1F 00 04 C3 71 D6 CF C0 33 00 01 00 01 00 00 00 1F 00 04 C3 71 D6 F9 C0 33 00 01 00 01 00 00 00 1F 00 04 C3 71 D6 EA C0 17 00 02 00 01 00 01 8F 65 00 06 03 6E 73 31 C0 17 C0 17 00 02 00 01 00 01 8F 65 00 06 03 6E 73 32 C0 17 C0 17 00 02 00 01 00 01 8F 65 00 06 03 6E 73 33 C0 17 C0 17 00 02 00 01 00 01 8F 65 00 06 03 6E 73 34 C0 17 C1 38 00 01 00 01 00 04 32 65 00 04 D8 EF 20 0A C1 4A 00 01 00 01 00 04 32 65 00 04 D8 EF 22 0A C1 5C 00 01 00 01 00 04 32 65 00 04 D8 EF 24 0A C1 6E 00 01 00 01 00 04 32 65 00 04 D8 EF 26 0A
45 00 00 44 EB 90 40 00 40 11 85 39 93 20 53 35 93 20 50 69 7D 92 00 35 00 30 CA 20 55 59 01 00 00 01 00 00 00 00 00 00 03 77 77 77 0E 66 6F 72 65 78 2D 62 6C 6F 67 67 65 72 73 03 63 6F 6D 00 00 01 00 01
45 00 01 C1 97 7F 00 00 40 11 17 CE 93 20 50 69 93 20 53 35 00 35 3C A3 01 AD 6C A4 C5 89 81 80 00 01 00 04 00 08 00 08 04 69 6D 67 32 08 69 6D 61 67 65 73 62 6E 03 63 6F 6D 00 00 01 00 01 C0 0C 00 05 00 01 00 00 03 84 00 29 06 69 6D 61 67 65 73 0E 62 61 72 6E 65 73 61 6E 64 6E 6F 62 6C 65 03 63 6F 6D 09 65 64 67 65 73 75 69 74 65 03 6E 65 74 00 C0 2F 00 05 00 01 00 00 54 60 00 11 05 61 31 39 35 35 01 62 06 61 6B 61 6D 61 69 C0 53 C0 64 00 01 00 01 00 00 00 14 00 04 D5 9B 9E 29 C0 64 00 01 00 01 00 00 00 14 00 04 D5 9B 9E 33 C0 6A 00 02 00 01 00 00 3C C5 00 06 03 6E 33 62 C0 6C C0 6A 00 02 00 01 00 00 3C C5 00 06 03 6E 30 62 C0 6C C0 6A 00 02 00 01 00 00 3C C5 00 06 03 6E 32 62 C0 6C C0 6A 00 02 00 01 00 00 3C C5 00 06 03 6E 35 62 C0 6C C0 6A 00 02 00 01 00 00 3C C5 00 06 03 6E 34 62 C0 6C C0 6A 00 02 00 01 00 00 3C C5 00 06 03 6E 37 62 C0 6C C0 6A 00 02 00 01 00 00 3C C5 00 06 03 6E 36 62 C0 6C C0 6A 00 02 00 01 00 00 3C C5 00 06 03 6E 31 62 C0 6C C0 B3 00 01 00 01 00 00 3C C5 00 04 17 3E ED 6D C1 1F 00 01 00 01 00 00 66 F5 00 04 C3 71 E8 56 C0 C5 00 01 00 01 00 00 91 25 00 04 50 EF 94 63 C0 A1 00 01 00 01 00 00 3C C5 00 04 58 DD 51 C1 C0 E9 00 01 00 01 00 00 10 DD 00 04 17 3E ED 6C C0 D7 00 01 00 01 00 00 3B 0D 00 04 17 3E ED 72 C1 0D 00 01 00 01 00 00 3C C5 00 04 17 3E ED 74 C0 FB 00 01 00 01 00 00 10 DD 00 04 17 3E ED 73
45 00 00 3C EB AF 40 00 40 11 85 22 93 20 53 35 93 20 50 69 0F 27 00 35 00 28 CA 18 82 F6 01 00 00 01 00 00 00 00 00 00 03 77 77 77 06 70 72 6F 63 2D 78 03 63 6F 6D 00 00 01 00 01
45 00 00 9B 97 81 00 00 40 11 18 F2 93 20 50 69 93 20 53 35 00 35 C1 64 00 87 C6 90 16 7C 81 80 00 01 00 01 00 02 00 02 03 77 77 77 08 65 78 65 67 65 74 69 63 03 62 69 7A 00 00 01 00 01 C0 0C 00 01 00 01 00 00 0E 10 00 04 42 60 93 9F C0 10 00 02 00 01 00 00 1C 20 00 0F 03 4E 53 32 05 49 50 41 47 45 03 43 4F 4D 00 C0 10 00 02 00 01 00 00 1C 20 00 06 03 4E 53 31 C0 42 C0 59 00 01 00 01 00 00 09 16 00 04 42 60 8E 74 C0 3E 00 01 00 01 00 00 09 16 00 04 41 FE FE 97
45 00 00 40 EB B0 40 00 40 11 85 1D 93 20 53 35 93 20 50 69 B7 6C 00 35 00 2C CA 1C C1 AD 01 00 00 01 00 00 00 00 00 00 03 77 77 77 0A 74 68 65 72 74 72 61 64 65 72 03 63 6F 6D 00 00 01 00 01
45 00 00 96 97 84 00 00 40 11 18 F4 93 20 50 69 93 20 53 35 00 35 70 65 00 82 01 A8 B4 B7 81 80 00 01 00 01 00 02 00 02 06 73 74 61 74 69 6C 03 6F 72 67 00 00 01 00 01 C0 0C 00 01 00 01 00 00 0E 10 00 04 AE 7A 3F 66 C0 0C 00 02 00 01 00 00 0E 10 00 0F 03 64 6E 73 05 73 69 74 65 35 03 63 6F 6D 00 C0 0C 00 02 00 01 00 00 0E 10 00 07 04 64 6E 73 32 C0 3C C0 38 00 01 00 01 00 02 1C BD 00 04 4A 35 04 86 C0 53 00 01 00 01 00 02 1C BD 00 04 4A 35 06 26
45 00 00 4E EB B7 40 00 40 11 85 08 93 20 53 35 93 20 50 69 B8 6B 00 35 00 3A CA 2A 8D 29 01 00 00 01 00 00 00 00 00 00 14 72 65 76 6F 6C 75 74 69 6F 6E 2D 63 6F 6D 70 75 74 69 6E 67 07 74 79 70 65 70 61 64 03 63 6F 6D 00 00 01 00 01
45 00 01 7E 97 86 00 00 40 11 18 0A 93 20 50 69 93 20 53 35 00 35 4B F6 01 6A 6D 3F D6 10 81 80 00 01 00 07 00 06 00 06 05 66 65 65 64 73 09 77 6F 72 64 70 72 65 73 73 03 63 6F 6D 00 00 01 00 01 C0 0C 00 05 00 01 00 00 38 40 00 05 02 6C 62 C0 12 C0 31 00 01 00 01 00 00 01 2C 00 04 4C 4A FE 78 C0 31 00 01 00 01 00 00 01 2C 00 04 4C 4A FE 7B C0 31 00 01 00 01 00 00 01 2C 00 04 C0 00 50 FA C0 31 00 01 00 01 00 00 01 2C 00 04 C0 00 51 FA C0 31 00 01 00 01 00 00 01 2C 00 04 42 9B 0B EE C0 31 00 01 00 01 00 00 01 2C 00 04 42 9B 09 EE C0 12 00 02 00 01 00 00 04 C9 00 06 03 6E 73 36 C0 12 C0 12 00 02 00 01 00 00 04 C9 00 06 03 6E 73 34 C0 12 C0 12 00 02 00 01 00 00 04 C9 00 06 03 6E 73 33 C0 12 C0 12 00 02 00 01 00 00 04 C9 00 06 03 6E 73 35 C0 12 C0 12 00 02 00 01 00 00 04 C9 00 06 03 6E 73 31 C0 12 C0 12 00 02 00 01 00 00 04 C9 00 06 03 6E 73 32 C0 12 C0 EA 00 01 00 01 00 02 2E 08 00 04 48 E9 45 0E C0 FC 00 01 00 01 00 02 2E 08 00 04 45 AE F8 94 C0 C6 00 01 00 01 00 02 2E 08 00 04 CF C6 70 2F C0 B4 00 01 00 01 00 02 2E 08 00 04 48 E9 68 62 C0 D8 00 01 00 01 00 02 2E 08 00 04 45 AE F8 95 C0 A2 00 01 00 01 00 02 2E 08 00 04 CF C6 70 30
45 00 00 3D EB BE 40 00 40 11 85 12 93 20 53 35 93 20 50 69 1E 1A 00 35 00 29 CA 19 A8 19 01 00 00 01 00 00 00 00 00 00 0B 34 64 70 69 65 63 68 61 72 74 73 03 63 6F 6D 00 00 01 00 01
45 00 00 E7 97 89 00 00 40 11 18 9E 93 20 50 69 93 20 53 35 00 35 0F 27 00 D3 D0 D5 82 F6 81 80 00 01 00 02 00 02 00 04 03 77 77 77 06 70 72 6F 63 2D 78 03 63 6F 6D 00 00 01 00 01 C0 0C 00 01 00 01 00 00 01 2C 00 04 6C A2 C5 38 C0 0C 00 01 00 01 00 00 01 2C 00 04 6C A2 C4 38 C0 10 00 02 00 01 00 02 34 1D 00 15 04 64 6F 72 61 02 6E 73 0A 63 6C 6F 75 64 66 6C 61 72 65 C0 17 C0 10 00 02 00 01 00 02 34 1D 00 06 03 62 65 6E C0 51 C0 6D 00 01 00 01 00 02 34 1D 00 04 AD F5 3B 67 C0 6D 00 1C 00 01 00 02 34 1D 00 10 24 00 CB 00 20 49 00 01 00 00 00 00 AD F5 3B 67 C0 4C 00 01 00 01 00 02 2F 6B 00 04 AD F5 3A 6C C0 4C 00 1C 00 01 00 02 2F 6B 00 10 24 00 CB 00 20 49 00 01 00 00 00 00 AD F5 3A 6C
45 00 00 42 EB CB 40 00 40 11 85 00 93 20 53 35 93 20 50 69 F0 33 00 35 00 2E CA 1E 5E 88 01 00 00 01 00 00 00 00 00 00 08 70 6C 61 74 66 6F 72 6D 07 74 77 69 74 74 65 72 03 63 6F 6D 00 00 01 00 01
45 00 00 BD 97 8C 00 00 40 11 18 C5 93 20 50 69 93 20 53 35 00 35 F0 33 00 A9 28 6D 5E 88 81 80 00 01 00 02 00 02 00 02 08 70 6C 61 74 66 6F 72 6D 07 74 77 69 74 74 65 72 03 63 6F 6D 00 00 01 00 01 C0 0C 00 05 00 01 00 00 00 1E 00 1B 05 63 73 31 30 37 03 77 61 63 0B 65 64 67 65 63 61 73 74 63 64 6E 03 6E 65 74 00 C0 32 00 01 00 01 00 00 0E 10 00 04 44 E8 23 8B C0 3C 00 02 00 01 00 01 8F DB 00 06 03 6E 73 31 C0 3C C0 3C 00 02 00 01 00 01 8F DB 00 06 03 6E 73 32 C0 3C C0 69 00 01 00 01 00 01 8F DB 00 04 48 15 50 05 C0 7B 00 01 00 01 00 01 8F DB 00 04 48 15 50 06
45 00 00 4B EB D2 40 00 40 11 84 F0 93 20 53 35 93 20 50 69 D9 A4 00 35 00 37 CA 27 36 E3 01 00 00 01 00 00 00 00 00 00 10 61 64 69 73 74 61 6E 74 6F 62 73 65 72 76 65 72 08 62 6C 6F 67 73 70 6F 74 03 63 6F 6D 00 00 01 00 01
45 00 01 15 97 8E 00 00 40 11 18 6B 93 20 50 69 93 20 53 35 00 35 D9 A4 01 01 38 07 36 E3 81 80 00 01 00 02 00 04 00 04 10 61 64 69 73 74 61 6E 74 6F 62 73 65 72 76 65 72 08 62 6C 6F 67 73 70 6F 74 03 63 6F 6D 00 00 01 00 01 C0 0C 00 05 00 01 00 00 0E 10 00 1F 08 62 6C 6F 67 73 70 6F 74 01 6C 11 67 6F 6F 67 6C 65 75 73 65 72 63 6F 6E 74 65 6E 74 C0 26 C0 3B 00 01 00 01 00 00 00 2D 00 04 AD C2 46 84 C0 46 00 02 00 01 00 01 92 CC 00 0D 03 6E 73 32 06 67 6F 6F 67 6C 65 C0 26 C0 46 00 02 00 01 00 01 92 CC 00 06 03 6E 73 31 C0 7A C0 46 00 02 00 01 00 01 92 CC 00 06 03 6E 73 33 C0 7A C0 46 00 02 00 01 00 01 92 CC 00 06 03 6E 73 34 C0 7A C0 8F 00 01 00 01 00 04 32 65 00 04 D8 EF 20 0A C0 76 00 01 00 01 00 04 32 65 00 04 D8 EF 22 0A C0 A1 00 01 00 01 00 04 32 65 00 04 D8 EF 24 0A C0 B3 00 01 00 01 00 04 32 65 00 04 D8 EF 26 0A
45 00 00 42 EB D5 40 00 40 11 84 F6 93 20 53 35 93 20 50 69 BD 4A 00 35 00 2E CA 1E B0 64 01 00 00 01 00 00 00 00 00 00 07 63 6F 6E 6E 65 63 74 08 66 61 63 65 62 6F 6F 6B 03 6E 65 74 00 00 01 00 01
45 00 01 D2 97 90 00 00 40 11 17 AC 93 20 50 69 93 20 53 35 00 35 BD 4A 01 BE EC 1D B0 64 81 80 00 01 00 03 00 08 00 08 07 63 6F 6E 6E 65 63 74 08 66 61 63 65 62 6F 6F 6B 03 6E 65 74 00 00 01 00 01 C0 0C 00 05 00 01 00 00 02 C3 00 1F 07 63 6F 6E 6E 65 63 74 08 66 61 63 65 62 6F 6F 6B 03 6E 65 74 07 65 64 67 65 6B 65 79 C0 1D C0 32 00 05 00 01 00 00 01 19 00 19 05 65 33 38 32 31 05 64 73 70 65 31 0A 61 6B 61 6D 61 69 65 64 67 65 C0 1D C0 5D 00 01 00 01 00 00 00 14 00 04 17 3F 4F 8B C0 63 00 02 00 01 00 00 26 7F 00 0A 07 6E 33 64 73 70 65 31 C0 69 C0 63 00 02 00 01 00 00 26 7F 00 0A 07 6E 35 64 73 70 65 31 C0 69 C0 63 00 02 00 01 00 00 26 7F 00 0A 07 6E 32 64 73 70 65 31 C0 69 C0 63 00 02 00 01 00 00 26 7F 00 0A 07 6E 30 64 73 70 65 31 C0 69 C0 63 00 02 00 01 00 00 26 7F 00 0A 07 6E 37 64 73 70 65 31 C0 69 C0 63 00 02 00 01 00 00 26 7F 00 0A 07 6E 36 64 73 70 65 31 C0 69 C0 63 00 02 00 01 00 00 26 7F 00 0A 07 6E 34 64 73 70 65 31 C0 69 C0 63 00 02 00 01 00 00 26 7F 00 0A 07 6E 31 64 73 70 65 31 C0 69 C0 D4 00 01 00 01 00 00 26 7F 00 04 4D 43 60 6C C1 2C 00 01 00 01 00 00 50 AF 00 04 50 0F EB B0 C0 BE 00 01 00 01 00 00 7A DF 00 04 58 DD 51 C0 C0 92 00 01 00 01 00 00 26 7F 00 04 17 3E ED 8A C1 16 00 01 00 01 00 00 50 AF 00 04 C1 6C 5E A8 C0 A8 00 01 00 01 00 00 7A DF 00 04 17 3E ED 8B C1 00 00 01 00 01 00 00 26 7F 00 04 17 3E ED 8C C0 EA 00 01 00 01 00 00 50 AF 00 04 17 3E ED 89
45 00 00 45 EB D5 40 00 40 11 84 F3 93 20 53 35 93 20 50 69 6E 79 00 35 00 31 CA 21 34 35 01 00 00 01 00 00 00 00 00 00 0A 61 6C 6C 74 68 69 6E 67 73 72 08 62 6C 6F 67 73 70 6F 74 03 63 6F 6D 00 00 01 00 01
45 00 01 0F 97 92 00 00 40 11 18 6D 93 20 50 69 93 20 53 35 00 35 6E 79 00 FB 29 4E 34 35 81 80 00 01 00 02 00 04 00 04 0A 61 6C 6C 74 68 69 6E 67 73 72 08 62 6C 6F 67 73 70 6F 74 03 63 6F 6D 00 00 01 00 01 C0 0C 00 05 00 01 00 00 0E 10 00 1F 08 62 6C 6F 67 73 70 6F 74 01 6C 11 67 6F 6F 67 6C 65 75 73 65 72 63 6F 6E 74 65 6E 74 C0 20 C0 35 00 01 00 01 00 00 00 2D 00 04 AD C2 46 84 C0 40 00 02 00 01 00 01 92 CC 00 0D 03 6E 73 33 06 67 6F 6F 67 6C 65 C0 20 C0 40 00 02 00 01 00 01 92 CC 00 06 03 6E 73 31 C0 74 C0 40 00 02 00 01 00 01 92 CC 00 06 03 6E 73 32 C0 74 C0 40 00 02 00 01 00 01 92 CC 00 06 03 6E 73 34 C0 74 C0 89 00 01 00 01 00 04 32 65 00 04 D8 EF 20 0A C0 9B 00 01 00 01 00 04 32 65 00 04 D8 EF 22 0A C0 70 00 01 00 01 00 04 32 65 00 04 D8 EF 24 0A C0 AD 00 01 00 01 00 04 32 65 00 04 D8 EF 26 0A
45 00 00 3D EB D8 40 00 40 11 84 F8 93 20 53 35 93 20 50 69 6C 58 00 35 00 29 CA 19 87 C2 01 00 00 01 00 00 00 00 00 00 05 6A 61 73 6F 6E 05 62 72 79 65 72 03 6F 72 67 00 00 01 00 01
45 00 00 EF 97 96 00 00 40 11 18 89 93 20 50 69 93 20 53 35 00 35 7D 92 00 DB 2A 49 55 59 81 80 00 01 00 02 00 02 00 04 03 77 77 77 0E 66 6F 72 65 78 2D 62 6C 6F 67 67 65 72 73 03 63 6F 6D 00 00 01 00 01 C0 0C 00 01 00 01 00 00 01 2C 00 04 6C A2 C6 8E C0 0C 00 01 00 01 00 00 01 2C 00 04 6C A2 C7 8E C0 10 00 02 00 01 00 02 34 1D 00 15 04 63 61 72 6C 02 6E 73 0A 63 6C 6F 75 64 66 6C 61 72 65 C0 1F C0 10 00 02 00 01 00 02 34 1D 00 06 03 7A 6F 65 C0 59 C0 75 00 01 00 01 00 02 34 1D 00 04 AD F5 3A 95 C0 75 00 1C 00 01 00 02 34 1D 00 10 24 00 CB 00 20 49 00 01 00 00 00 00 AD F5 3A 95 C0 54 00 01 00 01 00 02 34 1D 00 04 AD F5 3B 6A C0 54 00 1C 00 01 00 02 34 1D 00 10 24 00 CB 00 20 49 00 01 00 00 00 00 AD F5 3B 6A
45 00 00 45 EB E3 40 00 40 11 84 E5 93 20 53 35 93 20 50 69 ED 1C 00 35 00 31 CA 21 85 1B 01 00 00 01 00 00 00 00 00 00 0A 66 62 73 74 61 74 69 63 2D 61 08 61 6B 61 6D 61 69 68 64 03 6E 65 74 00 00 01 00 01
45 00 01 0D 97 98 00 00 40 11 18 69 93 20 50 69 93 20 53 35 00 35 1E 1A 00 F9 A8 F9 A8 19 81 80 00 01 00 06 00 03 00 03 0B 34 64 70 69 65 63 68 61 72 74 73 03 63 6F 6D 00 00 01 00 01 C0 0C 00 01 00 01 00 00 01 2C 00 04 C0 00 50 FA C0 0C 00 01 00 01 00 00 01 2C 00 04 42 9B 09 EE C0 0C 00 01 00 01 00 00 01 2C 00 04 42 9B 0B EE C0 0C 00 01 00 01 00 00 01 2C 00 04 4C 4A FE 78 C0 0C 00 01 00 01 00 00 01 2C 00 04 4C 4A FE 7B C0 0C 00 01 00 01 00 00 01 2C 00 04 C0 00 51 FA C0 0C 00 02 00 01 00 00 38 40 00 10 03 6E 73 31 09 77 6F 72 64 70 72 65 73 73 C0 18 C0 0C 00 02 00 01 00 00 38 40 00 06 03 6E 73 33 C0 91 C0 0C 00 02 00 01 00 00 38 40 00 06 03 6E 73 32 C0 91 C0 8D 00 01 00 01 00 02 2E 08 00 04 48 E9 45 0E C0 BB 00 01 00 01 00 02 2E 08 00 04 45 AE F8 94 C0 A9 00 01 00 01 00 02 2E 08 00 04 CF C6 70 2F
45 00 00 42 EB E4 40 00 40 11 84 E7 93 20 53 35 93 20 50 69 DC F6 00 35 00 2E CA 1E C4 87 01 00 00 01 00 00 00 00 00 00 07 61 6C 73 74 61 74 72 08 62 6C 6F 67 73 70 6F 74 03 63 6F 6D 00 00 01 00 01
45 00 00 CD 97 9B 00 00 40 11 18 A6 93 20 50 69 93 20 53 35 00 35 B8 6B 00 B9 25 32 8D 29 81 80 00 01 00 01 00 03 00 03 14 72 65 76 6F 6C 75 74 69 6F 6E 2D 63 6F 6D 70 75 74 69 6E 67 07 74 79 70 65 70 61 64 03 63 6F 6D 00 00 01 00 01 C0 0C 00 01 00 01 00 01 51 80 00 04 CC 09 B1 C3 C0 21 00 02 00 01 00 00 E1 3C 00 0F 03 6E 73 31 08 73 61 79 6D 65 64 69 61 C0 29 C0 21 00 02 00 01 00 00 E1 3C 00 06 03 6E 73 32 C0 52 C0 21 00 02 00 01 00 00 E1 3C 00 06 03 6E 73 33 C0 52 C0 4E 00 01 00 01 00 02 32 BB 00 04 CC 09 B2 09 C0 69 00 01 00 01 00 02 32 BB 00 04 CC 09 B2 4B C0 7B 00 01 00 01 00 02 32 BB 00 04 43 13 7B 52
45 00 00 4A EB E6 40 00 40 11 84 DD 93 20 53 35 93 20 50 69 77 BE 00 35 00 36 CA 26 9D B0 01 00 00 01 00 00 00 00 00 00 0F 66 62 63 64 6E 2D 70 72 6F 66 69 6C 65 2D 61 08 61 6B 61 6D 61 69 68 64 03 6E 65 74 00 00 01 00 01
45 00 01 0C 97 9D 00 00 40 11 18 65 93 20 50 69 93 20 53 35 00 35 DC F6 00 F8 7A 9F C4 87 81 80 00 01 00 02 00 04 00 04 07 61 6C 73 74 61 74 72 08 62 6C 6F 67 73 70 6F 74 03 63 6F 6D 00 00 01 00 01 C0 0C 00 05 00 01 00 00 0E 10 00 1F 08 62 6C 6F 67 73 70 6F 74 01 6C 11 67 6F 6F 67 6C 65 75 73 65 72 63 6F 6E 74 65 6E 74 C0 1D C0 32 00 01 00 01 00 00 00 2D 00 04 AD C2 46 84 C0 3D 00 02 00 01 00 01 92 CC 00 0D 03 6E 73 32 06 67 6F 6F 67 6C 65 C0 1D C0 3D 00 02 00 01 00 01 92 CC 00 06 03 6E 73 34 C0 71 C0 3D 00 02 00 01 00 01 92 CC 00 06 03 6E 73 33 C0 71 C0 3D 00 02 00 01 00 01 92 CC 00 06 03 6E 73 31 C0 71 C0 AA 00 01 00 01 00 04 32 65 00 04 D8 EF 20 0A C0 6D 00 01 00 01 00 04 32 65 00 04 D8 EF 22 0A C0 98 00 01 00 01 00 04 32 65 00 04 D8 EF 24 0A C0 86 00 01 00 01 00 04 32 65 00 04 D8 EF 26 0A
45 00 00 54 EB E6 40 00 40 11 84 D3 93 20 53 35 93 20 50 69 5A 7A 00 35 00 40 CA 30 DA EA 01 00 00 01 00 00 00 00 00 00 19 61 6E 61 6C 79 74 69 63 73 61 6E 64 76 69 73 75 61 6C 69 7A 61 74 69 6F 6E 08 62 6C 6F 67 73 70 6F 74 03 63 6F 6D 00 00 01 00 01
45 00 01 E9 97 A1 00 00 40 11 17 84 93 20 50 69 93 20 53 35 00 35 ED 1C 01 D5 77 4C 85 1B 81 80 00 01 00 04 00 08 00 08 0A 66 62 73 74 61 74 69 63 2D 61 08 61 6B 61 6D 61 69 68 64 03 6E 65 74 00 00 01 00 01 C0 0C 00 05 00 01 00 00 01 2C 00 24 0A 66 62 73 74 61 74 69 63 2D 61 08 61 6B 61 6D 61 69 68 64 03 6E 65 74 09 65 64 67 65 73 75 69 74 65 C0 20 C0 35 00 05 00 01 00 00 01 68 00 14 05 61 31 31 36 38 04 64 73 77 34 06 61 6B 61 6D 61 69 C0 20 C0 65 00 01 00 01 00 00 00 14 00 04 C3 71 E8 48 C0 65 00 01 00 01 00 00 00 14 00 04 C3 71 E8 59 C0 6B 00 02 00 01 00 00 26 7F 00 09 06 6E 33 64 73 77 34 C0 70 C0 6B 00 02 00 01 00 00 26 7F 00 09 06 6E 36 64 73 77 34 C0 70 C0 6B 00 02 00 01 00 00 26 7F 00 09 06 6E 32 64 73 77 34 C0 70 C0 6B 00 02 00 01 00 00 26 7F 00 09 06 6E 34 64 73 77 34 C0 70 C0 6B 00 02 00 01 00 00 26 7F 00 09 06 61 30 64 73 77 34 C0 70 C0 6B 00 02 00 01 00 00 26 7F 00 09 06 6E 35 64 73 77 34 C0 70 C0 6B 00 02 00 01 00 00 26 7F 00 09 06 6E 31 64 73 77 34 C0 70 C0 6B 00 02 00 01 00 00 26 7F 00 09 06 6E 30 64 73 77 34 C0 70 C0 F9 00 1C 00 01 00 00 7A DF 00 10 2A 02 26 F0 00 32 F0 00 F5 07 01 B3 92 93 51 DA C1 38 00 01 00 01 00 00 26 7F 00 04 5C 7A D9 05 C1 23 00 01 00 01 00 00 50 AF 00 04 D5 FE F5 0A C0 CF 00 01 00 01 00 00 26 7F 00 04 50 EF CE 85 C0 A5 00 01 00 01 00 00 50 AF 00 04 58 DD 51 C3 C0 E4 00 01 00 01 00 00 7A DF 00 04 5C 7A D9 04 C1 0E 00 01 00 01 00 00 26 7F 00 04 5C 7A D9 0C C0 BA 00 01 00 01 00 00 50 AF 00 04 5C 7A D9 0A
45 00 00 49 EB E8 40 00 40 11 84 DC 93 20 53 35 93 20 50 69 76 E3 00 35 00 35 CA 25 0D 6E 01 00 00 01 00 00 00 00 00 00 0D 61 6E 72 70 72 6F 67 72 61 6D 6D 65 72 09 77 6F 72 64 70 72 65 73 73 03 63 6F 6D 00 00 01 00 01
45 00 02 12 97 A5 00 00 40 11 17 57 93 20 50 69 93 20 53 35 00 35 77 BE 01 FE 65 7E 9D B0 81 80 00 01 00 0C 00 08 00 00 0F 66 62 63 64 6E 2D 70 72 6F 66 69 6C 65 2D 61 08 61 6B 61 6D 61 69 68 64 03 6E 65 74 00 00 01 00 01 C0 0C 00 05 00 01 00 00 01 2C 00 29 0F 66 62 63 64 6E 2D 70 72 6F 66 69 6C 65 2D 61 08 61 6B 61 6D 61 69 68 64 03 6E 65 74 09 65 64 67 65 73 75 69 74 65 C0 25 C0 3A 00 05 00 01 00 00 00 B4 00 2F 0F 66 62 63 64 6E 2D 70 72 6F 66 69 6C 65 2D 61 02 61 6B 05 66 62 63 64 6E 08 61 6B 61 6D 61 69 68 64 03 6E 65 74 06 61 6B 61 64 6E 73 C0 25 C0 6F 00 05 00 01 00 00 00 3C 00 14 05 61 32 30 34 37 04 64 73 70 6C 06 61 6B 61 6D 61 69 C0 25 C0 AA 00 01 00 01 00 00 00 14 00 04 17 3E ED 18 C0 AA 00 01 00 01 00 00 00 14 00 04 17 3E ED 37 C0 AA 00 01 00 01 00 00 00 14 00 04 17 3E ED 2F C0 AA 00 01 00 01 00 00 00 14 00 04 17 3E ED 50 C0 AA 00 01 00 01 00 00 00 14 00 04 17 3E ED 26 C0 AA 00 01 00 01 00 00 00 14 00 04 17 3E ED 1F C0 AA 00 01 00 01 00 00 00 14 00 04 17 3E ED 16 C0 AA 00 01 00 01 00 00 00 14 00 04 17 3E ED 38 C0 AA 00 01 00 01 00 00 00 14 00 04 17 3E ED 39 C0 B0 00 02 00 01 00 00 26 D4 00 09 06 6E 32 64 73 70 6C C0 B5 C0 B0 00 02 00 01 00 00 26 D4 00 09 06 6E 30 64 73 70 6C C0 B5 C0 B0 00 02 00 01 00 00 26 D4 00 09 06 6E 36 64 73 70 6C C0 B5 C0 B0 00 02 00 01 00 00 26 D4 00 09 06 6E 37 64 73 70 6C C0 B5 C0 B0 00 02 00 01 00 00 26 D4 00 09 06 6E 34 64 73 70 6C C0 B5 C0 B0 00 02 00 01 00 00 26 D4 00 09 06 6E 31 64 73 70 6C C0 B5 C0 B0 00 02 00 01 00 00 26 D4 00 09 06 6E 35 64 73 70 6C C0 B5 C0 B0 00 02 00 01 00 00 26 D4 00 09 06 6E 33 64 73 70 6C C0 B5
45 00 01 1E 97 A6 00 00 40 11 18 4A 93 20 50 69 93 20 53 35 00 35 5A 7A 01 0A CF 03 DA EA 81 80 00 01 00 02 00 04 00 04 19 61 6E 61 6C 79 74 69 63 73 61 6E 64 76 69 73 75 61 6C 69 7A 61 74 69 6F 6E 08 62 6C 6F 67 73 70 6F 74 03 63 6F 6D 00 00 01 00 01 C0 0C 00 05 00 01 00 00 0E 10 00 1F 08 62 6C 6F 67 73 70 6F 74 01 6C 11 67 6F 6F 67 6C 65 75 73 65 72 63 6F 6E 74 65 6E 74 C0 2F C0 44 00 01 00 01 00 00 00 2D 00 04 AD C2 46 84 C0 4F 00 02 00 01 00 01 92 CC 00 0D 03 6E 73 34 06 67 6F 6F 67 6C 65 C0 2F C0 4F 00 02 00 01 00 01 92 CC 00 06 03 6E 73 32 C0 83 C0 4F 00 02 00 01 00 01 92 CC 00 06 03 6E 73 33 C0 83 C0 4F 00 02 00 01 00 01 92 CC 00 06 03 6E 73 31 C0 83 C0 BC 00 01 00 01 00 04 32 65 00 04 D8 EF 20 0A C0 98 00 01 00 01 00 04 32 65 00 04 D8 EF 22 0A C0 AA 00 01 00 01 00 04 32 65 00 04 D8 EF 24 0A C0 7F 00 01 00 01 00 04 32 65 00 04 D8 EF 26 0A
45 00 00 37 EB EC 40 00 40 11 84 EA 93 20 53 35 93 20 50 69 C0 ED 00 35 00 23 CA 13 37 9E 01 00 00 01 00 00 00 00 00 00 02 73 30 02 77 70 03 63 6F 6D 00 00 01 00 01
45 00 01 92 97 A7 00 00 40 11 17 D5 93 20 50 69 93 20 53 35 00 35 6B E4 01 7E 56 5A 60 3D 81 80 00 01 00 0D 00 02 00 04 01 69 05 69 6D 67 75 72 03 63 6F 6D 00 00 01 00 01 C0 0C 00 05 00 01 00 00 01 2C 00 02 C0 0E C0 0E 00 01 00 01 00 00 01 2C 00 04 67 1F 06 B8 C0 0E 00 01 00 01 00 00 01 2C 00 04 67 1F 07 B8 C0 0E 00 01 00 01 00 00 01 2C 00 04 67 1F 06 21 C0 0E 00 01 00 01 00 00 01 2C 00 04 67 1F 07 21 C0 0E 00 01 00 01 00 00 01 2C 00 04 67 1F 06 22 C0 0E 00 01 00 01 00 00 01 2C 00 04 67 1F 07 23 C0 0E 00 01 00 01 00 00 01 2C 00 04 67 1F 06 23 C0 0E 00 01 00 01 00 00 01 2C 00 04 67 1F 06 20 C0 0E 00 01 00 01 00 00 01 2C 00 04 67 1F 07 1F C0 0E 00 01 00 01 00 00 01 2C 00 04 67 1F 07 22 C0 0E 00 01 00 01 00 00 01 2C 00 04 67 1F 06 24 C0 0E 00 01 00 01 00 00 01 2C 00 04 67 1F 07 20 C0 0E 00 02 00 01 00 02 1D 09 00 15 04 6E 6F 61 68 02 6E 73 0A 63 6C 6F 75 64 66 6C 61 72 65 C0 14 C0 0E 00 02 00 01 00 02 1D 09 00 06 03 73 75 65 C0 FC C1 18 00 01 00 01 00 02 1D 09 00 04 AD F5 3A 91 C1 18 00 1C 00 01 00 02 1D 09 00 10 24 00 CB 00 20 49 00 01 00 00 00 00 AD F5 3A 91 C0 F7 00 01 00 01 00 02 1D 09 00 04 AD F5 3B 85 C0 F7 00 1C 00 01 00 02 1D 09 00 10 24 00 CB 00 20 49 00 01 00 00 00 00 AD F5 3B 85
45 00 00 4E EB EC 40 00 40 11 84 D3 93 20 53 35 93 20 50 69 87 6F 00 35 00 3A CA 2A EC 65 01 00 00 01 00 00 00 00 00 00 13 61 6E 79 74 68 69 6E 67 62 75 74 72 62 69 74 72 61 72 79 08 62 6C 6F 67 73 70 6F 74 03 63 6F 6D 00 00 01 00 01
45 00 00 51 EB EC 40 00 40 11 84 D0 93 20 53 35 93 20 50 69 1A FB 00 35 00 3D CA 2D 87 F0 01 00 00 01 00 00 00 00 00 00 16 61 70 68 79 73 69 63 69 73 74 69 6E 77 61 6C 6C 73 74 72 65 65 74 08 62 6C 6F 67 73 70 6F 74 03 63 6F 6D 00 00 01 00 01
45 00 01 18 97 AB 00 00 40 11 18 4B 93 20 50 69 93 20 53 35 00 35 87 6F 01 04 E2 1B EC 65 81 80 00 01 00 02 00 04 00 04 13 61 6E 79 74 68 69 6E 67 62 75 74 72 62 69 74 72 61 72 79 08 62 6C 6F 67 73 70 6F 74 03 63 6F 6D 00 00 01 00 01 C0 0C 00 05 00 01 00 00 0E 10 00 1F 08 62 6C 6F 67 73 70 6F 74 01 6C 11 67 6F 6F 67 6C 65 75 73 65 72 63 6F 6E 74 65 6E 74 C0 29 C0 3E 00 01 00 01 00 00 00 2D 00 04 AD C2 46 84 C0 49 00 02 00 01 00 01 92 CC 00 0D 03 6E 73 33 06 67 6F 6F 67 6C 65 C0 29 C0 49 00 02 00 01 00 01 92 CC 00 06 03 6E 73 34 C0 7D C0 49 00 02 00 01 00 01 92 CC 00 06 03 6E 73 31 C0 7D C0 49 00 02 00 01 00 01 92 CC 00 06 03 6E 73 32 C0 7D C0 A4 00 01 00 01 00 04 32 65 00 04 D8 EF 20 0A C0 B6 00 01 00 01 00 04 32 65 00 04 D8 EF 22 0A C0 79 00 01 00 01 00 04 32 65 00 04 D8 EF 24 0A C0 92 00 01 00 01 00 04 32 65 00 04 D8 EF 26 0A
45 00 01 1B 97 AC 00 00 40 11 18 47 93 20 50 69 93 20 53 35 00 35 1A FB 01 07 00 41 87 F0 81 80 00 01 00 02 00 04 00 04 16 61 70 68 79 73 69 63 69 73 74 69 6E 77 61 6C 6C 73 74 72 65 65 74 08 62 6C 6F 67 73 70 6F 74 03 63 6F 6D 00 00 01 00 01 C0 0C 00 05 00 01 00 00 0E 10 00 1F 08 62 6C 6F 67 73 70 6F 74 01 6C 11 67 6F 6F 67 6C 65 75 73 65 72 63 6F 6E 74 65 6E 74 C0 2C C0 41 00 01 00 01 00 00 00 2D 00 04 AD C2 46 84 C0 4C 00 02 00 01 00 01 92 CC 00 0D 03 6E 73 32 06 67 6F 6F 67 6C 65 C0 2C C0 4C 00 02 00 01 00 01 92 CC 00 06 03 6E 73 31 C0 80 C0 4C 00 02 00 01 00 01 92 CC 00 06 03 6E 73 33 C0 80 C0 4C 00 02 00 01 00 01 92 CC 00 06 03 6E 73 34 C0 80 C0 95 00 01 00 01 00 04 32 65 00 04 D8 EF 20 0A C0 7C 00 01 00 01 00 04 32 65 00 04 D8 EF 22 0A C0 A7 00 01 00 01 00 04 32 65 00 04 D8 EF 24 0A C0 B9 00 01 00 01 00 04 32 65 00 04 D8 EF 26 0A
45 00 00 4A EB F1 40 00 40 11 84 D2 93 20 53 35 93 20 50 69 27 64 00 35 00 36 CA 26 81 37 01 00 00 01 00 00 00 00 00 00 08 78 69 61 6E 62 6C 6F 67 05 66 69 6C 65 73 09 77 6F 72 64 70 72 65 73 73 03 63 6F 6D 00 00 01 00 01
45 00 00 44 EB F1 40 00 40 11 84 D8 93 20 53 35 93 20 50 69 CD B6 00 35 00 30 CA 20 C7 45 01 00 00 01 00 00 00 00 00 00 09 62 61 79 65 73 62 61 6C 6C 08 62 6C 6F 67 73 70 6F 74 03 63 6F 6D 00 00 01 00 01
45 00 01 0E 97 AF 00 00 40 11 18 51 93 20 50 69 93 20 53 35 00 35 CD B6 00 FA 3C 95 C7 45 81 80 00 01 00 02 00 04 00 04 09 62 61 79 65 73 62 61 6C 6C 08 62 6C 6F 67 73 70 6F 74 03 63 6F 6D 00 00 01 00 01 C0 0C 00 05 00 01 00 00 0E 10 00 1F 08 62 6C 6F 67 73 70 6F 74 01 6C 11 67 6F 6F 67 6C 65 75 73 65 72 63 6F 6E 74 65 6E 74 C0 1F C0 34 00 01 00 01 00 00 00 2D 00 04 AD C2 46 84 C0 3F 00 02 00 01 00 01 92 CC 00 0D 03 6E 73 34 06 67 6F 6F 67 6C 65 C0 1F C0 3F 00 02 00 01 00 01 92 CC 00 06 03 6E 73 32 C0 73 C0 3F 00 02 00 01 00 01 92 CC 00 06 03 6E 73 31 C0 73 C0 3F 00 02 00 01 00 01 92 CC 00 06 03 6E 73 33 C0 73 C0 9A 00 01 00 01 00 04 32 65 00 04 D8 EF 20 0A C0 88 00 01 00 01 00 04 32 65 00 04 D8 EF 22 0A C0 AC 00 01 00 01 00 04 32 65 00 04 D8 EF 24 0A C0 6F 00 01 00 01 00 04 32 65 00 04 D8 EF 26 0A
45 00 00 43 EB F4 40 00 40 11 84 D6 93 20 53 35 93 20 50 69 3D 25 00 35 00 2F CA 1F DF AB 01 00 00 01 00 00 00 00 00 00 11 62 61 79 65 73 69 61 6E 62 69 6F 6C 6F 67 69 73 74 03 63 6F 6D 00 00 01 00 01
45 00 00 B1 97 B1 00 00 40 11 18 AC 93 20 50 69 93 20 53 35 00 35 C0 ED 00 9D 3D 1C 37 9E 81 80 00 01 00 02 00 02 00 02 02 73 30 02 77 70 03 63 6F 6D 00 00 01 00 01 C0 0C 00 05 00 01 00 00 38 40 00 1A 04 63 73 38 32 03 77 61 63 0B 65 64 67 65 63 61 73 74 63 64 6E 03 6E 65 74 00 C0 27 00 01 00 01 00 00 0D 8C 00 04 5D B8 DC 6F C0 30 00 02 00 01 00 01 8F DB 00 06 03 6E 73 32 C0 30 C0 30 00 02 00 01 00 01 8F DB 00 06 03 6E 73 31 C0 30 C0 6F 00 01 00 01 00 01 8F DB 00 04 48 15 50 05 C0 5D 00 01 00 01 00 01 8F DB 00 04 48 15 50 06
45 00 00 46 EB F8 40 00 40 11 84 CF 93 20 53 35 93 20 50 69 58 A1 00 35 00 32 CA 22 12 81 01 00 00 01 00 00 00 00 00 00 0A 62 65 65 63 68 70 6C 61 6E 65 09 77 6F 72 64 70 72 65 73 73 03 63 6F 6D 00 00 01 00 01
45 00 00 AB 97 B4 00 00 40 11 18 AF 93 20 50 69 93 20 53 35 00 35 B7 6C 00 97 77 AD C1 AD 81 80 00 01 00 02 00 02 00 02 03 77 77 77 0A 74 68 65 72 74 72 61 64 65 72 03 63 6F 6D 00 00 01 00 01 C0 0C 00 05 00 01 00 00 38 40 00 02 C0 10 C0 10 00 01 00 01 00 00 38 40 00 04 42 93 F4 A3 C0 10 00 02 00 01 00 02 A3 00 00 0F 03 6E 73 31 08 62 6C 75 65 68 6F 73 74 C0 1B C0 10 00 02 00 01 00 02 A3 00 00 06 03 6E 73 32 C0 52 C0 4E 00 01 00 01 00 02 1C BE 00 04 4A DC C3 1F C0 69 00 01 00 01 00 02 1C BE 00 04 45 59 10 04
45 00 00 53 EC 0B 40 00 40 11 84 AF 93 20 53 35 93 20 50 69 5A 77 00 35 00 3F CA 2F 0E 4E 01 00 00 01 00 00 00 00 00 00 11 62 61 79 65 73 69 61 6E 62 69 6F 6C 6F 67 69 73 74 05 66 69 6C 65 73 09 77 6F 72 64 70 72 65 73 73 03 63 6F 6D 00 00 01 00 01
45 00 01 13 97 B6 00 00 40 11 18 45 93 20 50 69 93 20 53 35 00 35 3D 25 00 FF FF 52 DF AB 81 80 00 01 00 06 00 03 00 03 11 62 61 79 65 73 69 61 6E 62 69 6F 6C 6F 67 69 73 74 03 63 6F 6D 00 00 01 00 01 C0 0C 00 01 00 01 00 00 01 2C 00 04 42 9B 09 EE C0 0C 00 01 00 01 00 00 01 2C 00 04 4C 4A FE 7B C0 0C 00 01 00 01 00 00 01 2C 00 04 4C 4A FE 78 C0 0C 00 01 00 01 00 00 01 2C 00 04 C0 00 51 FA C0 0C 00 01 00 01 00 00 01 2C 00 04 C0 00 50 FA C0 0C 00 01 00 01 00 00 01 2C 00 04 42 9B 0B EE C0 0C 00 02 00 01 00 01 0F 8A 00 10 03 6E 73 33 09 77 6F 72 64 70 72 65 73 73 C0 1E C0 0C 00 02 00 01 00 01 0F 8A 00 06 03 6E 73 32 C0 97 C0 0C 00 02 00 01 00 01 0F 8A 00 06 03 6E 73 31 C0 97 C0 C1 00 01 00 01 00 02 2E 08 00 04 48 E9 45 0E C0 AF 00 01 00 01 00 02 2E 08 00 04 45 AE F8 94 C0 93 00 01 00 01 00 02 2E 08 00 04 CF C6 70 2F
45 00 00 47 EC 0E 40 00 40 11 84 B8 93 20 53 35 93 20 50 69 50 D1 00 35 00 33 CA 23 87 6E 01 00 00 01 00 00 00 00 00 00 0B 62 65 6E 6D 61 7A 7A 6F 74 74 61 09 77 6F 72 64 70 72 65 73 73 03 63 6F 6D 00 00 01 00 01
45 00 01 86 97 B8 00 00 40 11 17 D0 93 20 50 69 93 20 53 35 00 35 76 E3 01 72 38 7F 0D 6E 81 80 00 01 00 07 00 06 00 06 0D 61 6E 72 70 72 6F 67 72 61 6D 6D 65 72 09 77 6F 72 64 70 72 65 73 73 03 63 6F 6D 00 00 01 00 01 C0 0C 00 05 00 01 00 00 38 40 00 05 02 6C 62 C0 1A C0 39 00 01 00 01 00 00 01 2B 00 04 4C 4A FE 78 C0 39 00 01 00 01 00 00 01 2B 00 04 C0 00 50 FA C0 39 00 01 00 01 00 00 01 2B 00 04 42 9B 0B EE C0 39 00 01 00 01 00 00 01 2B 00 04 42 9B 09 EE C0 39 00 01 00 01 00 00 01 2B 00 04 C0 00 51 FA C0 39 00 01 00 01 00 00 01 2B 00 04 4C 4A FE 7B C0 1A 00 02 00 01 00 00 04 C8 00 06 03 6E 73 31 C0 1A C0 1A 00 02 00 01 00 00 04 C8 00 06 03 6E 73 36 C0 1A C0 1A 00 02 00 01 00 00 04 C8 00 06 03 6E 73 33 C0 1A C0 1A 00 02 00 01 00 00 04 C8 00 06 03 6E 73 32 C0 1A C0 1A 00 02 00 01 00 00 04 C8 00 06 03 6E 73 35 C0 1A C0 1A 00 02 00 01 00 00 04 C8 00 06 03 6E 73 34 C0 1A C0 AA 00 01 00 01 00 02 2E 07 00 04 48 E9 45 0E C0 E0 00 01 00 01 00 02 2E 07 00 04 45 AE F8 94 C0 CE 00 01 00 01 00 02 2E 07 00 04 CF C6 70 2F C1 04 00 01 00 01 00 02 2E 07 00 04 48 E9 68 62 C0 F2 00 01 00 01 00 02 2E 07 00 04 45 AE F8 95 C0 BC 00 01 00 01 00 02 2E 07 00 04 CF C6 70 30
45 00 00 49 EC 13 40 00 40 11 84 B1 93 20 53 35 93 20 50 69 2E 19 00 35 00 35 CA 25 EE 30 01 00 00 01 00 00 00 00 00 00 07 72 34 73 74 61 74 73 05 66 69 6C 65 73 09 77 6F 72 64 70 72 65 73 73 03 63 6F 6D 00 00 01 00 01
45 00 01 83 97 BB 00 00 40 11 17 D0 93 20 50 69 93 20 53 35 00 35 58 A1 01 6F E4 E6 12 81 81 80 00 01 00 07 00 06 00 06 0A 62 65 65 63 68 70 6C 61 6E 65 09 77 6F 72 64 70 72 65 73 73 03 63 6F 6D 00 00 01 00 01 C0 0C 00 05 00 01 00 00 38 40 00 05 02 6C 62 C0 17 C0 36 00 01 00 01 00 00 01 2B 00 04 4C 4A FE 78 C0 36 00 01 00 01 00 00 01 2B 00 04 42 9B 0B EE C0 36 00 01 00 01 00 00 01 2B 00 04 42 9B 09 EE C0 36 00 01 00 01 00 00 01 2B 00 04 C0 00 51 FA C0 36 00 01 00 01 00 00 01 2B 00 04 C0 00 50 FA C0 36 00 01 00 01 00 00 01 2B 00 04 4C 4A FE 7B C0 17 00 02 00 01 00 00 04 C8 00 06 03 6E 73 33 C0 17 C0 17 00 02 00 01 00 00 04 C8 00 06 03 6E 73 34 C0 17 C0 17 00 02 00 01 00 00 04 C8 00 06 03 6E 73 36 C0 17 C0 17 00 02 00 01 00 00 04 C8 00 06 03 6E 73 31 C0 17 C0 17 00 02 00 01 00 00 04 C8 00 06 03 6E 73 32 C0 17 C0 17 00 02 00 01 00 00 04 C8 00 06 03 6E 73 35 C0 17 C0 DD 00 01 00 01 00 02 2E 07 00 04 48 E9 45 0E C0 EF 00 01 00 01 00 02 2E 07 00 04 45 AE F8 94 C0 A7 00 01 00 01 00 02 2E 07 00 04 CF C6 70 2F C0 B9 00 01 00 01 00 02 2E 07 00 04 48 E9 68 62 C1 01 00 01 00 01 00 02 2E 07 00 04 45 AE F8 95 C0 CB 00 01 00 01 00 02 2E 07 00 04 CF C6 70 30
45 00 00 36 EC 22 40 00 40 11 84 B5 93 20 53 35 93 20 50 69 77 A2 00 35 00 22 CA 12 18 AF 01 00 00 01 00 00 00 00 00 00 04 62 69 6F 37 03 6F 72 67 00 00 01 00 01
45 00 01 2E 97 C2 00 00 40 11 18 1E 93 20 50 69 93 20 53 35 00 35 27 64 01 1A 06 71 81 37 81 80 00 01 00 03 00 05 00 05 08 78 69 61 6E 62 6C 6F 67 05 66 69 6C 65 73 09 77 6F 72 64 70 72 65 73 73 03 63 6F 6D 00 00 01 00 01 C0 0C 00 01 00 01 00 00 01 2C 00 04 48 E8 70 40 C0 0C 00 01 00 01 00 00 01 2C 00 04 C0 00 48 02 C0 0C 00 01 00 01 00 00 01 2C 00 04 C0 00 48 03 C0 15 00 02 00 01 00 00 01 2C 00 08 05 6D 64 6E 73 35 C0 1B C0 15 00 02 00 01 00 00 01 2C 00 08 05 6D 64 6E 73 33 C0 1B C0 15 00 02 00 01 00 00 01 2C 00 08 05 6D 64 6E 73 31 C0 1B C0 15 00 02 00 01 00 00 01 2C 00 08 05 6D 64 6E 73 32 C0 1B C0 15 00 02 00 01 00 00 01 2C 00 08 05 6D 64 6E 73 34 C0 1B C0 92 00 01 00 01 00 00 1D F6 00 04 C0 00 4B 07 C0 A6 00 01 00 01 00 00 1D F6 00 04 C6 B5 75 07 C0 7E 00 01 00 01 00 00 1D F6 00 04 C6 B5 74 07 C0 BA 00 01 00 01 00 00 1D F6 00 04 C6 B5 76 07 C0 6A 00 01 00 01 00 00 1D F6 00 04 C0 00 4A 07
45 00 00 41 EC 29 40 00 40 11 84 A3 93 20 53 35 93 20 50 69 AE A6 00 35 00 2D CA 1D E8 71 01 00 00 01 00 00 00 00 00 00 04 62 6C 6F 67 0B 61 6C 67 6F 72 69 74 6D 69 63 61 02 6E 6C 00 00 01 00 01
45 00 00 97 97 D1 00 00 40 11 18 A6 93 20 50 69 93 20 53 35 00 35 77 A2 00 83 53 33 18 AF 81 80 00 01 00 01 00 02 00 02 04 62 69 6F 37 03 6F 72 67 00 00 01 00 01 C0 0C 00 01 00 01 00 01 51 80 00 04 57 FD A2 07 C0 0C 00 02 00 01 00 01 51 80 00 13 03 6E 73 32 0A 74 6F 70 2D 68 6F 73 74 65 72 02 64 65 00 C0 0C 00 02 00 01 00 01 51 80 00 06 03 6E 73 31 C0 3A C0 55 00 01 00 01 00 00 02 58 00 04 57 FD A2 A2 C0 36 00 01 00 01 00 00 02 58 00 04 D4 30 77 D4
45 00 00 3E EC 34 40 00 40 11 84 9B 93 20 53 35 93 20 50 69 A9 72 00 35 00 2A CA 1A 92 35 01 00 00 01 00 00 00 00 00 00 01 66 0A 68 79 70 6F 74 68 65 73 65 73 03 6F 72 67 00 00 01 00 01
45 00 01 22 97 D3 00 00 40 11 18 19 93 20 50 69 93 20 53 35 00 35 6C 58 01 0E BE 28 87 C2 81 80 00 01 00 03 00 04 00 04 05 6A 61 73 6F 6E 05 62 72 79 65 72 03 6F 72 67 00 00 01 00 01 C0 0C 00 05 00 01 00 00 38 40 00 13 06 6A 62 72 79 65 72 06 67 69 74 68 75 62 03 63 6F 6D 00 C0 2D 00 05 00 01 00 00 0E 10 00 17 06 67 69 74 68 75 62 03 6D 61 70 06 66 61 73 74 6C 79 03 6E 65 74 00 C0 4C 00 01 00 01 00 00 00 1E 00 04 B9 1F 10 85 C0 57 00 02 00 01 00 00 54 96 00 11 03 6E 73 31 03 70 30 34 06 64 79 6E 65 63 74 C0 5E C0 57 00 02 00 01 00 00 54 96 00 06 03 6E 73 32 C0 83 C0 57 00 02 00 01 00 00 54 96 00 06 03 6E 73 33 C0 83 C0 57 00 02 00 01 00 00 54 96 00 06 03 6E 73 34 C0 83 C0 7F 00 01 00 01 00 01 A6 16 00 04 D0 4E 46 04 C0 9C 00 01 00 01 00 01 A6 16 00 04 CC 0D FA 04 C0 AE 00 01 00 01 00 01 A6 16 00 04 D0 4E 47 04 C0 C0 00 01 00 01 00 01 A6 16 00 04 CC 0D FB 04
45 00 00 43 EC 36 40 00 40 11 84 94 93 20 53 35 93 20 50 69 D8 E2 00 35 00 2F CA 1F 18 4A 01 00 00 01 00 00 00 00 00 00 04 62 6C 6F 67 0C 6E 65 78 74 62 69 6F 6D 6F 74 69 66 03 63 6F 6D 00 00 01 00 01
45 00 01 84 97 ED 00 00 40 11 17 9D 93 20 50 69 93 20 53 35 00 35 50 D1 01 70 49 33 87 6E 81 80 00 01 00 07 00 06 00 06 0B 62 65 6E 6D 61 7A 7A 6F 74 74 61 09 77 6F 72 64 70 72 65 73 73 03 63 6F 6D 00 00 01 00 01 C0 0C 00 05 00 01 00 00 38 40 00 05 02 6C 62 C0 18 C0 37 00 01 00 01 00 00 01 2B 00 04 4C 4A FE 78 C0 37 00 01 00 01 00 00 01 2B 00 04 42 9B 09 EE C0 37 00 01 00 01 00 00 01 2B 00 04 C0 00 50 FA C0 37 00 01 00 01 00 00 01 2B 00 04 C0 00 51 FA C0 37 00 01 00 01 00 00 01 2B 00 04 42 9B 0B EE C0 37 00 01 00 01 00 00 01 2B 00 04 4C 4A FE 7B C0 18 00 02 00 01 00 00 04 C8 00 06 03 6E 73 33 C0 18 C0 18 00 02 00 01 00 00 04 C8 00 06 03 6E 73 31 C0 18 C0 18 00 02 00 01 00 00 04 C8 00 06 03 6E 73 35 C0 18 C0 18 00 02 00 01 00 00 04 C8 00 06 03 6E 73 36 C0 18 C0 18 00 02 00 01 00 00 04 C8 00 06 03 6E 73 32 C0 18 C0 18 00 02 00 01 00 00 04 C8 00 06 03 6E 73 34 C0 18 C0 BA 00 01 00 01 00 02 2E 07 00 04 48 E9 45 0E C0 F0 00 01 00 01 00 02 2E 07 00 04 45 AE F8 94 C0 A8 00 01 00 01 00 02 2E 07 00 04 CF C6 70 2F C1 02 00 01 00 01 00 02 2E 07 00 04 48 E9 68 62 C0 CC 00 01 00 01 00 02 2E 07 00 04 45 AE F8 95 C0 DE 00 01 00 01 00 02 2E 07 00 04 CF C6 70 30
45 00 00 3B EC 39 40 00 40 11 84 99 93 20 53 35 93 20 50 69 BC D4 00 35 00 27 CA 17 1E A1 01 00 00 01 00 00 00 00 00 00 01 69 07 7A 65 6D 61 6E 74 61 03 63 6F 6D 00 00 01 00 01
45 00 01 2D 97 EF 00 00 40 11 17 F2 93 20 50 69 93 20 53 35 00 35 2E 19 01 19 AF BF EE 30 81 80 00 01 00 03 00 05 00 05 07 72 34 73 74 61 74 73 05 66 69 6C 65 73 09 77 6F 72 64 70 72 65 73 73 03 63 6F 6D 00 00 01 00 01 C0 0C 00 01 00 01 00 00 01 2C 00 04 4C 4A F8 E6 C0 0C 00 01 00 01 00 00 01 2C 00 04 4C 4A F8 DD C0 0C 00 01 00 01 00 00 01 2C 00 04 4C 4A F8 FC C0 14 00 02 00 01 00 00 01 2C 00 08 05 6D 64 6E 73 33 C0 1A C0 14 00 02 00 01 00 00 01 2C 00 08 05 6D 64 6E 73 35 C0 1A C0 14 00 02 00 01 00 00 01 2C 00 08 05 6D 64 6E 73 34 C0 1A C0 14 00 02 00 01 00 00 01 2C 00 08 05 6D 64 6E 73 31 C0 1A C0 14 00 02 00 01 00 00 01 2C 00 08 05 6D 64 6E 73 32 C0 1A C0 A5 00 01 00 01 00 00 1D F6 00 04 C0 00 4B 07 C0 B9 00 01 00 01 00 00 1D F6 00 04 C6 B5 75 07 C0 69 00 01 00 01 00 00 1D F6 00 04 C6 B5 74 07 C0 91 00 01 00 01 00 00 1D F6 00 04 C6 B5 76 07 C0 7D 00 01 00 01 00 00 1D F6 00 04 C0 00 4A 07
45 00 01 AE 97 F0 00 00 40 11 17 70 93 20 50 69 93 20 53 35 00 35 A9 72 01 9A 65 9E 92 35 81 80 00 01 00 09 00 04 00 04 01 66 0A 68 79 70 6F 74 68 65 73 65 73 03 6F 72 67 00 00 01 00 01 C0 0C 00 05 00 01 00 01 0F 89 00 1E 0D 64 75 69 6C 77 64 75 6C 31 6B 68 71 78 0A 63 6C 6F 75 64 66 72 6F 6E 74 03 6E 65 74 00 C0 2E 00 01 00 01 00 00 00 3C 00 04 36 E6 2D 4A C0 2E 00 01 00 01 00 00 00 3C 00 04 36 F0 A2 68 C0 2E 00 01 00 01 00 00 00 3C 00 04 36 E6 2E FE C0 2E 00 01 00 01 00 00 00 3C 00 04 36 E6 2D 1E C0 2E 00 01 00 01 00 00 00 3C 00 04 36 E6 2C FC C0 2E 00 01 00 01 00 00 00 3C 00 04 36 F0 A2 FB C0 2E 00 01 00 01 00 00 00 3C 00 04 36 E6 2D 13 C0 2E 00 01 00 01 00 00 00 3C 00 04 36 E6 2F 88 C0 3C 00 02 00 01 00 00 02 34 00 16 06 6E 73 2D 34 31 38 09 61 77 73 64 6E 73 2D 35 32 03 63 6F 6D 00 C0 3C 00 02 00 01 00 00 02 34 00 13 06 6E 73 2D 36 36 36 09 61 77 73 64 6E 73 2D 31 39 C0 47 C0 3C 00 02 00 01 00 00 02 34 00 19 07 6E 73 2D 31 35 39 37 09 61 77 73 64 6E 73 2D 30 37 02 63 6F 02 75 6B 00 C0 3C 00 02 00 01 00 00 02 34 00 14 07 6E 73 2D 31 33 30 36 09 61 77 73 64 6E 73 2D 33 35 C0 19 C0 D8 00 01 00 01 00 02 18 EB 00 04 CD FB C1 A2 C0 FA 00 01 00 01 00 02 1A B1 00 04 CD FB C2 9A C1 3E 00 01 00 01 00 02 18 EB 00 04 CD FB C5 1A C1 19 00 01 00 01 00 02 18 EB 00 04 CD FB C6 3D
45 00 00 41 EC 39 40 00 40 11 84 93 93 20 53 35 93 20 50 69 E2 BB 00 35 00 2D CA 1D 44 BC 01 00 00 01 00 00 00 00 00 00 06 64 6F 6D 61 69 6E 04 66 65 6C 6B 04 63 76 75 74 02 63 7A 00 00 01 00 01
45 00 00 73 97 F1 00 00 40 11 18 AA 93 20 50 69 93 20 53 35 00 35 E2 BB 00 5F AC A1 44 BC 85 83 00 01 00 00 00 01 00 00 06 64 6F 6D 61 69 6E 04 66 65 6C 6B 04 63 76 75 74 02 63 7A 00 00 01 00 01 C0 13 00 06 00 01 00 00 0E 10 00 26 02 6E 73 C0 13 0A 68 6F 73 74 6D 61 73 74 65 72 C0 13 77 FD 80 15 00 00 54 60 00 00 0E 10 00 12 75 00 00 00 0E 10
45 00 00 41 EC 39 40 00 40 11 84 93 93 20 53 35 93 20 50 69 B9 5A 00 35 00 2D CA 1D 2D 4E 01 00 00 01 00 00 00 00 00 00 06 64 6F 6D 61 69 6E 04 66 65 6C 6B 04 63 76 75 74 02 63 7A 00 00 01 00 01
45 00 00 73 97 F5 00 00 40 11 18 A6 93 20 50 69 93 20 53 35 00 35 B9 5A 00 5F ED 70 2D 4E 85 83 00 01 00 00 00 01 00 00 06 64 6F 6D 61 69 6E 04 66 65 6C 6B 04 63 76 75 74 02 63 7A 00 00 01 00 01 C0 13 00 06 00 01 00 00 0E 10 00 26 02 6E 73 C0 13 0A 68 6F 73 74 6D 61 73 74 65 72 C0 13 77 FD 80 15 00 00 54 60 00 00 0E 10 00 12 75 00 00 00 0E 10
45 00 00 34 EC 3A 40 00 40 11 84 9F 93 20 53 35 93 20 50 69 C7 42 00 35 00 20 CA 10 AD 9B 01 00 00 01 00 00 00 00 00 00 06 64 6F 6D 61 69 6E 00 00 01 00 01
45 00 00 7F 97 FA 00 00 40 11 18 95 93 20 50 69 93 20 53 35 00 35 C7 42 00 6B 94 D4 AD 9B 81 83 00 01 00 00 00 01 00 00 06 64 6F 6D 61 69 6E 00 00 01 00 01 00 00 06 00 01 00 00 2A 30 00 40 01 61 0C 72 6F 6F 74 2D 73 65 72 76 65 72 73 03 6E 65 74 00 05 6E 73 74 6C 64 0C 76 65 72 69 73 69 67 6E 2D 67 72 73 03 63 6F 6D 00 77 FD 80 14 00 00 07 08 00 00 03 84 00 09 3A 80 00 01 51 80
45 00 00 43 EC 3A 40 00 40 11 84 90 93 20 53 35 93 20 50 69 1D 56 00 35 00 2F CA 1F A5 2C 01 00 00 01 00 00 00 00 00 00 0A 67 6F 70 69 67 6F 74 65 74 69 06 74 75 6D 62 6C 72 03 63 6F 6D 00 00 01 00 01
45 00 00 CE 97 FC 00 00 40 11 18 44 93 20 50 69 93 20 53 35 00 35 AE A6 00 BA 9E 37 E8 71 81 80 00 01 00 01 00 03 00 03 04 62 6C 6F 67 0B 61 6C 67 6F 72 69 74 6D 69 63 61 02 6E 6C 00 00 01 00 01 C0 0C 00 01 00 01 00 01 51 80 00 04 55 9E CB 42 C0 11 00 02 00 01 00 00 1C 20 00 13 03 6E 73 35 09 66 69 72 73 74 66 69 6E 64 03 6E 65 74 00 C0 11 00 02 00 01 00 00 1C 20 00 10 03 6E 73 33 09 66 69 72 73 74 66 69 6E 64 C0 1D C0 11 00 02 00 01 00 00 1C 20 00 06 03 6E 73 34 C0 64 C0 60 00 01 00 01 00 01 51 80 00 04 55 9E CB 8E C0 7C 00 01 00 01 00 01 51 80 00 04 5D 5E E2 9B C0 41 00 01 00 01 00 01 51 80 00 04 D5 88 0F BC
45 00 00 46 EC 3E 40 00 40 11 84 89 93 20 53 35 93 20 50 69 25 3F 00 35 00 32 CA 22 9A F6 01 00 00 01 00 00 00 00 00 00 0D 6A 65 66 66 72 65 79 68 6F 72 6E 65 72 06 74 75 6D 62 6C 72 03 63 6F 6D 00 00 01 00 01
45 00 02 09 97 FE 00 00 40 11 17 07 93 20 50 69 93 20 53 35 00 35 1D 56 01 F5 94 0C A5 2C 81 80 00 01 00 02 00 0A 00 09 0A 67 6F 70 69 67 6F 74 65 74 69 06 74 75 6D 62 6C 72 03 63 6F 6D 00 00 01 00 01 C0 0C 00 01 00 01 00 00 00 1E 00 04 42 06 28 26 C0 0C 00 01 00 01 00 00 00 1E 00 04 42 06 28 28 C0 17 00 02 00 01 00 01 43 C0 00 14 03 6E 73 33 03 70 30 33 06 64 79 6E 65 63 74 03 6E 65 74 00 C0 17 00 02 00 01 00 01 43 C0 00 16 05 70 64 6E 73 36 08 75 6C 74 72 61 64 6E 73 02 63 6F 02 75 6B 00 C0 17 00 02 00 01 00 01 43 C0 00 14 05 70 64 6E 73 34 08 75 6C 74 72 61 64 6E 73 03 6F 72 67 00 C0 17 00 02 00 01 00 01 43 C0 00 11 05 70 64 6E 73 31 08 75 6C 74 72 61 64 6E 73 C0 62 C0 17 00 02 00 01 00 01 43 C0 00 06 03 6E 73 32 C0 57 C0 17 00 02 00 01 00 01 43 C0 00 15 05 70 64 6E 73 35 08 75 6C 74 72 61 64 6E 73 04 69 6E 66 6F 00 C0 17 00 02 00 01 00 01 43 C0 00 08 05 70 64 6E 73 32 C0 BB C0 17 00 02 00 01 00 01 43 C0 00 08 05 70 64 6E 73 33 C0 9B C0 17 00 02 00 01 00 01 43 C0 00 06 03 6E 73 31 C0 57 C0 17 00 02 00 01 00 01 43 C0 00 06 03 6E 73 34 C0 57 C1 2D 00 01 00 01 00 01 FE 34 00 04 D0 4E 46 03 C0 D2 00 01 00 01 00 01 FE 34 00 04 CC 0D FA 03 C0 53 00 01 00 01 00 01 FE 34 00 04 D0 4E 47 03 C1 3F 00 01 00 01 00 01 FE 34 00 04 CC 0D FB 03 C0 B5 00 01 00 01 00 02 54 E8 00 04 CC 4A 6C 01 C0 B5 00 1C 00 01 00 02 54 E8 00 10 20 01 05 02 F3 FF 00 00 00 00 00 00 00 00 00 01 C1 05 00 01 00 01 00 01 95 77 00 04 CC 4A 6D 01 C1 05 00 1C 00 01 00 01 95 77 00 10 26 10 00 A1 10 14 00 00 00 00 00 00 00 00 00 01 C1 19 00 01 00 01 00 00 08 78 00 04 C7 07 44 01
45 00 00 3E EC 40 40 00 40 11 84 8F 93 20 53 35 93 20 50 69 A0 DE 00 35 00 2A CA 1A 59 15 01 00 00 01 00 00 00 00 00 00 05 6C 70 65 6E 7A 06 67 69 74 68 75 62 03 63 6F 6D 00 00 01 00 01
45 00 02 0C 98 05 00 00 40 11 16 FD 93 20 50 69 93 20 53 35 00 35 25 3F 01 F8 DE B4 9A F6 81 80 00 01 00 02 00 0A 00 09 0D 6A 65 66 66 72 65 79 68 6F 72 6E 65 72 06 74 75 6D 62 6C 72 03 63 6F 6D 00 00 01 00 01 C0 0C 00 01 00 01 00 00 00 1E 00 04 42 06 28 0E C0 0C 00 01 00 01 00 00 00 1E 00 04 42 06 28 37 C0 1A 00 02 00 01 00 01 43 C0 00 14 05 70 64 6E 73 32 08 75 6C 74 72 61 64 6E 73 03 6E 65 74 00 C0 1A 00 02 00 01 00 01 43 C0 00 16 05 70 64 6E 73 36 08 75 6C 74 72 61 64 6E 73 02 63 6F 02 75 6B 00 C0 1A 00 02 00 01 00 01 43 C0 00 11 03 6E 73 32 03 70 30 33 06 64 79 6E 65 63 74 C0 65 C0 1A 00 02 00 01 00 01 43 C0 00 14 05 70 64 6E 73 34 08 75 6C 74 72 61 64 6E 73 03 6F 72 67 00 C0 1A 00 02 00 01 00 01 43 C0 00 08 05 70 64 6E 73 33 C0 BB C0 1A 00 02 00 01 00 01 43 C0 00 06 03 6E 73 31 C0 9C C0 1A 00 02 00 01 00 01 43 C0 00 06 03 6E 73 33 C0 9C C0 1A 00 02 00 01 00 01 43 C0 00 06 03 6E 73 34 C0 9C C0 1A 00 02 00 01 00 01 43 C0 00 15 05 70 64 6E 73 35 08 75 6C 74 72 61 64 6E 73 04 69 6E 66 6F 00 C0 1A 00 02 00 01 00 01 43 C0 00 08 05 70 64 6E 73 31 C0 5C C0 E9 00 01 00 01 00 01 FE 34 00 04 D0 4E 46 03 C0 98 00 01 00 01 00 01 FE 34 00 04 CC 0D FA 03 C0 FB 00 01 00 01 00 01 FE 34 00 04 D0 4E 47 03 C1 0D 00 01 00 01 00 01 FE 34 00 04 CC 0D FB 03 C1 40 00 01 00 01 00 02 54 E8 00 04 CC 4A 6C 01 C1 40 00 1C 00 01 00 02 54 E8 00 10 20 01 05 02 F3 FF 00 00 00 00 00 00 00 00 00 01 C0 56 00 01 00 01 00 01 95 77 00 04 CC 4A 6D 01 C0 56 00 1C 00 01 00 01 95 77 00 10 26 10 00 A1 10 14 00 00 00 00 00 00 00 00 00 01 C0 D5 00 01 00 01 00 00 08 78 00 04 C7 07 44 01
45 00 00 3D EC 43 40 00 40 11 84 8D 93 20 53 35 93 20 50 69 C3 0C 00 35 00 29 CA 19 16 64 01 00 00 01 00 00 00 00 00 00 01 72 0A 61 6E 64 72 65 77 72 65 64 64 02 75 73 00 00 01 00 01
45 00 01 37 98 07 00 00 40 11 17 D0 93 20 50 69 93 20 53 35 00 35 5A 77 01 23 43 90 0E 4E 81 80 00 01 00 03 00 05 00 05 11 62 61 79 65 73 69 61 6E 62 69 6F 6C 6F 67 69 73 74 05 66 69 6C 65 73 09 77 6F 72 64 70 72 65 73 73 03 63 6F 6D 00 00 01 00 01 C0 0C 00 01 00 01 00 00 01 2C 00 04 CF C6 71 E0 C0 0C 00 01 00 01 00 00 01 2C 00 04 C0 00 50 42 C0 0C 00 01 00 01 00 00 01 2C 00 04 C0 00 48 03 C0 1E 00 02 00 01 00 00 01 2C 00 08 05 6D 64 6E 73 35 C0 24 C0 1E 00 02 00 01 00 00 01 2C 00 08 05 6D 64 6E 73 33 C0 24 C0 1E 00 02 00 01 00 00 01 2C 00 08 05 6D 64 6E 73 32 C0 24 C0 1E 00 02 00 01 00 00 01 2C 00 08 05 6D 64 6E 73 31 C0 24 C0 1E 00 02 00 01 00 00 01 2C 00 08 05 6D 64 6E 73 34 C0 24 C0 AF 00 01 00 01 00 00 1D F6 00 04 C0 00 4B 07 C0 9B 00 01 00 01 00 00 1D F6 00 04 C6 B5 75 07 C0 87 00 01 00 01 00 00 1D F6 00 04 C6 B5 74 07 C0 C3 00 01 00 01 00 00 1D F6 00 04 C6 B5 76 07 C0 73 00 01 00 01 00 00 1D F6 00 04 C0 00 4A 07
45 00 01 04 98 08 00 00 40 11 18 02 93 20 50 69 93 20 53 35 00 35 A0 DE 00 F0 E3 68 59 15 81 80 00 01 00 02 00 04 00 04 05 6C 70 65 6E 7A 06 67 69 74 68 75 62 03 63 6F 6D 00 00 01 00 01 C0 0C 00 05 00 01 00 00 0E 10 00 17 06 67 69 74 68 75 62 03 6D 61 70 06 66 61 73 74 6C 79 03 6E 65 74 00 C0 2E 00 01 00 01 00 00 00 1E 00 04 B9 1F 10 85 C0 39 00 02 00 01 00 00 54 96 00 11 03 6E 73 33 03 70 30 34 06 64 79 6E 65 63 74 C0 40 C0 39 00 02 00 01 00 00 54 96 00 06 03 6E 73 31 C0 65 C0 39 00 02 00 01 00 00 54 96 00 06 03 6E 73 34 C0 65 C0 39 00 02 00 01 00 00 54 96 00 06 03 6E 73 32 C0 65 C0 7E 00 01 00 01 00 01 A6 16 00 04 D0 4E 46 04 C0 A2 00 01 00 01 00 01 A6 16 00 04 CC 0D FA 04 C0 61 00 01 00 01 00 01 A6 16 00 04 D0 4E 47 04 C0 90 00 01 00 01 00 01 A6 16 00 04 CC 0D FB 04
45 00 00 3B EC 45 40 00 40 11 84 8D 93 20 53 35 93 20 50 69 18 F5 00 35 00 27 CA 17 45 29 01 00 00 01 00 00 00 00 00 00 09 72 61 70 70 6F 72 74 65 72 03 6E 65 74 00 00 01 00 01
45 00 01 A1 98 0A 00 00 40 11 17 63 93 20 50 69 93 20 53 35 00 35 BC D4 01 8D 76 6B 1E A1 81 80 00 01 00 09 00 04 00 04 01 69 07 7A 65 6D 61 6E 74 61 03 63 6F 6D 00 00 01 00 01 C0 0C 00 05 00 01 00 00 02 58 00 1F 0E 64 31 72 37 6D 6E 6E 73 76 79 64 71 78 73 0A 63 6C 6F 75 64 66 72 6F 6E 74 03 6E 65 74 00 C0 2B 00 01 00 01 00 00 00 3C 00 04 36 F0 A2 74 C0 2B 00 01 00 01 00 00 00 3C 00 04 36 E6 2C 44 C0 2B 00 01 00 01 00 00 00 3C 00 04 36 E6 2D FB C0 2B 00 01 00 01 00 00 00 3C 00 04 36 E6 2D 4A C0 2B 00 01 00 01 00 00 00 3C 00 04 36 E6 2E 7B C0 2B 00 01 00 01 00 00 00 3C 00 04 36 E6 2E 61 C0 2B 00 01 00 01 00 00 00 3C 00 04 36 E6 2E AE C0 2B 00 01 00 01 00 00 00 3C 00 04 36 F0 A2 A3 C0 3A 00 02 00 01 00 00 02 34 00 17 07 6E 73 2D 31 33 30 36 09 61 77 73 64 6E 73 2D 33 35 03 6F 72 67 00 C0 3A 00 02 00 01 00 00 02 34 00 08 05 6E 73 2D 30 31 C0 3A C0 3A 00 02 00 01 00 00 02 34 00 19 07 6E 73 2D 31 35 39 37 09 61 77 73 64 6E 73 2D 30 37 02 63 6F 02 75 6B 00 C0 3A 00 02 00 01 00 00 02 34 00 13 06 6E 73 2D 34 31 38 09 61 77 73 64 6E 73 2D 35 32 C0 16 C0 F9 00 01 00 01 00 02 15 CF 00 04 CF AB AA 01 C1 32 00 01 00 01 00 02 18 EB 00 04 CD FB C1 A2 C0 D6 00 01 00 01 00 02 18 EB 00 04 CD FB C5 1A C1 0D 00 01 00 01 00 02 18 EB 00 04 CD FB C6 3D
45 00 01 08 98 0C 00 00 40 11 17 FA 93 20 50 69 93 20 53 35 00 35 D8 E2 00 F4 A2 AD 18 4A 81 80 00 01 00 03 00 04 00 04 04 62 6C 6F 67 0C 6E 65 78 74 62 69 6F 6D 6F 74 69 66 03 63 6F 6D 00 00 01 00 01 C0 0C 00 05 00 01 00 00 07 08 00 0D 03 67 68 73 06 67 6F 6F 67 6C 65 C0 1E C0 33 00 05 00 01 00 08 C2 69 00 08 03 67 68 73 01 6C C0 37 C0 4C 00 01 00 01 00 00 00 31 00 04 AD C2 46 79 C0 37 00 02 00 01 00 01 8F 64 00 06 03 6E 73 32 C0 37 C0 37 00 02 00 01 00 01 8F 64 00 06 03 6E 73 31 C0 37 C0 37 00 02 00 01 00 01 8F 64 00 06 03 6E 73 34 C0 37 C0 37 00 02 00 01 00 01 8F 64 00 06 03 6E 73 33 C0 37 C0 82 00 01 00 01 00 04 32 64 00 04 D8 EF 20 0A C0 70 00 01 00 01 00 04 32 64 00 04 D8 EF 22 0A C0 A6 00 01 00 01 00 04 32 64 00 04 D8 EF 24 0A C0 94 00 01 00 01 00 04 32 64 00 04 D8 EF 26 0A
45 00 00 46 EC 50 40 00 40 11 84 77 93 20 53 35 93 20 50 69 BC 7A 00 35 00 32 CA 22 CC 8E 01 00 00 01 00 00 00 00 00 00 0B 72 6F 67 69 65 72 73 62 61 72 74 08 62 6C 6F 67 73 70 6F 74 03 63 6F 6D 00 00 01 00 01
45 00 01 10 98 0E 00 00 40 11 17 F0 93 20 50 69 93 20 53 35 00 35 BC 7A 00 FC BB 06 CC 8E 81 80 00 01 00 02 00 04 00 04 0B 72 6F 67 69 65 72 73 62 61 72 74 08 62 6C 6F 67 73 70 6F 74 03 63 6F 6D 00 00 01 00 01 C0 0C 00 05 00 01 00 00 0E 10 00 1F 08 62 6C 6F 67 73 70 6F 74 01 6C 11 67 6F 6F 67 6C 65 75 73 65 72 63 6F 6E 74 65 6E 74 C0 21 C0 36 00 01 00 01 00 00 00 2C 00 04 AD C2 46 84 C0 41 00 02 00 01 00 01 92 CB 00 0D 03 6E 73 31 06 67 6F 6F 67 6C 65 C0 21 C0 41 00 02 00 01 00 01 92 CB 00 06 03 6E 73 32 C0 75 C0 41 00 02 00 01 00 01 92 CB 00 06 03 6E 73 33 C0 75 C0 41 00 02 00 01 00 01 92 CB 00 06 03 6E 73 34 C0 75 C0 71 00 01 00 01 00 04 32 64 00 04 D8 EF 20 0A C0 8A 00 01 00 01 00 04 32 64 00 04 D8 EF 22 0A C0 9C 00 01 00 01 00 04 32 64 00 04 D8 EF 24 0A C0 AE 00 01 00 01 00 04 32 64 00 04 D8 EF 26 0A
45 00 00 41 EC 53 40 00 40 11 84 79 93 20 53 35 93 20 50 69 C2 CA 00 35 00 2D CA 1D 18 E9 01 00 00 01 00 00 00 00 00 00 05 72 70 69 6E 74 09 77 6F 72 64 70 72 65 73 73 03 63 6F 6D 00 00 01 00 01
45 00 00 E8 98 10 00 00 40 11 18 16 93 20 50 69 93 20 53 35 00 35 18 F5 00 D4 D2 16 45 29 81 80 00 01 00 02 00 02 00 04 09 72 61 70 70 6F 72 74 65 72 03 6E 65 74 00 00 01 00 01 C0 0C 00 01 00 01 00 00 01 2C 00 04 6C A2 C9 63 C0 0C 00 01 00 01 00 00 01 2C 00 04 6C A2 CA 63 C0 0C 00 02 00 01 00 02 34 1C 00 17 03 61 72 74 02 6E 73 0A 63 6C 6F 75 64 66 6C 61 72 65 03 63 6F 6D 00 C0 0C 00 02 00 01 00 02 34 1C 00 06 03 6D 61 79 C0 4F C0 4B 00 01 00 01 00 00 E2 9C 00 04 AD F5 3B 66 C0 4B 00 1C 00 01 00 00 E2 9C 00 10 24 00 CB 00 20 49 00 01 00 00 00 00 AD F5 3B 66 C0 6E 00 01 00 01 00 00 E2 9C 00 04 AD F5 3A 87 C0 6E 00 1C 00 01 00 00 E2 9C 00 10 24 00 CB 00 20 49 00 01 00 00 00 00 AD F5 3A 87
45 00 00 45 EC 53 40 00 40 11 84 75 93 20 53 35 93 20 50 69 EB BB 00 35 00 31 CA 21 FF 0C 01 00 00 01 00 00 00 00 00 00 09 72 79 6F 75 72 65 61 64 79 09 77 6F 72 64 70 72 65 73 73 03 63 6F 6D 00 00 01 00 01
45 00 01 7E 98 13 00 00 40 11 17 7D 93 20 50 69 93 20 53 35 00 35 C2 CA 01 6A 9E 93 18 E9 81 80 00 01 00 07 00 06 00 06 05 72 70 69 6E 74 09 77 6F 72 64 70 72 65 73 73 03 63 6F 6D 00 00 01 00 01 C0 0C 00 05 00 01 00 00 38 40 00 05 02 6C 62 C0 12 C0 31 00 01 00 01 00 00 01 2B 00 04 42 9B 0B EE C0 31 00 01 00 01 00 00 01 2B 00 04 4C 4A FE 78 C0 31 00 01 00 01 00 00 01 2B 00 04 C0 00 50 FA C0 31 00 01 00 01 00 00 01 2B 00 04 4C 4A FE 7B C0 31 00 01 00 01 00 00 01 2B 00 04 42 9B 09 EE C0 31 00 01 00 01 00 00 01 2B 00 04 C0 00 51 FA C0 12 00 02 00 01 00 00 04 C8 00 06 03 6E 73 32 C0 12 C0 12 00 02 00 01 00 00 04 C8 00 06 03 6E 73 33 C0 12 C0 12 00 02 00 01 00 00 04 C8 00 06 03 6E 73 36 C0 12 C0 12 00 02 00 01 00 00 04 C8 00 06 03 6E 73 31 C0 12 C0 12 00 02 00 01 00 00 04 C8 00 06 03 6E 73 35 C0 12 C0 12 00 02 00 01 00 00 04 C8 00 06 03 6E 73 34 C0 12 C0 D8 00 01 00 01 00 02 2E 07 00 04 48 E9 45 0E C0 A2 00 01 00 01 00 02 2E 07 00 04 45 AE F8 94 C0 B4 00 01 00 01 00 02 2E 07 00 04 CF C6 70 2F C0 FC 00 01 00 01 00 02 2E 07 00 04 48 E9 68 62 C0 EA 00 01 00 01 00 02 2E 07 00 04 45 AE F8 95 C0 C6 00 01 00 01 00 02 2E 07 00 04 CF C6 70 30
45 00 00 48 EC 6C 40 00 40 11 84 59 93 20 53 35 93 20 50 69 1C 97 00 35 00 34 CA 24 18 AD 01 00 00 01 00 00 00 00 00 00 0D 73 63 6F 74 74 6D 75 74 63 68 6C 65 72 08 62 6C 6F 67 73 70 6F 74 03 63 6F 6D 00 00 01 00 01
45 00 01 82 98 15 00 00 40 11 17 77 93 20 50 69 93 20 53 35 00 35 EB BB 01 6E B1 33 FF 0C 81 80 00 01 00 07 00 06 00 06 09 72 79 6F 75 72 65 61 64 79 09 77 6F 72 64 70 72 65 73 73 03 63 6F 6D 00 00 01 00 01 C0 0C 00 05 00 01 00 00 38 40 00 05 02 6C 62 C0 16 C0 35 00 01 00 01 00 00 01 2B 00 04 4C 4A FE 78 C0 35 00 01 00 01 00 00 01 2B 00 04 42 9B 0B EE C0 35 00 01 00 01 00 00 01 2B 00 04 4C 4A FE 7B C0 35 00 01 00 01 00 00 01 2B 00 04 C0 00 51 FA C0 35 00 01 00 01 00 00 01 2B 00 04 C0 00 50 FA C0 35 00 01 00 01 00 00 01 2B 00 04 42 9B 09 EE C0 16 00 02 00 01 00 00 04 C8 00 06 03 6E 73 35 C0 16 C0 16 00 02 00 01 00 00 04 C8 00 06 03 6E 73 34 C0 16 C0 16 00 02 00 01 00 00 04 C8 00 06 03 6E 73 36 C0 16 C0 16 00 02 00 01 00 00 04 C8 00 06 03 6E 73 32 C0 16 C0 16 00 02 00 01 00 00 04 C8 00 06 03 6E 73 31 C0 16 C0 16 00 02 00 01 00 00 04 C8 00 06 03 6E 73 33 C0 16 C0 EE 00 01 00 01 00 02 2E 07 00 04 48 E9 45 0E C0 DC 00 01 00 01 00 02 2E 07 00 04 45 AE F8 94 C1 00 00 01 00 01 00 02 2E 07 00 04 CF C6 70 2F C0 B8 00 01 00 01 00 02 2E 07 00 04 48 E9 68 62 C0 A6 00 01 00 01 00 02 2E 07 00 04 45 AE F8 95 C0 CA 00 01 00 01 00 02 2E 07 00 04 CF C6 70 30
45 00 00 39 EC 6D 40 00 40 11 84 67 93 20 53 35 93 20 50 69 44 D0 00 35 00 25 CA 15 61 1A 01 00 00 01 00 00 00 00 00 00 07 73 74 61 74 61 63 65 03 63 6F 6D 00 00 01 00 01
45 00 01 12 98 17 00 00 40 11 17 E5 93 20 50 69 93 20 53 35 00 35 1C 97 00 FE 9C 2E 18 AD 81 80 00 01 00 02 00 04 00 04 0D 73 63 6F 74 74 6D 75 74 63 68 6C 65 72 08 62 6C 6F 67 73 70 6F 74 03 63 6F 6D 00 00 01 00 01 C0 0C 00 05 00 01 00 00 0E 10 00 1F 08 62 6C 6F 67 73 70 6F 74 01 6C 11 67 6F 6F 67 6C 65 75 73 65 72 63 6F 6E 74 65 6E 74 C0 23 C0 38 00 01 00 01 00 00 00 2C 00 04 AD C2 46 84 C0 43 00 02 00 01 00 01 92 CB 00 0D 03 6E 73 34 06 67 6F 6F 67 6C 65 C0 23 C0 43 00 02 00 01 00 01 92 CB 00 06 03 6E 73 33 C0 77 C0 43 00 02 00 01 00 01 92 CB 00 06 03 6E 73 32 C0 77 C0 43 00 02 00 01 00 01 92 CB 00 06 03 6E 73 31 C0 77 C0 B0 00 01 00 01 00 04 32 64 00 04 D8 EF 20 0A C0 9E 00 01 00 01 00 04 32 64 00 04 D8 EF 22 0A C0 8C 00 01 00 01 00 04 32 64 00 04 D8 EF 24 0A C0 73 00 01 00 01 00 04 32 64 00 04 D8 EF 26 0A
45 00 00 49 EC 6F 40 00 40 11 84 55 93 20 53 35 93 20 50 69 0A AA 00 35 00 35 CA 25 3A B2 01 00 00 01 00 00 00 00 00 00 0E 73 74 61 74 73 61 64 76 65 6E 74 75 72 65 08 62 6C 6F 67 73 70 6F 74 03 63 6F 6D 00 00 01 00 01
45 00 01 13 98 19 00 00 40 11 17 E2 93 20 50 69 93 20 53 35 00 35 0A AA 00 FF 78 AC 3A B2 81 80 00 01 00 02 00 04 00 04 0E 73 74 61 74 73 61 64 76 65 6E 74 75 72 65 08 62 6C 6F 67 73 70 6F 74 03 63 6F 6D 00 00 01 00 01 C0 0C 00 05 00 01 00 00 0E 10 00 1F 08 62 6C 6F 67 73 70 6F 74 01 6C 11 67 6F 6F 67 6C 65 75 73 65 72 63 6F 6E 74 65 6E 74 C0 24 C0 39 00 01 00 01 00 00 00 2C 00 04 AD C2 46 84 C0 44 00 02 00 01 00 01 92 CB 00 0D 03 6E 73 34 06 67 6F 6F 67 6C 65 C0 24 C0 44 00 02 00 01 00 01 92 CB 00 06 03 6E 73 32 C0 78 C0 44 00 02 00 01 00 01 92 CB 00 06 03 6E 73 33 C0 78 C0 44 00 02 00 01 00 01 92 CB 00 06 03 6E 73 31 C0 78 C0 B1 00 01 00 01 00 04 32 64 00 04 D8 EF 20 0A C0 8D 00 01 00 01 00 04 32 64 00 04 D8 EF 22 0A C0 9F 00 01 00 01 00 04 32 64 00 04 D8 EF 24 0A C0 74 00 01 00 01 00 04 32 64 00 04 D8 EF 26 0A
45 00 00 43 EC 72 40 00 40 11 84 58 93 20 53 35 93 20 50 69 82 FA 00 35 00 2F CA 1F 68 8A 01 00 00 01 00 00 00 00 00 00 03 77 77 77 0B 61 63 74 75 61 72 69 61 6C 6C 79 02 63 6F 02 75 6B 00 00 01 00 01
45 00 01 12 98 1B 00 00 40 11 17 E1 93 20 50 69 93 20 53 35 00 35 44 D0 00 FE 8A 11 61 1A 81 80 00 01 00 01 00 04 00 04 07 73 74 61 74 61 63 65 03 63 6F 6D 00 00 01 00 01 C0 0C 00 01 00 01 00 00 00 3C 00 04 B0 20 63 31 C0 0C 00 02 00 01 00 02 34 1C 00 19 07 6E 73 2D 31 36 30 35 09 61 77 73 64 6E 73 2D 30 38 02 63 6F 02 75 6B 00 C0 0C 00 02 00 01 00 02 34 1C 00 17 07 6E 73 2D 31 31 37 39 09 61 77 73 64 6E 73 2D 31 39 03 6F 72 67 00 C0 0C 00 02 00 01 00 02 34 1C 00 16 06 6E 73 2D 38 31 36 09 61 77 73 64 6E 73 2D 33 38 03 6E 65 74 00 C0 0C 00 02 00 01 00 02 34 1C 00 13 06 6E 73 2D 34 37 33 09 61 77 73 64 6E 73 2D 35 39 C0 14 C0 A3 00 01 00 01 00 02 34 1C 00 04 CD FB C1 D9 C0 81 00 01 00 01 00 02 34 1C 00 04 CD FB C3 30 C0 5E 00 01 00 01 00 02 34 1C 00 04 CD FB C4 9B C0 39 00 01 00 01 00 02 2E 05 00 04 CD FB C6 45
45 00 00 44 EC 75 40 00 40 11 84 54 93 20 53 35 93 20 50 69 95 62 00 35 00 30 CA 20 45 99 01 00 00 01 00 00 00 00 00 00 03 77 77 77 0E 61 6C 65 78 2D 73 69 6E 67 6C 65 74 6F 6E 03 63 6F 6D 00 00 01 00 01
45 00 00 A1 98 29 00 00 40 11 18 44 93 20 50 69 93 20 53 35 00 35 C3 0C 00 8D 50 8D 16 64 81 80 00 01 00 01 00 02 00 02 01 72 0A 61 6E 64 72 65 77 72 65 64 64 02 75 73 00 00 01 00 01 C0 0C 00 01 00 01 00 00 0E 10 00 04 95 2F 8E F7 C0 0E 00 02 00 01 00 00 1C 20 00 16 03 6E 73 32 0C 61 73 6D 61 6C 6C 6F 72 61 6E 67 65 03 63 6F 6D 00 C0 0E 00 02 00 01 00 00 1C 20 00 06 03 6E 73 31 C0 41 C0 5F 00 01 00 01 00 02 4C C3 00 04 43 E4 CF C2 C0 3D 00 01 00 01 00 02 4C C3 00 04 43 13 24 C4
45 00 00 40 EC 77 40 00 40 11 84 56 93 20 53 35 93 20 50 69 69 D2 00 35 00 2C CA 1C C5 CF 01 00 00 01 00 00 00 00 00 00 03 77 77 77 0A 62 61 62 65 6C 67 72 61 70 68 03 6F 72 67 00 00 01 00 01
45 00 00 AA 98 2F 00 00 40 11 18 35 93 20 50 69 93 20 53 35 00 35 95 62 00 96 DB CA 45 99 81 80 00 01 00 02 00 02 00 02 03 77 77 77 0E 61 6C 65 78 2D 73 69 6E 67 6C 65 74 6F 6E 03 63 6F 6D 00 00 01 00 01 C0 0C 00 05 00 01 00 01 51 80 00 02 C0 10 C0 10 00 01 00 01 00 01 51 80 00 04 2E B7 08 1D C0 10 00 02 00 01 00 01 51 80 00 0A 02 6E 73 04 33 34 73 70 C0 1F C0 10 00 02 00 01 00 01 51 80 00 06 03 6E 73 32 C0 55 C0 52 00 01 00 01 00 02 A3 00 00 04 50 52 70 6C C0 68 00 01 00 01 00 02 A3 00 00 04 D4 64 E0 F7
45 00 00 3E EC 87 40 00 40 11 84 48 93 20 53 35 93 20 50 69 87 1A 00 35 00 2A CA 1A 8C 8F 01 00 00 01 00 00 00 00 00 00 03 77 77 77 08 64 61 74 61 6D 69 6E 64 03 6F 72 67 00 00 01 00 01
45 00 02 14 98 31 00 00 40 11 16 C9 93 20 50 69 93 20 53 35 00 35 82 FA 02 00 BD 77 68 8A 81 80 00 01 00 03 00 0A 00 08 03 77 77 77 0B 61 63 74 75 61 72 69 61 6C 6C 79 02 63 6F 02 75 6B 00 00 01 00 01 C0 0C 00 05 00 01 00 00 38 40 00 14 07 64 6F 6D 61 69 6E 73 06 74 75 6D 62 6C 72 03 63 6F 6D 00 C0 33 00 01 00 01 00 00 00 1E 00 04 42 06 28 31 C0 33 00 01 00 01 00 00 00 1E 00 04 42 06 28 23 C0 3B 00 02 00 01 00 01 43 C0 00 14 03 6E 73 32 03 70 30 33 06 64 79 6E 65 63 74 03 6E 65 74 00 C0 3B 00 02 00 01 00 01 43 C0 00 06 03 6E 73 33 C0 77 C0 3B 00 02 00 01 00 01 43 C0 00 11 05 70 64 6E 73 31 08 75 6C 74 72 61 64 6E 73 C0 82 C0 3B 00 02 00 01 00 01 43 C0 00 14 05 70 64 6E 73 34 08 75 6C 74 72 61 64 6E 73 03 6F 72 67 00 C0 3B 00 02 00 01 00 01 43 C0 00 06 03 6E 73 31 C0 77 C0 3B 00 02 00 01 00 01 43 C0 00 08 05 70 64 6E 73 32 C0 AB C0 3B 00 02 00 01 00 01 43 C0 00 08 05 70 64 6E 73 33 C0 C8 C0 3B 00 02 00 01 00 01 43 C0 00 11 05 70 64 6E 73 36 08 75 6C 74 72 61 64 6E 73 C0 1C C0 3B 00 02 00 01 00 01 43 C0 00 06 03 6E 73 34 C0 77 C0 3B 00 02 00 01 00 01 43 C0 00 15 05 70 64 6E 73 35 08 75 6C 74 72 61 64 6E 73 04 69 6E 66 6F 00 C0 E2 00 01 00 01 00 01 FE 34 00 04 D0 4E 46 03 C0 73 00 01 00 01 00 01 FE 34 00 04 CC 0D FA 03 C0 93 00 01 00 01 00 01 FE 34 00 04 D0 4E 47 03 C1 39 00 01 00 01 00 01 FE 34 00 04 CC 0D FB 03 C0 A5 00 01 00 01 00 02 54 E8 00 04 CC 4A 6C 01 C0 A5 00 1C 00 01 00 02 54 E8 00 10 20 01 05 02 F3 FF 00 00 00 00 00 00 00 00 00 01 C0 F4 00 01 00 01 00 01 95 77 00 04 CC 4A 6D 01 C0 F4 00 1C 00 01 00 01 95 77 00 10 26 10 00 A1 10 14 00 00 00 00 00 00 00 00 00 01
45 00 00 43 EC 89 40 00 40 11 84 41 93 20 53 35 93 20 50 69 04 DA 00 35 00 2F CA 1F 22 1B 01 00 00 01 00 00 00 00 00 00 03 77 77 77 0D 64 61 74 61 70 61 72 61 64 69 67 6D 73 03 63 6F 6D 00 00 01 00 01
45 00 01 17 98 33 00 00 40 11 17 C4 93 20 50 69 93 20 53 35 00 35 87 1A 01 03 48 D6 8C 8F 81 80 00 01 00 01 00 04 00 04 03 77 77 77 08 64 61 74 61 6D 69 6E 64 03 6F 72 67 00 00 01 00 01 C0 0C 00 01 00 01 00 00 00 3C 00 04 B0 20 63 DC C0 10 00 02 00 01 00 00 E2 9C 00 16 06 6E 73 2D 36 39 38 09 61 77 73 64 6E 73 2D 32 33 03 6E 65 74 00 C0 10 00 02 00 01 00 00 E2 9C 00 19 07 6E 73 2D 31 38 32 30 09 61 77 73 64 6E 73 2D 33 35 02 63 6F 02 75 6B 00 C0 10 00 02 00 01 00 00 E2 9C 00 14 07 6E 73 2D 31 30 34 34 09 61 77 73 64 6E 73 2D 30 32 C0 19 C0 10 00 02 00 01 00 00 E2 9C 00 16 06 6E 73 2D 34 36 34 09 61 77 73 64 6E 73 2D 35 38 03 63 6F 6D 00 C0 A5 00 01 00 01 00 02 34 1C 00 04 CD FB C1 D0 C0 3E 00 01 00 01 00 02 34 1C 00 04 CD FB C2 BA C0 85 00 01 00 01 00 00 E2 9C 00 04 CD FB C4 14 C0 60 00 01 00 01 00 02 32 0F 00 04 CD FB C7 1C
45 00 00 45 EC 8F 40 00 40 11 84 39 93 20 53 35 93 20 50 69 A8 4B 00 35 00 31 CA 21 D0 C0 01 00 00 01 00 00 00 00 00 00 03 77 77 77 0F 6D 61 6E 67 6F 2D 73 6F 6C 75 74 69 6F 6E 73 03 63 6F 6D 00 00 01 00 01
45 00 01 6D 98 3E 00 00 40 11 17 63 93 20 50 69 93 20 53 35 00 35 04 DA 01 59 5B B9 22 1B 81 80 00 01 00 03 00 04 00 04 03 77 77 77 0D 64 61 74 61 70 61 72 61 64 69 67 6D 73 03 63 6F 6D 00 00 01 00 01 C0 0C 00 05 00 01 00 00 07 08 00 37 03 77 77 77 0D 64 61 74 61 70 61 72 61 64 69 67 6D 73 03 63 6F 6D 14 73 33 2D 77 65 62 73 69 74 65 2D 75 73 2D 65 61 73 74 2D 31 09 61 6D 61 7A 6F 6E 61 77 73 C0 1E C0 33 00 05 00 01 00 00 00 3C 00 02 C0 49 C0 49 00 01 00 01 00 00 00 3C 00 04 CD FB F2 93 C0 49 00 02 00 01 00 00 07 08 00 13 06 6E 73 2D 34 39 30 09 61 77 73 64 6E 73 2D 36 31 C0 1E C0 49 00 02 00 01 00 00 07 08 00 17 07 6E 73 2D 31 31 33 33 09 61 77 73 64 6E 73 2D 31 33 03 6F 72 67 00 C0 49 00 02 00 01 00 00 07 08 00 16 06 6E 73 2D 36 36 31 09 61 77 73 64 6E 73 2D 31 38 03 6E 65 74 00 C0 49 00 02 00 01 00 00 07 08 00 19 07 6E 73 2D 31 39 31 39 09 61 77 73 64 6E 73 2D 34 37 02 63 6F 02 75 6B 00 C0 94 00 01 00 01 00 02 36 1C 00 04 CD FB C1 EA C0 D6 00 01 00 01 00 02 36 1C 00 04 CD FB C2 95 C0 B3 00 01 00 01 00 02 36 1C 00 04 CD FB C4 6D C0 F8 00 01 00 01 00 02 36 1C 00 04 CD FB C7 7F
45 00 00 3F EC C8 40 00 40 11 84 06 93 20 53 35 93 20 50 69 74 C5 00 35 00 2B CA 1B A2 AD 01 00 00 01 00 00 00 00 00 00 03 77 77 77 09 6D 75 6F 6E 2D 73 74 61 74 03 63 6F 6D 00 00 01 00 01
45 00 00 A0 98 40 00 00 40 11 18 2E 93 20 50 69 93 20 53 35 00 35 74 C5 00 8C F0 D9 A2 AD 81 80 00 01 00 01 00 02 00 02 03 77 77 77 09 6D 75 6F 6E 2D 73 74 61 74 03 63 6F 6D 00 00 01 00 01 C0 0C 00 01 00 01 00 00 0E 10 00 04 2E FC 12 97 C0 10 00 02 00 01 00 02 34 1C 00 13 02 6E 73 0D 6E 61 6D 65 73 70 61 63 65 34 79 6F 75 C0 1A C0 10 00 02 00 01 00 02 34 1C 00 06 03 6E 73 32 C0 42 C0 3F 00 01 00 01 00 02 34 1C 00 04 50 43 10 7C C0 5E 00 01 00 01 00 02 34 1C 00 04 C1 DF 4D 03
45 00 00 3E EC CE 40 00 40 11 84 01 93 20 53 35 93 20 50 69 92 3E 00 35 00 2A CA 1A 73 6A 01 00 00 01 00 00 00 00 00 00 03 77 77 77 08 71 75 61 6E 74 69 64 65 03 63 6F 6D 00 00 01 00 01
45 00 01 4B 98 42 00 00 40 11 17 81 93 20 50 69 93 20 53 35 00 35 A8 4B 01 37 47 75 D0 C0 81 80 00 01 00 02 00 06 00 06 03 77 77 77 0F 6D 61 6E 67 6F 2D 73 6F 6C 75 74 69 6F 6E 73 03 63 6F 6D 00 00 01 00 01 C0 0C 00 05 00 01 00 00 00 3C 00 0A 07 77 65 62 68 6F 73 74 C0 10 C0 35 00 01 00 01 00 00 00 3C 00 04 56 BC F7 64 C0 10 00 02 00 01 00 00 38 40 00 06 03 6E 73 31 C0 10 C0 10 00 02 00 01 00 00 38 40 00 11 06 6E 73 33 31 36 34 03 64 6E 73 03 64 79 6E C0 20 C0 10 00 02 00 01 00 00 38 40 00 09 06 6E 73 31 31 34 35 C0 74 C0 10 00 02 00 01 00 00 38 40 00 06 03 6E 73 32 C0 10 C0 10 00 02 00 01 00 00 38 40 00 09 06 6E 73 34 31 36 38 C0 74 C0 10 00 02 00 01 00 00 38 40 00 09 06 6E 73 32 31 39 33 C0 74 C0 5B 00 01 00 01 00 02 34 1C 00 04 56 BC F7 19 C0 9F 00 01 00 01 00 02 34 1C 00 04 D9 29 F4 D7 C0 8A 00 01 00 01 00 02 34 1C 00 04 D0 4C 3A 91 C0 C6 00 01 00 01 00 02 34 1C 00 04 D0 4C 3B C1 C0 6D 00 01 00 01 00 02 34 1C 00 04 D0 4C 3C A4 C0 B1 00 01 00 01 00 02 34 1C 00 04 D0 4C 3D A8
45 00 00 3D EC D6 40 00 40 11 83 FA 93 20 53 35 93 20 50 69 55 F1 00 35 00 29 CA 19 C0 30 01 00 00 01 00 00 00 00 00 00 03 77 77 77 07 72 73 74 75 64 69 6F 03 6F 72 67 00 00 01 00 01
45 00 00 DC 98 46 00 00 40 11 17 EC 93 20 50 69 93 20 53 35 00 35 55 F1 00 C8 09 61 C0 30 81 80 00 01 00 01 00 02 00 04 03 77 77 77 07 72 73 74 75 64 69 6F 03 6F 72 67 00 00 01 00 01 C0 0C 00 01 00 01 00 00 0E 10 00 04 41 B5 85 D0 C0 10 00 02 00 01 00 00 0E 10 00 18 04 6E 73 33 30 0D 64 6F 6D 61 69 6E 63 6F 6E 74 72 6F 6C 03 63 6F 6D 00 C0 10 00 02 00 01 00 00 0E 10 00 07 04 6E 73 32 39 C0 42 C0 61 00 01 00 01 00 00 E2 9D 00 04 D8 45 B9 0F C0 61 00 1C 00 01 00 00 E2 9D 00 10 26 07 F2 08 02 06 00 00 00 00 00 00 00 00 00 0F C0 3D 00 01 00 01 00 00 E2 9D 00 04 D0 6D FF 0F C0 3D 00 1C 00 01 00 00 E2 9D 00 10 26 07 F2 08 03 02 00 00 00 00 00 00 00 00 00 0F
45 00 00 3D EC DD 40 00 40 11 83 F3 93 20 53 35 93 20 50 69 CC 3F 00 35 00 29 CA 19 43 1D 01 00 00 01 00 00 00 00 00 00 03 77 77 77 05 73 70 61 72 78 02 63 6F 02 75 6B 00 00 01 00 01
45 00 00 C2 98 48 00 00 40 11 18 04 93 20 50 69 93 20 53 35 00 35 92 3E 00 AE 93 E1 73 6A 81 80 00 01 00 02 00 02 00 02 03 77 77 77 08 71 75 61 6E 74 69 64 65 03 63 6F 6D 00 00 01 00 01 C0 0C 00 05 00 01 00 00 03 84 00 19 0A 6F 6E 6C 69 6E 75 78 2D 69 74 08 73 65 74 75 70 64 6E 73 03 6E 65 74 00 C0 2E 00 01 00 01 00 00 03 84 00 04 51 58 30 4E C0 39 00 02 00 01 00 02 34 1C 00 11 03 6E 73 32 08 72 65 67 69 73 74 65 72 02 69 74 00 C0 39 00 02 00 01 00 02 34 1C 00 06 03 6E 73 31 C0 67 C0 80 00 01 00 01 00 00 E2 9C 00 04 C3 6E 7C 8C C0 63 00 01 00 01 00 00 E2 9C 00 04 D5 5C 0B 22
45 00 00 3B EC DF 40 00 40 11 83 F3 93 20 53 35 93 20 50 69 A5 60 00 35 00 27 CA 17 43 AA 01 00 00 01 00 00 00 00 00 00 03 77 77 77 05 77 69 6C 65 79 03 63 6F 6D 00 00 01 00 01
45 00 00 AE 98 57 00 00 40 11 18 09 93 20 50 69 93 20 53 35 00 35 69 D2 00 9A CB 43 C5 CF 81 80 00 01 00 02 00 02 00 02 03 77 77 77 0A 62 61 62 65 6C 67 72 61 70 68 03 6F 72 67 00 00 01 00 01 C0 0C 00 05 00 01 00 00 38 40 00 02 C0 10 C0 10 00 01 00 01 00 00 38 40 00 04 42 93 F4 D3 C0 10 00 02 00 01 00 01 51 80 00 12 03 6E 73 32 08 62 6C 75 65 68 6F 73 74 03 63 6F 6D 00 C0 10 00 02 00 01 00 01 51 80 00 06 03 6E 73 31 C0 52 C0 6C 00 01 00 01 00 02 1C BD 00 04 4A DC C3 1F C0 4E 00 01 00 01 00 02 1C BD 00 04 45 59 10 04
45 00 00 98 98 5C 00 00 40 11 18 1A 93 20 50 69 93 20 53 35 00 35 CC 3F 00 84 2F D3 43 1D 81 80 00 01 00 01 00 02 00 02 03 77 77 77 05 73 70 61 72 78 02 63 6F 02 75 6B 00 00 01 00 01 C0 0C 00 01 00 01 00 01 51 80 00 04 4E 28 92 EB C0 10 00 02 00 01 00 02 A3 00 00 0E 03 6E 73 32 07 31 32 33 2D 72 65 67 C0 16 C0 10 00 02 00 01 00 02 A3 00 00 05 02 6E 73 C0 41 C0 57 00 01 00 01 00 00 01 2C 00 04 D4 43 CA 02 C0 3D 00 01 00 01 00 00 01 2C 00 04 5C 33 9F 28
45 00 00 43 ED 21 40 00 40 11 83 A9 93 20 53 35 93 20 50 69 DC DA 00 35 00 2F CA 1F 69 53 01 00 00 01 00 00 00 00 00 00 08 70 6C 61 74 66 6F 72 6D 08 6C 69 6E 6B 65 64 69 6E 03 63 6F 6D 00 00 01 00 01
45 00 01 B3 98 68 00 00 40 11 16 F3 93 20 50 69 93 20 53 35 00 35 DC DA 01 9F 5A 6D 69 53 81 80 00 01 00 03 00 08 00 08 08 70 6C 61 74 66 6F 72 6D 08 6C 69 6E 6B 65 64 69 6E 03 63 6F 6D 00 00 01 00 01 C0 0C 00 05 00 01 00 00 01 2C 00 23 08 77 69 6C 64 63 61 72 64 08 6C 69 6E 6B 65 64 69 6E 03 63 6F 6D 07 65 64 67 65 6B 65 79 03 6E 65 74 00 C0 33 00 05 00 01 00 00 38 DA 00 15 05 65 35 31 36 38 01 67 0A 61 6B 61 6D 61 69 65 64 67 65 C0 51 C0 62 00 01 00 01 00 00 00 14 00 04 17 3F 60 EF C0 68 00 02 00 01 00 00 22 89 00 06 03 6E 33 67 C0 6A C0 68 00 02 00 01 00 00 22 89 00 06 03 6E 30 67 C0 6A C0 68 00 02 00 01 00 00 22 89 00 06 03 6E 35 67 C0 6A C0 68 00 02 00 01 00 00 22 89 00 06 03 6E 31 67 C0 6A C0 68 00 02 00 01 00 00 22 89 00 06 03 6E 34 67 C0 6A C0 68 00 02 00 01 00 00 22 89 00 06 03 6E 32 67 C0 6A C0 68 00 02 00 01 00 00 22 89 00 06 03 6E 37 67 C0 6A C0 68 00 02 00 01 00 00 22 89 00 06 03 6E 36 67 C0 6A C0 A5 00 01 00 01 00 00 22 89 00 04 17 3E ED 8B C0 C9 00 01 00 01 00 00 4C B9 00 04 C1 6C 5E A2 C0 ED 00 01 00 01 00 00 76 E9 00 04 4D 43 60 69 C0 93 00 01 00 01 00 00 22 89 00 04 50 0F EB B7 C0 DB 00 01 00 01 00 00 4C B9 00 04 58 DD 51 C1 C0 B7 00 01 00 01 00 00 76 E9 00 04 17 3E ED 8C C1 11 00 01 00 01 00 00 22 89 00 04 17 3E ED 89 C0 FF 00 01 00 01 00 00 4C B9 00 04 17 3E ED 8A
45 00 00 44 ED 30 40 00 40 11 83 99 93 20 53 35 93 20 50 69 BA B5 00 35 00 30 CA 20 14 64 01 00 00 01 00 00 00 00 00 00 06 73 74 61 74 69 63 02 61 6B 08 66 61 63 65 62 6F 6F 6B 03 63 6F 6D 00 00 01 00 01
45 00 00 46 ED 30 40 00 40 11 83 97 93 20 53 35 93 20 50 69 3F 76 00 35 00 32 CA 22 77 18 01 00 00 01 00 00 00 00 00 00 08 73 2D 73 74 61 74 69 63 02 61 6B 08 66 61 63 65 62 6F 6F 6B 03 63 6F 6D 00 00 01 00 01
45 00 01 DC 98 6B 00 00 40 11 16 C7 93 20 50 69 93 20 53 35 00 35 3F 76 01 C8 E3 7C 77 18 81 80 00 01 00 03 00 08 00 08 08 73 2D 73 74 61 74 69 63 02 61 6B 08 66 61 63 65 62 6F 6F 6B 03 63 6F 6D 00 00 01 00 01 C0 0C 00 05 00 01 00 00 00 F3 00 26 08 73 2D 73 74 61 74 69 63 02 61 6B 08 66 61 63 65 62 6F 6F 6B 03 63 6F 6D 07 65 64 67 65 6B 65 79 03 6E 65 74 00 C0 36 00 05 00 01 00 00 01 17 00 18 04 65 35 36 36 05 64 73 70 65 31 0A 61 6B 61 6D 61 69 65 64 67 65 C0 57 C0 68 00 01 00 01 00 00 00 14 00 04 17 3F 42 6E C0 6D 00 02 00 01 00 00 26 7D 00 0A 07 6E 35 64 73 70 65 31 C0 73 C0 6D 00 02 00 01 00 00 26 7D 00 0A 07 6E 32 64 73 70 65 31 C0 73 C0 6D 00 02 00 01 00 00 26 7D 00 0A 07 6E 34 64 73 70 65 31 C0 73 C0 6D 00 02 00 01 00 00 26 7D 00 0A 07 6E 37 64 73 70 65 31 C0 73 C0 6D 00 02 00 01 00 00 26 7D 00 0A 07 6E 36 64 73 70 65 31 C0 73 C0 6D 00 02 00 01 00 00 26 7D 00 0A 07 6E 33 64 73 70 65 31 C0 73 C0 6D 00 02 00 01 00 00 26 7D 00 0A 07 6E 31 64 73 70 65 31 C0 73 C0 6D 00 02 00 01 00 00 26 7D 00 0A 07 6E 30 64 73 70 65 31 C0 73 C1 36 00 01 00 01 00 00 26 7D 00 04 4D 43 60 6C C1 20 00 01 00 01 00 00 50 AD 00 04 50 0F EB B0 C0 B2 00 01 00 01 00 00 7A DD 00 04 58 DD 51 C0 C1 0A 00 01 00 01 00 00 26 7D 00 04 17 3E ED 8A C0 C8 00 01 00 01 00 00 50 AD 00 04 C1 6C 5E A8 C0 9C 00 01 00 01 00 00 7A DD 00 04 17 3E ED 8B C0 F4 00 01 00 01 00 00 26 7D 00 04 17 3E ED 8C C0 DE 00 01 00 01 00 00 50 AD 00 04 17 3E ED 89
45 00 01 E9 98 6C 00 00 40 11 16 B9 93 20 50 69 93 20 53 35 00 35 BA B5 01 D5 3A 8C 14 64 81 80 00 01 00 04 00 08 00 08 06 73 74 61 74 69 63 02 61 6B 08 66 61 63 65 62 6F 6F 6B 03 63 6F 6D 00 00 01 00 01 C0 0C 00 05 00 01 00 00 00 F3 00 26 06 73 74 61 74 69 63 02 61 6B 08 66 61 63 65 62 6F 6F 6B 03 63 6F 6D 09 65 64 67 65 73 75 69 74 65 03 6E 65 74 00 C0 34 00 05 00 01 00 00 01 17 00 13 04 61 37 34 39 04 64 73 77 34 06 61 6B 61 6D 61 69 C0 55 C0 66 00 01 00 01 00 00 00 14 00 04 C3 71 E8 59 C0 66 00 01 00 01 00 00 00 14 00 04 C3 71 E8 52 C0 6B 00 02 00 01 00 00 26 7D 00 09 06 6E 36 64 73 77 34 C0 70 C0 6B 00 02 00 01 00 00 26 7D 00 09 06 6E 30 64 73 77 34 C0 70 C0 6B 00 02 00 01 00 00 26 7D 00 09 06 6E 33 64 73 77 34 C0 70 C0 6B 00 02 00 01 00 00 26 7D 00 09 06 6E 32 64 73 77 34 C0 70 C0 6B 00 02 00 01 00 00 26 7D 00 09 06 61 30 64 73 77 34 C0 70 C0 6B 00 02 00 01 00 00 26 7D 00 09 06 6E 34 64 73 77 34 C0 70 C0 6B 00 02 00 01 00 00 26 7D 00 09 06 6E 31 64 73 77 34 C0 70 C0 6B 00 02 00 01 00 00 26 7D 00 09 06 6E 35 64 73 77 34 C0 70 C0 F9 00 1C 00 01 00 00 7A DD 00 10 2A 02 26 F0 00 32 F0 00 F5 07 01 B3 92 93 51 DA C0 BA 00 01 00 01 00 00 26 7D 00 04 5C 7A D9 05 C1 23 00 01 00 01 00 00 50 AD 00 04 D5 FE F5 0A C0 E4 00 01 00 01 00 00 26 7D 00 04 50 EF CE 85 C0 CF 00 01 00 01 00 00 50 AD 00 04 58 DD 51 C3 C1 0E 00 01 00 01 00 00 7A DD 00 04 5C 7A D9 04 C1 38 00 01 00 01 00 00 26 7D 00 04 5C 7A D9 0C C0 A5 00 01 00 01 00 00 50 AD 00 04 5C 7A D9 0A
45 00 01 37 98 6E 00 00 40 11 17 69 93 20 50 69 93 20 53 35 00 35 A5 60 01 23 38 BF 43 AA 81 80 00 01 00 01 00 06 00 06 03 77 77 77 05 77 69 6C 65 79 03 63 6F 6D 00 00 01 00 01 C0 0C 00 01 00 01 00 00 03 84 00 04 D0 D7 B3 92 C0 10 00 02 00 01 00 02 34 1C 00 0E 02 6E 73 08 77 69 6C 65 79 70 75 62 C0 16 C0 10 00 02 00 01 00 02 34 1C 00 0B 08 62 72 69 2D 6E 73 30 31 C0 10 C0 10 00 02 00 01 00 02 34 1C 00 0B 08 6A 77 73 2D 65 64 63 70 C0 10 C0 10 00 02 00 01 00 02 34 1C 00 10 02 6E 73 05 77 69 6C 65 79 02 63 6F 02 75 6B 00 C0 10 00 02 00 01 00 02 34 1C 00 0A 07 73 67 2D 6E 73 30 31 C0 10 C0 10 00 02 00 01 00 02 34 1C 00 06 03 6E 73 32 C0 86 C0 83 00 01 00 01 00 00 02 57 00 04 C1 82 44 13 C0 3B 00 01 00 01 00 02 34 1C 00 04 0C A5 F0 35 C0 B5 00 01 00 01 00 00 02 57 00 04 C1 82 44 15 C0 9F 00 01 00 01 00 02 34 1C 00 04 CA 06 A1 EE C0 55 00 01 00 01 00 02 34 1C 00 04 CB 2E 46 85 C0 6C 00 01 00 01 00 02 34 1C 00 04 D0 D7 B3 64
45 00 00 42 EF 9A 40 00 40 11 81 31 93 20 53 35 93 20 50 69 D2 6D 00 35 00 2E CA 1E F8 FE 01 00 00 01 00 00 00 00 00 00 05 70 69 78 65 6C 0A 71 75 61 6E 74 73 65 72 76 65 03 63 6F 6D 00 00 01 00 01
45 00 02 16 98 7E 00 00 40 11 16 7A 93 20 50 69 93 20 53 35 00 35 D2 6D 02 02 E9 C2 F8 FE 81 80 00 01 00 0A 00 0A 00 02 05 70 69 78 65 6C 0A 71 75 61 6E 74 73 65 72 76 65 03 63 6F 6D 00 00 01 00 01 C0 0C 00 05 00 01 00 00 33 C5 00 22 06 6D 61 70 2D 70 62 0A 71 75 61 6E 74 73 65 72 76 65 03 63 6F 6D 06 61 6B 61 64 6E 73 03 6E 65 74 00 C0 32 00 05 00 01 00 00 1B CE 00 11 0E 61 6E 79 63 61 73 74 2D 65 75 72 6F 70 65 C0 39 C0 60 00 01 00 01 00 00 00 DA 00 04 5F AC 5E 36 C0 60 00 01 00 01 00 00 00 DA 00 04 5F AC 5E 3C C0 60 00 01 00 01 00 00 00 DA 00 04 5F AC 5E 1D C0 60 00 01 00 01 00 00 00 DA 00 04 5F AC 5E 17 C0 60 00 01 00 01 00 00 00 DA 00 04 5F AC 5E 34 C0 60 00 01 00 01 00 00 00 DA 00 04 5F AC 5E 39 C0 60 00 01 00 01 00 00 00 DA 00 04 5F AC 5E 23 C0 60 00 01 00 01 00 00 00 DA 00 04 5F AC 5E 32 C0 48 00 02 00 01 00 01 8F BE 00 14 07 6E 73 33 2D 31 33 31 06 61 6B 61 64 6E 73 03 6F 72 67 00 C0 48 00 02 00 01 00 01 8F BE 00 0A 07 6E 73 31 2D 31 32 39 C0 48 C0 48 00 02 00 01 00 01 8F BE 00 0B 08 6E 73 31 31 2D 31 32 38 C0 48 C0 48 00 02 00 01 00 01 8F BE 00 0A 07 6E 73 33 2D 31 32 39 C0 48 C0 48 00 02 00 01 00 01 8F BE 00 0B 08 6E 73 31 37 2D 31 33 33 C1 05 C0 48 00 02 00 01 00 01 8F BE 00 0A 07 6E 73 32 2D 31 33 31 C1 05 C0 48 00 02 00 01 00 01 8F BE 00 0B 08 6E 73 32 30 2D 31 33 31 C1 05 C0 48 00 02 00 01 00 01 8F BE 00 0A 07 6E 73 36 2D 31 33 31 C1 05 C0 48 00 02 00 01 00 01 8F BE 00 0A 07 6E 73 36 2D 31 32 39 C0 48 C0 48 00 02 00 01 00 01 8F BE 00 0A 07 6E 73 32 2D 31 32 39 C0 48 C1 1D 00 01 00 01 00 01 8F BE 00 04 C1 6C 58 81 C1 D0 00 01 00 01 00 01 8F BE 00 04 02 16 E6 81
45 00 00 42 F5 FB 40 00 40 11 7A D0 93 20 53 35 93 20 50 69 DD C1 00 35 00 2E CA 1E E5 87 01 00 00 01 00 00 00 00 00 00 03 77 77 77 0C 72 2D 73 74 61 74 69 73 74 69 63 73 03 63 6F 6D 00 00 01 00 01
45 00 00 3C F5 FC 40 00 40 11 7A D5 93 20 53 35 93 20 50 69 32 9B 00 35 00 28 CA 18 22 02 01 00 00 01 00 00 00 00 00 00 03 72 61 77 06 67 69 74 68 75 62 03 63 6F 6D 00 00 01 00 01
45 00 01 02 98 E6 00 00 40 11 17 26 93 20 50 69 93 20 53 35 00 35 32 9B 00 EE 2D 75 22 02 81 80 00 01 00 02 00 04 00 04 03 72 61 77 06 67 69 74 68 75 62 03 63 6F 6D 00 00 01 00 01 C0 0C 00 05 00 01 00 00 00 1E 00 17 06 67 69 74 68 75 62 03 6D 61 70 06 66 61 73 74 6C 79 03 6E 65 74 00 C0 2C 00 01 00 01 00 00 00 14 00 04 B9 1F 10 85 C0 37 00 02 00 01 00 00 54 8C 00 11 03 6E 73 34 03 70 30 34 06 64 79 6E 65 63 74 C0 3E C0 37 00 02 00 01 00 00 54 8C 00 06 03 6E 73 31 C0 63 C0 37 00 02 00 01 00 00 54 8C 00 06 03 6E 73 32 C0 63 C0 37 00 02 00 01 00 00 54 8C 00 06 03 6E 73 33 C0 63 C0 7C 00 01 00 01 00 01 A6 0C 00 04 D0 4E 46 04 C0 8E 00 01 00 01 00 01 A6 0C 00 04 CC 0D FA 04 C0 A0 00 01 00 01 00 01 A6 0C 00 04 D0 4E 47 04 C0 5F 00 01 00 01 00 01 A6 0C 00 04 CC 0D FB 04
45 00 00 42 F6 27 40 00 40 11 7A A4 93 20 53 35 93 20 50 69 E6 CB 00 35 00 2E CA 1E 90 44 01 00 00 01 00 00 00 00 00 00 06 74 68 65 6D 65 73 09 62 61 76 6F 74 61 73 61 6E 03 63 6F 6D 00 00 01 00 01
45 00 00 3F F6 27 40 00 40 11 7A A7 93 20 53 35 93 20 50 69 50 67 00 35 00 2B CA 1B 77 92 01 00 00 01 00 00 00 00 00 00 03 77 77 77 09 72 2D 70 72 6F 6A 65 63 74 03 6F 72 67 00 00 01 00 01
45 00 00 F8 98 ED 00 00 40 11 17 29 93 20 50 69 93 20 53 35 00 35 50 67 00 E4 3B 96 77 92 81 80 00 01 00 02 00 03 00 04 03 77 77 77 09 72 2D 70 72 6F 6A 65 63 74 03 6F 72 67 00 00 01 00 01 C0 0C 00 05 00 01 00 00 0B 3C 00 14 04 63 72 61 6E 07 77 75 2D 77 69 65 6E 02 61 63 02 61 74 00 C0 2F 00 01 00 01 00 00 01 03 00 04 89 D0 39 25 C0 34 00 02 00 01 00 00 01 03 00 06 03 6E 73 31 C0 34 C0 34 00 02 00 01 00 00 01 03 00 06 03 6E 73 32 C0 34 C0 34 00 02 00 01 00 00 01 03 00 0D 03 6E 73 35 06 75 6E 69 76 69 65 C0 3C C0 5F 00 01 00 01 00 00 10 28 00 04 89 D0 0A 0A C0 71 00 01 00 01 00 00 10 28 00 04 89 D0 14 0A C0 83 00 01 00 01 00 00 16 6F 00 04 C1 AB FF 4D C0 83 00 1C 00 01 00 00 16 6F 00 10 20 01 06 28 04 53 43 05 00 00 00 00 00 00 00 53
45 00 00 3F F6 28 40 00 40 11 7A A6 93 20 53 35 93 20 50 69 5E 30 00 35 00 2B CA 1B 36 C5 01 00 00 01 00 00 00 00 00 00 03 77 77 77 09 77 6F 72 64 70 72 65 73 73 03 6F 72 67 00 00 01 00 01
45 00 00 DE 99 04 00 00 40 11 17 2C 93 20 50 69 93 20 53 35 00 35 DD C1 00 CA BD 83 E5 87 81 80 00 01 00 01 00 02 00 04 03 77 77 77 0C 72 2D 73 74 61 74 69 73 74 69 63 73 03 63 6F 6D 00 00 01 00 01 C0 0C 00 01 00 01 00 00 01 2C 00 04 AE 7A 3F 66 C0 10 00 02 00 01 00 02 34 12 00 15 04 72 69 63 6B 02 6E 73 0A 63 6C 6F 75 64 66 6C 61 72 65 C0 1D C0 10 00 02 00 01 00 02 34 12 00 07 04 65 72 69 6E C0 47 C0 63 00 01 00 01 00 02 34 10 00 04 AD F5 3A 71 C0 63 00 1C 00 01 00 02 34 10 00 10 24 00 CB 00 20 49 00 01 00 00 00 00 AD F5 3A 71 C0 42 00 01 00 01 00 02 34 12 00 04 AD F5 3B 8B C0 42 00 1C 00 01 00 02 34 12 00 10 24 00 CB 00 20 49 00 01 00 00 00 00 AD F5 3B 8B
45 00 00 A3 99 08 00 00 40 11 17 63 93 20 50 69 93 20 53 35 00 35 E6 CB 00 8F A9 34 90 44 81 80 00 01 00 01 00 02 00 02 06 74 68 65 6D 65 73 09 62 61 76 6F 74 61 73 61 6E 03 63 6F 6D 00 00 01 00 01 C0 0C 00 01 00 01 00 00 38 40 00 04 C6 64 96 88 C0 13 00 02 00 01 00 00 E2 92 00 13 03 6E 73 32 0A 61 72 73 65 6E 65 61 75 6C 74 02 63 61 00 C0 13 00 02 00 01 00 00 E2 92 00 06 03 6E 73 31 C0 46 C0 61 00 01 00 01 00 00 38 40 00 04 8E 04 D7 9A C0 42 00 01 00 01 00 00 38 40 00 04 C6 64 96 76
45 00 00 BE 99 09 00 00 40 11 17 47 93 20 50 69 93 20 53 35 00 35 5E 30 00 AA D8 9D 36 C5 81 80 00 01 00 03 00 02 00 02 03 77 77 77 09 77 6F 72 64 70 72 65 73 73 03 6F 72 67 00 00 01 00 01 C0 0C 00 05 00 01 00 00 38 40 00 02 C0 10 C0 10 00 01 00 01 00 00 01 2C 00 04 42 9B 28 FA C0 10 00 01 00 01 00 00 01 2C 00 04 42 9B 28 F9 C0 10 00 02 00 01 00 00 31 6A 00 13 03 6E 73 32 09 6D 6F 62 69 75 73 6C 74 64 03 63 6F 6D 00 C0 10 00 02 00 01 00 00 31 6A 00 06 03 6E 73 31 C0 61 C0 7C 00 01 00 01 00 00 01 2C 00 04 42 9B 28 18 C0 5D 00 01 00 01 00 00 01 2C 00 04 42 9B 09 A9
45 00 00 3D FA 49 40 00 40 11 76 87 93 20 53 35 93 20 50 69 8B 88 00 35 00 29 CA 19 22 E9 01 00 00 01 00 00 00 00 00 00 04 70 6C 75 73 06 67 6F 6F 67 6C 65 03 63 6F 6D 00 00 01 00 01
45 00 00 3D FA 49 40 00 40 11 76 87 93 20 53 35 93 20 50 69 7D 01 00 35 00 29 CA 19 45 90 01 00 00 01 00 00 00 00 00 00 03 73 73 6C 07 67 73 74 61 74 69 63 03 63 6F 6D 00 00 01 00 01
45 00 01 B5 9A 80 00 00 40 11 14 D9 93 20 50 69 93 20 53 35 00 35 8B 88 01 A1 AE 60 22 E9 81 80 00 01 00 0F 00 04 00 04 04 70 6C 75 73 06 67 6F 6F 67 6C 65 03 63 6F 6D 00 00 01 00 01 C0 0C 00 01 00 01 00 00 01 2C 00 04 C3 71 D6 DB C0 0C 00 01 00 01 00 00 01 2C 00 04 C3 71 D6 F5 C0 0C 00 01 00 01 00 00 01 2C 00 04 C3 71 D6 D3 C0 0C 00 01 00 01 00 00 01 2C 00 04 C3 71 D6 DE C0 0C 00 01 00 01 00 00 01 2C 00 04 C3 71 D6 F1 C0 0C 00 01 00 01 00 00 01 2C 00 04 C3 71 D6 CF C0 0C 00 01 00 01 00 00 01 2C 00 04 C3 71 D6 DD C0 0C 00 01 00 01 00 00 01 2C 00 04 C3 71 D6 D7 C0 0C 00 01 00 01 00 00 01 2C 00 04 C3 71 D6 FB C0 0C 00 01 00 01 00 00 01 2C 00 04 C3 71 D6 E6 C0 0C 00 01 00 01 00 00 01 2C 00 04 C3 71 D6 ED C0 0C 00 01 00 01 00 00 01 2C 00 04 C3 71 D6 EA C0 0C 00 01 00 01 00 00 01 2C 00 04 C3 71 D6 EC C0 0C 00 01 00 01 00 00 01 2C 00 04 C3 71 D6 F9 C0 0C 00 01 00 01 00 00 01 2C 00 04 C3 71 D6 E2 C0 11 00 02 00 01 00 01 8F 56 00 06 03 6E 73 33 C0 11 C0 11 00 02 00 01 00 01 8F 56 00 06 03 6E 73 31 C0 11 C0 11 00 02 00 01 00 01 8F 56 00 06 03 6E 73 32 C0 11 C0 11 00 02 00 01 00 01 8F 56 00 06 03 6E 73 34 C0 11 C1 2F 00 01 00 01 00 04 32 56 00 04 D8 EF 20 0A C1 41 00 01 00 01 00 04 32 56 00 04 D8 EF 22 0A C1 1D 00 01 00 01 00 04 32 56 00 04 D8 EF 24 0A C1 53 00 01 00 01 00 04 32 56 00 04 D8 EF 26 0A
45 00 00 DC 9A 81 00 00 40 11 15 B1 93 20 50 69 93 20 53 35 00 35 7D 01 00 C8 04 3A 45 90 81 80 00 01 00 01 00 04 00 04 03 73 73 6C 07 67 73 74 61 74 69 63 03 63 6F 6D 00 00 01 00 01 C0 0C 00 01 00 01 00 00 01 2C 00 04 AD C2 23 4F C0 10 00 02 00 01 00 01 8F 56 00 0D 03 6E 73 32 06 67 6F 6F 67 6C 65 C0 18 C0 10 00 02 00 01 00 01 8F 56 00 06 03 6E 73 31 C0 41 C0 10 00 02 00 01 00 01 8F 56 00 06 03 6E 73 33 C0 41 C0 10 00 02 00 01 00 01 8F 56 00 06 03 6E 73 34 C0 41 C0 56 00 01 00 01 00 04 32 56 00 04 D8 EF 20 0A C0 3D 00 01 00 01 00 04 32 56 00 04 D8 EF 22 0A C0 68 00 01 00 01 00 04 32 56 00 04 D8 EF 24 0A C0 7A 00 01 00 01 00 04 32 56 00 04 D8 EF 26 0A
45 00 00 47 FC 27 40 00 40 11 74 9F 93 20 53 35 93 20 50 69 64 25 00 35 00 33 CA 23 B6 22 01 00 00 01 00 00 00 00 00 00 03 6C 68 35 11 67 6F 6F 67 6C 65 75 73 65 72 63 6F 6E 74 65 6E 74 03 63 6F 6D 00 00 01 00 01
45 00 01 23 9B C1 00 00 40 11 14 2A 93 20 50 69 93 20 53 35 00 35 64 25 01 0F 7B 9E B6 22 81 80 00 01 00 04 00 04 00 04 03 6C 68 35 11 67 6F 6F 67 6C 65 75 73 65 72 63 6F 6E 74 65 6E 74 03 63 6F 6D 00 00 01 00 01 C0 0C 00 05 00 01 00 00 42 74 00 11 0C 67 6F 6F 67 6C 65 68 6F 73 74 65 64 01 6C C0 10 C0 37 00 01 00 01 00 00 00 15 00 04 AD C2 23 4C C0 37 00 01 00 01 00 00 00 15 00 04 AD C2 23 4B C0 37 00 01 00 01 00 00 00 15 00 04 AD C2 23 4A C0 10 00 02 00 01 00 01 92 BB 00 0D 03 6E 73 32 06 67 6F 6F 67 6C 65 C0 22 C0 10 00 02 00 01 00 01 92 BB 00 06 03 6E 73 34 C0 88 C0 10 00 02 00 01 00 01 92 BB 00 06 03 6E 73 33 C0 88 C0 10 00 02 00 01 00 01 92 BB 00 06 03 6E 73 31 C0 88 C0 C1 00 01 00 01 00 04 32 54 00 04 D8 EF 20 0A C0 84 00 01 00 01 00 04 32 54 00 04 D8 EF 22 0A C0 AF 00 01 00 01 00 04 32 54 00 04 D8 EF 24 0A C0 9D 00 01 00 01 00 04 32 54 00 04 D8 EF 26 0A
45 00 00 40 12 2B 40 00 40 11 5E A3 93 20 53 35 93 20 50 69 7E 70 00 35 00 2C CA 1C 5A 84 01 00 00 01 00 00 00 00 00 00 06 69 6D 67 63 64 6E 07 6E 72 65 6C 61 74 65 03 63 6F 6D 00 00 01 00 01
45 00 01 A2 A0 05 00 00 40 11 0F 67 93 20 50 69 93 20 53 35 00 35 7E 70 01 8E D2 16 5A 84 81 80 00 01 00 06 00 06 00 06 06 69 6D 67 63 64 6E 07 6E 72 65 6C 61 74 65 03 63 6F 6D 00 00 01 00 01 C0 0C 00 05 00 01 00 00 0D 65 00 1D 07 6E 72 65 6C 61 74 65 03 63 64 6E 0B 73 63 61 6C 65 65 6E 67 69 6E 65 03 6E 65 74 00 C0 30 00 05 00 01 00 00 00 3C 00 15 07 6E 72 65 6C 61 74 65 0A 61 6E 79 63 61 73 74 63 64 6E C0 48 C0 59 00 01 00 01 00 00 00 3C 00 04 D5 98 B4 E4 C0 59 00 01 00 01 00 00 00 3C 00 04 B0 09 12 4F C0 59 00 01 00 01 00 00 00 3C 00 04 D5 98 B5 57 C0 59 00 01 00 01 00 00 00 3C 00 04 D5 A3 43 05 C0 61 00 02 00 01 00 02 2D DE 00 08 05 67 64 6E 73 34 C0 61 C0 61 00 02 00 01 00 02 2D DE 00 08 05 67 64 6E 73 33 C0 61 C0 61 00 02 00 01 00 02 2D DE 00 08 05 67 64 6E 73 31 C0 61 C0 61 00 02 00 01 00 02 2D DE 00 08 05 67 64 6E 73 32 C0 61 C0 61 00 02 00 01 00 02 2D DE 00 08 05 67 64 6E 73 35 C0 61 C0 61 00 02 00 01 00 02 2D DE 00 08 05 67 64 6E 73 36 C0 61 C0 E2 00 01 00 01 00 02 2D DE 00 04 41 27 94 A1 C0 F6 00 01 00 01 00 02 2D DE 00 04 40 78 13 0C C0 CE 00 01 00 01 00 02 2D DE 00 04 AD EA B9 94 C0 BA 00 01 00 01 00 02 2D DE 00 04 17 13 8A 14 C1 0A 00 01 00 01 00 02 2D DE 00 04 6D EC 52 BB C1 1E 00 01 00 01 00 02 2D DE 00 04 D5 98 B4 E5
45 00 00 3D 14 B7 40 00 40 11 5C 1A 93 20 53 35 93 20 50 69 68 5B 00 35 00 29 CA 19 A7 57 01 00 00 01 00 00 00 00 00 00 03 63 73 69 07 67 73 74 61 74 69 63 03 63 6F 6D 00 00 01 00 01
45 00 00 DC A0 24 00 00 40 11 10 0E 93 20 50 69 93 20 53 35 00 35 68 5B 00 C8 DB 83 A7 57 81 80 00 01 00 01 00 04 00 04 03 63 73 69 07 67 73 74 61 74 69 63 03 63 6F 6D 00 00 01 00 01 C0 0C 00 01 00 01 00 00 00 27 00 04 4A 7D ED 8F C0 10 00 02 00 01 00 01 8F 3B 00 0D 03 6E 73 33 06 67 6F 6F 67 6C 65 C0 18 C0 10 00 02 00 01 00 01 8F 3B 00 06 03 6E 73 34 C0 41 C0 10 00 02 00 01 00 01 8F 3B 00 06 03 6E 73 31 C0 41 C0 10 00 02 00 01 00 01 8F 3B 00 06 03 6E 73 32 C0 41 C0 68 00 01 00 01 00 04 32 3B 00 04 D8 EF 20 0A C0 7A 00 01 00 01 00 04 32 3B 00 04 D8 EF 22 0A C0 3D 00 01 00 01 00 04 32 3B 00 04 D8 EF 24 0A C0 56 00 01 00 01 00 04 32 3B 00 04 D8 EF 26 0A
45 00 00 3D 14 B8 40 00 40 11 5C 19 93 20 53 35 93 20 50 69 5B 9C 00 35 00 29 CA 19 87 C8 01 00 00 01 00 00 00 00 00 00 04 61 70 69 73 06 67 6F 6F 67 6C 65 03 63 6F 6D 00 00 01 00 01
45 00 01 CA A0 25 00 00 40 11 0F 1F 93 20 50 69 93 20 53 35 00 35 5B 9C 01 B6 14 37 87 C8 81 80 00 01 00 10 00 04 00 04 04 61 70 69 73 06 67 6F 6F 67 6C 65 03 63 6F 6D 00 00 01 00 01 C0 0C 00 05 00 01 00 08 2A 22 00 09 04 70 6C 75 73 01 6C C0 11 C0 2D 00 01 00 01 00 00 00 80 00 04 C3 71 D6 E6 C0 2D 00 01 00 01 00 00 00 80 00 04 C3 71 D6 DE C0 2D 00 01 00 01 00 00 00 80 00 04 C3 71 D6 FB C0 2D 00 01 00 01 00 00 00 80 00 04 C3 71 D6 F9 C0 2D 00 01 00 01 00 00 00 80 00 04 C3 71 D6 D3 C0 2D 00 01 00 01 00 00 00 80 00 04 C3 71 D6 F1 C0 2D 00 01 00 01 00 00 00 80 00 04 C3 71 D6 F5 C0 2D 00 01 00 01 00 00 00 80 00 04 C3 71 D6 CF C0 2D 00 01 00 01 00 00 00 80 00 04 C3 71 D6 EC C0 2D 00 01 00 01 00 00 00 80 00 04 C3 71 D6 DB C0 2D 00 01 00 01 00 00 00 80 00 04 C3 71 D6 E2 C0 2D 00 01 00 01 00 00 00 80 00 04 C3 71 D6 EA C0 2D 00 01 00 01 00 00 00 80 00 04 C3 71 D6 D7 C0 2D 00 01 00 01 00 00 00 80 00 04 C3 71 D6 ED C0 2D 00 01 00 01 00 00 00 80 00 04 C3 71 D6 DD C0 11 00 02 00 01 00 01 8F 3B 00 06 03 6E 73 33 C0 11 C0 11 00 02 00 01 00 01 8F 3B 00 06 03 6E 73 32 C0 11 C0 11 00 02 00 01 00 01 8F 3B 00 06 03 6E 73 34 C0 11 C0 11 00 02 00 01 00 01 8F 3B 00 06 03 6E 73 31 C0 11 C1 68 00 01 00 01 00 04 32 3B 00 04 D8 EF 20 0A C1 44 00 01 00 01 00 04 32 3B 00 04 D8 EF 22 0A C1 32 00 01 00 01 00 04 32 3B 00 04 D8 EF 24 0A C1 56 00 01 00 01 00 04 32 3B 00 04 D8 EF 26 0A
45 00 00 38 14 C2 40 00 40 11 5C 14 93 20 53 35 93 20 50 69 7C F4 00 35 00 24 CA 14 9E AD 01 00 00 01 00 00 00 00 00 00 06 67 69 74 68 75 62 03 63 6F 6D 00 00 01 00 01
45 00 00 3A 14 C2 40 00 40 11 5C 12 93 20 53 35 93 20 50 69 AE 33 00 35 00 26 CA 16 C1 C2 01 00 00 01 00 00 00 00 00 00 08 72 61 6D 68 69 73 65 72 03 63 6F 6D 00 00 01 00 01
45 00 00 39 14 C2 40 00 40 11 5C 13 93 20 53 35 93 20 50 69 51 F9 00 35 00 25 CA 15 C5 FE 01 00 00 01 00 00 00 00 00 00 07 74 77 69 74 74 65 72 03 63 6F 6D 00 00 01 00 01
45 00 00 3A 14 C2 40 00 40 11 5C 12 93 20 53 35 93 20 50 69 11 BD 00 35 00 26 CA 16 79 BA 01 00 00 01 00 00 00 00 00 00 02 6A 73 05 6E 72 63 64 6E 03 63 6F 6D 00 00 01 00 01
45 00 00 DE A0 2B 00 00 40 11 10 05 93 20 50 69 93 20 53 35 00 35 7C F4 00 CA 49 D2 9E AD 81 80 00 01 00 01 00 04 00 04 06 67 69 74 68 75 62 03 63 6F 6D 00 00 01 00 01 C0 0C 00 01 00 01 00 00 00 1E 00 04 C0 1E FC 81 C0 0C 00 02 00 01 00 00 CF A7 00 14 03 6E 73 32 03 70 31 36 06 64 79 6E 65 63 74 03 6E 65 74 00 C0 0C 00 02 00 01 00 00 CF A7 00 06 03 6E 73 33 C0 3C C0 0C 00 02 00 01 00 00 CF A7 00 06 03 6E 73 34 C0 3C C0 0C 00 02 00 01 00 00 CF A7 00 06 03 6E 73 31 C0 3C C0 7C 00 01 00 01 00 00 CF A7 00 04 D0 4E 46 10 C0 38 00 01 00 01 00 00 CF A7 00 04 CC 0D FA 10 C0 58 00 01 00 01 00 00 CF A7 00 04 D0 4E 47 10 C0 6A 00 01 00 01 00 00 CF A7 00 04 CC 0D FB 10
45 00 00 3B 14 C7 40 00 40 11 5C 0C 93 20 53 35 93 20 50 69 99 49 00 35 00 27 CA 17 73 C7 01 00 00 01 00 00 00 00 00 00 03 77 77 77 05 6A 73 74 6F 72 03 6F 72 67 00 00 01 00 01
45 00 00 FF A0 2D 00 00 40 11 0F E2 93 20 50 69 93 20 53 35 00 35 51 F9 00 EB 84 3A C5 FE 81 80 00 01 00 03 00 04 00 04 07 74 77 69 74 74 65 72 03 63 6F 6D 00 00 01 00 01 C0 0C 00 01 00 01 00 00 00 1E 00 04 C7 10 9C C6 C0 0C 00 01 00 01 00 00 00 1E 00 04 C7 10 9C 26 C0 0C 00 01 00 01 00 00 00 1E 00 04 C7 10 9C 66 C0 0C 00 02 00 01 00 00 3F 32 00 14 03 6E 73 33 03 70 33 34 06 64 79 6E 65 63 74 03 6E 65 74 00 C0 0C 00 02 00 01 00 00 3F 32 00 06 03 6E 73 34 C0 5D C0 0C 00 02 00 01 00 00 3F 32 00 06 03 6E 73 32 C0 5D C0 0C 00 02 00 01 00 00 3F 32 00 06 03 6E 73 31 C0 5D C0 9D 00 01 00 01 00 00 3F 32 00 04 D0 4E 46 22 C0 8B 00 01 00 01 00 00 3F 32 00 04 CC 0D FA 22 C0 59 00 01 00 01 00 00 3F 32 00 04 D0 4E 47 22 C0 79 00 01 00 01 00 00 3F 32 00 04 CC 0D FB 22
45 00 00 45 14 CB 40 00 40 11 5B FE 93 20 53 35 93 20 50 69 15 FD 00 35 00 31 CA 21 9B 93 01 00 00 01 00 00 00 00 00 00 03 77 77 77 04 73 74 61 74 0A 77 61 73 68 69 6E 67 74 6F 6E 03 65 64 75 00 00 01 00 01
45 00 00 49 14 D6 40 00 40 11 5B EF 93 20 53 35 93 20 50 69 3E 03 00 35 00 35 CA 25 69 1D 01 00 00 01 00 00 00 00 00 00 05 6F 61 75 74 68 11 67 6F 6F 67 6C 65 75 73 65 72 63 6F 6E 74 65 6E 74 03 63 6F 6D 00 00 01 00 01
45 00 01 25 A0 31 00 00 40 11 0F B8 93 20 50 69 93 20 53 35 00 35 3E 03 01 11 38 51 69 1D 81 80 00 01 00 04 00 04 00 04 05 6F 61 75 74 68 11 67 6F 6F 67 6C 65 75 73 65 72 63 6F 6E 74 65 6E 74 03 63 6F 6D 00 00 01 00 01 C0 0C 00 05 00 01 00 00 D2 50 00 11 0C 67 6F 6F 67 6C 65 68 6F 73 74 65 64 01 6C C0 12 C0 39 00 01 00 01 00 00 01 2C 00 04 AD C2 23 4B C0 39 00 01 00 01 00 00 01 2C 00 04 AD C2 23 4A C0 39 00 01 00 01 00 00 01 2C 00 04 AD C2 23 4C C0 12 00 02 00 01 00 01 92 A2 00 0D 03 6E 73 32 06 67 6F 6F 67 6C 65 C0 24 C0 12 00 02 00 01 00 01 92 A2 00 06 03 6E 73 31 C0 8A C0 12 00 02 00 01 00 01 92 A2 00 06 03 6E 73 34 C0 8A C0 12 00 02 00 01 00 01 92 A2 00 06 03 6E 73 33 C0 8A C0 9F 00 01 00 01 00 04 32 3B 00 04 D8 EF 20 0A C0 86 00 01 00 01 00 04 32 3B 00 04 D8 EF 22 0A C0 C3 00 01 00 01 00 04 32 3B 00 04 D8 EF 24 0A C0 B1 00 01 00 01 00 04 32 3B 00 04 D8 EF 26 0A
45 00 01 67 A0 32 00 00 40 11 0F 75 93 20 50 69 93 20 53 35 00 35 11 BD 01 53 60 30 79 BA 81 80 00 01 00 04 00 06 00 06 02 6A 73 05 6E 72 63 64 6E 03 63 6F 6D 00 00 01 00 01 C0 0C 00 05 00 01 00 00 0D 62 00 19 02 6A 73 05 6E 72 63 64 6E 0A 61 6E 79 63 61 73 74 63 64 6E 03 6E 65 74 00 C0 2A 00 01 00 01 00 00 00 3C 00 04 6D EC 52 BA C0 2A 00 01 00 01 00 00 00 3C 00 04 4D 5F E5 2C C0 2A 00 01 00 01 00 00 00 3C 00 04 59 CF 80 3C C0 33 00 02 00 01 00 02 2D DC 00 08 05 67 64 6E 73 35 C0 33 C0 33 00 02 00 01 00 02 2D DC 00 08 05 67 64 6E 73 32 C0 33 C0 33 00 02 00 01 00 02 2D DC 00 08 05 67 64 6E 73 31 C0 33 C0 33 00 02 00 01 00 02 2D DC 00 08 05 67 64 6E 73 33 C0 33 C0 33 00 02 00 01 00 02 2D DC 00 08 05 67 64 6E 73 34 C0 33 C0 33 00 02 00 01 00 02 2D DC 00 08 05 67 64 6E 73 36 C0 33 C0 A7 00 01 00 01 00 02 2D DC 00 04 41 27 94 A1 C0 93 00 01 00 01 00 02 2D DC 00 04 40 78 13 0C C0 BB 00 01 00 01 00 02 2D DC 00 04 AD EA B9 94 C0 CF 00 01 00 01 00 02 2D DC 00 04 17 13 8A 14 C0 7F 00 01 00 01 00 02 2D DC 00 04 6D EC 52 BB C0 E3 00 01 00 01 00 02 2D DC 00 04 D5 98 B4 E5
45 00 00 45 14 EA 40 00 40 11 5B DF 93 20 53 35 93 20 50 69 1E CD 00 35 00 31 CA 21 E6 6E 01 00 00 01 00 00 00 00 00 00 01 62 11 73 63 6F 72 65 63 61 72 64 72 65 73 65 61 72 63 68 03 63 6F 6D 00 00 01 00 01
45 00 01 FB A0 35 00 00 40 11 0E DE 93 20 50 69 93 20 53 35 00 35 AE 33 01 E7 30 23 C1 C2 81 80 00 01 00 01 00 05 00 14 08 72 61 6D 68 69 73 65 72 03 63 6F 6D 00 00 01 00 01 C0 0C 00 01 00 01 00 00 07 08 00 04 CF 61 E3 F5 C0 0C 00 02 00 01 00 02 A3 00 00 19 04 64 6E 73 31 11 72 65 67 69 73 74 72 61 72 2D 73 65 72 76 65 72 73 C0 15 C0 0C 00 02 00 01 00 02 A3 00 00 07 04 64 6E 73 34 C0 3F C0 0C 00 02 00 01 00 02 A3 00 00 07 04 64 6E 73 33 C0 3F C0 0C 00 02 00 01 00 02 A3 00 00 07 04 64 6E 73 35 C0 3F C0 0C 00 02 00 01 00 02 A3 00 00 07 04 64 6E 73 32 C0 3F C0 3A 00 01 00 01 00 01 E1 D9 00 04 42 5A 52 C2 C0 3A 00 01 00 01 00 01 E1 D9 00 04 44 E9 FA 2D C0 3A 00 01 00 01 00 01 E1 D9 00 04 45 10 F4 19 C0 3A 00 01 00 01 00 01 E1 D9 00 04 32 07 E6 1A C0 98 00 01 00 01 00 01 E1 D9 00 04 D0 40 7A F2 C0 98 00 01 00 01 00 01 E1 D9 00 04 D0 40 7A F4 C0 72 00 01 00 01 00 01 E1 D9 00 04 B8 AD 70 D8 C0 72 00 01 00 01 00 01 E1 D9 00 04 BC 8A 60 D5 C0 72 00 01 00 01 00 01 E1 D9 00 04 43 E4 E4 D8 C0 72 00 01 00 01 00 01 E1 D9 00 04 AD E0 7D 0C C0 5F 00 01 00 01 00 01 E1 D9 00 04 AD EC 37 63 C0 5F 00 01 00 01 00 01 E1 D9 00 04 B8 AB A3 5B C0 5F 00 01 00 01 00 01 E1 D9 00 04 B8 AD 93 42 C0 5F 00 01 00 01 00 01 E1 D9 00 04 25 3A 4D EA C0 5F 00 01 00 01 00 01 E1 D9 00 04 32 17 53 30 C0 85 00 01 00 01 00 01 E1 D9 00 04 45 A0 21 4B C0 85 00 01 00 01 00 01 E1 D9 00 04 48 14 26 89 C0 85 00 01 00 01 00 01 E1 D9 00 04 5F D3 09 23 C0 85 00 01 00 01 00 01 E1 D9 00 04 BC 8A 02 17 C0 85 00 01 00 01 00 01 E1 D9 00 04 D5 E5 77 E5
45 00 01 E3 A0 36 00 00 40 11 0E F5 93 20 50 69 93 20 53 35 00 35 1E CD 01 CF 13 F7 E6 6E 81 80 00 01 00 04 00 08 00 08 01 62 11 73 63 6F 72 65 63 61 72 64 72 65 73 65 61 72 63 68 03 63 6F 6D 00 00 01 00 01 C0 0C 00 05 00 01 00 00 D4 C4 00 27 01 62 11 73 63 6F 72 65 63 61 72 64 72 65 73 65 61 72 63 68 03 63 6F 6D 09 65 64 67 65 73 75 69 74 65 03 6E 65 74 00 C0 35 00 05 00 01 00 00 02 71 00 13 05 61 31 32 39 34 03 77 32 30 06 61 6B 61 6D 61 69 C0 57 C0 68 00 01 00 01 00 00 00 14 00 04 C3 71 E8 48 C0 68 00 01 00 01 00 00 00 14 00 04 C3 71 E8 60 C0 6E 00 02 00 01 00 00 2F 7B 00 08 05 61 30 77 32 30 C0 72 C0 6E 00 02 00 01 00 00 2F 7B 00 08 05 6E 34 77 32 30 C0 72 C0 6E 00 02 00 01 00 00 2F 7B 00 08 05 6E 30 77 32 30 C0 72 C0 6E 00 02 00 01 00 00 2F 7B 00 08 05 6E 32 77 32 30 C0 72 C0 6E 00 02 00 01 00 00 2F 7B 00 08 05 6E 31 77 32 30 C0 72 C0 6E 00 02 00 01 00 00 2F 7B 00 08 05 6E 36 77 32 30 C0 72 C0 6E 00 02 00 01 00 00 2F 7B 00 08 05 6E 35 77 32 30 C0 72 C0 6E 00 02 00 01 00 00 2F 7B 00 08 05 6E 33 77 32 30 C0 72 C0 A7 00 1C 00 01 00 00 2F 7B 00 10 2A 02 26 F0 00 32 F0 00 F5 0B 01 B3 92 93 51 DA C0 CF 00 01 00 01 00 00 2F 7B 00 04 58 DD 51 C1 C0 F7 00 01 00 01 00 00 59 AB 00 04 5C 7A D9 0A C0 E3 00 01 00 01 00 00 83 DB 00 04 D5 FE F5 0B C1 33 00 01 00 01 00 00 59 AB 00 04 50 EF CE 89 C0 BB 00 01 00 01 00 00 83 DB 00 04 5C 7A D9 0D C1 1F 00 01 00 01 00 00 2F 7B 00 04 5C 7A D9 02 C1 0B 00 01 00 01 00 00 59 AB 00 04 5C 7A D9 03
45 00 01 00 A0 37 00 00 40 11 0F D7 93 20 50 69 93 20 53 35 00 35 99 49 00 EC 56 7C 73 C7 81 80 00 01 00 02 00 04 00 04 03 77 77 77 05 6A 73 74 6F 72 03 6F 72 67 00 00 01 00 01 C0 0C 00 05 00 01 00 00 00 3C 00 16 05 6A 73 74 6F 72 03 6D 61 70 06 66 61 73 74 6C 79 03 6E 65 74 00 C0 2B 00 01 00 01 00 00 00 1E 00 04 B9 1F 10 98 C0 35 00 02 00 01 00 00 54 6D 00 11 03 6E 73 32 03 70 30 34 06 64 79 6E 65 63 74 C0 3C C0 35 00 02 00 01 00 00 54 6D 00 06 03 6E 73 34 C0 61 C0 35 00 02 00 01 00 00 54 6D 00 06 03 6E 73 33 C0 61 C0 35 00 02 00 01 00 00 54 6D 00 06 03 6E 73 31 C0 61 C0 9E 00 01 00 01 00 01 A5 ED 00 04 D0 4E 46 04 C0 5D 00 01 00 01 00 01 A5 ED 00 04 CC 0D FA 04 C0 8C 00 01 00 01 00 01 A5 ED 00 04 D0 4E 47 04 C0 7A 00 01 00 01 00 01 A5 ED 00 04 CC 0D FB 04
45 00 00 3D 14 F9 40 00 40 11 5B D8 93 20 53 35 93 20 50 69 49 CF 00 35 00 29 CA 19 96 E6 01 00 00 01 00 00 00 00 00 00 03 61 70 69 07 6E 72 65 6C 61 74 65 03 63 6F 6D 00 00 01 00 01
45 00 00 BA A0 38 00 00 40 11 10 1C 93 20 50 69 93 20 53 35 00 35 49 CF 00 A6 6C 8E 96 E6 81 80 00 01 00 01 00 03 00 03 03 61 70 69 07 6E 72 65 6C 61 74 65 03 63 6F 6D 00 00 01 00 01 C0 0C 00 01 00 01 00 00 06 5A 00 04 4A 03 A1 2D C0 10 00 02 00 01 00 00 00 7E 00 0D 03 6E 73 31 06 69 61 63 63 61 70 C0 18 C0 10 00 02 00 01 00 00 00 7E 00 06 03 6E 73 36 C0 41 C0 10 00 02 00 01 00 00 00 7E 00 06 03 6E 73 35 C0 41 C0 3D 00 01 00 01 00 02 2D DC 00 04 4A 71 E8 1C C0 68 00 01 00 01 00 02 2D DC 00 04 4A 71 EB 1C C0 56 00 01 00 01 00 02 2D DC 00 04 4A 71 EC 1C
45 00 00 E9 A0 39 00 00 40 11 0F EC 93 20 50 69 93 20 53 35 00 35 15 FD 00 D5 1E 8F 9B 93 81 80 00 01 00 01 00 03 00 04 03 77 77 77 04 73 74 61 74 0A 77 61 73 68 69 6E 67 74 6F 6E 03 65 64 75 00 00 01 00 01 C0 0C 00 01 00 01 00 00 01 2C 00 04 80 5F 8E 10 C0 10 00 02 00 01 00 01 44 CA 00 0C 05 6D 61 72 67 65 03 63 61 63 C0 15 C0 10 00 02 00 01 00 01 44 CA 00 10 09 6E 73 2D 61 75 74 68 2D 31 03 75 6D 6E C0 20 C0 10 00 02 00 01 00 01 44 CA 00 08 05 68 61 6E 6E 61 C0 4B C0 79 00 01 00 01 00 02 96 4A 00 04 8C 8E 05 05 C0 45 00 01 00 01 00 02 96 4A 00 04 8C 8E 05 0D C0 5D 00 01 00 01 00 02 8D EB 00 04 80 65 65 01 C0 5D 00 1C 00 01 00 02 8D EB 00 10 26 07 EA 00 01 02 48 01 00 00 00 00 00 00 00 53
45 00 00 3C 15 56 40 00 40 11 5B 7C 93 20 53 35 93 20 50 69 55 21 00 35 00 28 CA 18 E9 2F 01 00 00 01 00 00 00 00 00 00 01 73 08 67 72 61 76 61 74 61 72 03 63 6F 6D 00 00 01 00 01
45 00 00 B6 A0 3E 00 00 40 11 10 1A 93 20 50 69 93 20 53 35 00 35 55 21 00 A2 F1 A1 E9 2F 81 80 00 01 00 02 00 02 00 02 01 73 08 67 72 61 76 61 74 61 72 03 63 6F 6D 00 00 01 00 01 C0 0C 00 05 00 01 00 00 31 4A 00 1A 04 63 73 39 31 03 77 61 63 0B 65 64 67 65 63 61 73 74 63 64 6E 03 6E 65 74 00 C0 2C 00 01 00 01 00 00 07 1A 00 04 44 E8 23 79 C0 35 00 02 00 01 00 01 8F B0 00 06 03 6E 73 32 C0 35 C0 35 00 02 00 01 00 01 8F B0 00 06 03 6E 73 31 C0 35 C0 74 00 01 00 01 00 01 8F B0 00 04 48 15 50 05 C0 62 00 01 00 01 00 01 8F B0 00 04 48 15 50 06
45 00 00 41 17 0E 40 00 40 11 59 BF 93 20 53 35 93 20 50 69 E1 C2 00 35 00 2D CA 1D 70 41 01 00 00 01 00 00 00 00 00 00 03 63 64 6E 03 61 70 69 07 74 77 69 74 74 65 72 03 63 6F 6D 00 00 01 00 01
45 00 00 3B 17 0E 40 00 40 11 59 C5 93 20 53 35 93 20 50 69 D0 5C 00 35 00 27 CA 17 22 CB 01 00 00 01 00 00 00 00 00 00 01 70 07 74 77 69 74 74 65 72 03 63 6F 6D 00 00 01 00 01
45 00 01 A5 A0 4F 00 00 40 11 0F 1A 93 20 50 69 93 20 53 35 00 35 D0 5C 01 91 36 0D 22 CB 81 80 00 01 00 03 00 08 00 08 01 70 07 74 77 69 74 74 65 72 03 63 6F 6D 00 00 01 00 01 C0 0C 00 05 00 01 00 00 00 C9 00 1D 03 73 61 6E 07 74 77 69 74 74 65 72 03 63 6F 6D 07 65 64 67 65 6B 65 79 03 6E 65 74 00 C0 2B 00 05 00 01 00 00 23 23 00 15 05 65 35 39 30 33 01 67 0A 61 6B 61 6D 61 69 65 64 67 65 C0 43 C0 54 00 01 00 01 00 00 00 14 00 04 17 3F 51 E0 C0 5A 00 02 00 01 00 00 22 5E 00 06 03 6E 34 67 C0 5C C0 5A 00 02 00 01 00 00 22 5E 00 06 03 6E 36 67 C0 5C C0 5A 00 02 00 01 00 00 22 5E 00 06 03 6E 37 67 C0 5C C0 5A 00 02 00 01 00 00 22 5E 00 06 03 6E 35 67 C0 5C C0 5A 00 02 00 01 00 00 22 5E 00 06 03 6E 32 67 C0 5C C0 5A 00 02 00 01 00 00 22 5E 00 06 03 6E 31 67 C0 5C C0 5A 00 02 00 01 00 00 22 5E 00 06 03 6E 30 67 C0 5C C0 5A 00 02 00 01 00 00 22 5E 00 06 03 6E 33 67 C0 5C C0 F1 00 01 00 01 00 00 22 5E 00 04 17 3E ED 8B C0 DF 00 01 00 01 00 00 4C 8E 00 04 C1 6C 5E A2 C0 CD 00 01 00 01 00 00 76 BE 00 04 4D 43 60 69 C1 03 00 01 00 01 00 00 22 5E 00 04 50 0F EB B7 C0 85 00 01 00 01 00 00 4C 8E 00 04 58 DD 51 C1 C0 BB 00 01 00 01 00 00 76 BE 00 04 17 3E ED 8C C0 97 00 01 00 01 00 00 22 5E 00 04 17 3E ED 89 C0 A9 00 01 00 01 00 00 4C 8E 00 04 17 3E ED 8A
45 00 01 AB A0 50 00 00 40 11 0F 13 93 20 50 69 93 20 53 35 00 35 E1 C2 01 97 0B F3 70 41 81 80 00 01 00 03 00 08 00 08 03 63 64 6E 03 61 70 69 07 74 77 69 74 74 65 72 03 63 6F 6D 00 00 01 00 01 C0 0C 00 05 00 01 00 00 00 1E 00 1D 03 73 61 6E 07 74 77 69 74 74 65 72 03 63 6F 6D 07 65 64 67 65 6B 65 79 03 6E 65 74 00 C0 31 00 05 00 01 00 00 23 23 00 15 05 65 35 39 30 33 01 67 0A 61 6B 61 6D 61 69 65 64 67 65 C0 49 C0 5A 00 01 00 01 00 00 00 14 00 04 17 3F 51 E0 C0 60 00 02 00 01 00 00 22 5E 00 06 03 6E 33 67 C0 62 C0 60 00 02 00 01 00 00 22 5E 00 06 03 6E 34 67 C0 62 C0 60 00 02 00 01 00 00 22 5E 00 06 03 6E 37 67 C0 62 C0 60 00 02 00 01 00 00 22 5E 00 06 03 6E 36 67 C0 62 C0 60 00 02 00 01 00 00 22 5E 00 06 03 6E 31 67 C0 62 C0 60 00 02 00 01 00 00 22 5E 00 06 03 6E 32 67 C0 62 C0 60 00 02 00 01 00 00 22 5E 00 06 03 6E 30 67 C0 62 C0 60 00 02 00 01 00 00 22 5E 00 06 03 6E 35 67 C0 62 C0 F7 00 01 00 01 00 00 22 5E 00 04 17 3E ED 8B C0 D3 00 01 00 01 00 00 4C 8E 00 04 C1 6C 5E A2 C0 E5 00 01 00 01 00 00 76 BE 00 04 4D 43 60 69 C0 8B 00 01 00 01 00 00 22 5E 00 04 50 0F EB B7 C0 9D 00 01 00 01 00 00 4C 8E 00 04 58 DD 51 C1 C1 09 00 01 00 01 00 00 76 BE 00 04 17 3E ED 8C C0 C1 00 01 00 01 00 00 22 5E 00 04 17 3E ED 89 C0 AF 00 01 00 01 00 00 4C 8E 00 04 17 3E ED 8A
45 00 00 47 19 D2 40 00 40 11 56 F5 93 20 53 35 93 20 50 69 C7 02 00 35 00 33 CA 23 53 D2 01 00 00 01 00 00 00 00 00 00 0B 73 74 61 74 63 6F 6D 70 75 74 65 09 77 6F 72 64 70 72 65 73 73 03 63 6F 6D 00 00 01 00 01
45 00 01 84 A0 7E 00 00 40 11 0F 0C 93 20 50 69 93 20 53 35 00 35 C7 02 01 70 FD DB 53 D2 81 80 00 01 00 07 00 06 00 06 0B 73 74 61 74 63 6F 6D 70 75 74 65 09 77 6F 72 64 70 72 65 73 73 03 63 6F 6D 00 00 01 00 01 C0 0C 00 05 00 01 00 00 38 40 00 05 02 6C 62 C0 18 C0 37 00 01 00 01 00 00 00 FD 00 04 42 9B 09 EE C0 37 00 01 00 01 00 00 00 FD 00 04 42 9B 0B EE C0 37 00 01 00 01 00 00 00 FD 00 04 C0 00 50 FA C0 37 00 01 00 01 00 00 00 FD 00 04 4C 4A FE 78 C0 37 00 01 00 01 00 00 00 FD 00 04 C0 00 51 FA C0 37 00 01 00 01 00 00 00 FD 00 04 4C 4A FE 7B C0 18 00 02 00 01 00 00 04 9A 00 06 03 6E 73 33 C0 18 C0 18 00 02 00 01 00 00 04 9A 00 06 03 6E 73 36 C0 18 C0 18 00 02 00 01 00 00 04 9A 00 06 03 6E 73 34 C0 18 C0 18 00 02 00 01 00 00 04 9A 00 06 03 6E 73 35 C0 18 C0 18 00 02 00 01 00 00 04 9A 00 06 03 6E 73 32 C0 18 C0 18 00 02 00 01 00 00 04 9A 00 06 03 6E 73 31 C0 18 C1 02 00 01 00 01 00 02 2D D9 00 04 48 E9 45 0E C0 F0 00 01 00 01 00 02 2D D9 00 04 45 AE F8 94 C0 A8 00 01 00 01 00 02 2D D9 00 04 CF C6 70 2F C0 CC 00 01 00 01 00 02 2D D9 00 04 48 E9 68 62 C0 DE 00 01 00 01 00 02 2D D9 00 04 45 AE F8 95 C0 BA 00 01 00 01 00 02 2D D9 00 04 CF C6 70 30
45 00 00 3D 1D 17 40 00 40 11 53 BA 93 20 53 35 93 20 50 69 14 38 00 35 00 29 CA 19 E9 E1 01 00 00 01 00 00 00 00 00 00 01 73 09 77 6F 72 64 70 72 65 73 73 03 63 6F 6D 00 00 01 00 01
45 00 00 D3 A0 AE 00 00 40 11 0F 8D 93 20 50 69 93 20 53 35 00 35 14 38 00 BF FF D9 E9 E1 81 80 00 01 00 03 00 02 00 02 01 73 09 77 6F 72 64 70 72 65 73 73 03 63 6F 6D 00 00 01 00 01 C0 0C 00 05 00 01 00 00 02 58 00 1A 03 77 61 63 04 30 42 32 44 0B 65 64 67 65 63 61 73 74 63 64 6E 03 6E 65 74 00 C0 2D 00 05 00 01 00 00 0E 10 00 10 03 67 73 31 03 77 61 63 05 76 32 63 64 6E C0 42 C0 53 00 01 00 01 00 00 08 60 00 04 5D B8 DC 14 C0 5B 00 02 00 01 00 02 2D D3 00 06 03 6E 73 32 C0 5B C0 5B 00 02 00 01 00 02 2D D3 00 06 03 6E 73 31 C0 5B C0 91 00 01 00 01 00 02 2D D3 00 04 48 15 50 05 C0 7F 00 01 00 01 00 02 2D D3 00 04 48 15 50 06
45 00 00 43 42 C4 40 00 40 11 2E 07 93 20 53 35 93 20 50 69 28 1A 00 35 00 2F CA 1F C7 EE 01 00 00 01 00 00 00 00 00 00 0A 66 65 65 64 62 75 72 6E 65 72 06 67 6F 6F 67 6C 65 03 63 6F 6D 00 00 01 00 01
45 00 01 D0 A3 38 00 00 40 11 0C 06 93 20 50 69 93 20 53 35 00 35 28 1A 01 BC 90 9B C7 EE 81 80 00 01 00 10 00 04 00 04 0A 66 65 65 64 62 75 72 6E 65 72 06 67 6F 6F 67 6C 65 03 63 6F 6D 00 00 01 00 01 C0 0C 00 05 00 01 00 08 CB 44 00 09 04 77 77 77 33 01 6C C0 17 C0 33 00 01 00 01 00 00 01 2C 00 04 C3 71 D6 D3 C0 33 00 01 00 01 00 00 01 2C 00 04 C3 71 D6 F9 C0 33 00 01 00 01 00 00 01 2C 00 04 C3 71 D6 DD C0 33 00 01 00 01 00 00 01 2C 00 04 C3 71 D6 F1 C0 33 00 01 00 01 00 00 01 2C 00 04 C3 71 D6 CF C0 33 00 01 00 01 00 00 01 2C 00 04 C3 71 D6 FB C0 33 00 01 00 01 00 00 01 2C 00 04 C3 71 D6 DE C0 33 00 01 00 01 00 00 01 2C 00 04 C3 71 D6 D7 C0 33 00 01 00 01 00 00 01 2C 00 04 C3 71 D6 F5 C0 33 00 01 00 01 00 00 01 2C 00 04 C3 71 D6 DB C0 33 00 01 00 01 00 00 01 2C 00 04 C3 71 D6 ED C0 33 00 01 00 01 00 00 01 2C 00 04 C3 71 D6 E6 C0 33 00 01 00 01 00 00 01 2C 00 04 C3 71 D6 EC C0 33 00 01 00 01 00 00 01 2C 00 04 C3 71 D6 E2 C0 33 00 01 00 01 00 00 01 2C 00 04 C3 71 D6 EA C0 17 00 02 00 01 00 01 8F 0C 00 06 03 6E 73 31 C0 17 C0 17 00 02 00 01 00 01 8F 0C 00 06 03 6E 73 34 C0 17 C0 17 00 02 00 01 00 01 8F 0C 00 06 03 6E 73 33 C0 17 C0 17 00 02 00 01 00 01 8F 0C 00 06 03 6E 73 32 C0 17 C1 38 00 01 00 01 00 04 32 0C 00 04 D8 EF 20 0A C1 6E 00 01 00 01 00 04 32 0C 00 04 D8 EF 22 0A C1 5C 00 01 00 01 00 04 32 0C 00 04 D8 EF 24 0A C1 4A 00 01 00 01 00 04 32 0C 00 04 D8 EF 26 0A
45 00 00 38 D7 62 40 00 40 11 99 73 93 20 53 35 93 20 50 69 B7 63 00 35 00 24 CA 14 A8 32 01 00 00 01 00 00 00 00 00 00 06 67 69 74 68 75 62 03 63 6F 6D 00 00 01 00 01
45 00 00 DE AB 43 00 00 40 11 04 ED 93 20 50 69 93 20 53 35 00 35 B7 63 00 CA 0C 16 A8 32 81 80 00 01 00 01 00 04 00 04 06 67 69 74 68 75 62 03 63 6F 6D 00 00 01 00 01 C0 0C 00 01 00 01 00 00 00 1E 00 04 C0 1E FC 81 C0 0C 00 02 00 01 00 00 CE E0 00 14 03 6E 73 34 03 70 31 36 06 64 79 6E 65 63 74 03 6E 65 74 00 C0 0C 00 02 00 01 00 00 CE E0 00 06 03 6E 73 31 C0 3C C0 0C 00 02 00 01 00 00 CE E0 00 06 03 6E 73 32 C0 3C C0 0C 00 02 00 01 00 00 CE E0 00 06 03 6E 73 33 C0 3C C0 58 00 01 00 01 00 00 CE E0 00 04 D0 4E 46 10 C0 6A 00 01 00 01 00 00 CE E0 00 04 CC 0D FA 10 C0 7C 00 01 00 01 00 00 CE E0 00 04 D0 4E 47 10 C0 38 00 01 00 01 00 00 CE E0 00 04 CC 0D FB 10
45 00 00 41 D8 FE 40 00 40 11 97 CE 93 20 53 35 93 20 50 69 1F 3B 00 35 00 2D CA 1D 4C AB 01 00 00 01 00 00 00 00 00 00 05 73 74 61 74 73 09 77 6F 72 64 70 72 65 73 73 03 63 6F 6D 00 00 01 00 01
45 00 01 07 AB 62 00 00 40 11 04 A5 93 20 50 69 93 20 53 35 00 35 1F 3B 00 F3 29 7E 4C AB 81 80 00 01 00 06 00 03 00 03 05 73 74 61 74 73 09 77 6F 72 64 70 72 65 73 73 03 63 6F 6D 00 00 01 00 01 C0 0C 00 01 00 01 00 00 01 2C 00 04 D8 97 D2 7A C0 0C 00 01 00 01 00 00 01 2C 00 04 42 9B 0B FA C0 0C 00 01 00 01 00 00 01 2C 00 04 C0 00 50 F7 C0 0C 00 01 00 01 00 00 01 2C 00 04 C0 00 50 F8 C0 0C 00 01 00 01 00 00 01 2C 00 04 4C 4A F8 A3 C0 0C 00 01 00 01 00 00 01 2C 00 04 42 9B 09 FA C0 0C 00 02 00 01 00 00 37 11 00 06 03 6E 73 36 C0 12 C0 0C 00 02 00 01 00 00 37 11 00 06 03 6E 73 34 C0 12 C0 0C 00 02 00 01 00 00 37 11 00 06 03 6E 73 35 C0 12 C0 A3 00 01 00 01 00 02 2D 15 00 04 48 E9 68 62 C0 B5 00 01 00 01 00 02 2D 15 00 04 45 AE F8 95 C0 91 00 01 00 01 00 02 2D 15 00 04 CF C6 70 30
45 00 00 42 DD F4 40 00 40 11 92 D7 93 20 53 35 93 20 50 69 A4 F5 00 35 00 2E CA 1E 3E 6F 01 00 00 01 00 00 00 00 00 00 05 66 6F 6E 74 73 0A 67 6F 6F 67 6C 65 61 70 69 73 03 63 6F 6D 00 00 01 00 01
45 00 00 3D DD F4 40 00 40 11 92 DC 93 20 53 35 93 20 50 69 3B 96 00 35 00 29 CA 19 49 77 01 00 00 01 00 00 00 00 00 00 03 63 64 6E 07 6D 61 74 68 6A 61 78 03 6F 72 67 00 00 01 00 01
45 00 00 FC AB 97 00 00 40 11 04 7B 93 20 50 69 93 20 53 35 00 35 A4 F5 00 E8 05 52 3E 6F 81 80 00 01 00 02 00 04 00 04 05 66 6F 6E 74 73 0A 67 6F 6F 67 6C 65 61 70 69 73 03 63 6F 6D 00 00 01 00 01 C0 0C 00 05 00 01 00 00 08 BA 00 16 0A 67 6F 6F 67 6C 65 61 70 69 73 01 6C 06 67 6F 6F 67 6C 65 C0 1D C0 32 00 01 00 01 00 00 01 2C 00 04 AD C2 46 5F C0 3F 00 02 00 01 00 01 8E 6D 00 06 03 6E 73 33 C0 3F C0 3F 00 02 00 01 00 01 8E 6D 00 06 03 6E 73 34 C0 3F C0 3F 00 02 00 01 00 01 8E 6D 00 06 03 6E 73 31 C0 3F C0 3F 00 02 00 01 00 01 8E 6D 00 06 03 6E 73 32 C0 3F C0 88 00 01 00 01 00 04 31 6D 00 04 D8 EF 20 0A C0 9A 00 01 00 01 00 04 31 6D 00 04 D8 EF 22 0A C0 64 00 01 00 01 00 04 31 6D 00 04 D8 EF 24 0A C0 76 00 01 00 01 00 04 31 6D 00 04 D8 EF 26 0A
45 00 02 1B AB 9B 00 00 40 11 03 58 93 20 50 69 93 20 53 35 00 35 3B 96 02 07 41 F3 49 77 81 80 00 01 00 06 00 08 00 07 03 63 64 6E 07 6D 61 74 68 6A 61 78 03 6F 72 67 00 00 01 00 01 C0 0C 00 05 00 01 00 00 0E 10 00 1D 07 63 33 32 38 37 34 30 03 72 34 30 03 63 66 31 07 72 61 63 6B 63 64 6E 03 63 6F 6D 00 C0 2D 00 05 00 01 00 00 01 2C 00 06 03 61 34 30 C0 3D C0 56 00 05 00 01 00 00 01 2C 00 23 03 61 34 30 07 72 61 63 6B 63 64 6E 03 63 6F 6D 03 6D 64 63 09 65 64 67 65 73 75 69 74 65 03 6E 65 74 00 C0 68 00 05 00 01 00 00 01 2C 00 14 03 61 34 32 06 64 73 63 67 31 30 06 61 6B 61 6D 61 69 C0 86 C0 97 00 01 00 01 00 00 00 14 00 04 17 3E ED 30 C0 97 00 01 00 01 00 00 00 14 00 04 17 3E ED 21 C0 9B 00 02 00 01 00 00 3C B2 00 0B 08 6E 35 64 73 63 67 31 30 C0 A2 C0 9B 00 02 00 01 00 00 3C B2 00 0B 08 6E 32 64 73 63 67 31 30 C0 A2 C0 9B 00 02 00 01 00 00 3C B2 00 0B 08 6E 34 64 73 63 67 31 30 C0 A2 C0 9B 00 02 00 01 00 00 3C B2 00 0B 08 6E 30 64 73 63 67 31 30 C0 A2 C0 9B 00 02 00 01 00 00 3C B2 00 0B 08 6E 33 64 73 63 67 31 30 C0 A2 C0 9B 00 02 00 01 00 00 3C B2 00 0B 08 61 30 64 73 63 67 31 30 C0 A2 C0 9B 00 02 00 01 00 00 3C B2 00 0B 08 6E 36 64 73 63 67 31 30 C0 A2 C0 9B 00 02 00 01 00 00 3C B2 00 0B 08 6E 31 64 73 63 67 31 30 C0 A2 C1 4A 00 1C 00 01 00 00 91 12 00 10 2A 02 26 F0 00 32 F0 00 F5 07 01 B3 92 93 51 DA C1 1C 00 01 00 01 00 00 3C B2 00 04 5C 7A D9 05 C1 78 00 01 00 01 00 00 66 E2 00 04 D5 FE F5 0A C0 EE 00 01 00 01 00 00 3C B2 00 04 50 EF CE 85 C1 33 00 01 00 01 00 00 66 E2 00 04 58 DD 51 C0 C1 05 00 01 00 01 00 00 91 12 00 04 5C 7A D9 04 C0 D7 00 01 00 01 00 00 3C B2 00 04 5C 7A D9 0C
45 00 00 42 DE 8B 40 00 40 11 92 40 93 20 53 35 93 20 50 69 D8 05 00 35 00 2E CA 1E EB 37 01 00 00 01 00 00 00 00 00 00 08 70 6C 61 74 66 6F 72 6D 07 74 77 69 74 74 65 72 03 63 6F 6D 00 00 01 00 01
45 00 00 BD AB C5 00 00 40 11 04 8C 93 20 50 69 93 20 53 35 00 35 D8 05 00 A9 90 F0 EB 37 81 80 00 01 00 02 00 02 00 02 08 70 6C 61 74 66 6F 72 6D 07 74 77 69 74 74 65 72 03 63 6F 6D 00 00 01 00 01 C0 0C 00 05 00 01 00 00 00 1E 00 1B 05 63 73 31 30 37 03 77 61 63 0B 65 64 67 65 63 61 73 74 63 64 6E 03 6E 65 74 00 C0 32 00 01 00 01 00 00 0D 17 00 04 44 E8 23 8B C0 3C 00 02 00 01 00 01 8E E2 00 06 03 6E 73 32 C0 3C C0 3C 00 02 00 01 00 01 8E E2 00 06 03 6E 73 31 C0 3C C0 7B 00 01 00 01 00 01 8E E2 00 04 48 15 50 05 C0 69 00 01 00 01 00 01 8E E2 00 04 48 15 50 06
45 00 00 3D DE DA 40 00 40 11 91 F6 93 20 53 35 93 20 50 69 ED C3 00 35 00 29 CA 19 78 62 01 00 00 01 00 00 00 00 00 00 03 61 70 69 07 74 77 69 74 74 65 72 03 63 6F 6D 00 00 01 00 01
45 00 01 03 AB C7 00 00 40 11 04 44 93 20 50 69 93 20 53 35 00 35 ED C3 00 EF 29 40 78 62 81 80 00 01 00 03 00 04 00 04 03 61 70 69 07 74 77 69 74 74 65 72 03 63 6F 6D 00 00 01 00 01 C0 0C 00 01 00 01 00 00 00 1E 00 04 C7 10 9C 68 C0 0C 00 01 00 01 00 00 00 1E 00 04 C7 10 9C C7 C0 0C 00 01 00 01 00 00 00 1E 00 04 C7 10 9C 08 C0 10 00 02 00 01 00 00 3E 63 00 14 03 6E 73 32 03 70 33 34 06 64 79 6E 65 63 74 03 6E 65 74 00 C0 10 00 02 00 01 00 00 3E 63 00 06 03 6E 73 34 C0 61 C0 10 00 02 00 01 00 00 3E 63 00 06 03 6E 73 33 C0 61 C0 10 00 02 00 01 00 00 3E 63 00 06 03 6E 73 31 C0 61 C0 A1 00 01 00 01 00 00 3E 63 00 04 D0 4E 46 22 C0 5D 00 01 00 01 00 00 3E 63 00 04 CC 0D FA 22 C0 8F 00 01 00 01 00 00 3E 63 00 04 D0 4E 47 22 C0 7D 00 01 00 01 00 00 3E 63 00 04 CC 0D FB 22
45 00 00 46 DE ED 40 00 40 11 91 DA 93 20 53 35 93 20 50 69 66 64 00 35 00 32 CA 22 A1 15 01 00 00 01 00 00 00 00 00 00 03 77 77 77 10 67 6F 6F 67 6C 65 2D 61 6E 61 6C 79 74 69 63 73 03 63 6F 6D 00 00 01 00 01
45 00 01 EA AB C8 00 00 40 11 03 5C 93 20 50 69 93 20 53 35 00 35 66 64 01 D6 C7 53 A1 15 81 80 00 01 00 10 00 04 00 04 03 77 77 77 10 67 6F 6F 67 6C 65 2D 61 6E 61 6C 79 74 69 63 73 03 63 6F 6D 00 00 01 00 01 C0 0C 00 05 00 01 00 00 CA 90 00 20 14 77 77 77 2D 67 6F 6F 67 6C 65 2D 61 6E 61 6C 79 74 69 63 73 01 6C 06 67 6F 6F 67 6C 65 C0 21 C0 36 00 01 00 01 00 00 00 89 00 04 C3 71 D6 ED C0 36 00 01 00 01 00 00 00 89 00 04 C3 71 D6 FB C0 36 00 01 00 01 00 00 00 89 00 04 C3 71 D6 EA C0 36 00 01 00 01 00 00 00 89 00 04 C3 71 D6 DD C0 36 00 01 00 01 00 00 00 89 00 04 C3 71 D6 D7 C0 36 00 01 00 01 00 00 00 89 00 04 C3 71 D6 DB C0 36 00 01 00 01 00 00 00 89 00 04 C3 71 D6 EC C0 36 00 01 00 01 00 00 00 89 00 04 C3 71 D6 F5 C0 36 00 01 00 01 00 00 00 89 00 04 C3 71 D6 CF C0 36 00 01 00 01 00 00 00 89 00 04 C3 71 D6 DE C0 36 00 01 00 01 00 00 00 89 00 04 C3 71 D6 E2 C0 36 00 01 00 01 00 00 00 89 00 04 C3 71 D6 F9 C0 36 00 01 00 01 00 00 00 89 00 04 C3 71 D6 F1 C0 36 00 01 00 01 00 00 00 89 00 04 C3 71 D6 E6 C0 36 00 01 00 01 00 00 00 89 00 04 C3 71 D6 D3 C0 4D 00 02 00 01 00 01 8E 6C 00 06 03 6E 73 32 C0 4D C0 4D 00 02 00 01 00 01 8E 6C 00 06 03 6E 73 31 C0 4D C0 4D 00 02 00 01 00 01 8E 6C 00 06 03 6E 73 34 C0 4D C0 4D 00 02 00 01 00 01 8E 6C 00 06 03 6E 73 33 C0 4D C1 64 00 01 00 01 00 04 31 6C 00 04 D8 EF 20 0A C1 52 00 01 00 01 00 04 31 6C 00 04 D8 EF 22 0A C1 88 00 01 00 01 00 04 31 6C 00 04 D8 EF 24 0A C1 76 00 01 00 01 00 04 31 6C 00 04 D8 EF 26 0A
45 00 00 3B DE FD 40 00 40 11 91 D5 93 20 53 35 93 20 50 69 8A 6C 00 35 00 27 CA 17 88 39 01 00 00 01 00 00 00 00 00 00 09 6F 63 74 6F 70 72 65 73 73 03 6F 72 67 00 00 01 00 01
45 00 00 39 DE FD 40 00 40 11 91 D7 93 20 53 35 93 20 50 69 A5 F7 00 35 00 25 CA 15 F9 05 01 00 00 01 00 00 00 00 00 00 08 70 69 6E 62 6F 61 72 64 02 69 6E 00 00 01 00 01
45 00 00 39 DE FD 40 00 40 11 91 D7 93 20 53 35 93 20 50 69 5E 78 00 35 00 25 CA 15 AD 7E 01 00 00 01 00 00 00 00 00 00 07 74 77 69 74 74 65 72 03 63 6F 6D 00 00 01 00 01
45 00 00 4A DE FF 40 00 40 11 91 C4 93 20 53 35 93 20 50 69 12 A0 00 35 00 36 CA 26 B9 C1 01 00 00 01 00 00 00 00 00 00 06 74 68 65 6D 65 73 11 67 6F 6F 67 6C 65 75 73 65 72 63 6F 6E 74 65 6E 74 03 63 6F 6D 00 00 01 00 01
45 00 01 26 AB CC 00 00 40 11 04 1C 93 20 50 69 93 20 53 35 00 35 12 A0 01 12 66 D8 B9 C1 81 80 00 01 00 04 00 04 00 04 06 74 68 65 6D 65 73 11 67 6F 6F 67 6C 65 75 73 65 72 63 6F 6E 74 65 6E 74 03 63 6F 6D 00 00 01 00 01 C0 0C 00 05 00 01 00 00 D1 AA 00 11 0C 67 6F 6F 67 6C 65 68 6F 73 74 65 64 01 6C C0 13 C0 3A 00 01 00 01 00 00 00 5D 00 04 AD C2 23 4A C0 3A 00 01 00 01 00 00 00 5D 00 04 AD C2 23 4C C0 3A 00 01 00 01 00 00 00 5D 00 04 AD C2 23 4B C0 13 00 02 00 01 00 01 91 D3 00 0D 03 6E 73 33 06 67 6F 6F 67 6C 65 C0 25 C0 13 00 02 00 01 00 01 91 D3 00 06 03 6E 73 31 C0 8B C0 13 00 02 00 01 00 01 91 D3 00 06 03 6E 73 32 C0 8B C0 13 00 02 00 01 00 01 91 D3 00 06 03 6E 73 34 C0 8B C0 A0 00 01 00 01 00 04 31 6C 00 04 D8 EF 20 0A C0 B2 00 01 00 01 00 04 31 6C 00 04 D8 EF 22 0A C0 87 00 01 00 01 00 04 31 6C 00 04 D8 EF 24 0A C0 C4 00 01 00 01 00 04 31 6C 00 04 D8 EF 26 0A
45 00 00 FF AB CE 00 00 40 11 04 41 93 20 50 69 93 20 53 35 00 35 5E 78 00 EB E8 41 AD 7E 81 80 00 01 00 03 00 04 00 04 07 74 77 69 74 74 65 72 03 63 6F 6D 00 00 01 00 01 C0 0C 00 01 00 01 00 00 00 1E 00 04 C7 10 9C 66 C0 0C 00 01 00 01 00 00 00 1E 00 04 C7 10 9C 26 C0 0C 00 01 00 01 00 00 00 1E 00 04 C7 10 9C E6 C0 0C 00 02 00 01 00 00 3E 63 00 14 03 6E 73 33 03 70 33 34 06 64 79 6E 65 63 74 03 6E 65 74 00 C0 0C 00 02 00 01 00 00 3E 63 00 06 03 6E 73 32 C0 5D C0 0C 00 02 00 01 00 00 3E 63 00 06 03 6E 73 31 C0 5D C0 0C 00 02 00 01 00 00 3E 63 00 06 03 6E 73 34 C0 5D C0 8B 00 01 00 01 00 00 3E 63 00 04 D0 4E 46 22 C0 79 00 01 00 01 00 00 3E 63 00 04 CC 0D FA 22 C0 59 00 01 00 01 00 00 3E 63 00 04 D0 4E 47 22 C0 9D 00 01 00 01 00 00 3E 63 00 04 CC 0D FB 22
45 00 00 3B DF 02 40 00 40 11 91 D0 93 20 53 35 93 20 50 69 71 83 00 35 00 27 CA 17 BD 78 01 00 00 01 00 00 00 00 00 00 03 77 77 77 05 6A 73 74 6F 72 03 6F 72 67 00 00 01 00 01
45 00 00 3F DF 18 40 00 40 11 91 B6 93 20 53 35 93 20 50 69 B8 15 00 35 00 2B CA 1B 79 16 01 00 00 01 00 00 00 00 00 00 05 66 65 65 64 73 08 70 69 6E 62 6F 61 72 64 02 69 6E 00 00 01 00 01
45 00 01 00 AB D2 00 00 40 11 04 3C 93 20 50 69 93 20 53 35 00 35 71 83 00 EC 09 3B BD 78 81 80 00 01 00 02 00 04 00 04 03 77 77 77 05 6A 73 74 6F 72 03 6F 72 67 00 00 01 00 01 C0 0C 00 05 00 01 00 00 00 3C 00 16 05 6A 73 74 6F 72 03 6D 61 70 06 66 61 73 74 6C 79 03 6E 65 74 00 C0 2B 00 01 00 01 00 00 00 1E 00 04 B9 1F 10 98 C0 35 00 02 00 01 00 00 53 9E 00 11 03 6E 73 32 03 70 30 34 06 64 79 6E 65 63 74 C0 3C C0 35 00 02 00 01 00 00 53 9E 00 06 03 6E 73 33 C0 61 C0 35 00 02 00 01 00 00 53 9E 00 06 03 6E 73 31 C0 61 C0 35 00 02 00 01 00 00 53 9E 00 06 03 6E 73 34 C0 61 C0 8C 00 01 00 01 00 01 A5 1E 00 04 D0 4E 46 04 C0 5D 00 01 00 01 00 01 A5 1E 00 04 CC 0D FA 04 C0 7A 00 01 00 01 00 01 A5 1E 00 04 D0 4E 47 04 C0 9E 00 01 00 01 00 01 A5 1E 00 04 CC 0D FB 04
45 00 00 41 DF 29 40 00 40 11 91 A3 93 20 53 35 93 20 50 69 76 BB 00 35 00 2D CA 1D E4 FD 01 00 00 01 00 00 00 00 00 00 03 63 64 6E 03 61 70 69 07 74 77 69 74 74 65 72 03 63 6F 6D 00 00 01 00 01
45 00 00 3B DF 29 40 00 40 11 91 A9 93 20 53 35 93 20 50 69 CF BB 00 35 00 27 CA 17 C8 E8 01 00 00 01 00 00 00 00 00 00 01 70 07 74 77 69 74 74 65 72 03 63 6F 6D 00 00 01 00 01
45 00 01 62 AB D6 00 00 40 11 03 D6 93 20 50 69 93 20 53 35 00 35 A5 F7 01 4E 78 66 F9 05 81 80 00 01 00 01 00 06 00 08 08 70 69 6E 62 6F 61 72 64 02 69 6E 00 00 01 00 01 C0 0C 00 01 00 01 00 00 01 2C 00 04 40 37 71 04 C0 0C 00 02 00 01 00 01 51 80 00 16 04 6E 73 31 34 0B 64 6E 73 6D 61 64 65 65 61 73 79 03 63 6F 6D 00 C0 0C 00 02 00 01 00 01 51 80 00 07 04 6E 73 31 31 C0 3E C0 0C 00 02 00 01 00 01 51 80 00 07 04 6E 73 31 35 C0 3E C0 0C 00 02 00 01 00 01 51 80 00 07 04 6E 73 31 30 C0 3E C0 0C 00 02 00 01 00 01 51 80 00 07 04 6E 73 31 32 C0 3E C0 0C 00 02 00 01 00 01 51 80 00 07 04 6E 73 31 33 C0 3E C0 81 00 01 00 01 00 02 1B 89 00 04 D0 5E 94 04 C0 5B 00 01 00 01 00 02 1B 89 00 04 D0 50 7C 04 C0 94 00 01 00 01 00 02 1B 89 00 04 D0 50 7E 04 C0 A7 00 01 00 01 00 02 1B 89 00 04 D0 50 7D 04 C0 A7 00 1C 00 01 00 02 1B 89 00 10 26 00 18 01 00 13 00 00 00 00 00 00 00 00 00 01 C0 39 00 01 00 01 00 02 1B 89 00 04 D0 50 7F 04 C0 39 00 1C 00 01 00 02 1B 89 00 10 26 00 18 02 00 14 00 00 00 00 00 00 00 00 00 01 C0 6E 00 01 00 01 00 02 1B 89 00 04 D0 5E 95 04
45 00 01 4F AB D7 00 00 40 11 03 E8 93 20 50 69 93 20 53 35 00 35 8A 6C 01 3B DB B5 88 39 81 80 00 01 00 01 00 04 00 08 09 6F 63 74 6F 70 72 65 73 73 03 6F 72 67 00 00 01 00 01 C0 0C 00 01 00 01 00 00 0E 10 00 04 CC E8 AF 4E C0 0C 00 02 00 01 00 01 51 80 00 12 03 6E 73 33 08 64 6E 73 69 6D 70 6C 65 03 63 6F 6D 00 C0 0C 00 02 00 01 00 01 51 80 00 06 03 6E 73 31 C0 3F C0 0C 00 02 00 01 00 01 51 80 00 06 03 6E 73 32 C0 3F C0 0C 00 02 00 01 00 01 51 80 00 06 03 6E 73 34 C0 3F C0 59 00 01 00 01 00 00 EA BC 00 04 B8 6A D6 83 C0 59 00 1C 00 01 00 02 72 84 00 10 20 01 04 70 1F 11 0C 34 00 00 00 00 00 01 00 01 C0 6B 00 01 00 01 00 00 EA BC 00 04 AD E6 83 EB C0 6B 00 1C 00 01 00 02 72 84 00 10 26 00 3C 02 00 00 00 00 F0 3C 91 FF FE 93 79 27 C0 3B 00 01 00 01 00 00 EA BC 00 04 32 1F E1 44 C0 3B 00 1C 00 01 00 02 72 84 00 10 20 01 18 38 00 00 00 00 00 00 00 00 32 1F E1 44 C0 7D 00 01 00 01 00 00 EA BC 00 04 32 70 80 38 C0 7D 00 1C 00 01 00 02 72 84 00 10 20 01 04 70 1F 0F 09 E8 00 00 00 00 00 01 00 01
45 00 01 AB AB D9 00 00 40 11 03 8A 93 20 50 69 93 20 53 35 00 35 76 BB 01 97 C3 16 E4 FD 81 80 00 01 00 03 00 08 00 08 03 63 64 6E 03 61 70 69 07 74 77 69 74 74 65 72 03 63 6F 6D 00 00 01 00 01 C0 0C 00 05 00 01 00 00 00 1E 00 1D 03 73 61 6E 07 74 77 69 74 74 65 72 03 63 6F 6D 07 65 64 67 65 6B 65 79 03 6E 65 74 00 C0 31 00 05 00 01 00 00 22 57 00 15 05 65 35 39 30 33 01 67 0A 61 6B 61 6D 61 69 65 64 67 65 C0 49 C0 5A 00 01 00 01 00 00 00 14 00 04 17 3F 51 E0 C0 60 00 02 00 01 00 00 21 92 00 06 03 6E 33 67 C0 62 C0 60 00 02 00 01 00 00 21 92 00 06 03 6E 34 67 C0 62 C0 60 00 02 00 01 00 00 21 92 00 06 03 6E 32 67 C0 62 C0 60 00 02 00 01 00 00 21 92 00 06 03 6E 36 67 C0 62 C0 60 00 02 00 01 00 00 21 92 00 06 03 6E 31 67 C0 62 C0 60 00 02 00 01 00 00 21 92 00 06 03 6E 35 67 C0 62 C0 60 00 02 00 01 00 00 21 92 00 06 03 6E 30 67 C0 62 C0 60 00 02 00 01 00 00 21 92 00 06 03 6E 37 67 C0 62 C0 F7 00 01 00 01 00 00 21 92 00 04 17 3E ED 8B C0 D3 00 01 00 01 00 00 4B C2 00 04 C1 6C 5E A2 C0 AF 00 01 00 01 00 00 75 F2 00 04 4D 43 60 69 C0 8B 00 01 00 01 00 00 21 92 00 04 50 0F EB B7 C0 9D 00 01 00 01 00 00 4B C2 00 04 58 DD 51 C1 C0 E5 00 01 00 01 00 00 75 F2 00 04 17 3E ED 8C C0 C1 00 01 00 01 00 00 21 92 00 04 17 3E ED 89 C1 09 00 01 00 01 00 00 4B C2 00 04 17 3E ED 8A
45 00 01 A5 AB DA 00 00 40 11 03 8F 93 20 50 69 93 20 53 35 00 35 CF BB 01 91 0A 5C C8 E8 81 80 00 01 00 03 00 08 00 08 01 70 07 74 77 69 74 74 65 72 03 63 6F 6D 00 00 01 00 01 C0 0C 00 05 00 01 00 00 0E 10 00 1D 03 73 61 6E 07 74 77 69 74 74 65 72 03 63 6F 6D 07 65 64 67 65 6B 65 79 03 6E 65 74 00 C0 2B 00 05 00 01 00 00 22 57 00 15 05 65 35 39 30 33 01 67 0A 61 6B 61 6D 61 69 65 64 67 65 C0 43 C0 54 00 01 00 01 00 00 00 14 00 04 17 3F 51 E0 C0 5A 00 02 00 01 00 00 21 92 00 06 03 6E 34 67 C0 5C C0 5A 00 02 00 01 00 00 21 92 00 06 03 6E 36 67 C0 5C C0 5A 00 02 00 01 00 00 21 92 00 06 03 6E 30 67 C0 5C C0 5A 00 02 00 01 00 00 21 92 00 06 03 6E 33 67 C0 5C C0 5A 00 02 00 01 00 00 21 92 00 06 03 6E 35 67 C0 5C C0 5A 00 02 00 01 00 00 21 92 00 06 03 6E 32 67 C0 5C C0 5A 00 02 00 01 00 00 21 92 00 06 03 6E 31 67 C0 5C C0 5A 00 02 00 01 00 00 21 92 00 06 03 6E 37 67 C0 5C C0 A9 00 01 00 01 00 00 21 92 00 04 17 3E ED 8B C0 F1 00 01 00 01 00 00 4B C2 00 04 C1 6C 5E A2 C0 DF 00 01 00 01 00 00 75 F2 00 04 4D 43 60 69 C0 BB 00 01 00 01 00 00 21 92 00 04 50 0F EB B7 C0 85 00 01 00 01 00 00 4B C2 00 04 58 DD 51 C1 C0 CD 00 01 00 01 00 00 75 F2 00 04 17 3E ED 8C C0 97 00 01 00 01 00 00 21 92 00 04 17 3E ED 89 C1 03 00 01 00 01 00 00 4B C2 00 04 17 3E ED 8A
45 00 00 B2 AB DC 00 00 40 11 04 80 93 20 50 69 93 20 53 35 00 35 B8 15 00 9E 63 DF 79 16 81 80 00 01 00 02 00 02 00 02 05 66 65 65 64 73 08 70 69 6E 62 6F 61 72 64 02 69 6E 00 00 01 00 01 C0 0C 00 05 00 01 00 00 02 58 00 02 C0 12 C0 12 00 01 00 01 00 00 01 2B 00 04 40 37 71 04 C0 12 00 02 00 01 00 01 51 80 00 16 04 6E 73 31 30 0B 64 6E 73 6D 61 64 65 65 61 73 79 03 63 6F 6D 00 C0 12 00 02 00 01 00 01 51 80 00 07 04 6E 73 31 31 C0 52 C0 4D 00 01 00 01 00 02 1B 88 00 04 D0 5E 94 04 C0 6F 00 01 00 01 00 02 1B 88 00 04 D0 50 7C 04
45 00 00 39 DF AF 40 00 40 11 91 25 93 20 53 35 93 20 50 69 99 49 00 35 00 25 CA 15 98 B5 01 00 00 01 00 00 00 00 00 00 06 63 61 69 73 61 68 04 69 6E 66 6F 00 00 01 00 01
45 00 00 49 DF AF 40 00 40 11 91 15 93 20 53 35 93 20 50 69 B2 5F 00 35 00 35 CA 25 71 7C 01 00 00 01 00 00 00 00 00 00 0E 67 6F 6F 67 6C 65 72 65 73 65 61 72 63 68 08 62 6C 6F 67 73 70 6F 74 03 63 6F 6D 00 00 01 00 01
45 00 01 33 AC 01 00 00 40 11 03 DA 93 20 50 69 93 20 53 35 00 35 B2 5F 01 1F C3 FB 71 7C 81 80 00 01 00 04 00 04 00 04 0E 67 6F 6F 67 6C 65 72 65 73 65 61 72 63 68 08 62 6C 6F 67 73 70 6F 74 03 63 6F 6D 00 00 01 00 01 C0 0C 00 05 00 01 00 00 0E 10 00 1F 08 62 6C 6F 67 73 70 6F 74 01 6C 11 67 6F 6F 67 6C 65 75 73 65 72 63 6F 6E 74 65 6E 74 C0 24 C0 39 00 01 00 01 00 00 01 2C 00 04 AD C2 71 0B C0 39 00 01 00 01 00 00 01 2C 00 04 AD C2 71 0A C0 39 00 01 00 01 00 00 01 2C 00 04 AD C2 71 0C C0 44 00 02 00 01 00 01 91 D2 00 0D 03 6E 73 32 06 67 6F 6F 67 6C 65 C0 24 C0 44 00 02 00 01 00 01 91 D2 00 06 03 6E 73 34 C0 98 C0 44 00 02 00 01 00 01 91 D2 00 06 03 6E 73 31 C0 98 C0 44 00 02 00 01 00 01 91 D2 00 06 03 6E 73 33 C0 98 C0 BF 00 01 00 01 00 04 31 6B 00 04 D8 EF 20 0A C0 94 00 01 00 01 00 04 31 6B 00 04 D8 EF 22 0A C0 D1 00 01 00 01 00 04 31 6B 00 04 D8 EF 24 0A C0 AD 00 01 00 01 00 04 31 6B 00 04 D8 EF 26 0A
45 00 00 44 DF F8 40 00 40 11 90 D1 93 20 53 35 93 20 50 69 30 EB 00 35 00 30 CA 20 91 A9 01 00 00 01 00 00 00 00 00 00 06 73 74 61 74 69 63 02 61 6B 08 66 61 63 65 62 6F 6F 6B 03 63 6F 6D 00 00 01 00 01
45 00 00 46 DF F8 40 00 40 11 90 CF 93 20 53 35 93 20 50 69 2B 09 00 35 00 32 CA 22 34 DE 01 00 00 01 00 00 00 00 00 00 08 73 2D 73 74 61 74 69 63 02 61 6B 08 66 61 63 65 62 6F 6F 6B 03 63 6F 6D 00 00 01 00 01
45 00 00 4A DF F8 40 00 40 11 90 CB 93 20 53 35 93 20 50 69 3A 69 00 35 00 36 CA 26 22 AD 01 00 00 01 00 00 00 00 00 00 0F 66 62 63 64 6E 2D 70 72 6F 66 69 6C 65 2D 61 08 61 6B 61 6D 61 69 68 64 03 6E 65 74 00 00 01 00 01
45 00 00 45 DF F8 40 00 40 11 90 D0 93 20 53 35 93 20 50 69 F9 E6 00 35 00 31 CA 21 1A 6E 01 00 00 01 00 00 00 00 00 00 0A 66 62 73 74 61 74 69 63 2D 61 08 61 6B 61 6D 61 69 68 64 03 6E 65 74 00 00 01 00 01
45 00 00 3E DF F9 40 00 40 11 90 D6 93 20 53 35 93 20 50 69 63 70 00 35 00 2A CA 1A 25 B8 01 00 00 01 00 00 00 00 00 00 03 77 77 77 08 66 61 63 65 62 6F 6F 6B 03 63 6F 6D 00 00 01 00 01
45 00 00 A9 AC 0B 00 00 40 11 04 5A 93 20 50 69 93 20 53 35 00 35 63 70 00 95 95 18 25 B8 81 80 00 01 00 02 00 02 00 02 03 77 77 77 08 66 61 63 65 62 6F 6F 6B 03 63 6F 6D 00 00 01 00 01 C0 0C 00 05 00 01 00 00 06 EE 00 0C 04 73 74 61 72 04 63 31 30 72 C0 10 C0 2E 00 01 00 01 00 00 00 2B 00 04 AD FC 64 1B C0 33 00 02 00 01 00 01 8E DE 00 07 01 62 02 6E 73 C0 33 C0 33 00 02 00 01 00 01 8E DE 00 04 01 61 C0 58 C0 69 00 01 00 01 00 01 8E DE 00 04 45 AB EF 0B C0 56 00 01 00 01 00 01 8E DE 00 04 45 AB FF 0B
45 00 01 E9 AC 0C 00 00 40 11 03 19 93 20 50 69 93 20 53 35 00 35 F9 E6 01 D5 82 28 1A 6E 81 80 00 01 00 04 00 08 00 08 0A 66 62 73 74 61 74 69 63 2D 61 08 61 6B 61 6D 61 69 68 64 03 6E 65 74 00 00 01 00 01 C0 0C 00 05 00 01 00 00 00 32 00 24 0A 66 62 73 74 61 74 69 63 2D 61 08 61 6B 61 6D 61 69 68 64 03 6E 65 74 09 65 64 67 65 73 75 69 74 65 C0 20 C0 35 00 05 00 01 00 00 00 6E 00 14 05 61 31 31 36 38 04 64 73 77 34 06 61 6B 61 6D 61 69 C0 20 C0 65 00 01 00 01 00 00 00 14 00 04 C3 71 E8 59 C0 65 00 01 00 01 00 00 00 14 00 04 C3 71 E8 48 C0 6B 00 02 00 01 00 00 25 85 00 09 06 6E 32 64 73 77 34 C0 70 C0 6B 00 02 00 01 00 00 25 85 00 09 06 6E 31 64 73 77 34 C0 70 C0 6B 00 02 00 01 00 00 25 85 00 09 06 6E 33 64 73 77 34 C0 70 C0 6B 00 02 00 01 00 00 25 85 00 09 06 6E 30 64 73 77 34 C0 70 C0 6B 00 02 00 01 00 00 25 85 00 09 06 6E 36 64 73 77 34 C0 70 C0 6B 00 02 00 01 00 00 25 85 00 09 06 61 30 64 73 77 34 C0 70 C0 6B 00 02 00 01 00 00 25 85 00 09 06 6E 35 64 73 77 34 C0 70 C0 6B 00 02 00 01 00 00 25 85 00 09 06 6E 34 64 73 77 34 C0 70 C1 0E 00 1C 00 01 00 00 79 E5 00 10 2A 02 26 F0 00 32 F0 00 F5 07 01 B3 92 93 51 DA C0 E4 00 01 00 01 00 00 25 85 00 04 5C 7A D9 05 C0 BA 00 01 00 01 00 00 4F B5 00 04 D5 FE F5 0A C0 A5 00 01 00 01 00 00 25 85 00 04 50 EF CE 85 C0 CF 00 01 00 01 00 00 4F B5 00 04 58 DD 51 C3 C1 38 00 01 00 01 00 00 79 E5 00 04 5C 7A D9 04 C1 23 00 01 00 01 00 00 25 85 00 04 5C 7A D9 0C C0 F9 00 01 00 01 00 00 4F B5 00 04 5C 7A D9 0A
45 00 00 9E AC 0F 00 00 40 11 04 61 93 20 50 69 93 20 53 35 00 35 99 49 00 8A 7D FC 98 B5 81 80 00 01 00 01 00 02 00 02 06 63 61 69 73 61 68 04 69 6E 66 6F 00 00 01 00 01 C0 0C 00 01 00 01 00 00 0E 10 00 04 CC 5D A3 51 C0 0C 00 02 00 01 00 01 51 80 00 17 03 6E 73 32 0D 77 65 62 68 6F 73 74 69 6E 67 70 61 64 03 63 6F 6D 00 C0 0C 00 02 00 01 00 01 51 80 00 06 03 6E 73 31 C0 3D C0 5C 00 01 00 01 00 00 03 84 00 04 32 1F A2 7D C0 39 00 01 00 01 00 00 03 84 00 04 45 41 18 7D
45 00 02 12 AC 10 00 00 40 11 02 EC 93 20 50 69 93 20 53 35 00 35 3A 69 01 FE 0B 8F 22 AD 81 80 00 01 00 0C 00 08 00 00 0F 66 62 63 64 6E 2D 70 72 6F 66 69 6C 65 2D 61 08 61 6B 61 6D 61 69 68 64 03 6E 65 74 00 00 01 00 01 C0 0C 00 05 00 01 00 00 00 32 00 29 0F 66 62 63 64 6E 2D 70 72 6F 66 69 6C 65 2D 61 08 61 6B 61 6D 61 69 68 64 03 6E 65 74 09 65 64 67 65 73 75 69 74 65 C0 25 C0 3A 00 05 00 01 00 00 00 B4 00 2F 0F 66 62 63 64 6E 2D 70 72 6F 66 69 6C 65 2D 61 02 61 6B 05 66 62 63 64 6E 08 61 6B 61 6D 61 69 68 64 03 6E 65 74 06 61 6B 61 64 6E 73 C0 25 C0 6F 00 05 00 01 00 00 00 3C 00 14 05 61 32 30 34 37 04 64 73 70 6C 06 61 6B 61 6D 61 69 C0 25 C0 AA 00 01 00 01 00 00 00 14 00 04 17 3E ED 17 C0 AA 00 01 00 01 00 00 00 14 00 04 17 3E ED 06 C0 AA 00 01 00 01 00 00 00 14 00 04 17 3E ED 10 C0 AA 00 01 00 01 00 00 00 14 00 04 17 3E ED 48 C0 AA 00 01 00 01 00 00 00 14 00 04 17 3E ED 11 C0 AA 00 01 00 01 00 00 00 14 00 04 17 3E ED 0F C0 AA 00 01 00 01 00 00 00 14 00 04 17 3E ED 07 C0 AA 00 01 00 01 00 00 00 14 00 04 17 3E ED 1E C0 AA 00 01 00 01 00 00 00 14 00 04 17 3E ED 0E C0 B0 00 02 00 01 00 00 25 DA 00 09 06 6E 32 64 73 70 6C C0 B5 C0 B0 00 02 00 01 00 00 25 DA 00 09 06 6E 30 64 73 70 6C C0 B5 C0 B0 00 02 00 01 00 00 25 DA 00 09 06 6E 35 64 73 70 6C C0 B5 C0 B0 00 02 00 01 00 00 25 DA 00 09 06 6E 31 64 73 70 6C C0 B5 C0 B0 00 02 00 01 00 00 25 DA 00 09 06 6E 37 64 73 70 6C C0 B5 C0 B0 00 02 00 01 00 00 25 DA 00 09 06 6E 36 64 73 70 6C C0 B5 C0 B0 00 02 00 01 00 00 25 DA 00 09 06 6E 33 64 73 70 6C C0 B5 C0 B0 00 02 00 01 00 00 25 DA 00 09 06 6E 34 64 73 70 6C C0 B5
45 00 01 DC AC 13 00 00 40 11 03 1F 93 20 50 69 93 20 53 35 00 35 2B 09 01 C8 3D 7F 34 DE 81 80 00 01 00 03 00 08 00 08 08 73 2D 73 74 61 74 69 63 02 61 6B 08 66 61 63 65 62 6F 6F 6B 03 63 6F 6D 00 00 01 00 01 C0 0C 00 05 00 01 00 00 0E 10 00 26 08 73 2D 73 74 61 74 69 63 02 61 6B 08 66 61 63 65 62 6F 6F 6B 03 63 6F 6D 07 65 64 67 65 6B 65 79 03 6E 65 74 00 C0 36 00 05 00 01 00 00 00 1F 00 18 04 65 35 36 36 05 64 73 70 65 31 0A 61 6B 61 6D 61 69 65 64 67 65 C0 57 C0 68 00 01 00 01 00 00 00 14 00 04 17 3F 42 6E C0 6D 00 02 00 01 00 00 25 85 00 0A 07 6E 32 64 73 70 65 31 C0 73 C0 6D 00 02 00 01 00 00 25 85 00 0A 07 6E 35 64 73 70 65 31 C0 73 C0 6D 00 02 00 01 00 00 25 85 00 0A 07 6E 30 64 73 70 65 31 C0 73 C0 6D 00 02 00 01 00 00 25 85 00 0A 07 6E 37 64 73 70 65 31 C0 73 C0 6D 00 02 00 01 00 00 25 85 00 0A 07 6E 36 64 73 70 65 31 C0 73 C0 6D 00 02 00 01 00 00 25 85 00 0A 07 6E 31 64 73 70 65 31 C0 73 C0 6D 00 02 00 01 00 00 25 85 00 0A 07 6E 33 64 73 70 65 31 C0 73 C0 6D 00 02 00 01 00 00 25 85 00 0A 07 6E 34 64 73 70 65 31 C0 73 C0 C8 00 01 00 01 00 00 25 85 00 04 4D 43 60 6C C1 0A 00 01 00 01 00 00 4F B5 00 04 50 0F EB B0 C0 9C 00 01 00 01 00 00 79 E5 00 04 58 DD 51 C0 C1 20 00 01 00 01 00 00 25 85 00 04 17 3E ED 8A C1 36 00 01 00 01 00 00 4F B5 00 04 C1 6C 5E A8 C0 B2 00 01 00 01 00 00 79 E5 00 04 17 3E ED 8B C0 F4 00 01 00 01 00 00 25 85 00 04 17 3E ED 8C C0 DE 00 01 00 01 00 00 4F B5 00 04 17 3E ED 89
45 00 01 E9 AC 14 00 00 40 11 03 11 93 20 50 69 93 20 53 35 00 35 30 EB 01 D5 D3 E2 91 A9 81 80 00 01 00 04 00 08 00 08 06 73 74 61 74 69 63 02 61 6B 08 66 61 63 65 62 6F 6F 6B 03 63 6F 6D 00 00 01 00 01 C0 0C 00 05 00 01 00 00 0E 10 00 26 06 73 74 61 74 69 63 02 61 6B 08 66 61 63 65 62 6F 6F 6B 03 63 6F 6D 09 65 64 67 65 73 75 69 74 65 03 6E 65 74 00 C0 34 00 05 00 01 00 00 00 1F 00 13 04 61 37 34 39 04 64 73 77 34 06 61 6B 61 6D 61 69 C0 55 C0 66 00 01 00 01 00 00 00 14 00 04 C3 71 E8 59 C0 66 00 01 00 01 00 00 00 14 00 04 C3 71 E8 52 C0 6B 00 02 00 01 00 00 25 85 00 09 06 6E 32 64 73 77 34 C0 70 C0 6B 00 02 00 01 00 00 25 85 00 09 06 6E 30 64 73 77 34 C0 70 C0 6B 00 02 00 01 00 00 25 85 00 09 06 6E 34 64 73 77 34 C0 70 C0 6B 00 02 00 01 00 00 25 85 00 09 06 6E 33 64 73 77 34 C0 70 C0 6B 00 02 00 01 00 00 25 85 00 09 06 6E 35 64 73 77 34 C0 70 C0 6B 00 02 00 01 00 00 25 85 00 09 06 6E 36 64 73 77 34 C0 70 C0 6B 00 02 00 01 00 00 25 85 00 09 06 6E 31 64 73 77 34 C0 70 C0 6B 00 02 00 01 00 00 25 85 00 09 06 61 30 64 73 77 34 C0 70 C1 38 00 1C 00 01 00 00 79 E5 00 10 2A 02 26 F0 00 32 F0 00 F5 07 01 B3 92 93 51 DA C0 BA 00 01 00 01 00 00 25 85 00 04 5C 7A D9 05 C1 23 00 01 00 01 00 00 4F B5 00 04 D5 FE F5 0A C0 A5 00 01 00 01 00 00 25 85 00 04 50 EF CE 85 C0 E4 00 01 00 01 00 00 4F B5 00 04 58 DD 51 C3 C0 CF 00 01 00 01 00 00 79 E5 00 04 5C 7A D9 04 C0 F9 00 01 00 01 00 00 25 85 00 04 5C 7A D9 0C C1 0E 00 01 00 01 00 00 4F B5 00 04 5C 7A D9 0A
45 00 00 3C F5 08 40 00 40 11 7B C9 93 20 53 35 93 20 50 69 3B 0B 00 35 00 28 CA 18 ED DC 01 00 00 01 00 00 00 00 00 00 03 72 61 77 06 67 69 74 68 75 62 03 63 6F 6D 00 00 01 00 01
45 00 01 02 AC DD 00 00 40 11 03 2F 93 20 50 69 93 20 53 35 00 35 3B 0B 00 EE 5E 4B ED DC 81 80 00 01 00 02 00 04 00 04 03 72 61 77 06 67 69 74 68 75 62 03 63 6F 6D 00 00 01 00 01 C0 0C 00 05 00 01 00 00 00 1E 00 17 06 67 69 74 68 75 62 03 6D 61 70 06 66 61 73 74 6C 79 03 6E 65 74 00 C0 2C 00 01 00 01 00 00 00 1E 00 04 B9 1F 10 85 C0 37 00 02 00 01 00 00 53 87 00 11 03 6E 73 31 03 70 30 34 06 64 79 6E 65 63 74 C0 3E C0 37 00 02 00 01 00 00 53 87 00 06 03 6E 73 34 C0 63 C0 37 00 02 00 01 00 00 53 87 00 06 03 6E 73 33 C0 63 C0 37 00 02 00 01 00 00 53 87 00 06 03 6E 73 32 C0 63 C0 5F 00 01 00 01 00 01 A5 07 00 04 D0 4E 46 04 C0 A0 00 01 00 01 00 01 A5 07 00 04 CC 0D FA 04 C0 8E 00 01 00 01 00 01 A5 07 00 04 D0 4E 47 04 C0 7C 00 01 00 01 00 01 A5 07 00 04 CC 0D FB 04
45 00 00 47 62 41 40 00 40 11 0E 86 93 20 53 35 93 20 50 69 48 11 00 35 00 33 CA 23 DB 4B 01 00 00 01 00 00 00 00 00 00 0B 73 74 61 74 63 6F 6D 70 75 74 65 09 77 6F 72 64 70 72 65 73 73 03 63 6F 6D 00 00 01 00 01
45 00 01 84 B9 74 00 00 40 11 F6 15 93 20 50 69 93 20 53 35 00 35 48 11 01 70 55 07 DB 4B 81 80 00 01 00 07 00 06 00 06 0B 73 74 61 74 63 6F 6D 70 75 74 65 09 77 6F 72 64 70 72 65 73 73 03 63 6F 6D 00 00 01 00 01 C0 0C 00 05 00 01 00 00 36 EF 00 05 02 6C 62 C0 18 C0 37 00 01 00 01 00 00 01 2C 00 04 4C 4A FE 7B C0 37 00 01 00 01 00 00 01 2C 00 04 C0 00 51 FA C0 37 00 01 00 01 00 00 01 2C 00 04 4C 4A FE 78 C0 37 00 01 00 01 00 00 01 2C 00 04 42 9B 0B EE C0 37 00 01 00 01 00 00 01 2C 00 04 C0 00 50 FA C0 37 00 01 00 01 00 00 01 2C 00 04 42 9B 09 EE C0 18 00 02 00 01 00 00 03 49 00 06 03 6E 73 33 C0 18 C0 18 00 02 00 01 00 00 03 49 00 06 03 6E 73 32 C0 18 C0 18 00 02 00 01 00 00 03 49 00 06 03 6E 73 36 C0 18 C0 18 00 02 00 01 00 00 03 49 00 06 03 6E 73 34 C0 18 C0 18 00 02 00 01 00 00 03 49 00 06 03 6E 73 31 C0 18 C0 18 00 02 00 01 00 00 03 49 00 06 03 6E 73 35 C0 18 C0 F0 00 01 00 01 00 02 2C 88 00 04 48 E9 45 0E C0 BA 00 01 00 01 00 02 2C 88 00 04 45 AE F8 94 C0 A8 00 01 00 01 00 02 2C 88 00 04 CF C6 70 2F C0 DE 00 01 00 01 00 02 2C 88 00 04 48 E9 68 62 C1 02 00 01 00 01 00 02 2C 88 00 04 45 AE F8 95 C0 CC 00 01 00 01 00 02 2C 88 00 04 CF C6 70 30
45 00 00 3E 70 8C 40 00 40 11 00 44 93 20 53 35 93 20 50 69 25 11 00 35 00 2A CA 1A 0E DA 01 00 00 01 00 00 00 00 00 00 03 77 77 77 08 6C 69 6E 6B 65 64 69 6E 03 63 6F 6D 00 00 01 00 01
45 00 02 12 BA 08 00 00 40 11 F4 F3 93 20 50 69 93 20 53 35 00 35 25 11 01 FE 4E 9D 0E DA 81 80 00 01 00 02 00 0A 00 0C 03 77 77 77 08 6C 69 6E 6B 65 64 69 6E 03 63 6F 6D 00 00 01 00 01 C0 0C 00 05 00 01 00 00 01 2C 00 06 03 64 75 62 C0 10 C0 2E 00 01 00 01 00 00 01 2C 00 04 5B E1 F8 50 C0 10 00 02 00 01 00 00 3E 86 00 14 03 6E 73 33 03 70 34 33 06 64 79 6E 65 63 74 03 6E 65 74 00 C0 10 00 02 00 01 00 00 3E 86 00 06 03 6E 73 36 C0 10 C0 10 00 02 00 01 00 00 3E 86 00 06 03 6E 73 35 C0 10 C0 10 00 02 00 01 00 00 3E 86 00 06 03 6E 73 34 C0 54 C0 10 00 02 00 01 00 00 3E 86 00 06 03 6E 73 31 C0 54 C0 10 00 02 00 01 00 00 3E 86 00 06 03 6E 73 33 C0 10 C0 10 00 02 00 01 00 00 3E 86 00 06 03 6E 73 32 C0 54 C0 10 00 02 00 01 00 00 3E 86 00 06 03 6E 73 32 C0 10 C0 10 00 02 00 01 00 00 3E 86 00 06 03 6E 73 34 C0 10 C0 10 00 02 00 01 00 00 3E 86 00 06 03 6E 73 31 C0 10 C0 A6 00 01 00 01 00 00 3E 86 00 04 D0 4E 46 2B C1 00 00 01 00 01 00 01 90 06 00 04 9C 9A 40 17 C1 00 00 1C 00 01 00 00 7B B8 00 10 20 01 05 02 F3 FF 00 00 00 00 00 00 00 00 00 23 C0 CA 00 01 00 01 00 00 3E 86 00 04 CC 0D FA 2B C0 DC 00 01 00 01 00 01 90 06 00 04 9C 9A 41 17 C0 DC 00 1C 00 01 00 00 7B B8 00 10 26 10 00 A1 10 14 00 00 00 00 00 00 00 00 00 23 C0 50 00 01 00 01 00 00 3E 86 00 04 D0 4E 47 2B C0 B8 00 01 00 01 00 01 90 06 00 04 9C 9A 42 17 C0 B8 00 1C 00 01 00 00 7B B8 00 10 26 10 00 A1 10 15 00 00 00 00 00 00 00 00 00 23 C0 94 00 01 00 01 00 00 3E 86 00 04 CC 0D FB 2B C0 EE 00 01 00 01 00 01 90 06 00 04 9C 9A 43 17 C0 EE 00 1C 00 01 00 00 7B B8 00 10 20 01 05 02 46 12 00 00 00 00 00 00 00 00 00 23
45 00 00 3D B5 81 40 00 40 11 BB 4F 93 20 53 35 93 20 50 69 C9 25 00 35 00 29 CA 19 BE B6 01 00 00 01 00 00 00 00 00 00 04 70 6C 75 73 06 67 6F 6F 67 6C 65 03 63 6F 6D 00 00 01 00 01
45 00 01 B5 BD F9 00 00 40 11 F1 5F 93 20 50 69 93 20 53 35 00 35 C9 25 01 A1 48 0C BE B6 81 80 00 01 00 0F 00 04 00 04 04 70 6C 75 73 06 67 6F 6F 67 6C 65 03 63 6F 6D 00 00 01 00 01 C0 0C 00 01 00 01 00 00 00 9F 00 04 C3 71 D6 D3 C0 0C 00 01 00 01 00 00 00 9F 00 04 C3 71 D6 CF C0 0C 00 01 00 01 00 00 00 9F 00 04 C3 71 D6 DB C0 0C 00 01 00 01 00 00 00 9F 00 04 C3 71 D6 ED C0 0C 00 01 00 01 00 00 00 9F 00 04 C3 71 D6 E6 C0 0C 00 01 00 01 00 00 00 9F 00 04 C3 71 D6 F9 C0 0C 00 01 00 01 00 00 00 9F 00 04 C3 71 D6 DD C0 0C 00 01 00 01 00 00 00 9F 00 04 C3 71 D6 F5 C0 0C 00 01 00 01 00 00 00 9F 00 04 C3 71 D6 E2 C0 0C 00 01 00 01 00 00 00 9F 00 04 C3 71 D6 EC C0 0C 00 01 00 01 00 00 00 9F 00 04 C3 71 D6 F1 C0 0C 00 01 00 01 00 00 00 9F 00 04 C3 71 D6 D7 C0 0C 00 01 00 01 00 00 00 9F 00 04 C3 71 D6 FB C0 0C 00 01 00 01 00 00 00 9F 00 04 C3 71 D6 EA C0 0C 00 01 00 01 00 00 00 9F 00 04 C3 71 D6 DE C0 11 00 02 00 01 00 01 8D 90 00 06 03 6E 73 31 C0 11 C0 11 00 02 00 01 00 01 8D 90 00 06 03 6E 73 32 C0 11 C0 11 00 02 00 01 00 01 8D 90 00 06 03 6E 73 33 C0 11 C0 11 00 02 00 01 00 01 8D 90 00 06 03 6E 73 34 C0 11 C1 1D 00 01 00 01 00 04 30 90 00 04 D8 EF 20 0A C1 2F 00 01 00 01 00 04 30 90 00 04 D8 EF 22 0A C1 41 00 01 00 01 00 04 30 90 00 04 D8 EF 24 0A C1 53 00 01 00 01 00 04 30 90 00 04 D8 EF 26 0A
