45 00 00 34 55 0C 00 00 36 06 7C 3B 8E FB 55 E7 AC 11 22 89 01 BB DD 4D 3B 42 0B AC 2B E4 E3 F8 80 10 01 32 6F 81 00 00 01 01 05 0A 2B E4 E3 F7 2B E4 E3 F8
45 00 00 49 F9 76 40 00 FF 11 D2 30 AC 11 22 EF E0 00 00 FB 14 E9 14 E9 00 35 FE 76 00 00 00 00 00 01 00 00 00 00 00 00 10 5F 73 70 6F 74 69 66 79 2D 63 6F 6E 6E 65 63 74 04 5F 74 63 70 05 6C 6F 63 61 6C 00 00 0C 00 01
60 0B 61 63 00 35 11 FF FE 80 00 00 00 00 00 00 50 C8 AE FF FE 48 F6 9B FF 02 00 00 00 00 00 00 00 00 00 00 00 00 00 FB 14 E9 14 E9 00 35 BB 47 00 00 00 00 00 01 00 00 00 00 00 00 10 5F 73 70 6F 74 69 66 79 2D 63 6F 6E 6E 65 63 74 04 5F 74 63 70 05 6C 6F 63 61 6C 00 00 0C 00 01
45 00 00 28 DC 2C 40 00 80 06 00 00 AC 11 22 89 0D 69 1C 03 DD 3B 01 BB 34 B8 EE 83 6A 06 79 07 50 11 02 01 F8 20 00 00
45 00 00 28 87 17 40 00 80 06 00 00 AC 11 22 89 14 3C 58 64 DD 3C 01 BB B3 49 5F 52 E3 C3 91 D5 50 11 02 03 3B 55 00 00
45 00 00 28 DC 2D 40 00 80 06 00 00 AC 11 22 89 0D 69 1C 03 DD 3B 01 BB 34 B8 EE 84 6A 06 79 08 50 10 02 01 F8 20 00 00
45 00 00 28 87 18 40 00 80 06 00 00 AC 11 22 89 14 3C 58 64 DD 3C 01 BB B3 49 5F 53 E3 C3 91 D6 50 10 02 03 3B 55 00 00
60 02 10 2E 00 67 11 01 FE 80 00 00 00 00 00 00 C6 6A B2 99 C0 11 8F 1E FF 02 00 00 00 00 00 00 00 00 00 00 00 01 00 02 02 22 02 23 00 67 32 89 01 1E 46 5A 00 08 00 02 05 DF 00 01 00 0E 00 01 00 01 2A 77 B8 F9 E4 A8 DF E3 57 47 00 03 00 0C 06 E4 A8 DF 00 00 00 00 00 00 00 00 00 27 00 11 00 0F 4C 41 50 54 4F 50 2D 43 41 34 47 30 36 54 4F 00 10 00 0E 00 00 01 37 00 08 4D 53 46 54 20 35 2E 30 00 06 00 08 00 11 00 17 00 18 00 27
45 00 00 49 FA 8C 40 00 FF 11 D1 1A AC 11 22 EF E0 00 00 FB 14 E9 14 E9 00 35 FE 76 00 00 00 00 00 01 00 00 00 00 00 00 10 5F 73 70 6F 74 69 66 79 2D 63 6F 6E 6E 65 63 74 04 5F 74 63 70 05 6C 6F 63 61 6C 00 00 0C 00 01
60 0B 61 63 00 35 11 FF FE 80 00 00 00 00 00 00 50 C8 AE FF FE 48 F6 9B FF 02 00 00 00 00 00 00 00 00 00 00 00 00 00 FB 14 E9 14 E9 00 35 BB 47 00 00 00 00 00 01 00 00 00 00 00 00 10 5F 73 70 6F 74 69 66 79 2D 63 6F 6E 6E 65 63 74 04 5F 74 63 70 05 6C 6F 63 61 6C 00 00 0C 00 01
45 00 00 3F 35 77 00 00 80 11 00 00 AC 11 22 89 AC 18 02 4C C6 54 00 35 00 2B 7D 3B 94 56 01 00 00 01 00 00 00 00 00 00 02 61 63 0A 64 75 63 6B 64 75 63 6B 67 6F 03 63 6F 6D 00 00 01 00 01
45 00 00 5D E3 DA 00 00 3F 11 1A B7 AC 18 02 4C AC 11 22 89 00 35 C6 54 00 49 AD FC 94 56 81 80 00 01 00 02 00 00 00 00 02 61 63 0A 64 75 63 6B 64 75 63 6B 67 6F 03 63 6F 6D 00 00 01 00 01 C0 0C 00 05 00 01 00 00 46 22 00 02 C0 0F C0 0F 00 01 00 01 00 00 00 3D 00 04 14 CC F4 C0
45 00 00 34 5F 8E 40 00 80 06 00 00 AC 11 22 89 14 CC F4 C0 DD 72 01 BB C8 85 CF F1 00 00 00 00 80 02 FA F0 D8 4D 00 00 02 04 05 B4 01 03 03 08 01 01 04 02
45 00 00 34 00 00 40 00 2B 06 77 9D 14 CC F4 C0 AC 11 22 89 01 BB DD 72 F4 C3 45 8C C8 85 CF F2 80 12 A5 64 3F 93 00 00 02 04 05 A0 01 01 04 02 01 03 03 07
45 00 00 28 5F 8F 40 00 80 06 00 00 AC 11 22 89 14 CC F4 C0 DD 72 01 BB C8 85 CF F2 F4 C3 45 8D 50 10 02 05 D8 41 00 00
45 00 00 28 5F 95 40 00 80 06 00 00 AC 11 22 89 14 CC F4 C0 DD 72 01 BB C8 85 D6 D0 F4 C3 47 E8 50 10 02 03 D8 41 00 00
45 00 00 45 35 78 00 00 80 11 00 00 AC 11 22 89 AC 18 02 4C C6 54 00 35 00 31 7D 41 8A 53 01 00 00 01 00 00 00 00 00 00 03 77 77 77 0F 6D 73 66 74 63 6F 6E 6E 65 63 74 74 65 73 74 03 63 6F 6D 00 00 01 00 01
45 00 00 D5 E3 F9 00 00 3F 11 1A 20 AC 18 02 4C AC 11 22 89 00 35 C6 54 00 C1 D8 9A 8A 53 81 80 00 01 00 05 00 00 00 00 03 77 77 77 0F 6D 73 66 74 63 6F 6E 6E 65 63 74 74 65 73 74 03 63 6F 6D 00 00 01 00 01 C0 0C 00 05 00 01 00 00 02 66 00 1D 08 6E 63 73 69 2D 67 65 6F 0E 74 72 61 66 66 69 63 6D 61 6E 61 67 65 72 03 6E 65 74 00 C0 35 00 05 00 01 00 00 38 BD 00 1D 03 77 77 77 08 6D 73 66 74 6E 63 73 69 03 63 6F 6D 09 65 64 67 65 73 75 69 74 65 C0 4D C0 5E 00 05 00 01 00 00 00 02 00 12 05 61 31 39 36 31 02 67 32 06 61 6B 61 6D 61 69 C0 4D C0 87 00 01 00 01 00 00 00 09 00 04 60 11 C2 F2 C0 87 00 01 00 01 00 00 00 09 00 04 60 11 C2 F1
45 00 00 34 87 2E 40 00 80 06 00 00 AC 11 22 89 60 11 C2 F2 DD 73 00 50 F0 3A 22 DC 00 00 00 00 80 02 FA F0 F1 C4 00 00 02 04 05 B4 01 03 03 08 01 01 04 02
45 00 00 36 35 79 00 00 80 11 00 00 AC 11 22 89 AC 18 02 4C C6 54 00 35 00 22 7D 32 C6 C5 01 00 00 01 00 00 00 00 00 00 04 66 61 73 74 03 63 6F 6D 00 00 01 00 01
45 00 00 34 00 00 40 00 32 06 57 26 60 11 C2 F2 AC 11 22 89 00 50 DD 73 3F 7C 7B E1 F0 3A 22 DD 80 12 FA F0 D6 38 00 00 02 04 05 B4 01 01 04 02 01 03 03 07
45 00 00 28 87 2F 40 00 80 06 00 00 AC 11 22 89 60 11 C2 F2 DD 73 00 50 F0 3A 22 DD 3F 7C 7B E2 50 10 02 01 F1 B8 00 00
45 00 00 28 5F 9B 40 00 80 06 00 00 AC 11 22 89 14 CC F4 C0 DD 72 01 BB C8 85 D7 CA F4 C3 4D BB 50 10 02 05 D8 41 00 00
45 00 00 28 5F 9C 40 00 80 06 00 00 AC 11 22 89 14 CC F4 C0 DD 72 01 BB C8 85 D7 CA F4 C3 50 03 50 10 02 03 D8 41 00 00
45 00 00 36 98 8C 00 00 80 11 00 00 AC 11 22 89 AC 18 02 4D C6 54 00 35 00 22 7D 33 C6 C5 01 00 00 01 00 00 00 00 00 00 04 66 61 73 74 03 63 6F 6D 00 00 01 00 01
45 00 00 28 87 31 40 00 80 06 00 00 AC 11 22 89 60 11 C2 F2 DD 73 00 50 F0 3A 23 4C 3F 7C 7C 9E 50 10 02 00 F1 B8 00 00
45 00 00 28 87 32 40 00 80 06 00 00 AC 11 22 89 60 11 C2 F2 DD 73 00 50 F0 3A 23 4C 3F 7C 7C 9E 50 11 02 00 F1 B8 00 00
45 00 00 46 E4 15 00 00 3F 11 1A 93 AC 18 02 4C AC 11 22 89 00 35 C6 54 00 32 10 E2 C6 C5 81 80 00 01 00 01 00 00 00 00 04 66 61 73 74 03 63 6F 6D 00 00 01 00 01 C0 0C 00 01 00 01 00 00 00 14 00 04 17 2F E1 32
45 00 00 36 35 7A 00 00 80 11 00 00 AC 11 22 89 AC 18 02 4C C9 29 00 35 00 22 7D 32 3B 09 01 00 00 01 00 00 00 00 00 00 04 66 61 73 74 03 63 6F 6D 00 00 01 00 01
45 00 00 46 E4 16 00 00 3F 11 1A 92 AC 18 02 4C AC 11 22 89 00 35 C9 29 00 32 99 C9 3B 09 81 80 00 01 00 01 00 00 00 00 04 66 61 73 74 03 63 6F 6D 00 00 01 00 01 C0 0C 00 01 00 01 00 00 00 14 00 04 17 2F E1 32
45 00 00 36 35 7B 00 00 80 11 00 00 AC 11 22 89 AC 18 02 4C C9 29 00 35 00 22 7D 32 71 FA 01 00 00 01 00 00 00 00 00 00 04 66 61 73 74 03 63 6F 6D 00 00 1C 00 01
45 00 00 34 F8 60 40 00 80 06 00 00 AC 11 22 89 17 2F E1 32 DD 74 01 BB 11 B0 CC E3 00 00 00 00 80 02 FA F0 C7 22 00 00 02 04 05 B4 01 03 03 08 01 01 04 02
45 00 00 36 98 8D 00 00 80 11 00 00 AC 11 22 89 AC 18 02 4D C9 29 00 35 00 22 7D 33 71 FA 01 00 00 01 00 00 00 00 00 00 04 66 61 73 74 03 63 6F 6D 00 00 1C 00 01
45 00 00 34 F8 61 40 00 80 06 00 00 AC 11 22 89 17 2F E1 32 DD 75 01 BB B0 52 BE DF 00 00 00 00 80 02 FA F0 C7 22 00 00 02 04 05 B4 01 03 03 08 01 01 04 02
45 00 00 6E E4 18 00 00 3F 11 1A 68 AC 18 02 4C AC 11 22 89 00 35 C9 29 00 5A CF 08 71 FA 81 80 00 01 00 02 00 00 00 00 04 66 61 73 74 03 63 6F 6D 00 00 1C 00 01 C0 0C 00 1C 00 01 00 00 00 14 00 10 26 00 14 0F 00 04 06 A4 00 00 00 00 00 00 24 FE C0 0C 00 1C 00 01 00 00 00 14 00 10 26 00 14 0F 00 04 06 8A 00 00 00 00 00 00 24 FE
45 00 00 49 FA FE 40 00 FF 11 D0 A8 AC 11 22 EF E0 00 00 FB 14 E9 14 E9 00 35 FE 76 00 00 00 00 00 01 00 00 00 00 00 00 10 5F 73 70 6F 74 69 66 79 2D 63 6F 6E 6E 65 63 74 04 5F 74 63 70 05 6C 6F 63 61 6C 00 00 0C 00 01
60 0B 61 63 00 35 11 FF FE 80 00 00 00 00 00 00 50 C8 AE FF FE 48 F6 9B FF 02 00 00 00 00 00 00 00 00 00 00 00 00 00 FB 14 E9 14 E9 00 35 BB 47 00 00 00 00 00 01 00 00 00 00 00 00 10 5F 73 70 6F 74 69 66 79 2D 63 6F 6E 6E 65 63 74 04 5F 74 63 70 05 6C 6F 63 61 6C 00 00 0C 00 01
45 00 00 34 00 00 40 00 36 06 7D C8 17 2F E1 32 AC 11 22 89 01 BB DD 75 04 3E 70 27 B0 52 BE E0 80 12 FA F0 EA 4A 00 00 02 04 05 B4 01 01 04 02 01 03 03 07
45 00 00 28 F8 62 40 00 80 06 00 00 AC 11 22 89 17 2F E1 32 DD 75 01 BB B0 52 BE E0 04 3E 70 28 50 10 02 01 C7 16 00 00
45 00 00 28 F8 64 40 00 80 06 00 00 AC 11 22 89 17 2F E1 32 DD 75 01 BB B0 52 C1 70 04 3E 7F 70 50 10 02 01 C7 16 00 00
45 00 00 34 F8 68 40 00 80 06 00 00 AC 11 22 89 17 2F E1 32 DD 75 01 BB B0 52 C3 F6 04 3E 80 62 80 10 02 00 C7 22 00 00 01 01 05 0A 04 3E 80 A6 04 3E 80 CC
45 00 00 34 F8 69 40 00 80 06 00 00 AC 11 22 89 17 2F E1 32 DD 75 01 BB B0 52 C3 F6 04 3E 80 62 80 10 02 00 C7 22 00 00 01 01 05 0A 04 3E 80 A6 04 3E 82 3C
45 00 00 34 F8 6A 40 00 80 06 00 00 AC 11 22 89 17 2F E1 32 DD 75 01 BB B0 52 C3 F6 04 3E 80 62 80 10 02 00 C7 22 00 00 01 01 05 0A 04 3E 80 A6 04 3E 8D A4
45 00 00 34 00 00 40 00 36 06 7D C8 17 2F E1 32 AC 11 22 89 01 BB DD 74 05 00 0B 5B 11 B0 CC E4 80 12 FA F0 DE F4 00 00 02 04 05 B4 01 01 04 02 01 03 03 07
45 00 00 28 F8 6B 40 00 80 06 00 00 AC 11 22 89 17 2F E1 32 DD 75 01 BB B0 52 C3 F6 04 3E 8D A4 50 10 02 01 C7 16 00 00
45 00 00 34 F8 6D 40 00 80 06 00 00 AC 11 22 89 17 2F E1 32 DD 75 01 BB B0 52 C4 1C 04 3E 8D A4 80 10 02 01 C7 22 00 00 01 01 05 0A 04 3E 93 58 04 3E 94 98
45 00 00 28 F8 6E 40 00 80 06 00 00 AC 11 22 89 17 2F E1 32 DD 75 01 BB B0 52 C4 1C 04 3E 94 98 50 10 02 01 C7 16 00 00
45 00 00 28 F8 72 40 00 80 06 00 00 AC 11 22 89 17 2F E1 32 DD 75 01 BB B0 52 C5 62 04 3E A1 0F 50 10 02 01 C7 16 00 00
45 00 00 28 F8 73 40 00 80 06 00 00 AC 11 22 89 17 2F E1 32 DD 75 01 BB B0 52 C5 62 04 3E A2 5D 50 10 01 FF C7 16 00 00
45 00 00 28 F8 74 40 00 80 06 00 00 AC 11 22 89 17 2F E1 32 DD 75 01 BB B0 52 C5 62 04 3E AF C3 50 10 02 01 C7 16 00 00
45 00 00 28 F8 75 40 00 80 06 00 00 AC 11 22 89 17 2F E1 32 DD 75 01 BB B0 52 C5 62 04 3E BB 2B 50 10 02 01 C7 16 00 00
45 00 00 28 F8 76 40 00 80 06 00 00 AC 11 22 89 17 2F E1 32 DD 75 01 BB B0 52 C5 62 04 3E C6 93 50 10 02 01 C7 16 00 00
45 00 00 28 F8 78 40 00 80 06 00 00 AC 11 22 89 17 2F E1 32 DD 75 01 BB B0 52 C5 F4 04 3E CC 47 50 10 02 01 C7 16 00 00
45 00 00 28 F8 79 40 00 80 06 00 00 AC 11 22 89 17 2F E1 32 DD 75 01 BB B0 52 C5 F4 04 3E D1 FB 50 10 02 01 C7 16 00 00
45 00 00 28 F8 7C 40 00 80 06 00 00 AC 11 22 89 17 2F E1 32 DD 75 01 BB B0 52 C7 16 04 3E DD 63 50 10 02 01 C7 16 00 00
45 00 00 34 F8 7D 40 00 80 06 00 00 AC 11 22 89 17 2F E1 32 DD 75 01 BB B0 52 C7 16 04 3E DD 63 80 10 02 01 C7 22 00 00 01 01 05 0A 04 3E EE 7F 04 3E F4 33
45 00 00 34 4B 11 40 00 32 06 0C 15 60 11 C2 F2 AC 11 22 89 01 BB DB AD 18 F8 7E 6C EF 6D 5A FD 80 10 01 F5 32 1C 00 00 01 01 05 0A EF 6D 5A FC EF 6D 5A FD
45 00 00 28 12 8B 40 00 80 06 00 00 AC 11 22 89 22 78 D0 7B DD 6A 01 BB 02 11 AF A5 2E 4D 7D 58 50 10 01 FE C1 A8 00 00
45 00 00 28 12 8C 40 00 80 06 00 00 AC 11 22 89 22 78 D0 7B DD 6A 01 BB 02 11 AF A5 2E 4D 7D 7F 50 10 01 FE C1 A8 00 00
45 00 00 34 F8 7E 40 00 80 06 00 00 AC 11 22 89 17 2F E1 32 DD 75 01 BB B0 52 C7 16 04 3E DD 63 80 10 02 01 C7 22 00 00 01 01 05 0A 04 3E EE 7F 04 3E F9 E7
45 00 00 34 F8 7F 40 00 80 06 00 00 AC 11 22 89 17 2F E1 32 DD 75 01 BB B0 52 C7 16 04 3E DD 63 80 10 02 01 C7 22 00 00 01 01 05 0A 04 3E EE 7F 04 3E FF 9B
45 00 00 34 F8 80 40 00 80 06 00 00 AC 11 22 89 17 2F E1 32 DD 75 01 BB B0 52 C7 16 04 3E DD 63 80 10 02 01 C7 22 00 00 01 01 05 0A 04 3E EE 7F 04 3F 05 4F
45 00 00 3C F8 81 40 00 80 06 00 00 AC 11 22 89 17 2F E1 32 DD 75 01 BB B0 52 C7 16 04 3E DD 63 A0 10 02 01 C7 2A 00 00 01 01 05 12 04 3F 0B 03 04 3F 0D 86 04 3E EE 7F 04 3F 05 4F
45 00 00 28 12 8E 40 00 80 06 00 00 AC 11 22 89 22 78 D0 7B DD 6A 01 BB 02 11 AF CC 2E 4D 7E CF 50 10 01 FD C1 A8 00 00
45 00 00 3C F8 82 40 00 80 06 00 00 AC 11 22 89 17 2F E1 32 DD 75 01 BB B0 52 C7 16 04 3E DD 63 A0 10 02 01 C7 2A 00 00 01 01 05 12 04 3F 0B 03 04 3F 0E EF 04 3E EE 7F 04 3F 05 4F
45 00 00 3C F8 83 40 00 80 06 00 00 AC 11 22 89 17 2F E1 32 DD 75 01 BB B0 52 C7 16 04 3E DD 63 A0 10 02 01 C7 2A 00 00 01 01 05 12 04 3F 0B 03 04 3F 12 04 04 3E EE 7F 04 3F 05 4F
45 00 00 3C F8 84 40 00 80 06 00 00 AC 11 22 89 17 2F E1 32 DD 75 01 BB B0 52 C7 16 04 3E DD 63 A0 10 02 01 C7 2A 00 00 01 01 05 12 04 3F 0B 03 04 3F 13 6D 04 3E EE 7F 04 3F 05 4F
45 00 00 3C F8 85 40 00 80 06 00 00 AC 11 22 89 17 2F E1 32 DD 75 01 BB B0 52 C7 16 04 3E DD 63 A0 10 02 01 C7 2A 00 00 01 01 05 12 04 3F 0B 03 04 3F 19 21 04 3E EE 7F 04 3F 05 4F
45 00 00 44 F8 86 40 00 80 06 00 00 AC 11 22 89 17 2F E1 32 DD 75 01 BB B0 52 C7 16 04 3E DD 63 C0 10 02 01 C7 32 00 00 01 01 05 1A 04 3F 1A 15 04 3F 1B 7A 04 3F 0B 03 04 3F 19 21 04 3E EE 7F 04 3F 05 4F
45 00 00 44 F8 87 40 00 80 06 00 00 AC 11 22 89 17 2F E1 32 DD 75 01 BB B0 52 C7 16 04 3E DD 63 C0 10 02 01 C7 32 00 00 01 01 05 1A 04 3F 1A 15 04 3F 21 2E 04 3F 0B 03 04 3F 19 21 04 3E EE 7F 04 3F 05 4F
45 00 00 44 F8 88 40 00 80 06 00 00 AC 11 22 89 17 2F E1 32 DD 75 01 BB B0 52 C7 16 04 3E DD 63 C0 10 02 01 C7 32 00 00 01 01 05 1A 04 3F 1A 15 04 3F 26 1B 04 3F 0B 03 04 3F 19 21 04 3E EE 7F 04 3F 05 4F
45 00 00 44 F8 89 40 00 80 06 00 00 AC 11 22 89 17 2F E1 32 DD 75 01 BB B0 52 C7 16 04 3E E8 CB C0 10 02 01 C7 32 00 00 01 01 05 1A 04 3F 1A 15 04 3F 26 1B 04 3F 0B 03 04 3F 19 21 04 3E EE 7F 04 3F 05 4F
45 00 00 3C F8 8A 40 00 80 06 00 00 AC 11 22 89 17 2F E1 32 DD 75 01 BB B0 52 C7 16 04 3F 05 4F A0 10 02 01 C7 2A 00 00 01 01 05 12 04 3F 1A 15 04 3F 26 1B 04 3F 0B 03 04 3F 19 21
45 00 00 34 F8 8B 40 00 80 06 00 00 AC 11 22 89 17 2F E1 32 DD 75 01 BB B0 52 C7 16 04 3F 19 21 80 10 02 01 C7 22 00 00 01 01 05 0A 04 3F 1A 15 04 3F 26 1B
45 00 00 45 35 7C 00 00 80 11 00 00 AC 11 22 89 AC 18 02 4C C6 D1 00 35 00 31 7D 41 2E 6C 01 00 00 01 00 00 00 00 00 00 0B 69 63 68 6E 61 65 61 2D 77 65 62 07 6E 65 74 66 6C 69 78 03 63 6F 6D 00 00 01 00 01
45 00 01 5B E4 66 00 00 3F 11 19 2D AC 18 02 4C AC 11 22 89 00 35 C6 D1 01 47 53 E1 2E 6C 81 80 00 01 00 0B 00 00 00 00 0B 69 63 68 6E 61 65 61 2D 77 65 62 07 6E 65 74 66 6C 69 78 03 63 6F 6D 00 00 01 00 01 C0 0C 00 05 00 01 00 00 00 45 00 15 0B 69 63 68 6E 61 65 61 2D 77 65 62 06 64 72 61 64 69 73 C0 18 C0 35 00 05 00 01 00 00 00 36 00 21 0B 69 63 68 6E 61 65 61 2D 77 65 62 09 75 73 2D 77 65 73 74 2D 32 08 69 6E 74 65 72 6E 61 6C C0 41 C0 56 00 05 00 01 00 00 00 28 00 3C 09 64 75 61 6C 73 74 61 63 6B 17 69 63 68 6E 61 65 61 2D 77 65 62 2D 32 2D 37 35 35 31 38 39 38 33 38 09 75 73 2D 77 65 73 74 2D 32 03 65 6C 62 09 61 6D 61 7A 6F 6E 61 77 73 C0 20 C0 83 00 01 00 01 00 00 00 31 00 04 22 D1 A2 01 C0 83 00 01 00 01 00 00 00 31 00 04 22 D4 D2 C0 C0 83 00 01 00 01 00 00 00 31 00 04 36 BB 07 00 C0 83 00 01 00 01 00 00 00 31 00 04 36 BA 88 64 C0 83 00 01 00 01 00 00 00 31 00 04 36 94 31 AD C0 83 00 01 00 01 00 00 00 31 00 04 22 D1 33 32 C0 83 00 01 00 01 00 00 00 31 00 04 23 A1 7B D2 C0 83 00 01 00 01 00 00 00 31 00 04 34 28 DE 2F
45 00 00 6B 35 7D 00 00 80 11 00 00 AC 11 22 89 AC 18 02 4C C6 D1 00 35 00 57 7D 67 21 1E 01 00 00 01 00 00 00 00 00 00 09 64 75 61 6C 73 74 61 63 6B 17 69 63 68 6E 61 65 61 2D 77 65 62 2D 32 2D 37 35 35 31 38 39 38 33 38 09 75 73 2D 77 65 73 74 2D 32 03 65 6C 62 09 61 6D 61 7A 6F 6E 61 77 73 03 63 6F 6D 00 00 01 00 01
45 00 00 EB E4 67 00 00 3F 11 19 9C AC 18 02 4C AC 11 22 89 00 35 C6 D1 00 D7 85 61 21 1E 81 80 00 01 00 08 00 00 00 00 09 64 75 61 6C 73 74 61 63 6B 17 69 63 68 6E 61 65 61 2D 77 65 62 2D 32 2D 37 35 35 31 38 39 38 33 38 09 75 73 2D 77 65 73 74 2D 32 03 65 6C 62 09 61 6D 61 7A 6F 6E 61 77 73 03 63 6F 6D 00 00 01 00 01 C0 0C 00 01 00 01 00 00 00 31 00 04 22 D4 D2 C0 C0 0C 00 01 00 01 00 00 00 31 00 04 36 BB 07 00 C0 0C 00 01 00 01 00 00 00 31 00 04 36 BA 88 64 C0 0C 00 01 00 01 00 00 00 31 00 04 36 94 31 AD C0 0C 00 01 00 01 00 00 00 31 00 04 22 D1 33 32 C0 0C 00 01 00 01 00 00 00 31 00 04 23 A1 7B D2 C0 0C 00 01 00 01 00 00 00 31 00 04 34 28 DE 2F C0 0C 00 01 00 01 00 00 00 31 00 04 22 D1 A2 01
45 00 00 6B 35 7E 00 00 80 11 00 00 AC 11 22 89 AC 18 02 4C C6 D1 00 35 00 57 7D 67 22 EE 01 00 00 01 00 00 00 00 00 00 09 64 75 61 6C 73 74 61 63 6B 17 69 63 68 6E 61 65 61 2D 77 65 62 2D 32 2D 37 35 35 31 38 39 38 33 38 09 75 73 2D 77 65 73 74 2D 32 03 65 6C 62 09 61 6D 61 7A 6F 6E 61 77 73 03 63 6F 6D 00 00 1C 00 01
45 00 00 34 B7 33 40 00 80 06 00 00 AC 11 22 89 22 D1 A2 01 DD 77 01 BB 97 85 63 0B 00 00 00 00 80 02 FA F0 93 93 00 00 02 04 05 B4 01 03 03 08 01 01 04 02
45 00 00 6B 98 8E 00 00 80 11 00 00 AC 11 22 89 AC 18 02 4D C6 D1 00 35 00 57 7D 68 22 EE 01 00 00 01 00 00 00 00 00 00 09 64 75 61 6C 73 74 61 63 6B 17 69 63 68 6E 61 65 61 2D 77 65 62 2D 32 2D 37 35 35 31 38 39 38 33 38 09 75 73 2D 77 65 73 74 2D 32 03 65 6C 62 09 61 6D 61 7A 6F 6E 61 77 73 03 63 6F 6D 00 00 1C 00 01
45 00 00 49 FB 9D 40 00 FF 11 D0 09 AC 11 22 EF E0 00 00 FB 14 E9 14 E9 00 35 FE 76 00 00 00 00 00 01 00 00 00 00 00 00 10 5F 73 70 6F 74 69 66 79 2D 63 6F 6E 6E 65 63 74 04 5F 74 63 70 05 6C 6F 63 61 6C 00 00 0C 00 01
60 0B 61 63 00 35 11 FF FE 80 00 00 00 00 00 00 50 C8 AE FF FE 48 F6 9B FF 02 00 00 00 00 00 00 00 00 00 00 00 00 00 FB 14 E9 14 E9 00 35 BB 47 00 00 00 00 00 01 00 00 00 00 00 00 10 5F 73 70 6F 74 69 66 79 2D 63 6F 6E 6E 65 63 74 04 5F 74 63 70 05 6C 6F 63 61 6C 00 00 0C 00 01
45 00 01 4B E4 6B 00 00 3F 11 19 38 AC 18 02 4C AC 11 22 89 00 35 C6 D1 01 37 FC DA 22 EE 81 80 00 01 00 08 00 00 00 00 09 64 75 61 6C 73 74 61 63 6B 17 69 63 68 6E 61 65 61 2D 77 65 62 2D 32 2D 37 35 35 31 38 39 38 33 38 09 75 73 2D 77 65 73 74 2D 32 03 65 6C 62 09 61 6D 61 7A 6F 6E 61 77 73 03 63 6F 6D 00 00 1C 00 01 C0 0C 00 1C 00 01 00 00 00 3C 00 10 26 20 01 08 70 0F 00 00 00 00 00 00 36 BA 88 64 C0 0C 00 1C 00 01 00 00 00 3C 00 10 26 20 01 08 70 0F 00 00 00 00 00 00 36 94 31 AD C0 0C 00 1C 00 01 00 00 00 3C 00 10 26 20 01 08 70 0F 00 00 00 00 00 00 36 95 B0 51 C0 0C 00 1C 00 01 00 00 00 3C 00 10 26 20 01 08 70 0F 00 00 00 00 00 00 36 BB 07 00 C0 0C 00 1C 00 01 00 00 00 3C 00 10 26 20 01 08 70 0F 00 00 00 00 00 00 34 26 43 09 C0 0C 00 1C 00 01 00 00 00 3C 00 10 26 20 01 08 70 0F 00 00 00 00 00 00 36 95 A6 34 C0 0C 00 1C 00 01 00 00 00 3C 00 10 26 20 01 08 70 0F 00 00 00 00 00 00 22 D2 A3 6F C0 0C 00 1C 00 01 00 00 00 3C 00 10 26 20 01 08 70 0F 00 00 00 00 00 00 2C E8 CF 4A
45 00 00 45 35 7F 00 00 80 11 00 00 AC 11 22 89 AC 18 02 4C F7 25 00 35 00 31 7D 41 4D B8 01 00 00 01 00 00 00 00 00 00 0B 69 63 68 6E 61 65 61 2D 77 65 62 07 6E 65 74 66 6C 69 78 03 63 6F 6D 00 00 01 00 01
45 00 01 5B E4 7C 00 00 3F 11 19 17 AC 18 02 4C AC 11 22 89 00 35 F7 25 01 47 04 41 4D B8 81 80 00 01 00 0B 00 00 00 00 0B 69 63 68 6E 61 65 61 2D 77 65 62 07 6E 65 74 66 6C 69 78 03 63 6F 6D 00 00 01 00 01 C0 0C 00 05 00 01 00 00 00 45 00 15 0B 69 63 68 6E 61 65 61 2D 77 65 62 06 64 72 61 64 69 73 C0 18 C0 35 00 05 00 01 00 00 00 36 00 21 0B 69 63 68 6E 61 65 61 2D 77 65 62 09 75 73 2D 77 65 73 74 2D 32 08 69 6E 74 65 72 6E 61 6C C0 41 C0 56 00 05 00 01 00 00 00 28 00 3C 09 64 75 61 6C 73 74 61 63 6B 17 69 63 68 6E 61 65 61 2D 77 65 62 2D 32 2D 37 35 35 31 38 39 38 33 38 09 75 73 2D 77 65 73 74 2D 32 03 65 6C 62 09 61 6D 61 7A 6F 6E 61 77 73 C0 20 C0 83 00 01 00 01 00 00 00 31 00 04 36 BB 07 00 C0 83 00 01 00 01 00 00 00 31 00 04 36 BA 88 64 C0 83 00 01 00 01 00 00 00 31 00 04 36 94 31 AD C0 83 00 01 00 01 00 00 00 31 00 04 22 D1 33 32 C0 83 00 01 00 01 00 00 00 31 00 04 23 A1 7B D2 C0 83 00 01 00 01 00 00 00 31 00 04 34 28 DE 2F C0 83 00 01 00 01 00 00 00 31 00 04 22 D1 A2 01 C0 83 00 01 00 01 00 00 00 31 00 04 22 D4 D2 C0
45 00 00 34 75 36 40 00 80 06 00 00 AC 11 22 89 36 BB 07 00 DD 78 01 BB 50 3A 4C 1C 00 00 00 00 80 02 FA F0 0C 7C 00 00 02 04 05 B4 01 03 03 08 01 01 04 02
45 00 00 28 53 2F 40 00 80 06 00 00 AC 11 22 89 8E FA B6 6E DB 83 01 BB F8 1C DC 57 36 6A 7F EE 50 10 10 01 14 1E 00 00
45 00 00 28 B7 34 40 00 80 06 00 00 AC 11 22 89 22 D1 A2 01 DD 77 01 BB 97 85 63 0C C5 0E 2D 72 50 10 FA F0 93 87 00 00
45 00 00 34 F8 8E 40 00 80 06 00 00 AC 11 22 89 17 2F E1 32 DD 75 01 BB B0 52 C7 DB 04 3F 19 21 80 10 02 01 C7 22 00 00 01 01 05 0A 04 3F 1A 15 04 3F 27 69
45 00 00 34 F8 8F 40 00 80 06 00 00 AC 11 22 89 17 2F E1 32 DD 75 01 BB B0 52 C7 DB 04 3F 19 21 80 10 02 01 C7 22 00 00 01 01 05 0A 04 3F 1A 15 04 3F 2D 1D
45 00 00 34 F8 90 40 00 80 06 00 00 AC 11 22 89 17 2F E1 32 DD 75 01 BB B0 52 C7 DB 04 3F 19 21 80 10 02 01 C7 22 00 00 01 01 05 0A 04 3F 1A 15 04 3F 30 7F
45 00 00 34 F8 91 40 00 80 06 00 00 AC 11 22 89 17 2F E1 32 DD 75 01 BB B0 52 C7 DB 04 3F 19 21 80 10 02 01 C7 22 00 00 01 01 05 0A 04 3F 1A 15 04 3F 31 D1
45 00 00 34 F8 92 40 00 80 06 00 00 AC 11 22 89 17 2F E1 32 DD 75 01 BB B0 52 C7 DB 04 3F 19 21 80 10 02 01 C7 22 00 00 01 01 05 0A 04 3F 1A 15 04 3F 37 85
45 00 00 34 F8 93 40 00 80 06 00 00 AC 11 22 89 17 2F E1 32 DD 75 01 BB B0 52 C7 DB 04 3F 19 21 80 10 02 01 C7 22 00 00 01 01 05 0A 04 3F 1A 15 04 3F 3D 39
45 00 00 34 F8 94 40 00 80 06 00 00 AC 11 22 89 17 2F E1 32 DD 75 01 BB B0 52 C7 DB 04 3F 19 21 80 10 02 01 C7 22 00 00 01 01 05 0A 04 3F 1A 15 04 3F 42 ED
45 00 00 34 F8 95 40 00 80 06 00 00 AC 11 22 89 17 2F E1 32 DD 75 01 BB B0 52 C7 DB 04 3F 19 21 80 10 02 01 C7 22 00 00 01 01 05 0A 04 3F 1A 15 04 3F 48 A1
45 00 00 34 F8 96 40 00 80 06 00 00 AC 11 22 89 17 2F E1 32 DD 75 01 BB B0 52 C7 DB 04 3F 19 21 80 10 02 01 C7 22 00 00 01 01 05 0A 04 3F 1A 15 04 3F 54 09
45 00 00 34 F8 97 40 00 80 06 00 00 AC 11 22 89 17 2F E1 32 DD 75 01 BB B0 52 C7 DB 04 3F 19 21 80 10 02 01 C7 22 00 00 01 01 05 0A 04 3F 1A 15 04 3F 5F 71
45 00 00 34 F8 98 40 00 80 06 00 00 AC 11 22 89 17 2F E1 32 DD 75 01 BB B0 52 C7 DB 04 3F 19 21 80 10 02 01 C7 22 00 00 01 01 05 0A 04 3F 1A 15 04 3F 6A D9
45 00 00 4E 3B 0C 00 00 80 11 61 CC AC 11 22 A5 AC 11 22 FF 00 89 00 89 00 3A 0E 4C B5 D0 01 10 00 01 00 00 00 00 00 00 20 45 45 45 46 46 44 45 4C 46 45 45 50 46 41 43 4E 45 4F 44 47 45 4C 46 41 46 43 45 43 44 42 42 4D 00 00 20 00 01
45 00 00 28 75 37 40 00 80 06 00 00 AC 11 22 89 36 BB 07 00 DD 78 01 BB 50 3A 4C 1D 38 7F 53 C5 50 10 FA F0 0C 70 00 00
45 00 00 34 C5 AB 40 00 80 06 00 00 AC 11 22 89 22 D4 D2 C0 DD 79 01 BB 0F 64 37 03 00 00 00 00 80 02 FA F0 C4 55 00 00 02 04 05 B4 01 03 03 08 01 01 04 02
45 00 00 28 F8 99 40 00 80 06 00 00 AC 11 22 89 17 2F E1 32 DD 75 01 BB B0 52 C7 DB 04 3F 6A D9 50 10 02 01 C7 16 00 00
45 00 00 28 F8 9A 40 00 80 06 00 00 AC 11 22 89 17 2F E1 32 DD 75 01 BB B0 52 C7 DB 04 3F 6B A8 50 10 02 00 C7 16 00 00
45 00 00 3A 35 80 00 00 80 11 00 00 AC 11 22 89 AC 18 02 4C F7 25 00 35 00 26 7D 36 AC A6 01 00 00 01 00 00 00 00 00 00 03 61 70 69 04 66 61 73 74 03 63 6F 6D 00 00 01 00 01
45 00 01 04 E4 9F 00 00 3F 11 19 4B AC 18 02 4C AC 11 22 89 00 35 F7 25 00 F0 A4 E5 AC A6 81 80 00 01 00 06 00 00 00 00 03 61 70 69 04 66 61 73 74 03 63 6F 6D 00 00 01 00 01 C0 0C 00 05 00 01 00 00 06 4B 00 16 04 66 61 73 74 06 64 72 61 64 69 73 07 6E 65 74 66 6C 69 78 C0 15 C0 2A 00 05 00 01 00 00 00 1D 00 1A 04 66 61 73 74 09 75 73 2D 77 65 73 74 2D 32 08 69 6E 74 65 72 6E 61 6C C0 2F C0 4C 00 05 00 01 00 00 00 1E 00 46 2B 61 70 69 70 72 6F 78 79 2D 61 70 69 2D 66 61 73 74 2D 76 70 63 30 2D 6E 6C 62 2D 31 30 33 30 31 37 61 38 31 35 38 30 38 34 39 32 03 65 6C 62 09 75 73 2D 77 65 73 74 2D 32 09 61 6D 61 7A 6F 6E 61 77 73 C0 15 C0 72 00 01 00 01 00 00 00 27 00 04 2C EC 4A 6D C0 72 00 01 00 01 00 00 00 27 00 04 23 A1 68 74 C0 72 00 01 00 01 00 00 00 27 00 04 36 45 2F E0
45 00 00 75 35 81 00 00 80 11 00 00 AC 11 22 89 AC 18 02 4C F7 25 00 35 00 61 7D 71 E2 1D 01 00 00 01 00 00 00 00 00 00 2B 61 70 69 70 72 6F 78 79 2D 61 70 69 2D 66 61 73 74 2D 76 70 63 30 2D 6E 6C 62 2D 31 30 33 30 31 37 61 38 31 35 38 30 38 34 39 32 03 65 6C 62 09 75 73 2D 77 65 73 74 2D 32 09 61 6D 61 7A 6F 6E 61 77 73 03 63 6F 6D 00 00 01 00 01
45 00 00 A5 E4 A0 00 00 3F 11 19 A9 AC 18 02 4C AC 11 22 89 00 35 F7 25 00 91 8B 45 E2 1D 81 80 00 01 00 03 00 00 00 00 2B 61 70 69 70 72 6F 78 79 2D 61 70 69 2D 66 61 73 74 2D 76 70 63 30 2D 6E 6C 62 2D 31 30 33 30 31 37 61 38 31 35 38 30 38 34 39 32 03 65 6C 62 09 75 73 2D 77 65 73 74 2D 32 09 61 6D 61 7A 6F 6E 61 77 73 03 63 6F 6D 00 00 01 00 01 C0 0C 00 01 00 01 00 00 00 27 00 04 23 A1 68 74 C0 0C 00 01 00 01 00 00 00 27 00 04 36 45 2F E0 C0 0C 00 01 00 01 00 00 00 27 00 04 2C EC 4A 6D
45 00 00 75 35 82 00 00 80 11 00 00 AC 11 22 89 AC 18 02 4C F7 25 00 35 00 61 7D 71 65 0E 01 00 00 01 00 00 00 00 00 00 2B 61 70 69 70 72 6F 78 79 2D 61 70 69 2D 66 61 73 74 2D 76 70 63 30 2D 6E 6C 62 2D 31 30 33 30 31 37 61 38 31 35 38 30 38 34 39 32 03 65 6C 62 09 75 73 2D 77 65 73 74 2D 32 09 61 6D 61 7A 6F 6E 61 77 73 03 63 6F 6D 00 00 1C 00 01
45 00 00 34 A1 B7 40 00 80 06 00 00 AC 11 22 89 2C EC 4A 6D DD 7A 01 BB 8D AF 7F 3C 00 00 00 00 80 02 FA F0 46 1A 00 00 02 04 05 B4 01 03 03 08 01 01 04 02
45 00 00 75 98 8F 00 00 80 11 00 00 AC 11 22 89 AC 18 02 4D F7 25 00 35 00 61 7D 72 65 0E 01 00 00 01 00 00 00 00 00 00 2B 61 70 69 70 72 6F 78 79 2D 61 70 69 2D 66 61 73 74 2D 76 70 63 30 2D 6E 6C 62 2D 31 30 33 30 31 37 61 38 31 35 38 30 38 34 39 32 03 65 6C 62 09 75 73 2D 77 65 73 74 2D 32 09 61 6D 61 7A 6F 6E 61 77 73 03 63 6F 6D 00 00 1C 00 01
45 00 00 C9 E4 A2 00 00 3F 11 19 83 AC 18 02 4C AC 11 22 89 00 35 F7 25 00 B5 2A 6A 65 0E 81 80 00 01 00 03 00 00 00 00 2B 61 70 69 70 72 6F 78 79 2D 61 70 69 2D 66 61 73 74 2D 76 70 63 30 2D 6E 6C 62 2D 31 30 33 30 31 37 61 38 31 35 38 30 38 34 39 32 03 65 6C 62 09 75 73 2D 77 65 73 74 2D 32 09 61 6D 61 7A 6F 6E 61 77 73 03 63 6F 6D 00 00 1C 00 01 C0 0C 00 1C 00 01 00 00 00 01 00 10 26 00 1F 14 06 2A DE 80 00 00 00 00 EB 3A EF 20 C0 0C 00 1C 00 01 00 00 00 01 00 10 26 00 1F 14 06 2A DE 81 00 00 00 00 EB 3A EF 20 C0 0C 00 1C 00 01 00 00 00 01 00 10 26 00 1F 14 06 2A DE 82 00 00 00 00 EB 3A EF 20
45 00 00 34 3A 2E 40 00 80 06 00 00 AC 11 22 89 36 BA 88 64 DD 7B 01 BB 50 CD FD 60 00 00 00 00 80 02 FA F0 8D DF 00 00 02 04 05 B4 01 03 03 08 01 01 04 02
45 00 00 28 C5 AC 40 00 80 06 00 00 AC 11 22 89 22 D4 D2 C0 DD 79 01 BB 0F 64 37 04 0D B5 42 BA 50 10 FA F0 C4 49 00 00
45 00 00 34 A1 B8 40 00 80 06 00 00 AC 11 22 89 2C EC 4A 6D DD 7C 01 BB 65 22 DD 44 00 00 00 00 80 02 FA F0 46 1A 00 00 02 04 05 B4 01 03 03 08 01 01 04 02
45 00 00 28 A1 B9 40 00 80 06 00 00 AC 11 22 89 2C EC 4A 6D DD 7A 01 BB 8D AF 7F 3D ED 79 7C 0C 50 10 FA F0 46 0E 00 00
45 00 00 28 3A 2F 40 00 80 06 00 00 AC 11 22 89 36 BA 88 64 DD 7B 01 BB 50 CD FD 61 AB DB 63 33 50 10 FA F0 8D D3 00 00
45 00 00 34 75 39 40 00 80 06 00 00 AC 11 22 89 36 BB 07 00 DD 7D 01 BB 6E 68 59 D8 00 00 00 00 80 02 FA F0 0C 7C 00 00 02 04 05 B4 01 03 03 08 01 01 04 02
45 00 00 4E 3B 0D 00 00 80 11 61 CB AC 11 22 A5 AC 11 22 FF 00 89 00 89 00 3A 0E 4C B5 D0 01 10 00 01 00 00 00 00 00 00 20 45 45 45 46 46 44 45 4C 46 45 45 50 46 41 43 4E 45 4F 44 47 45 4C 46 41 46 43 45 43 44 42 42 4D 00 00 20 00 01
45 00 00 28 A1 BB 40 00 80 06 00 00 AC 11 22 89 2C EC 4A 6D DD 7C 01 BB 65 22 DD 45 5E 10 50 07 50 10 FA F0 46 0E 00 00
45 00 00 28 A1 BD 40 00 80 06 00 00 AC 11 22 89 2C EC 4A 6D DD 7A 01 BB 8D AF 81 D1 ED 79 86 44 50 10 FA F0 46 0E 00 00
45 00 00 34 25 E0 40 00 80 06 00 00 AC 11 22 89 98 C3 26 4C DD 7E 00 50 57 7B 1D D3 00 00 00 00 80 02 FA F0 8D D0 00 00 02 04 05 B4 01 03 03 08 01 01 04 02
45 00 00 34 41 72 40 00 80 06 00 00 AC 11 22 89 36 94 31 AD DD 7F 01 BB 89 73 80 FE 00 00 00 00 80 02 FA F0 37 02 00 00 02 04 05 B4 01 03 03 08 01 01 04 02
45 00 00 28 75 3A 40 00 80 06 00 00 AC 11 22 89 36 BB 07 00 DD 7D 01 BB 6E 68 59 D9 40 F1 4C 1C 50 10 FA F0 0C 70 00 00
45 00 00 34 00 00 40 00 35 06 B8 1A 98 C3 26 4C AC 11 22 89 00 50 DD 7E FC B2 6D 15 57 7B 1D D4 80 12 FF FF 24 6F 00 00 02 04 05 B4 01 01 04 02 01 03 03 09
45 00 00 28 25 E1 40 00 80 06 00 00 AC 11 22 89 98 C3 26 4C DD 7E 00 50 57 7B 1D D4 FC B2 6D 16 50 10 02 01 8D C4 00 00
45 00 00 28 A1 BE 40 00 80 06 00 00 AC 11 22 89 2C EC 4A 6D DD 7C 01 BB 65 22 DF D9 5E 10 5A 3F 50 10 FA F0 46 0E 00 00
45 00 00 28 41 73 40 00 80 06 00 00 AC 11 22 89 36 94 31 AD DD 7F 01 BB 89 73 80 FF 46 C1 82 81 50 10 FA F0 36 F6 00 00
45 00 00 34 3A 31 40 00 80 06 00 00 AC 11 22 89 36 BA 88 64 DD 80 01 BB 8F A1 34 2D 00 00 00 00 80 02 FA F0 8D DF 00 00 02 04 05 B4 01 03 03 08 01 01 04 02
45 00 00 28 25 E4 40 00 80 06 00 00 AC 11 22 89 98 C3 26 4C DD 7E 00 50 57 7B 21 28 FC B2 71 58 50 10 01 FD 8D C4 00 00
45 00 00 34 07 B6 40 00 80 06 00 00 AC 11 22 89 22 D1 33 32 DD 81 01 BB CE 8B AE F2 00 00 00 00 80 02 FA F0 24 C4 00 00 02 04 05 B4 01 03 03 08 01 01 04 02
45 00 00 28 A1 C2 40 00 80 06 00 00 AC 11 22 89 2C EC 4A 6D DD 7A 01 BB 8D AF 83 F8 ED 79 8D EF 50 10 FA F0 46 0E 00 00
45 00 00 28 3A 32 40 00 80 06 00 00 AC 11 22 89 36 BA 88 64 DD 80 01 BB 8F A1 34 2E 4F D3 9B 70 50 10 FA F0 8D D3 00 00
45 00 00 55 35 83 00 00 80 11 00 00 AC 11 22 89 AC 18 02 4C FD A1 00 35 00 41 7D 51 BC F0 01 00 00 01 00 00 00 00 00 00 13 69 70 76 34 2D 63 30 34 31 2D 73 69 6E 30 30 31 2D 69 78 01 31 03 6F 63 61 09 6E 66 6C 78 76 69 64 65 6F 03 6E 65 74 00 00 01 00 01
45 00 00 55 98 90 00 00 80 11 00 00 AC 11 22 89 AC 18 02 4D FD A1 00 35 00 41 7D 52 BC F0 01 00 00 01 00 00 00 00 00 00 13 69 70 76 34 2D 63 30 34 31 2D 73 69 6E 30 30 31 2D 69 78 01 31 03 6F 63 61 09 6E 66 6C 78 76 69 64 65 6F 03 6E 65 74 00 00 01 00 01
45 00 00 49 FB C2 40 00 FF 11 CF E4 AC 11 22 EF E0 00 00 FB 14 E9 14 E9 00 35 FE 76 00 00 00 00 00 01 00 00 00 00 00 00 10 5F 73 70 6F 74 69 66 79 2D 63 6F 6E 6E 65 63 74 04 5F 74 63 70 05 6C 6F 63 61 6C 00 00 0C 00 01
60 0B 61 63 00 35 11 FF FE 80 00 00 00 00 00 00 50 C8 AE FF FE 48 F6 9B FF 02 00 00 00 00 00 00 00 00 00 00 00 00 00 FB 14 E9 14 E9 00 35 BB 47 00 00 00 00 00 01 00 00 00 00 00 00 10 5F 73 70 6F 74 69 66 79 2D 63 6F 6E 6E 65 63 74 04 5F 74 63 70 05 6C 6F 63 61 6C 00 00 0C 00 01
45 00 00 4E 3B 0E 00 00 80 11 61 CA AC 11 22 A5 AC 11 22 FF 00 89 00 89 00 3A 0E 4C B5 D0 01 10 00 01 00 00 00 00 00 00 20 45 45 45 46 46 44 45 4C 46 45 45 50 46 41 43 4E 45 4F 44 47 45 4C 46 41 46 43 45 43 44 42 42 4D 00 00 20 00 01
45 00 00 65 E5 1B 00 00 3F 11 19 6E AC 18 02 4C AC 11 22 89 00 35 FD A1 00 51 5E B7 BC F0 81 80 00 01 00 01 00 00 00 00 13 69 70 76 34 2D 63 30 34 31 2D 73 69 6E 30 30 31 2D 69 78 01 31 03 6F 63 61 09 6E 66 6C 78 76 69 64 65 6F 03 6E 65 74 00 00 01 00 01 C0 0C 00 01 00 01 00 00 0E 10 00 04 17 F6 37 93
45 00 00 55 35 84 00 00 80 11 00 00 AC 11 22 89 AC 18 02 4C C9 EF 00 35 00 41 7D 51 75 5C 01 00 00 01 00 00 00 00 00 00 13 69 70 76 34 2D 63 30 34 31 2D 73 69 6E 30 30 31 2D 69 78 01 31 03 6F 63 61 09 6E 66 6C 78 76 69 64 65 6F 03 6E 65 74 00 00 01 00 01
45 00 00 65 E5 1C 00 00 3F 11 19 6D AC 18 02 4C AC 11 22 89 00 35 C9 EF 00 51 D9 FD 75 5C 81 80 00 01 00 01 00 00 00 00 13 69 70 76 34 2D 63 30 34 31 2D 73 69 6E 30 30 31 2D 69 78 01 31 03 6F 63 61 09 6E 66 6C 78 76 69 64 65 6F 03 6E 65 74 00 00 01 00 01 C0 0C 00 01 00 01 00 00 0E 10 00 04 17 F6 37 93
45 00 00 34 7C C5 40 00 80 06 00 00 AC 11 22 89 17 F6 37 93 DD 82 01 BB C1 D4 8B CD 00 00 00 00 80 02 FA F0 1E 4A 00 00 02 04 05 B4 01 03 03 08 01 01 04 02
45 00 00 55 35 85 00 00 80 11 00 00 AC 11 22 89 AC 18 02 4C C9 EF 00 35 00 41 7D 51 D4 5C 01 00 00 01 00 00 00 00 00 00 13 69 70 76 34 2D 63 30 34 31 2D 73 69 6E 30 30 31 2D 69 78 01 31 03 6F 63 61 09 6E 66 6C 78 76 69 64 65 6F 03 6E 65 74 00 00 1C 00 01
45 00 00 55 98 91 00 00 80 11 00 00 AC 11 22 89 AC 18 02 4D C9 EF 00 35 00 41 7D 52 D4 5C 01 00 00 01 00 00 00 00 00 00 13 69 70 76 34 2D 63 30 34 31 2D 73 69 6E 30 30 31 2D 69 78 01 31 03 6F 63 61 09 6E 66 6C 78 76 69 64 65 6F 03 6E 65 74 00 00 1C 00 01
45 00 00 28 07 B7 40 00 80 06 00 00 AC 11 22 89 22 D1 33 32 DD 81 01 BB CE 8B AE F3 95 18 40 65 50 10 FA F0 24 B8 00 00
45 00 00 34 41 75 40 00 80 06 00 00 AC 11 22 89 36 94 31 AD DD 83 01 BB 3D F1 88 CF 00 00 00 00 80 02 FA F0 37 02 00 00 02 04 05 B4 01 03 03 08 01 01 04 02
45 00 00 34 00 00 40 00 36 06 26 A1 17 F6 37 93 AC 11 22 89 01 BB DD 82 D8 D0 48 27 C1 D4 8B CE 80 12 FF FF 04 04 00 00 02 04 05 B4 01 03 03 09 04 02 00 00
45 00 00 28 7C C6 40 00 80 06 00 00 AC 11 22 89 17 F6 37 93 DD 82 01 BB C1 D4 8B CE D8 D0 48 28 50 10 02 01 1E 3E 00 00
45 00 00 34 7C C8 40 00 80 06 00 00 AC 11 22 89 17 F6 37 93 DD 84 01 BB B2 D8 44 62 00 00 00 00 80 02 FA F0 1E 4A 00 00 02 04 05 B4 01 03 03 08 01 01 04 02
45 00 00 A1 E5 1D 00 00 3F 11 19 30 AC 18 02 4C AC 11 22 89 00 35 C9 EF 00 8D DC 49 D4 5C 81 80 00 01 00 00 00 01 00 00 13 69 70 76 34 2D 63 30 34 31 2D 73 69 6E 30 30 31 2D 69 78 01 31 03 6F 63 61 09 6E 66 6C 78 76 69 64 65 6F 03 6E 65 74 00 00 1C 00 01 C0 22 00 06 00 01 00 00 05 DE 00 40 07 70 64 6E 73 31 35 34 08 75 6C 74 72 61 64 6E 73 03 63 6F 6D 00 0B 44 4C 43 44 4E 50 6F 72 74 61 6C 07 6E 65 74 66 6C 69 78 C0 56 00 03 E0 36 00 00 0E 10 00 00 02 58 00 09 3A 80 00 00 07 08
45 00 00 34 7C C9 40 00 80 06 00 00 AC 11 22 89 17 F6 37 93 DD 85 01 BB 38 26 F2 63 00 00 00 00 80 02 FA F0 1E 4A 00 00 02 04 05 B4 01 03 03 08 01 01 04 02
45 00 00 34 00 00 40 00 36 06 26 A1 17 F6 37 93 AC 11 22 89 01 BB DD 84 34 29 F0 CB B2 D8 44 63 80 12 FF FF 56 6C 00 00 02 04 05 B4 01 03 03 09 04 02 00 00
45 00 00 28 7C CA 40 00 80 06 00 00 AC 11 22 89 17 F6 37 93 DD 84 01 BB B2 D8 44 63 34 29 F0 CC 50 10 02 01 1E 3E 00 00
45 00 00 34 7C CC 40 00 80 06 00 00 AC 11 22 89 17 F6 37 93 DD 86 01 BB 75 07 13 5A 00 00 00 00 80 02 FA F0 1E 4A 00 00 02 04 05 B4 01 03 03 08 01 01 04 02
45 00 00 34 00 00 40 00 36 06 26 A1 17 F6 37 93 AC 11 22 89 01 BB DD 85 B8 CD A4 47 38 26 F2 64 80 12 FF FF EA FB 00 00 02 04 05 B4 01 03 03 09 04 02 00 00
45 00 00 28 7C CD 40 00 80 06 00 00 AC 11 22 89 17 F6 37 93 DD 85 01 BB 38 26 F2 64 B8 CD A4 48 50 10 02 01 1E 3E 00 00
45 00 00 34 7C CF 40 00 80 06 00 00 AC 11 22 89 17 F6 37 93 DD 87 01 BB 99 28 23 CA 00 00 00 00 80 02 FA F0 1E 4A 00 00 02 04 05 B4 01 03 03 08 01 01 04 02
45 00 00 34 00 00 40 00 38 06 24 A1 17 F6 37 93 AC 11 22 89 01 BB DD 86 BB BA E7 44 75 07 13 5B 80 12 FF FF 47 39 00 00 02 04 05 B4 01 03 03 09 04 02 00 00
45 00 00 28 7C D0 40 00 80 06 00 00 AC 11 22 89 17 F6 37 93 DD 86 01 BB 75 07 13 5B BB BA E7 45 50 10 02 01 1E 3E 00 00
45 00 00 34 7C D2 40 00 80 06 00 00 AC 11 22 89 17 F6 37 93 DD 88 01 BB 0D D5 15 83 00 00 00 00 80 02 FA F0 1E 4A 00 00 02 04 05 B4 01 03 03 08 01 01 04 02
45 00 00 34 00 00 40 00 37 06 25 A1 17 F6 37 93 AC 11 22 89 01 BB DD 87 70 9D B0 8F 99 28 23 CB 80 12 FF FF 94 79 00 00 02 04 05 B4 01 03 03 09 04 02 00 00
45 00 00 28 7C D3 40 00 80 06 00 00 AC 11 22 89 17 F6 37 93 DD 87 01 BB 99 28 23 CB 70 9D B0 90 50 10 02 01 1E 3E 00 00
45 00 00 34 7C D5 40 00 80 06 00 00 AC 11 22 89 17 F6 37 93 DD 89 01 BB 02 96 91 BB 00 00 00 00 80 02 FA F0 1E 4A 00 00 02 04 05 B4 01 03 03 08 01 01 04 02
45 00 00 34 0D 1E 40 00 80 06 00 00 AC 11 22 89 23 A1 7B D2 DD 8A 01 BB 9B 4B 5A 44 00 00 00 00 80 02 FA F0 6E 34 00 00 02 04 05 B4 01 03 03 08 01 01 04 02
45 00 00 34 00 00 40 00 37 06 25 A1 17 F6 37 93 AC 11 22 89 01 BB DD 88 1C 7B 40 E3 0D D5 15 84 80 12 FF FF F1 E1 00 00 02 04 05 B4 01 03 03 09 04 02 00 00
45 00 00 28 7C D6 40 00 80 06 00 00 AC 11 22 89 17 F6 37 93 DD 88 01 BB 0D D5 15 84 1C 7B 40 E4 50 10 02 01 1E 3E 00 00
45 00 00 34 00 00 40 00 36 06 26 A1 17 F6 37 93 AC 11 22 89 01 BB DD 89 C1 0B E5 3E 02 96 91 BC 80 12 FF FF 37 FB 00 00 02 04 05 B4 01 03 03 09 04 02 00 00
45 00 00 28 7C D8 40 00 80 06 00 00 AC 11 22 89 17 F6 37 93 DD 89 01 BB 02 96 91 BC C1 0B E5 3F 50 10 02 01 1E 3E 00 00
45 00 00 34 7C D9 40 00 80 06 00 00 AC 11 22 89 17 F6 37 93 DD 8B 01 BB D6 CE 22 DF 00 00 00 00 80 02 FA F0 1E 4A 00 00 02 04 05 B4 01 03 03 08 01 01 04 02
45 00 00 34 7C DB 40 00 80 06 00 00 AC 11 22 89 17 F6 37 93 DD 8C 01 BB 5A 0A 97 52 00 00 00 00 80 02 FA F0 1E 4A 00 00 02 04 05 B4 01 03 03 08 01 01 04 02
45 00 00 28 41 76 40 00 80 06 00 00 AC 11 22 89 36 94 31 AD DD 83 01 BB 3D F1 88 D0 8C F8 90 8B 50 10 FA F0 36 F6 00 00
45 00 00 34 00 00 40 00 36 06 26 A1 17 F6 37 93 AC 11 22 89 01 BB DD 8B 67 85 8C 98 D6 CE 22 E0 80 12 FF FF 84 C9 00 00 02 04 05 B4 01 03 03 09 04 02 00 00
45 00 00 28 7C DC 40 00 80 06 00 00 AC 11 22 89 17 F6 37 93 DD 8B 01 BB D6 CE 22 E0 67 85 8C 99 50 10 02 01 1E 3E 00 00
45 00 00 34 7C DE 40 00 80 06 00 00 AC 11 22 89 17 F6 37 93 DD 8D 01 BB 33 6B 0F 1A 00 00 00 00 80 02 FA F0 1E 4A 00 00 02 04 05 B4 01 03 03 08 01 01 04 02
45 00 00 34 00 00 40 00 36 06 26 A1 17 F6 37 93 AC 11 22 89 01 BB DD 8C 37 59 0B C8 5A 0A 97 53 80 12 FF FF 3E 16 00 00 02 04 05 B4 01 03 03 09 04 02 00 00
45 00 00 28 7C DF 40 00 80 06 00 00 AC 11 22 89 17 F6 37 93 DD 8C 01 BB 5A 0A 97 53 37 59 0B C9 50 10 02 01 1E 3E 00 00
45 00 00 34 7C E1 40 00 80 06 00 00 AC 11 22 89 17 F6 37 93 DD 8E 01 BB B3 57 B2 AD 00 00 00 00 80 02 FA F0 1E 4A 00 00 02 04 05 B4 01 03 03 08 01 01 04 02
45 00 00 34 00 00 40 00 37 06 25 A1 17 F6 37 93 AC 11 22 89 01 BB DD 8D E4 3B 9A 1B 33 6B 0F 1B 80 12 FF FF B1 B6 00 00 02 04 05 B4 01 03 03 09 04 02 00 00
45 00 00 28 7C E2 40 00 80 06 00 00 AC 11 22 89 17 F6 37 93 DD 8D 01 BB 33 6B 0F 1B E4 3B 9A 1C 50 10 02 01 1E 3E 00 00
45 00 00 34 7C E4 40 00 80 06 00 00 AC 11 22 89 17 F6 37 93 DD 8F 01 BB C2 10 C2 FD 00 00 00 00 80 02 FA F0 1E 4A 00 00 02 04 05 B4 01 03 03 08 01 01 04 02
45 00 00 34 00 00 40 00 36 06 26 A1 17 F6 37 93 AC 11 22 89 01 BB DD 8E 7E E9 2C 81 B3 57 B2 AE 80 12 FF FF 61 22 00 00 02 04 05 B4 01 03 03 09 04 02 00 00
45 00 00 28 7C E5 40 00 80 06 00 00 AC 11 22 89 17 F6 37 93 DD 8E 01 BB B3 57 B2 AE 7E E9 2C 82 50 10 02 01 1E 3E 00 00
45 00 00 34 7C E7 40 00 80 06 00 00 AC 11 22 89 17 F6 37 93 DD 90 01 BB 67 BC FE E4 00 00 00 00 80 02 FA F0 1E 4A 00 00 02 04 05 B4 01 03 03 08 01 01 04 02
45 00 00 34 00 00 40 00 F1 06 1B B6 23 A1 7B D2 AC 11 22 89 01 BB DD 8A 67 6C 09 B7 9B 4B 5A 45 80 12 69 03 51 F5 00 00 02 04 05 B4 01 01 04 02 01 03 03 08
45 00 00 28 0D 1F 40 00 80 06 00 00 AC 11 22 89 23 A1 7B D2 DD 8A 01 BB 9B 4B 5A 45 67 6C 09 B8 50 10 02 01 6E 28 00 00
45 00 00 34 00 00 40 00 36 06 26 A1 17 F6 37 93 AC 11 22 89 01 BB DD 8F A4 80 75 5B C2 10 C2 FE 80 12 FF FF D3 A6 00 00 02 04 05 B4 01 03 03 09 04 02 00 00
45 00 00 28 7C E8 40 00 80 06 00 00 AC 11 22 89 17 F6 37 93 DD 8F 01 BB C2 10 C2 FE A4 80 75 5C 50 10 02 01 1E 3E 00 00
45 00 00 34 00 00 40 00 36 06 26 A1 17 F6 37 93 AC 11 22 89 01 BB DD 90 9D AF F2 62 67 BC FE E5 80 12 FF FF 7B DC 00 00 02 04 05 B4 01 03 03 09 04 02 00 00
45 00 00 28 7C EA 40 00 80 06 00 00 AC 11 22 89 17 F6 37 93 DD 90 01 BB 67 BC FE E5 9D AF F2 63 50 10 02 01 1E 3E 00 00
45 00 00 34 7C EC 40 00 80 06 00 00 AC 11 22 89 17 F6 37 93 DD 91 01 BB 21 21 59 31 00 00 00 00 80 02 FA F0 1E 4A 00 00 02 04 05 B4 01 03 03 08 01 01 04 02
45 00 00 34 7C ED 40 00 80 06 00 00 AC 11 22 89 17 F6 37 93 DD 92 01 BB D2 E1 AB B0 00 00 00 00 80 02 FA F0 1E 4A 00 00 02 04 05 B4 01 03 03 08 01 01 04 02
45 00 00 34 00 00 40 00 36 06 26 A1 17 F6 37 93 AC 11 22 89 01 BB DD 91 CC 8E EF 33 21 21 59 32 80 12 FF FF 3C 7A 00 00 02 04 05 B4 01 03 03 09 04 02 00 00
45 00 00 28 7C EE 40 00 80 06 00 00 AC 11 22 89 17 F6 37 93 DD 91 01 BB 21 21 59 32 CC 8E EF 34 50 10 02 01 1E 3E 00 00
45 00 00 34 00 00 40 00 36 06 26 A1 17 F6 37 93 AC 11 22 89 01 BB DD 92 98 4C 5C 67 D2 E1 AB B1 80 12 FF FF FF 47 00 00 02 04 05 B4 01 03 03 09 04 02 00 00
45 00 00 28 7C F0 40 00 80 06 00 00 AC 11 22 89 17 F6 37 93 DD 92 01 BB D2 E1 AB B1 98 4C 5C 68 50 10 02 01 1E 3E 00 00
45 00 00 34 7C F2 40 00 80 06 00 00 AC 11 22 89 17 F6 37 93 DD 93 01 BB C2 11 C7 F2 00 00 00 00 80 02 FA F0 1E 4A 00 00 02 04 05 B4 01 03 03 08 01 01 04 02
45 00 00 34 7C F3 40 00 80 06 00 00 AC 11 22 89 17 F6 37 93 DD 94 01 BB 88 CF 32 1A 00 00 00 00 80 02 FA F0 1E 4A 00 00 02 04 05 B4 01 03 03 08 01 01 04 02
45 00 00 34 00 00 40 00 36 06 26 A1 17 F6 37 93 AC 11 22 89 01 BB DD 94 AF FB 95 50 88 CF 32 1B 80 12 FF FF 72 56 00 00 02 04 05 B4 01 03 03 09 04 02 00 00
45 00 00 28 7C F4 40 00 80 06 00 00 AC 11 22 89 17 F6 37 93 DD 94 01 BB 88 CF 32 1B AF FB 95 51 50 10 02 01 1E 3E 00 00
45 00 00 34 00 00 40 00 37 06 25 A1 17 F6 37 93 AC 11 22 89 01 BB DD 93 F9 36 A3 06 C2 11 C7 F3 80 12 FF FF 4C 4B 00 00 02 04 05 B4 01 03 03 09 04 02 00 00
45 00 00 28 7C F6 40 00 80 06 00 00 AC 11 22 89 17 F6 37 93 DD 93 01 BB C2 11 C7 F3 F9 36 A3 07 50 10 02 01 1E 3E 00 00
45 00 00 34 7C F8 40 00 80 06 00 00 AC 11 22 89 17 F6 37 93 DD 95 01 BB 94 45 66 E2 00 00 00 00 80 02 FA F0 1E 4A 00 00 02 04 05 B4 01 03 03 08 01 01 04 02
45 00 00 34 7C F9 40 00 80 06 00 00 AC 11 22 89 17 F6 37 93 DD 96 01 BB D5 1C 3D A0 00 00 00 00 80 02 FA F0 1E 4A 00 00 02 04 05 B4 01 03 03 08 01 01 04 02
45 00 00 34 00 00 40 00 37 06 25 A1 17 F6 37 93 AC 11 22 89 01 BB DD 96 2C 7B 7C D3 D5 1C 3D A1 80 12 FF FF B6 7E 00 00 02 04 05 B4 01 03 03 09 04 02 00 00
45 00 00 28 7C FA 40 00 80 06 00 00 AC 11 22 89 17 F6 37 93 DD 96 01 BB D5 1C 3D A1 2C 7B 7C D4 50 10 02 01 1E 3E 00 00
45 00 00 34 00 00 40 00 37 06 25 A1 17 F6 37 93 AC 11 22 89 01 BB DD 95 A1 71 F9 5E 94 45 66 E3 80 12 FF FF DC 92 00 00 02 04 05 B4 01 03 03 09 04 02 00 00
45 00 00 28 7C FC 40 00 80 06 00 00 AC 11 22 89 17 F6 37 93 DD 95 01 BB 94 45 66 E3 A1 71 F9 5F 50 10 02 01 1E 3E 00 00
45 00 00 34 7C FE 40 00 80 06 00 00 AC 11 22 89 17 F6 37 93 DD 98 01 BB E6 7D 36 E7 00 00 00 00 80 02 FA F0 1E 4A 00 00 02 04 05 B4 01 03 03 08 01 01 04 02
45 00 00 55 35 86 00 00 80 11 00 00 AC 11 22 89 AC 18 02 4C E1 2F 00 35 00 41 7D 51 2C 75 01 00 00 01 00 00 00 00 00 00 13 69 70 76 34 2D 63 30 36 37 2D 6C 68 72 30 30 35 2D 69 78 01 31 03 6F 63 61 09 6E 66 6C 78 76 69 64 65 6F 03 6E 65 74 00 00 01 00 01
45 00 00 55 98 92 00 00 80 11 00 00 AC 11 22 89 AC 18 02 4D E1 2F 00 35 00 41 7D 52 2C 75 01 00 00 01 00 00 00 00 00 00 13 69 70 76 34 2D 63 30 36 37 2D 6C 68 72 30 30 35 2D 69 78 01 31 03 6F 63 61 09 6E 66 6C 78 76 69 64 65 6F 03 6E 65 74 00 00 01 00 01
45 00 00 34 43 8E 00 00 36 06 72 DE 22 6B DD 52 AC 11 22 89 00 50 DB 67 33 43 C9 A9 CF 05 39 81 80 10 01 22 B8 0A 00 00 01 01 05 0A CF 05 39 80 CF 05 39 81
45 00 00 34 00 00 40 00 38 06 24 A1 17 F6 37 93 AC 11 22 89 01 BB DD 98 43 5D 3E BC E6 7D 36 E8 80 12 FF FF D3 09 00 00 02 04 05 B4 01 03 03 09 04 02 00 00
45 00 00 34 D5 73 00 00 36 06 E0 F8 22 6B DD 52 AC 11 22 89 00 50 DB 6A 56 33 82 75 0A 75 15 16 80 10 01 22 97 3F 00 00 01 01 05 0A 0A 75 15 15 0A 75 15 16
45 00 00 65 E5 6B 00 00 3F 11 19 1E AC 18 02 4C AC 11 22 89 00 35 E1 2F 00 51 B5 C2 2C 75 81 80 00 01 00 01 00 00 00 00 13 69 70 76 34 2D 63 30 36 37 2D 6C 68 72 30 30 35 2D 69 78 01 31 03 6F 63 61 09 6E 66 6C 78 76 69 64 65 6F 03 6E 65 74 00 00 01 00 01 C0 0C 00 01 00 01 00 00 0E 10 00 04 2D 39 01 A1
45 00 00 55 35 87 00 00 80 11 00 00 AC 11 22 89 AC 18 02 4C EB E0 00 35 00 41 7D 51 8F 4B 01 00 00 01 00 00 00 00 00 00 13 69 70 76 34 2D 63 30 36 37 2D 6C 68 72 30 30 35 2D 69 78 01 31 03 6F 63 61 09 6E 66 6C 78 76 69 64 65 6F 03 6E 65 74 00 00 01 00 01
45 00 00 65 E5 6C 00 00 3F 11 19 1D AC 18 02 4C AC 11 22 89 00 35 EB E0 00 51 48 3B 8F 4B 81 80 00 01 00 01 00 00 00 00 13 69 70 76 34 2D 63 30 36 37 2D 6C 68 72 30 30 35 2D 69 78 01 31 03 6F 63 61 09 6E 66 6C 78 76 69 64 65 6F 03 6E 65 74 00 00 01 00 01 C0 0C 00 01 00 01 00 00 0E 10 00 04 2D 39 01 A1
45 00 00 55 35 88 00 00 80 11 00 00 AC 11 22 89 AC 18 02 4C EB E0 00 35 00 41 7D 51 B7 EC 01 00 00 01 00 00 00 00 00 00 13 69 70 76 34 2D 63 30 36 37 2D 6C 68 72 30 30 35 2D 69 78 01 31 03 6F 63 61 09 6E 66 6C 78 76 69 64 65 6F 03 6E 65 74 00 00 1C 00 01
45 00 00 34 63 9C 40 00 80 06 00 00 AC 11 22 89 2D 39 01 A1 DD 99 01 BB 98 82 6D 49 00 00 00 00 80 02 FA F0 FD 9A 00 00 02 04 05 B4 01 03 03 08 01 01 04 02
45 00 00 55 98 93 00 00 80 11 00 00 AC 11 22 89 AC 18 02 4D EB E0 00 35 00 41 7D 52 B7 EC 01 00 00 01 00 00 00 00 00 00 13 69 70 76 34 2D 63 30 36 37 2D 6C 68 72 30 30 35 2D 69 78 01 31 03 6F 63 61 09 6E 66 6C 78 76 69 64 65 6F 03 6E 65 74 00 00 1C 00 01
00 01 08 00 06 04 00 02 74 D4 DD 28 65 51 AC 11 22 89 00 5F 67 E4 23 5E AC 11 22 9A
45 00 00 A1 E5 7C 00 00 3F 11 18 D1 AC 18 02 4C AC 11 22 89 00 35 EB E0 00 8D A7 C4 B7 EC 81 80 00 01 00 00 00 01 00 00 13 69 70 76 34 2D 63 30 36 37 2D 6C 68 72 30 30 35 2D 69 78 01 31 03 6F 63 61 09 6E 66 6C 78 76 69 64 65 6F 03 6E 65 74 00 00 1C 00 01 C0 22 00 06 00 01 00 00 07 08 00 40 07 70 64 6E 73 31 35 34 08 75 6C 74 72 61 64 6E 73 03 63 6F 6D 00 0B 44 4C 43 44 4E 50 6F 72 74 61 6C 07 6E 65 74 66 6C 69 78 C0 56 00 03 E0 36 00 00 0E 10 00 00 02 58 00 09 3A 80 00 00 07 08
45 00 00 34 63 9D 40 00 80 06 00 00 AC 11 22 89 2D 39 01 A1 DD 9A 01 BB 22 9A 0B 13 00 00 00 00 80 02 FA F0 FD 9A 00 00 02 04 05 B4 01 03 03 08 01 01 04 02
45 00 00 34 00 00 40 00 35 06 48 50 2D 39 01 A1 AC 11 22 89 01 BB DD 99 B9 7A 6C 47 98 82 6D 4A 80 12 FF FF 67 A8 00 00 02 04 05 B4 01 03 03 09 04 02 00 00
45 00 00 28 63 9E 40 00 80 06 00 00 AC 11 22 89 2D 39 01 A1 DD 99 01 BB 98 82 6D 4A B9 7A 6C 48 50 10 02 01 FD 8E 00 00
45 00 00 34 63 A0 40 00 80 06 00 00 AC 11 22 89 2D 39 01 A1 DD 9B 01 BB 4C 3C 5D BB 00 00 00 00 80 02 FA F0 FD 9A 00 00 02 04 05 B4 01 03 03 08 01 01 04 02
45 00 00 34 00 00 40 00 36 06 47 50 2D 39 01 A1 AC 11 22 89 01 BB DD 9A 32 A9 92 CC 22 9A 0B 14 80 12 FF FF A0 12 00 00 02 04 05 B4 01 03 03 09 04 02 00 00
45 00 00 28 63 A1 40 00 80 06 00 00 AC 11 22 89 2D 39 01 A1 DD 9A 01 BB 22 9A 0B 14 32 A9 92 CD 50 10 02 01 FD 8E 00 00
45 00 00 34 63 A3 40 00 80 06 00 00 AC 11 22 89 2D 39 01 A1 DD 9C 01 BB 93 9E 53 79 00 00 00 00 80 02 FA F0 FD 9A 00 00 02 04 05 B4 01 03 03 08 01 01 04 02
45 00 00 34 00 00 40 00 35 06 48 50 2D 39 01 A1 AC 11 22 89 01 BB DD 9B DD CE 0C 23 4C 3C 5D BC 80 12 FF FF FF 4A 00 00 02 04 05 B4 01 03 03 09 04 02 00 00
45 00 00 28 63 A4 40 00 80 06 00 00 AC 11 22 89 2D 39 01 A1 DD 9B 01 BB 4C 3C 5D BC DD CE 0C 24 50 10 02 01 FD 8E 00 00
45 00 00 34 63 A6 40 00 80 06 00 00 AC 11 22 89 2D 39 01 A1 DD 9D 01 BB 27 23 61 AC 00 00 00 00 80 02 FA F0 FD 9A 00 00 02 04 05 B4 01 03 03 08 01 01 04 02
45 00 00 34 9F DF 00 00 35 06 6D 9C C0 E5 E8 C8 AC 11 22 89 01 BB DC 51 6B B8 B7 52 25 C1 43 C3 80 10 00 89 C3 47 00 00 01 01 05 0A 25 C1 43 C2 25 C1 43 C3
45 00 00 34 00 00 40 00 35 06 48 50 2D 39 01 A1 AC 11 22 89 01 BB DD 9C 26 B0 06 D8 93 9E 53 7A 80 12 FF FF 7E 93 00 00 02 04 05 B4 01 03 03 09 04 02 00 00
45 00 00 28 63 A7 40 00 80 06 00 00 AC 11 22 89 2D 39 01 A1 DD 9C 01 BB 93 9E 53 7A 26 B0 06 D9 50 10 02 01 FD 8E 00 00
45 00 00 34 63 A9 40 00 80 06 00 00 AC 11 22 89 2D 39 01 A1 DD 9E 01 BB EC 6C 35 65 00 00 00 00 80 02 FA F0 FD 9A 00 00 02 04 05 B4 01 03 03 08 01 01 04 02
45 00 00 34 00 00 40 00 35 06 48 50 2D 39 01 A1 AC 11 22 89 01 BB DD 9D 90 94 68 6E 27 23 61 AD 80 12 FF FF 11 60 00 00 02 04 05 B4 01 03 03 09 04 02 00 00
45 00 00 28 63 AA 40 00 80 06 00 00 AC 11 22 89 2D 39 01 A1 DD 9D 01 BB 27 23 61 AD 90 94 68 6F 50 10 02 01 FD 8E 00 00
45 00 00 34 63 AC 40 00 80 06 00 00 AC 11 22 89 2D 39 01 A1 DD 9F 01 BB C7 EC 43 AA 00 00 00 00 80 02 FA F0 FD 9A 00 00 02 04 05 B4 01 03 03 08 01 01 04 02
45 00 00 49 FD 65 40 00 FF 11 CE 41 AC 11 22 EF E0 00 00 FB 14 E9 14 E9 00 35 FE 76 00 00 00 00 00 01 00 00 00 00 00 00 10 5F 73 70 6F 74 69 66 79 2D 63 6F 6E 6E 65 63 74 04 5F 74 63 70 05 6C 6F 63 61 6C 00 00 0C 00 01
60 0B 61 63 00 35 11 FF FE 80 00 00 00 00 00 00 50 C8 AE FF FE 48 F6 9B FF 02 00 00 00 00 00 00 00 00 00 00 00 00 00 FB 14 E9 14 E9 00 35 BB 47 00 00 00 00 00 01 00 00 00 00 00 00 10 5F 73 70 6F 74 69 66 79 2D 63 6F 6E 6E 65 63 74 04 5F 74 63 70 05 6C 6F 63 61 6C 00 00 0C 00 01
45 00 00 34 00 00 40 00 35 06 48 50 2D 39 01 A1 AC 11 22 89 01 BB DD 9E 74 F7 11 8A EC 6C 35 66 80 12 FF FF EA DD 00 00 02 04 05 B4 01 03 03 09 04 02 00 00
45 00 00 28 63 AD 40 00 80 06 00 00 AC 11 22 89 2D 39 01 A1 DD 9E 01 BB EC 6C 35 66 74 F7 11 8B 50 10 02 01 FD 8E 00 00
45 00 00 34 63 AF 40 00 80 06 00 00 AC 11 22 89 2D 39 01 A1 DD A0 01 BB 96 73 C3 C1 00 00 00 00 80 02 FA F0 FD 9A 00 00 02 04 05 B4 01 03 03 08 01 01 04 02
45 00 00 34 00 00 40 00 35 06 48 50 2D 39 01 A1 AC 11 22 89 01 BB DD 9F 7E C0 8A 80 C7 EC 43 AB 80 12 FF FF 7E 58 00 00 02 04 05 B4 01 03 03 09 04 02 00 00
45 00 00 28 63 B0 40 00 80 06 00 00 AC 11 22 89 2D 39 01 A1 DD 9F 01 BB C7 EC 43 AB 7E C0 8A 81 50 10 02 01 FD 8E 00 00
45 00 00 34 63 B2 40 00 80 06 00 00 AC 11 22 89 2D 39 01 A1 DD A1 01 BB 09 8A B1 DC 00 00 00 00 80 02 FA F0 FD 9A 00 00 02 04 05 B4 01 03 03 08 01 01 04 02
45 00 00 34 55 0D 00 00 36 06 7C 3A 8E FB 55 E7 AC 11 22 89 01 BB DD 4D 3B 42 0B AC 2B E4 E3 F8 80 10 01 32 6F 81 00 00 01 01 05 0A 2B E4 E3 F7 2B E4 E3 F8
45 00 00 34 00 00 40 00 38 06 24 A1 17 F6 37 93 AC 11 22 89 01 BB DD 98 43 5D 3E BC E6 7D 36 E8 80 12 FF FF D3 09 00 00 02 04 05 B4 01 03 03 09 04 02 00 00
45 00 00 34 00 00 40 00 35 06 48 50 2D 39 01 A1 AC 11 22 89 01 BB DD A0 DD 8C FC 23 96 73 C3 C2 80 12 FF FF 5F 49 00 00 02 04 05 B4 01 03 03 09 04 02 00 00
45 00 00 28 63 B3 40 00 80 06 00 00 AC 11 22 89 2D 39 01 A1 DD A0 01 BB 96 73 C3 C2 DD 8C FC 24 50 10 02 01 FD 8E 00 00
45 00 00 34 00 00 40 00 35 06 48 50 2D 39 01 A1 AC 11 22 89 01 BB DD A1 E1 44 A2 1F 09 8A B1 DD 80 12 FF FF 54 63 00 00 02 04 05 B4 01 03 03 09 04 02 00 00
45 00 00 28 63 B5 40 00 80 06 00 00 AC 11 22 89 2D 39 01 A1 DD A1 01 BB 09 8A B1 DD E1 44 A2 20 50 10 02 01 FD 8E 00 00
45 00 00 34 63 B7 40 00 80 06 00 00 AC 11 22 89 2D 39 01 A1 DD A2 01 BB 64 E5 FA 80 00 00 00 00 80 02 FA F0 FD 9A 00 00 02 04 05 B4 01 03 03 08 01 01 04 02
45 00 00 34 63 B8 40 00 80 06 00 00 AC 11 22 89 2D 39 01 A1 DD A3 01 BB 6C A6 D5 A5 00 00 00 00 80 02 FA F0 FD 9A 00 00 02 04 05 B4 01 03 03 08 01 01 04 02
45 00 00 34 00 00 40 00 35 06 48 50 2D 39 01 A1 AC 11 22 89 01 BB DD A3 DB E1 1B 25 6C A6 D5 A6 80 12 FF FF 59 D9 00 00 02 04 05 B4 01 03 03 09 04 02 00 00
45 00 00 28 63 B9 40 00 80 06 00 00 AC 11 22 89 2D 39 01 A1 DD A3 01 BB 6C A6 D5 A6 DB E1 1B 26 50 10 02 01 FD 8E 00 00
45 00 00 34 00 00 40 00 35 06 48 50 2D 39 01 A1 AC 11 22 89 01 BB DD A2 BE CE 52 40 64 E5 FA 81 80 12 FF FF 22 B8 00 00 02 04 05 B4 01 03 03 09 04 02 00 00
45 00 00 28 63 BB 40 00 80 06 00 00 AC 11 22 89 2D 39 01 A1 DD A2 01 BB 64 E5 FA 81 BE CE 52 41 50 10 02 01 FD 8E 00 00
45 00 00 34 63 BD 40 00 80 06 00 00 AC 11 22 89 2D 39 01 A1 DD A4 01 BB BD 49 4F 3D 00 00 00 00 80 02 FA F0 FD 9A 00 00 02 04 05 B4 01 03 03 08 01 01 04 02
45 00 00 34 63 BE 40 00 80 06 00 00 AC 11 22 89 2D 39 01 A1 DD A5 01 BB 51 BC B5 6B 00 00 00 00 80 02 FA F0 FD 9A 00 00 02 04 05 B4 01 03 03 08 01 01 04 02
45 00 00 34 00 00 40 00 35 06 48 50 2D 39 01 A1 AC 11 22 89 01 BB DD A5 28 C3 EE D6 51 BC B5 6C 80 12 FF FF 74 68 00 00 02 04 05 B4 01 03 03 09 04 02 00 00
45 00 00 28 63 BF 40 00 80 06 00 00 AC 11 22 89 2D 39 01 A1 DD A5 01 BB 51 BC B5 6C 28 C3 EE D7 50 10 02 01 FD 8E 00 00
45 00 00 34 63 C1 40 00 80 06 00 00 AC 11 22 89 2D 39 01 A1 DD A6 01 BB AF F8 21 78 00 00 00 00 80 02 FA F0 FD 9A 00 00 02 04 05 B4 01 03 03 08 01 01 04 02
45 00 00 34 00 00 40 00 35 06 48 50 2D 39 01 A1 AC 11 22 89 01 BB DD A4 C5 26 B9 3B BD 49 4F 3E 80 12 FF FF 08 42 00 00 02 04 05 B4 01 03 03 09 04 02 00 00
45 00 00 28 63 C2 40 00 80 06 00 00 AC 11 22 89 2D 39 01 A1 DD A4 01 BB BD 49 4F 3E C5 26 B9 3C 50 10 02 01 FD 8E 00 00
45 00 00 34 63 C4 40 00 80 06 00 00 AC 11 22 89 2D 39 01 A1 DD A7 01 BB EC 1E EC 85 00 00 00 00 80 02 FA F0 FD 9A 00 00 02 04 05 B4 01 03 03 08 01 01 04 02
45 00 00 34 00 00 40 00 35 06 48 50 2D 39 01 A1 AC 11 22 89 01 BB DD A6 03 42 0F FD AF F8 21 79 80 12 FF FF AE 79 00 00 02 04 05 B4 01 03 03 09 04 02 00 00
45 00 00 28 63 C5 40 00 80 06 00 00 AC 11 22 89 2D 39 01 A1 DD A6 01 BB AF F8 21 79 03 42 0F FE 50 10 02 01 FD 8E 00 00
45 00 00 34 63 C7 40 00 80 06 00 00 AC 11 22 89 2D 39 01 A1 DD A8 01 BB AC 20 EA 38 00 00 00 00 80 02 FA F0 FD 9A 00 00 02 04 05 B4 01 03 03 08 01 01 04 02
45 00 00 34 00 00 40 00 35 06 48 50 2D 39 01 A1 AC 11 22 89 01 BB DD A7 22 5F 4A DC EC 1E EC 86 80 12 FF FF 4D 48 00 00 02 04 05 B4 01 03 03 09 04 02 00 00
45 00 00 28 63 C8 40 00 80 06 00 00 AC 11 22 89 2D 39 01 A1 DD A7 01 BB EC 1E EC 86 22 5F 4A DD 50 10 02 01 FD 8E 00 00
45 00 00 34 63 CA 40 00 80 06 00 00 AC 11 22 89 2D 39 01 A1 DD A9 01 BB 0F 1B 8B 2D 00 00 00 00 80 02 FA F0 FD 9A 00 00 02 04 05 B4 01 03 03 08 01 01 04 02
45 00 00 34 00 00 40 00 36 06 7D C8 17 2F E1 32 AC 11 22 89 01 BB DD 74 05 00 0B 5B 11 B0 CC E4 80 12 FA F0 DE F4 00 00 02 04 05 B4 01 01 04 02 01 03 03 07
45 00 00 34 00 00 40 00 35 06 48 50 2D 39 01 A1 AC 11 22 89 01 BB DD A8 5C 45 FE A2 AC 20 EA 39 80 12 FF FF A1 E5 00 00 02 04 05 B4 01 03 03 09 04 02 00 00
45 00 00 28 63 CB 40 00 80 06 00 00 AC 11 22 89 2D 39 01 A1 DD A8 01 BB AC 20 EA 39 5C 45 FE A3 50 10 02 01 FD 8E 00 00
45 00 00 34 63 CD 40 00 80 06 00 00 AC 11 22 89 2D 39 01 A1 DD AA 01 BB 5C 17 37 E8 00 00 00 00 80 02 FA F0 FD 9A 00 00 02 04 05 B4 01 03 03 08 01 01 04 02
45 00 00 34 00 00 40 00 36 06 47 50 2D 39 01 A1 AC 11 22 89 01 BB DD A9 4B A7 D6 B5 0F 1B 8B 2E 80 12 FF FF D6 80 00 00 02 04 05 B4 01 03 03 09 04 02 00 00
45 00 00 28 63 CE 40 00 80 06 00 00 AC 11 22 89 2D 39 01 A1 DD A9 01 BB 0F 1B 8B 2E 4B A7 D6 B6 50 10 02 01 FD 8E 00 00
45 00 00 34 63 D0 40 00 80 06 00 00 AC 11 22 89 2D 39 01 A1 DD AB 01 BB F6 CD 18 32 00 00 00 00 80 02 FA F0 FD 9A 00 00 02 04 05 B4 01 03 03 08 01 01 04 02
45 00 00 3F 35 89 00 00 80 11 00 00 AC 11 22 89 AC 18 02 4C C1 29 00 35 00 2B 7D 3B 99 8D 01 00 00 01 00 00 00 00 00 00 03 77 77 77 09 73 70 65 65 64 74 65 73 74 03 6E 65 74 00 00 01 00 01
45 00 00 55 35 8A 00 00 80 11 00 00 AC 11 22 89 AC 18 02 4C D9 F8 00 35 00 41 7D 51 A7 F9 01 00 00 01 00 00 00 00 00 00 13 69 70 76 34 2D 63 30 37 35 2D 6C 68 72 30 30 34 2D 69 78 01 31 03 6F 63 61 09 6E 66 6C 78 76 69 64 65 6F 03 6E 65 74 00 00 01 00 01
45 00 00 28 5F A3 40 00 80 06 00 00 AC 11 22 89 14 CC F4 C0 DD 72 01 BB C8 85 D9 12 F4 C3 58 12 50 10 02 05 D8 41 00 00
45 00 00 3F 98 94 00 00 80 11 00 00 AC 11 22 89 AC 18 02 4D C1 29 00 35 00 2B 7D 3C 99 8D 01 00 00 01 00 00 00 00 00 00 03 77 77 77 09 73 70 65 65 64 74 65 73 74 03 6E 65 74 00 00 01 00 01
45 00 00 55 98 95 00 00 80 11 00 00 AC 11 22 89 AC 18 02 4D D9 F8 00 35 00 41 7D 52 A7 F9 01 00 00 01 00 00 00 00 00 00 13 69 70 76 34 2D 63 30 37 35 2D 6C 68 72 30 30 34 2D 69 78 01 31 03 6F 63 61 09 6E 66 6C 78 76 69 64 65 6F 03 6E 65 74 00 00 01 00 01
45 00 00 8E E5 81 00 00 3F 11 18 DF AC 18 02 4C AC 11 22 89 00 35 C1 29 00 7A 46 DF 99 8D 81 80 00 01 00 03 00 00 00 00 03 77 77 77 09 73 70 65 65 64 74 65 73 74 03 6E 65 74 00 00 01 00 01 C0 0C 00 05 00 01 00 00 03 03 00 23 03 77 77 77 09 73 70 65 65 64 74 65 73 74 03 6E 65 74 03 63 64 6E 0A 63 6C 6F 75 64 66 6C 61 72 65 C0 1A C0 2F 00 01 00 01 00 00 01 2C 00 04 68 12 CB E8 C0 2F 00 01 00 01 00 00 01 2C 00 04 68 12 CA E8
45 00 00 52 35 8B 00 00 80 11 00 00 AC 11 22 89 AC 18 02 4C E5 63 00 35 00 3E 7D 4E 09 9C 01 00 00 01 00 00 00 00 00 00 03 77 77 77 09 73 70 65 65 64 74 65 73 74 03 6E 65 74 03 63 64 6E 0A 63 6C 6F 75 64 66 6C 61 72 65 03 6E 65 74 00 00 01 00 01
45 00 00 72 E5 82 00 00 3F 11 18 FA AC 18 02 4C AC 11 22 89 00 35 E5 63 00 5E 19 CD 09 9C 81 80 00 01 00 02 00 00 00 00 03 77 77 77 09 73 70 65 65 64 74 65 73 74 03 6E 65 74 03 63 64 6E 0A 63 6C 6F 75 64 66 6C 61 72 65 03 6E 65 74 00 00 01 00 01 C0 0C 00 01 00 01 00 00 01 2C 00 04 68 12 CA E8 C0 0C 00 01 00 01 00 00 01 2C 00 04 68 12 CB E8
45 00 00 52 35 8C 00 00 80 11 00 00 AC 11 22 89 AC 18 02 4C E5 63 00 35 00 3E 7D 4E FB BB 01 00 00 01 00 00 00 00 00 00 03 77 77 77 09 73 70 65 65 64 74 65 73 74 03 6E 65 74 03 63 64 6E 0A 63 6C 6F 75 64 66 6C 61 72 65 03 6E 65 74 00 00 1C 00 01
45 00 00 34 13 71 40 00 80 06 00 00 AC 11 22 89 68 12 CB E8 DD AC 01 BB 30 B1 34 20 00 00 00 00 80 02 FA F0 02 BC 00 00 02 04 05 B4 01 03 03 08 01 01 04 02
45 00 00 34 00 00 40 00 35 06 48 50 2D 39 01 A1 AC 11 22 89 01 BB DD AA A1 37 79 5F 5C 17 37 E9 80 12 FF FF E4 8E 00 00 02 04 05 B4 01 03 03 09 04 02 00 00
45 00 00 34 00 00 40 00 35 06 48 50 2D 39 01 A1 AC 11 22 89 01 BB DD AB 6E 36 2E 90 F6 CD 18 33 80 12 FF FF E7 5D 00 00 02 04 05 B4 01 03 03 09 04 02 00 00
45 00 00 34 00 00 40 00 39 06 3F 2F 68 12 CB E8 AC 11 22 89 01 BB DD AC AF 41 0D 5C 30 B1 34 21 80 12 FA F0 70 D9 00 00 02 04 05 78 01 01 04 02 01 03 03 0D
45 00 00 28 13 72 40 00 80 06 00 00 AC 11 22 89 68 12 CB E8 DD AC 01 BB 30 B1 34 21 AF 41 0D 5D 50 10 02 02 02 B0 00 00
45 00 00 52 98 96 00 00 80 11 00 00 AC 11 22 89 AC 18 02 4D E5 63 00 35 00 3E 7D 4F FB BB 01 00 00 01 00 00 00 00 00 00 03 77 77 77 09 73 70 65 65 64 74 65 73 74 03 6E 65 74 03 63 64 6E 0A 63 6C 6F 75 64 66 6C 61 72 65 03 6E 65 74 00 00 1C 00 01
45 00 00 65 E5 85 00 00 3F 11 19 04 AC 18 02 4C AC 11 22 89 00 35 D9 F8 00 51 3D C6 A7 F9 81 80 00 01 00 01 00 00 00 00 13 69 70 76 34 2D 63 30 37 35 2D 6C 68 72 30 30 34 2D 69 78 01 31 03 6F 63 61 09 6E 66 6C 78 76 69 64 65 6F 03 6E 65 74 00 00 01 00 01 C0 0C 00 01 00 01 00 00 0E 10 00 04 25 4D BA 90
45 00 00 55 35 8D 00 00 80 11 00 00 AC 11 22 89 AC 18 02 4C D7 7A 00 35 00 41 7D 51 0C 6D 01 00 00 01 00 00 00 00 00 00 13 69 70 76 34 2D 63 30 37 35 2D 6C 68 72 30 30 34 2D 69 78 01 31 03 6F 63 61 09 6E 66 6C 78 76 69 64 65 6F 03 6E 65 74 00 00 01 00 01
45 00 00 65 E5 86 00 00 3F 11 19 03 AC 18 02 4C AC 11 22 89 00 35 D7 7A 00 51 DB D0 0C 6D 81 80 00 01 00 01 00 00 00 00 13 69 70 76 34 2D 63 30 37 35 2D 6C 68 72 30 30 34 2D 69 78 01 31 03 6F 63 61 09 6E 66 6C 78 76 69 64 65 6F 03 6E 65 74 00 00 01 00 01 C0 0C 00 01 00 01 00 00 0E 10 00 04 25 4D BA 90
45 00 00 55 35 8E 00 00 80 11 00 00 AC 11 22 89 AC 18 02 4C D7 7A 00 35 00 41 7D 51 EE D6 01 00 00 01 00 00 00 00 00 00 13 69 70 76 34 2D 63 30 37 35 2D 6C 68 72 30 30 34 2D 69 78 01 31 03 6F 63 61 09 6E 66 6C 78 76 69 64 65 6F 03 6E 65 74 00 00 1C 00 01
45 00 00 34 37 8E 40 00 80 06 00 00 AC 11 22 89 25 4D BA 90 DD AD 01 BB DB 09 95 13 00 00 00 00 80 02 FA F0 AE 9E 00 00 02 04 05 B4 01 03 03 08 01 01 04 02
45 00 00 34 37 8F 40 00 80 06 00 00 AC 11 22 89 25 4D BA 90 DD AE 01 BB 41 41 4D 15 00 00 00 00 80 02 FA F0 AE 9E 00 00 02 04 05 B4 01 03 03 08 01 01 04 02
45 00 00 8C E5 87 00 00 3F 11 18 DB AC 18 02 4C AC 11 22 89 00 35 E5 63 00 78 32 B6 FB BB 81 80 00 01 00 00 00 01 00 00 03 77 77 77 09 73 70 65 65 64 74 65 73 74 03 6E 65 74 03 63 64 6E 0A 63 6C 6F 75 64 66 6C 61 72 65 03 6E 65 74 00 00 1C 00 01 C0 22 00 06 00 01 00 00 04 67 00 2E 03 6E 73 31 C0 22 03 64 6E 73 0A 63 6C 6F 75 64 66 6C 61 72 65 03 63 6F 6D 00 8A 87 8A B2 00 00 27 10 00 00 09 60 00 09 3A 80 00 00 07 08
45 00 00 28 13 74 40 00 80 06 00 00 AC 11 22 89 68 12 CB E8 DD AC 01 BB 30 B1 36 BA AF 41 18 F5 50 10 02 02 02 B0 00 00
45 00 00 55 98 97 00 00 80 11 00 00 AC 11 22 89 AC 18 02 4D D7 7A 00 35 00 41 7D 52 EE D6 01 00 00 01 00 00 00 00 00 00 13 69 70 76 34 2D 63 30 37 35 2D 6C 68 72 30 30 34 2D 69 78 01 31 03 6F 63 61 09 6E 66 6C 78 76 69 64 65 6F 03 6E 65 74 00 00 1C 00 01
45 00 00 28 13 78 40 00 80 06 00 00 AC 11 22 89 68 12 CB E8 DD AC 01 BB 30 B1 3A A8 AF 41 1B 14 50 10 01 FF 02 B0 00 00
45 00 00 93 E5 8B 00 00 3F 11 18 D0 AC 18 02 4C AC 11 22 89 00 35 D7 7A 00 7F 33 AA EE D6 81 80 00 01 00 00 00 01 00 00 13 69 70 76 34 2D 63 30 37 35 2D 6C 68 72 30 30 34 2D 69 78 01 31 03 6F 63 61 09 6E 66 6C 78 76 69 64 65 6F 03 6E 65 74 00 00 1C 00 01 C0 22 00 06 00 01 00 00 07 08 00 32 04 64 6E 73 31 03 70 30 39 05 6E 73 6F 6E 65 C0 30 0A 68 6F 73 74 6D 61 73 74 65 72 C0 4E 62 F2 E8 1B 00 00 0E 10 00 00 02 58 00 09 3A 80 00 00 0E 10
45 00 00 34 00 00 40 00 35 06 97 4C 25 4D BA 90 AC 11 22 89 01 BB DD AD 95 AD A5 6A DB 09 95 14 80 12 FF FF 36 E9 00 00 02 04 05 B4 01 03 03 09 04 02 00 00
45 00 00 28 37 90 40 00 80 06 00 00 AC 11 22 89 25 4D BA 90 DD AD 01 BB DB 09 95 14 95 AD A5 6B 50 10 02 01 AE 92 00 00
45 00 00 34 37 92 40 00 80 06 00 00 AC 11 22 89 25 4D BA 90 DD AF 01 BB 3F 71 F8 99 00 00 00 00 80 02 FA F0 AE 9E 00 00 02 04 05 B4 01 03 03 08 01 01 04 02
45 00 00 34 00 00 40 00 35 06 97 4C 25 4D BA 90 AC 11 22 89 01 BB DD AE 1F 9B 2B E0 41 41 4D 16 80 12 FF FF 08 4C 00 00 02 04 05 B4 01 03 03 09 04 02 00 00
45 00 00 28 37 93 40 00 80 06 00 00 AC 11 22 89 25 4D BA 90 DD AE 01 BB 41 41 4D 16 1F 9B 2B E1 50 10 02 01 AE 92 00 00
45 00 00 34 37 95 40 00 80 06 00 00 AC 11 22 89 25 4D BA 90 DD B0 01 BB 56 AF 24 2C 00 00 00 00 80 02 FA F0 AE 9E 00 00 02 04 05 B4 01 03 03 08 01 01 04 02
45 00 00 34 00 00 40 00 35 06 97 4C 25 4D BA 90 AC 11 22 89 01 BB DD B0 F2 4C F3 0D 56 AF 24 2D 80 12 FF FF 81 E5 00 00 02 04 05 B4 01 03 03 09 04 02 00 00
45 00 00 28 37 96 40 00 80 06 00 00 AC 11 22 89 25 4D BA 90 DD B0 01 BB 56 AF 24 2D F2 4C F3 0E 50 10 02 01 AE 92 00 00
45 00 00 34 37 98 40 00 80 06 00 00 AC 11 22 89 25 4D BA 90 DD B1 01 BB 5C 57 3B 3E 00 00 00 00 80 02 FA F0 AE 9E 00 00 02 04 05 B4 01 03 03 08 01 01 04 02
45 00 00 34 00 00 40 00 35 06 97 4C 25 4D BA 90 AC 11 22 89 01 BB DD AF 2C 3D 4D D3 3F 71 F8 9A 80 12 FF FF 30 01 00 00 02 04 05 B4 01 03 03 09 04 02 00 00
45 00 00 28 37 99 40 00 80 06 00 00 AC 11 22 89 25 4D BA 90 DD AF 01 BB 3F 71 F8 9A 2C 3D 4D D4 50 10 02 01 AE 92 00 00
45 00 00 34 37 9B 40 00 80 06 00 00 AC 11 22 89 25 4D BA 90 DD B2 01 BB 53 09 6B BC 00 00 00 00 80 02 FA F0 AE 9E 00 00 02 04 05 B4 01 03 03 08 01 01 04 02
45 00 00 34 00 00 40 00 35 06 97 4C 25 4D BA 90 AC 11 22 89 01 BB DD B1 D3 2B BF 2C 5C 57 3B 3F 80 12 FF FF B8 2C 00 00 02 04 05 B4 01 03 03 09 04 02 00 00
45 00 00 28 37 9C 40 00 80 06 00 00 AC 11 22 89 25 4D BA 90 DD B1 01 BB 5C 57 3B 3F D3 2B BF 2D 50 10 02 01 AE 92 00 00
45 00 00 34 37 9E 40 00 80 06 00 00 AC 11 22 89 25 4D BA 90 DD B3 01 BB 5A 6B A8 21 00 00 00 00 80 02 FA F0 AE 9E 00 00 02 04 05 B4 01 03 03 08 01 01 04 02
45 00 00 34 00 00 40 00 35 06 97 4C 25 4D BA 90 AC 11 22 89 01 BB DD B2 44 2B E3 BB 53 09 6B BD 80 12 FF FF FB 6C 00 00 02 04 05 B4 01 03 03 09 04 02 00 00
45 00 00 28 37 9F 40 00 80 06 00 00 AC 11 22 89 25 4D BA 90 DD B2 01 BB 53 09 6B BD 44 2B E3 BC 50 10 02 01 AE 92 00 00
45 00 00 34 37 A1 40 00 80 06 00 00 AC 11 22 89 25 4D BA 90 DD B4 01 BB 88 B1 35 8B 00 00 00 00 80 02 FA F0 AE 9E 00 00 02 04 05 B4 01 03 03 08 01 01 04 02
45 00 00 34 00 00 40 00 35 06 97 4C 25 4D BA 90 AC 11 22 89 01 BB DD B3 7F 70 F8 80 5A 6B A8 22 80 12 FF FF 67 9A 00 00 02 04 05 B4 01 03 03 09 04 02 00 00
45 00 00 28 37 A2 40 00 80 06 00 00 AC 11 22 89 25 4D BA 90 DD B3 01 BB 5A 6B A8 22 7F 70 F8 81 50 10 02 01 AE 92 00 00
45 00 00 34 37 A4 40 00 80 06 00 00 AC 11 22 89 25 4D BA 90 DD B5 01 BB 16 32 06 46 00 00 00 00 80 02 FA F0 AE 9E 00 00 02 04 05 B4 01 03 03 08 01 01 04 02
45 00 00 34 00 00 40 00 35 06 97 4C 25 4D BA 90 AC 11 22 89 01 BB DD B4 5B F6 0E A4 88 B1 35 8C 80 12 FF FF B9 40 00 00 02 04 05 B4 01 03 03 09 04 02 00 00
45 00 00 28 37 A5 40 00 80 06 00 00 AC 11 22 89 25 4D BA 90 DD B4 01 BB 88 B1 35 8C 5B F6 0E A5 50 10 02 01 AE 92 00 00
45 00 00 34 37 A7 40 00 80 06 00 00 AC 11 22 89 25 4D BA 90 DD B6 01 BB BA CF E1 EB 00 00 00 00 80 02 FA F0 AE 9E 00 00 02 04 05 B4 01 03 03 08 01 01 04 02
45 00 00 34 63 D1 40 00 80 06 00 00 AC 11 22 89 2D 39 01 A1 DD B7 01 BB 0D 83 02 51 00 00 00 00 80 02 FA F0 FD 9A 00 00 02 04 05 B4 01 03 03 08 01 01 04 02
45 00 00 28 13 7A 40 00 80 06 00 00 AC 11 22 89 68 12 CB E8 DD AC 01 BB 30 B1 3A C7 AF 41 28 37 50 10 02 02 02 B0 00 00
45 00 00 28 13 7B 40 00 80 06 00 00 AC 11 22 89 68 12 CB E8 DD AC 01 BB 30 B1 3A C7 AF 41 5F A1 50 10 02 02 02 B0 00 00
45 00 00 28 13 7C 40 00 80 06 00 00 AC 11 22 89 68 12 CB E8 DD AC 01 BB 30 B1 3A C7 AF 41 82 93 50 10 02 02 02 B0 00 00
45 00 00 28 13 7D 40 00 80 06 00 00 AC 11 22 89 68 12 CB E8 DD AC 01 BB 30 B1 3A C7 AF 41 8D B6 50 10 02 02 02 B0 00 00
45 00 00 49 FE 71 40 00 FF 11 CD 35 AC 11 22 EF E0 00 00 FB 14 E9 14 E9 00 35 FE 76 00 00 00 00 00 01 00 00 00 00 00 00 10 5F 73 70 6F 74 69 66 79 2D 63 6F 6E 6E 65 63 74 04 5F 74 63 70 05 6C 6F 63 61 6C 00 00 0C 00 01
45 00 00 28 13 7E 40 00 80 06 00 00 AC 11 22 89 68 12 CB E8 DD AC 01 BB 30 B1 3A C7 AF 41 AA 3C 50 10 02 02 02 B0 00 00
60 0B 61 63 00 35 11 FF FE 80 00 00 00 00 00 00 50 C8 AE FF FE 48 F6 9B FF 02 00 00 00 00 00 00 00 00 00 00 00 00 00 FB 14 E9 14 E9 00 35 BB 47 00 00 00 00 00 01 00 00 00 00 00 00 10 5F 73 70 6F 74 69 66 79 2D 63 6F 6E 6E 65 63 74 04 5F 74 63 70 05 6C 6F 63 61 6C 00 00 0C 00 01
45 00 00 34 00 00 40 00 36 06 96 4C 25 4D BA 90 AC 11 22 89 01 BB DD B5 DD 1A 69 22 16 32 06 47 80 12 FF FF 7F 61 00 00 02 04 05 B4 01 03 03 09 04 02 00 00
45 00 00 34 00 00 40 00 35 06 97 4C 25 4D BA 90 AC 11 22 89 01 BB DD B6 53 47 3A AC BA CF E1 EC 80 12 FF FF B7 66 00 00 02 04 05 B4 01 03 03 09 04 02 00 00
45 00 00 39 35 8F 00 00 80 11 00 00 AC 11 22 89 AC 18 02 4C F0 99 00 35 00 25 7D 35 6D 4C 01 00 00 01 00 00 00 00 00 00 01 62 05 63 64 6E 73 74 03 6E 65 74 00 00 01 00 01
45 00 00 34 00 00 40 00 35 06 48 50 2D 39 01 A1 AC 11 22 89 01 BB DD AA A1 37 79 5F 5C 17 37 E9 80 12 FF FF E4 8E 00 00 02 04 05 B4 01 03 03 09 04 02 00 00
45 00 00 34 00 00 40 00 35 06 48 50 2D 39 01 A1 AC 11 22 89 01 BB DD AB 6E 36 2E 90 F6 CD 18 33 80 12 FF FF E7 5D 00 00 02 04 05 B4 01 03 03 09 04 02 00 00
45 00 00 39 98 98 00 00 80 11 00 00 AC 11 22 89 AC 18 02 4D F0 99 00 35 00 25 7D 36 6D 4C 01 00 00 01 00 00 00 00 00 00 01 62 05 63 64 6E 73 74 03 6E 65 74 00 00 01 00 01
45 00 00 34 00 00 40 00 35 06 48 50 2D 39 01 A1 AC 11 22 89 01 BB DD B7 D2 A4 38 2C 0D 83 02 52 80 12 FF FF 78 73 00 00 02 04 05 B4 01 03 03 09 04 02 00 00
45 00 00 28 13 83 40 00 80 06 00 00 AC 11 22 89 68 12 CB E8 DD AC 01 BB 30 B1 3D 8E AF 41 B0 6D 50 10 02 02 02 B0 00 00
45 00 00 28 13 84 40 00 80 06 00 00 AC 11 22 89 68 12 CB E8 DD AC 01 BB 30 B1 3D 8E AF 41 BB 90 50 10 02 02 02 B0 00 00
45 00 00 28 13 85 40 00 80 06 00 00 AC 11 22 89 68 12 CB E8 DD AC 01 BB 30 B1 3D 8E AF 41 C6 6E 50 10 02 02 02 B0 00 00
45 00 00 28 13 86 40 00 80 06 00 00 AC 11 22 89 68 12 CB E8 DD AC 01 BB 30 B1 3D 8E AF 41 D1 4C 50 10 02 02 02 B0 00 00
45 00 00 28 13 87 40 00 80 06 00 00 AC 11 22 89 68 12 CB E8 DD AC 01 BB 30 B1 3D 8E AF 41 DC B4 50 10 02 02 02 B0 00 00
45 00 00 28 13 88 40 00 80 06 00 00 AC 11 22 89 68 12 CB E8 DD AC 01 BB 30 B1 3D 8E AF 41 E8 1C 50 10 02 02 02 B0 00 00
45 00 00 28 13 89 40 00 80 06 00 00 AC 11 22 89 68 12 CB E8 DD AC 01 BB 30 B1 3D 8E AF 41 F2 34 50 10 02 02 02 B0 00 00
45 00 00 28 13 8A 40 00 80 06 00 00 AC 11 22 89 68 12 CB E8 DD AC 01 BB 30 B1 3D 8E AF 41 FD 1B 50 10 02 02 02 B0 00 00
45 00 00 28 13 8B 40 00 80 06 00 00 AC 11 22 89 68 12 CB E8 DD AC 01 BB 30 B1 3D 8E AF 42 08 83 50 10 02 02 02 B0 00 00
45 00 00 28 13 8C 40 00 80 06 00 00 AC 11 22 89 68 12 CB E8 DD AC 01 BB 30 B1 3D 8E AF 42 13 EB 50 10 02 02 02 B0 00 00
45 00 00 28 13 8D 40 00 80 06 00 00 AC 11 22 89 68 12 CB E8 DD AC 01 BB 30 B1 3D 8E AF 42 1D E3 50 10 02 02 02 B0 00 00
45 00 00 28 13 8E 40 00 80 06 00 00 AC 11 22 89 68 12 CB E8 DD AC 01 BB 30 B1 3D 8E AF 42 24 0A 50 10 02 02 02 B0 00 00
45 00 00 28 13 8F 40 00 80 06 00 00 AC 11 22 89 68 12 CB E8 DD AC 01 BB 30 B1 3D 8E AF 42 2F 3A 50 10 02 02 02 B0 00 00
45 00 00 28 13 90 40 00 80 06 00 00 AC 11 22 89 68 12 CB E8 DD AC 01 BB 30 B1 3D 8E AF 42 35 68 50 10 02 02 02 B0 00 00
45 00 00 28 13 91 40 00 80 06 00 00 AC 11 22 89 68 12 CB E8 DD AC 01 BB 30 B1 3D 8E AF 42 40 4F 50 10 02 02 02 B0 00 00
45 00 00 28 13 92 40 00 80 06 00 00 AC 11 22 89 68 12 CB E8 DD AC 01 BB 30 B1 3D 8E AF 42 72 A1 50 10 02 02 02 B0 00 00
45 00 00 28 13 93 40 00 80 06 00 00 AC 11 22 89 68 12 CB E8 DD AC 01 BB 30 B1 3D 8E AF 42 83 BD 50 10 02 02 02 B0 00 00
45 00 00 28 13 94 40 00 80 06 00 00 AC 11 22 89 68 12 CB E8 DD AC 01 BB 30 B1 3D 8E AF 42 8F 25 50 10 02 02 02 B0 00 00
45 00 00 28 13 95 40 00 80 06 00 00 AC 11 22 89 68 12 CB E8 DD AC 01 BB 30 B1 3D 8E AF 42 9A 8D 50 10 02 02 02 B0 00 00
45 00 00 28 13 96 40 00 80 06 00 00 AC 11 22 89 68 12 CB E8 DD AC 01 BB 30 B1 3D 8E AF 42 A3 F1 50 10 02 02 02 B0 00 00
45 00 00 28 13 97 40 00 80 06 00 00 AC 11 22 89 68 12 CB E8 DD AC 01 BB 30 B1 3D 8E AF 42 AF 59 50 10 02 02 02 B0 00 00
45 00 00 28 13 98 40 00 80 06 00 00 AC 11 22 89 68 12 CB E8 DD AC 01 BB 30 B1 3D 8E AF 42 BA C1 50 10 02 02 02 B0 00 00
45 00 00 28 13 99 40 00 80 06 00 00 AC 11 22 89 68 12 CB E8 DD AC 01 BB 30 B1 3D 8E AF 42 C6 29 50 10 02 02 02 B0 00 00
45 00 00 28 13 9A 40 00 80 06 00 00 AC 11 22 89 68 12 CB E8 DD AC 01 BB 30 B1 3D 8E AF 42 D1 91 50 10 02 02 02 B0 00 00
45 00 00 28 13 9B 40 00 80 06 00 00 AC 11 22 89 68 12 CB E8 DD AC 01 BB 30 B1 3D 8E AF 42 DC F9 50 10 02 02 02 B0 00 00
45 00 00 28 13 9C 40 00 80 06 00 00 AC 11 22 89 68 12 CB E8 DD AC 01 BB 30 B1 3D 8E AF 42 E8 61 50 10 02 02 02 B0 00 00
45 00 00 28 13 9D 40 00 80 06 00 00 AC 11 22 89 68 12 CB E8 DD AC 01 BB 30 B1 3D 8E AF 42 F3 C9 50 10 02 02 02 B0 00 00
45 00 00 28 13 9E 40 00 80 06 00 00 AC 11 22 89 68 12 CB E8 DD AC 01 BB 30 B1 3D 8E AF 42 FF 31 50 10 02 02 02 B0 00 00
45 00 00 28 13 9F 40 00 80 06 00 00 AC 11 22 89 68 12 CB E8 DD AC 01 BB 30 B1 3D 8E AF 43 0A 99 50 10 02 02 02 B0 00 00
45 00 00 28 13 A0 40 00 80 06 00 00 AC 11 22 89 68 12 CB E8 DD AC 01 BB 30 B1 3D 8E AF 43 16 01 50 10 02 02 02 B0 00 00
45 00 00 28 13 A1 40 00 80 06 00 00 AC 11 22 89 68 12 CB E8 DD AC 01 BB 30 B1 3D 8E AF 43 21 69 50 10 02 02 02 B0 00 00
45 00 00 28 13 A2 40 00 80 06 00 00 AC 11 22 89 68 12 CB E8 DD AC 01 BB 30 B1 3D 8E AF 43 2C D1 50 10 02 02 02 B0 00 00
45 00 00 28 13 A3 40 00 80 06 00 00 AC 11 22 89 68 12 CB E8 DD AC 01 BB 30 B1 3D 8E AF 43 38 39 50 10 02 02 02 B0 00 00
45 00 00 28 13 A4 40 00 80 06 00 00 AC 11 22 89 68 12 CB E8 DD AC 01 BB 30 B1 3D 8E AF 43 49 55 50 10 02 02 02 B0 00 00
45 00 00 28 13 A5 40 00 80 06 00 00 AC 11 22 89 68 12 CB E8 DD AC 01 BB 30 B1 3D 8E AF 43 4F 09 50 10 02 02 02 B0 00 00
45 00 00 28 13 A6 40 00 80 06 00 00 AC 11 22 89 68 12 CB E8 DD AC 01 BB 30 B1 3D 8E AF 43 5A 71 50 10 02 02 02 B0 00 00
45 00 00 28 13 A7 40 00 80 06 00 00 AC 11 22 89 68 12 CB E8 DD AC 01 BB 30 B1 3D 8E AF 43 65 D9 50 10 02 02 02 B0 00 00
45 00 00 28 13 A8 40 00 80 06 00 00 AC 11 22 89 68 12 CB E8 DD AC 01 BB 30 B1 3D 8E AF 43 71 41 50 10 02 02 02 B0 00 00
45 00 00 28 13 A9 40 00 80 06 00 00 AC 11 22 89 68 12 CB E8 DD AC 01 BB 30 B1 3D 8E AF 43 7C A9 50 10 02 02 02 B0 00 00
45 00 00 28 13 AA 40 00 80 06 00 00 AC 11 22 89 68 12 CB E8 DD AC 01 BB 30 B1 3D 8E AF 43 88 11 50 10 02 02 02 B0 00 00
45 00 00 28 13 AB 40 00 80 06 00 00 AC 11 22 89 68 12 CB E8 DD AC 01 BB 30 B1 3D 8E AF 43 93 79 50 10 02 02 02 B0 00 00
45 00 00 28 13 AC 40 00 80 06 00 00 AC 11 22 89 68 12 CB E8 DD AC 01 BB 30 B1 3D 8E AF 43 9E E1 50 10 02 02 02 B0 00 00
45 00 00 28 13 AD 40 00 80 06 00 00 AC 11 22 89 68 12 CB E8 DD AC 01 BB 30 B1 3D 8E AF 43 AC 3C 50 10 02 02 02 B0 00 00
45 00 00 28 13 AE 40 00 80 06 00 00 AC 11 22 89 68 12 CB E8 DD AC 01 BB 30 B1 3D 8E AF 43 B2 6D 50 10 02 02 02 B0 00 00
45 00 00 28 13 AF 40 00 80 06 00 00 AC 11 22 89 68 12 CB E8 DD AC 01 BB 30 B1 3D 8E AF 43 EA 1C 50 10 02 02 02 B0 00 00
45 00 00 28 13 B0 40 00 80 06 00 00 AC 11 22 89 68 12 CB E8 DD AC 01 BB 30 B1 3D 8E AF 43 FB 38 50 10 02 02 02 B0 00 00
45 00 00 28 13 B1 40 00 80 06 00 00 AC 11 22 89 68 12 CB E8 DD AC 01 BB 30 B1 3D 8E AF 44 12 08 50 10 02 02 02 B0 00 00
45 00 00 28 13 B2 40 00 80 06 00 00 AC 11 22 89 68 12 CB E8 DD AC 01 BB 30 B1 3D 8E AF 44 1D 70 50 10 02 02 02 B0 00 00
45 00 00 28 13 B3 40 00 80 06 00 00 AC 11 22 89 68 12 CB E8 DD AC 01 BB 30 B1 3D 8E AF 44 26 0A 50 10 02 02 02 B0 00 00
45 00 00 28 13 B4 40 00 80 06 00 00 AC 11 22 89 68 12 CB E8 DD AC 01 BB 30 B1 3D 8E AF 44 37 68 50 10 02 02 02 B0 00 00
45 00 00 28 13 B5 40 00 80 06 00 00 AC 11 22 89 68 12 CB E8 DD AC 01 BB 30 B1 3D 8E AF 44 4E 38 50 10 02 02 02 B0 00 00
45 00 00 28 13 B6 40 00 80 06 00 00 AC 11 22 89 68 12 CB E8 DD AC 01 BB 30 B1 3D 8E AF 44 59 A0 50 10 02 02 02 B0 00 00
45 00 00 28 13 B7 40 00 80 06 00 00 AC 11 22 89 68 12 CB E8 DD AC 01 BB 30 B1 3D 8E AF 44 6A BC 50 10 02 02 02 B0 00 00
45 00 00 28 13 B8 40 00 80 06 00 00 AC 11 22 89 68 12 CB E8 DD AC 01 BB 30 B1 3D 8E AF 44 70 70 50 10 02 02 02 B0 00 00
45 00 00 28 13 B9 40 00 80 06 00 00 AC 11 22 89 68 12 CB E8 DD AC 01 BB 30 B1 3D 8E AF 44 7A 55 50 10 02 02 02 B0 00 00
45 00 00 28 13 BA 40 00 80 06 00 00 AC 11 22 89 68 12 CB E8 DD AC 01 BB 30 B1 3D 8E AF 44 8B 71 50 10 02 02 02 B0 00 00
45 00 00 28 13 BB 40 00 80 06 00 00 AC 11 22 89 68 12 CB E8 DD AC 01 BB 30 B1 3D 8E AF 44 91 25 50 10 02 02 02 B0 00 00
45 00 00 28 13 BC 40 00 80 06 00 00 AC 11 22 89 68 12 CB E8 DD AC 01 BB 30 B1 3D 8E AF 44 9C 8D 50 10 02 02 02 B0 00 00
45 00 00 28 13 BD 40 00 80 06 00 00 AC 11 22 89 68 12 CB E8 DD AC 01 BB 30 B1 3D 8E AF 44 A7 2C 50 10 02 02 02 B0 00 00
45 00 00 28 13 BE 40 00 80 06 00 00 AC 11 22 89 68 12 CB E8 DD AC 01 BB 30 B1 3D 8E AF 44 B2 94 50 10 02 02 02 B0 00 00
45 00 00 28 13 BF 40 00 80 06 00 00 AC 11 22 89 68 12 CB E8 DD AC 01 BB 30 B1 3D 8E AF 44 BD FC 50 10 02 02 02 B0 00 00
45 00 00 28 13 C0 40 00 80 06 00 00 AC 11 22 89 68 12 CB E8 DD AC 01 BB 30 B1 3D 8E AF 44 C9 64 50 10 02 02 02 B0 00 00
45 00 00 28 13 C1 40 00 80 06 00 00 AC 11 22 89 68 12 CB E8 DD AC 01 BB 30 B1 3D 8E AF 44 D0 7C 50 10 02 02 02 B0 00 00
45 00 00 28 13 C2 40 00 80 06 00 00 AC 11 22 89 68 12 CB E8 DD AC 01 BB 30 B1 3D 8E AF 44 DB E4 50 10 02 02 02 B0 00 00
45 00 00 28 13 C3 40 00 80 06 00 00 AC 11 22 89 68 12 CB E8 DD AC 01 BB 30 B1 3D 8E AF 44 E7 4C 50 10 02 02 02 B0 00 00
45 00 00 28 13 C4 40 00 80 06 00 00 AC 11 22 89 68 12 CB E8 DD AC 01 BB 30 B1 3D 8E AF 44 F2 B4 50 10 02 02 02 B0 00 00
45 00 00 28 13 C5 40 00 80 06 00 00 AC 11 22 89 68 12 CB E8 DD AC 01 BB 30 B1 3D 8E AF 44 FE 1C 50 10 02 02 02 B0 00 00
45 00 00 28 13 C6 40 00 80 06 00 00 AC 11 22 89 68 12 CB E8 DD AC 01 BB 30 B1 3D 8E AF 45 09 84 50 10 02 02 02 B0 00 00
45 00 00 28 13 C7 40 00 80 06 00 00 AC 11 22 89 68 12 CB E8 DD AC 01 BB 30 B1 3D 8E AF 45 23 69 50 10 02 02 02 B0 00 00
45 00 00 28 13 C8 40 00 80 06 00 00 AC 11 22 89 68 12 CB E8 DD AC 01 BB 30 B1 3D 8E AF 45 29 1D 50 10 02 02 02 B0 00 00
45 00 00 28 13 C9 40 00 80 06 00 00 AC 11 22 89 68 12 CB E8 DD AC 01 BB 30 B1 3D 8E AF 45 34 85 50 10 02 02 02 B0 00 00
45 00 00 28 13 CA 40 00 80 06 00 00 AC 11 22 89 68 12 CB E8 DD AC 01 BB 30 B1 3D 8E AF 45 3F ED 50 10 02 02 02 B0 00 00
45 00 00 28 13 CB 40 00 80 06 00 00 AC 11 22 89 68 12 CB E8 DD AC 01 BB 30 B1 3D 8E AF 45 4B 55 50 10 02 02 02 B0 00 00
45 00 00 28 13 CC 40 00 80 06 00 00 AC 11 22 89 68 12 CB E8 DD AC 01 BB 30 B1 3D 8E AF 45 56 BD 50 10 02 02 02 B0 00 00
45 00 00 28 13 CD 40 00 80 06 00 00 AC 11 22 89 68 12 CB E8 DD AC 01 BB 30 B1 3D 8E AF 45 62 25 50 10 02 02 02 B0 00 00
45 00 00 28 13 CE 40 00 80 06 00 00 AC 11 22 89 68 12 CB E8 DD AC 01 BB 30 B1 3D 8E AF 45 84 5D 50 10 02 02 02 B0 00 00
45 00 00 28 13 CF 40 00 80 06 00 00 AC 11 22 89 68 12 CB E8 DD AC 01 BB 30 B1 3D 8E AF 45 8F C5 50 10 02 02 02 B0 00 00
45 00 00 28 13 D0 40 00 80 06 00 00 AC 11 22 89 68 12 CB E8 DD AC 01 BB 30 B1 3D 8E AF 45 9B 2D 50 10 02 02 02 B0 00 00
45 00 00 28 13 D1 40 00 80 06 00 00 AC 11 22 89 68 12 CB E8 DD AC 01 BB 30 B1 3D 8E AF 45 A6 95 50 10 02 02 02 B0 00 00
45 00 00 28 13 D2 40 00 80 06 00 00 AC 11 22 89 68 12 CB E8 DD AC 01 BB 30 B1 3D 8E AF 45 B4 6D 50 10 02 02 02 B0 00 00
45 00 00 28 13 D3 40 00 80 06 00 00 AC 11 22 89 68 12 CB E8 DD AC 01 BB 30 B1 3D 8E AF 45 BA 21 50 10 02 02 02 B0 00 00
45 00 00 28 13 D4 40 00 80 06 00 00 AC 11 22 89 68 12 CB E8 DD AC 01 BB 30 B1 3D 8E AF 45 C5 89 50 10 02 02 02 B0 00 00
45 00 00 28 13 D5 40 00 80 06 00 00 AC 11 22 89 68 12 CB E8 DD AC 01 BB 30 B1 3D 8E AF 45 D0 F1 50 10 02 02 02 B0 00 00
45 00 00 28 13 D6 40 00 80 06 00 00 AC 11 22 89 68 12 CB E8 DD AC 01 BB 30 B1 3D 8E AF 45 DC 59 50 10 02 02 02 B0 00 00
45 00 00 28 13 D7 40 00 80 06 00 00 AC 11 22 89 68 12 CB E8 DD AC 01 BB 30 B1 3D 8E AF 45 E3 83 50 10 02 02 02 B0 00 00
45 00 00 6F E5 DE 00 00 3F 11 18 A1 AC 18 02 4C AC 11 22 89 00 35 F0 99 00 5B B5 67 6D 4C 81 80 00 01 00 02 00 00 00 00 01 62 05 63 64 6E 73 74 03 6E 65 74 00 00 01 00 01 C0 0C 00 05 00 01 00 00 54 27 00 1A 09 64 75 61 6C 73 74 61 63 6B 02 7A 64 03 6D 61 70 06 66 61 73 74 6C 79 C0 14 C0 29 00 01 00 01 00 00 00 0C 00 04 C7 E8 FE DB
45 00 00 49 35 90 00 00 80 11 00 00 AC 11 22 89 AC 18 02 4C EC 99 00 35 00 35 7D 45 91 0C 01 00 00 01 00 00 00 00 00 00 09 64 75 61 6C 73 74 61 63 6B 02 7A 64 03 6D 61 70 06 66 61 73 74 6C 79 03 6E 65 74 00 00 01 00 01
45 00 00 59 E5 DF 00 00 3F 11 18 B6 AC 18 02 4C AC 11 22 89 00 35 EC 99 00 45 E7 63 91 0C 81 80 00 01 00 01 00 00 00 00 09 64 75 61 6C 73 74 61 63 6B 02 7A 64 03 6D 61 70 06 66 61 73 74 6C 79 03 6E 65 74 00 00 01 00 01 C0 0C 00 01 00 01 00 00 00 0C 00 04 C7 E8 FE DB
45 00 00 49 35 91 00 00 80 11 00 00 AC 11 22 89 AC 18 02 4C EC 99 00 35 00 35 7D 45 5B 5E 01 00 00 01 00 00 00 00 00 00 09 64 75 61 6C 73 74 61 63 6B 02 7A 64 03 6D 61 70 06 66 61 73 74 6C 79 03 6E 65 74 00 00 1C 00 01
45 00 00 34 E2 8A 40 00 80 06 00 00 AC 11 22 89 C7 E8 FE DB DD B8 01 BB 5C FE 06 B3 00 00 00 00 80 02 FA F0 95 85 00 00 02 04 05 B4 01 03 03 08 01 01 04 02
45 00 00 34 E2 8B 40 00 80 06 00 00 AC 11 22 89 C7 E8 FE DB DD B9 01 BB 1F 6D FF 83 00 00 00 00 80 02 FA F0 95 85 00 00 02 04 05 B4 01 03 03 08 01 01 04 02
45 00 00 49 98 99 00 00 80 11 00 00 AC 11 22 89 AC 18 02 4D EC 99 00 35 00 35 7D 46 5B 5E 01 00 00 01 00 00 00 00 00 00 09 64 75 61 6C 73 74 61 63 6B 02 7A 64 03 6D 61 70 06 66 61 73 74 6C 79 03 6E 65 74 00 00 1C 00 01
45 00 00 34 00 00 40 00 38 06 24 A1 17 F6 37 93 AC 11 22 89 01 BB DD 98 43 5D 3E BC E6 7D 36 E8 80 12 FF FF D3 09 00 00 02 04 05 B4 01 03 03 09 04 02 00 00
45 00 00 65 E5 E1 00 00 3F 11 18 A8 AC 18 02 4C AC 11 22 89 00 35 EC 99 00 51 59 31 5B 5E 81 80 00 01 00 01 00 00 00 00 09 64 75 61 6C 73 74 61 63 6B 02 7A 64 03 6D 61 70 06 66 61 73 74 6C 79 03 6E 65 74 00 00 1C 00 01 C0 0C 00 1C 00 01 00 00 00 08 00 10 2A 04 4E 42 0F D3 00 00 00 00 00 00 00 00 07 31
60 0F CF 4E 00 67 11 01 FE 80 00 00 00 00 00 00 C6 6A B2 99 C0 11 8F 1E FF 02 00 00 00 00 00 00 00 00 00 00 00 01 00 02 02 22 02 23 00 67 25 DB 01 CD 58 38 00 08 00 02 00 00 00 01 00 0E 00 01 00 01 2A 77 B8 F9 E4 A8 DF E3 57 47 00 03 00 0C 06 E4 A8 DF 00 00 00 00 00 00 00 00 00 27 00 11 00 0F 4C 41 50 54 4F 50 2D 43 41 34 47 30 36 54 4F 00 10 00 0E 00 00 01 37 00 08 4D 53 46 54 20 35 2E 30 00 06 00 08 00 11 00 17 00 18 00 27
45 00 00 34 00 00 40 00 35 06 B0 65 C7 E8 FE DB AC 11 22 89 01 BB DD B9 B4 19 14 07 1F 6D FF 84 80 12 FF FF 13 41 00 00 02 04 05 8C 01 01 04 02 01 03 03 09
45 00 00 28 E2 8C 40 00 80 06 00 00 AC 11 22 89 C7 E8 FE DB DD B9 01 BB 1F 6D FF 84 B4 19 14 08 50 10 02 03 95 79 00 00
45 00 00 34 E2 8E 40 00 80 06 00 00 AC 11 22 89 C7 E8 FE DB DD BA 01 BB 4A A8 FD A9 00 00 00 00 80 02 FA F0 95 85 00 00 02 04 05 B4 01 03 03 08 01 01 04 02
45 00 00 28 E2 8F 40 00 80 06 00 00 AC 11 22 89 C7 E8 FE DB DD B9 01 BB 1F 6E 02 17 B4 19 1F 18 50 10 02 03 95 79 00 00
45 00 00 28 E2 90 40 00 80 06 00 00 AC 11 22 89 C7 E8 FE DB DD B9 01 BB 1F 6E 02 17 B4 19 27 7C 50 10 02 03 95 79 00 00
45 00 00 34 00 00 40 00 35 06 B0 65 C7 E8 FE DB AC 11 22 89 01 BB DD BA A6 91 DF 32 4A A8 FD AA 80 12 FF FF 2C 3B 00 00 02 04 05 8C 01 01 04 02 01 03 03 09
45 00 00 28 E2 92 40 00 80 06 00 00 AC 11 22 89 C7 E8 FE DB DD BA 01 BB 4A A8 FD AA A6 91 DF 33 50 10 02 03 95 79 00 00
45 00 00 28 A1 C4 40 00 80 06 00 00 AC 11 22 89 2C EC 4A 6D DD 7C 01 BB 65 22 E0 31 5E 10 5A 3F 50 11 FA F0 46 0E 00 00
45 00 00 34 00 00 40 00 36 06 96 4C 25 4D BA 90 AC 11 22 89 01 BB DD B5 DD 1A 69 22 16 32 06 47 80 12 FF FF 7F 61 00 00 02 04 05 B4 01 03 03 09 04 02 00 00
45 00 00 34 00 00 40 00 35 06 97 4C 25 4D BA 90 AC 11 22 89 01 BB DD B6 53 47 3A AC BA CF E1 EC 80 12 FF FF B7 66 00 00 02 04 05 B4 01 03 03 09 04 02 00 00
45 00 00 28 E2 97 40 00 80 06 00 00 AC 11 22 89 C7 E8 FE DB DD BA 01 BB 4A A9 00 3D A6 91 EA 43 50 10 02 03 95 79 00 00
45 00 00 28 E2 98 40 00 80 06 00 00 AC 11 22 89 C7 E8 FE DB DD BA 01 BB 4A A9 00 3D A6 91 F2 A7 50 10 02 03 95 79 00 00
45 00 00 34 00 00 40 00 35 06 48 50 2D 39 01 A1 AC 11 22 89 01 BB DD B7 D2 A4 38 2C 0D 83 02 52 80 12 FF FF 78 73 00 00 02 04 05 B4 01 03 03 09 04 02 00 00
45 00 00 28 E2 9B 40 00 80 06 00 00 AC 11 22 89 C7 E8 FE DB DD B9 01 BB 1F 6E 04 C7 B4 19 33 C0 50 10 02 03 95 79 00 00
45 00 00 28 A1 C5 40 00 80 06 00 00 AC 11 22 89 2C EC 4A 6D DD 7C 01 BB 65 22 E0 32 5E 10 5B F9 50 14 00 00 46 0E 00 00
45 00 00 28 E2 9C 40 00 80 06 00 00 AC 11 22 89 C7 E8 FE DB DD B9 01 BB 1F 6E 04 C7 B4 19 37 F6 50 10 01 FF 95 79 00 00
60 0F CF 4E 00 67 11 01 FE 80 00 00 00 00 00 00 C6 6A B2 99 C0 11 8F 1E FF 02 00 00 00 00 00 00 00 00 00 00 00 01 00 02 02 22 02 23 00 67 25 77 01 CD 58 38 00 08 00 02 00 64 00 01 00 0E 00 01 00 01 2A 77 B8 F9 E4 A8 DF E3 57 47 00 03 00 0C 06 E4 A8 DF 00 00 00 00 00 00 00 00 00 27 00 11 00 0F 4C 41 50 54 4F 50 2D 43 41 34 47 30 36 54 4F 00 10 00 0E 00 00 01 37 00 08 4D 53 46 54 20 35 2E 30 00 06 00 08 00 11 00 17 00 18 00 27
45 00 00 28 E2 9F 40 00 80 06 00 00 AC 11 22 89 C7 E8 FE DB DD B9 01 BB 1F 6E 05 40 B4 19 43 06 50 10 02 03 95 79 00 00
45 00 00 28 E2 A0 40 00 80 06 00 00 AC 11 22 89 C7 E8 FE DB DD B9 01 BB 1F 6E 05 40 B4 19 4E 16 50 10 02 03 95 79 00 00
45 00 00 28 E2 A1 40 00 80 06 00 00 AC 11 22 89 C7 E8 FE DB DD B9 01 BB 1F 6E 05 40 B4 19 59 26 50 10 02 03 95 79 00 00
45 00 00 28 E2 A2 40 00 80 06 00 00 AC 11 22 89 C7 E8 FE DB DD B9 01 BB 1F 6E 05 40 B4 19 64 36 50 10 02 03 95 79 00 00
45 00 00 28 E2 A3 40 00 80 06 00 00 AC 11 22 89 C7 E8 FE DB DD B9 01 BB 1F 6E 05 40 B4 19 6F 46 50 10 02 03 95 79 00 00
45 00 00 28 E2 A4 40 00 80 06 00 00 AC 11 22 89 C7 E8 FE DB DD B9 01 BB 1F 6E 05 40 B4 19 7A 56 50 10 02 03 95 79 00 00
45 00 00 28 E2 A5 40 00 80 06 00 00 AC 11 22 89 C7 E8 FE DB DD B9 01 BB 1F 6E 05 40 B4 19 85 66 50 10 02 03 95 79 00 00
45 00 00 28 E2 A6 40 00 80 06 00 00 AC 11 22 89 C7 E8 FE DB DD B9 01 BB 1F 6E 05 40 B4 19 90 76 50 10 02 03 95 79 00 00
45 00 00 28 E2 A7 40 00 80 06 00 00 AC 11 22 89 C7 E8 FE DB DD B9 01 BB 1F 6E 05 40 B4 19 97 2D 50 10 02 03 95 79 00 00
45 00 00 34 E2 AC 40 00 80 06 00 00 AC 11 22 89 C7 E8 FE DB DD B9 01 BB 1F 6E 06 59 B4 19 97 2D 80 10 02 03 95 85 00 00 01 01 05 0A B4 19 97 88 B4 19 9D 10
45 00 00 34 E2 AD 40 00 80 06 00 00 AC 11 22 89 C7 E8 FE DB DD B9 01 BB 1F 6E 06 59 B4 19 97 2D 80 10 02 03 95 85 00 00 01 01 05 0A B4 19 97 88 B4 19 A2 98
45 00 00 34 E2 AE 40 00 80 06 00 00 AC 11 22 89 C7 E8 FE DB DD B9 01 BB 1F 6E 06 59 B4 19 97 2D 80 10 02 03 95 85 00 00 01 01 05 0A B4 19 97 88 B4 19 A8 20
45 00 00 34 E2 AF 40 00 80 06 00 00 AC 11 22 89 C7 E8 FE DB DD B9 01 BB 1F 6E 06 59 B4 19 97 2D 80 10 02 03 95 85 00 00 01 01 05 0A B4 19 97 88 B4 19 AD A8
45 00 00 3C E2 B0 40 00 80 06 00 00 AC 11 22 89 C7 E8 FE DB DD B9 01 BB 1F 6E 06 59 B4 19 97 2D A0 10 02 03 95 8D 00 00 01 01 05 12 B4 19 B3 30 B4 19 B8 B8 B4 19 97 88 B4 19 AD A8
60 00 00 00 00 24 00 01 FE 80 00 00 00 00 00 00 CC AA 74 22 E1 8F DE D9 FF 02 00 00 00 00 00 00 00 00 00 00 00 00 00 16 3A 00 05 02 00 00 01 00 8F 00 6F D0 00 00 00 01 03 00 00 00 FF 02 00 00 00 00 00 00 00 00 00 00 00 01 00 03
 00 00 00 00 00 00
45 00 00 3C E2 B1 40 00 80 06 00 00 AC 11 22 89 C7 E8 FE DB DD B9 01 BB 1F 6E 06 59 B4 19 97 2D A0 10 02 03 95 8D 00 00 01 01 05 12 B4 19 B3 30 B4 19 C3 C8 B4 19 97 88 B4 19 AD A8
45 00 00 3C E2 B2 40 00 80 06 00 00 AC 11 22 89 C7 E8 FE DB DD B9 01 BB 1F 6E 06 59 B4 19 97 2D A0 10 02 03 95 8D 00 00 01 01 05 12 B4 19 B3 30 B4 19 C9 50 B4 19 97 88 B4 19 AD A8
45 00 00 44 E2 B3 40 00 80 06 00 00 AC 11 22 89 C7 E8 FE DB DD B9 01 BB 1F 6E 06 59 B4 19 97 2D C0 10 02 03 95 95 00 00 01 01 05 1A B4 19 CE D8 B4 19 D9 E8 B4 19 B3 30 B4 19 C9 50 B4 19 97 88 B4 19 AD A8
45 00 00 44 E2 B4 40 00 80 06 00 00 AC 11 22 89 C7 E8 FE DB DD B9 01 BB 1F 6E 06 59 B4 19 97 2D C0 10 02 03 95 95 00 00 01 01 05 1A B4 19 CE D8 B4 19 DF 70 B4 19 B3 30 B4 19 C9 50 B4 19 97 88 B4 19 AD A8
45 00 00 44 E2 B5 40 00 80 06 00 00 AC 11 22 89 C7 E8 FE DB DD B9 01 BB 1F 6E 06 59 B4 19 97 2D C0 10 02 03 95 95 00 00 01 01 05 1A B4 19 CE D8 B4 19 E4 F8 B4 19 B3 30 B4 19 C9 50 B4 19 97 88 B4 19 AD A8
45 00 00 44 E2 B6 40 00 80 06 00 00 AC 11 22 89 C7 E8 FE DB DD B9 01 BB 1F 6E 06 59 B4 19 97 2D C0 10 02 03 95 95 00 00 01 01 05 1A B4 19 CE D8 B4 19 EA 80 B4 19 B3 30 B4 19 C9 50 B4 19 97 88 B4 19 AD A8
45 00 00 49 FF 0B 40 00 FF 11 CC 9B AC 11 22 EF E0 00 00 FB 14 E9 14 E9 00 35 FE 76 00 00 00 00 00 01 00 00 00 00 00 00 10 5F 73 70 6F 74 69 66 79 2D 63 6F 6E 6E 65 63 74 04 5F 74 63 70 05 6C 6F 63 61 6C 00 00 0C 00 01
60 0B 61 63 00 35 11 FF FE 80 00 00 00 00 00 00 50 C8 AE FF FE 48 F6 9B FF 02 00 00 00 00 00 00 00 00 00 00 00 00 00 FB 14 E9 14 E9 00 35 BB 47 00 00 00 00 00 01 00 00 00 00 00 00 10 5F 73 70 6F 74 69 66 79 2D 63 6F 6E 6E 65 63 74 04 5F 74 63 70 05 6C 6F 63 61 6C 00 00 0C 00 01
45 00 00 4C E2 B7 40 00 80 06 00 00 AC 11 22 89 C7 E8 FE DB DD B9 01 BB 1F 6E 06 59 B4 19 97 2D E0 10 02 03 95 9D 00 00 01 01 05 22 B4 19 F0 08 B4 19 F5 90 B4 19 CE D8 B4 19 EA 80 B4 19 B3 30 B4 19 C9 50 B4 19 97 88 B4 19 AD A8
45 00 00 4C E2 B8 40 00 80 06 00 00 AC 11 22 89 C7 E8 FE DB DD B9 01 BB 1F 6E 06 59 B4 19 97 2D E0 10 02 03 95 9D 00 00 01 01 05 22 B4 19 F0 08 B4 19 FB 18 B4 19 CE D8 B4 19 EA 80 B4 19 B3 30 B4 19 C9 50 B4 19 97 88 B4 19 AD A8
45 00 00 4C E2 B9 40 00 80 06 00 00 AC 11 22 89 C7 E8 FE DB DD B9 01 BB 1F 6E 06 59 B4 19 97 2D E0 10 02 03 95 9D 00 00 01 01 05 22 B4 19 F0 08 B4 1A 00 A0 B4 19 CE D8 B4 19 EA 80 B4 19 B3 30 B4 19 C9 50 B4 19 97 88 B4 19 AD A8
45 00 00 4C E2 BA 40 00 80 06 00 00 AC 11 22 89 C7 E8 FE DB DD B9 01 BB 1F 6E 06 59 B4 19 97 2D E0 10 02 03 95 9D 00 00 01 01 05 22 B4 19 F0 08 B4 1A 06 28 B4 19 CE D8 B4 19 EA 80 B4 19 B3 30 B4 19 C9 50 B4 19 97 88 B4 19 AD A8
45 00 00 4C E2 BB 40 00 80 06 00 00 AC 11 22 89 C7 E8 FE DB DD B9 01 BB 1F 6E 06 59 B4 19 97 2D E0 10 02 03 95 9D 00 00 01 01 05 22 B4 19 F0 08 B4 1A 0B B0 B4 19 CE D8 B4 19 EA 80 B4 19 B3 30 B4 19 C9 50 B4 19 97 88 B4 19 AD A8
45 00 00 4C E2 BC 40 00 80 06 00 00 AC 11 22 89 C7 E8 FE DB DD B9 01 BB 1F 6E 06 59 B4 19 97 2D E0 10 02 03 95 9D 00 00 01 01 05 22 B4 19 F0 08 B4 1A 11 38 B4 19 CE D8 B4 19 EA 80 B4 19 B3 30 B4 19 C9 50 B4 19 97 88 B4 19 AD A8
45 00 00 4C E2 BD 40 00 80 06 00 00 AC 11 22 89 C7 E8 FE DB DD B9 01 BB 1F 6E 06 59 B4 19 97 2D E0 10 02 03 95 9D 00 00 01 01 05 22 B4 1A 16 C0 B4 1A 1C 48 B4 19 F0 08 B4 1A 11 38 B4 19 CE D8 B4 19 EA 80 B4 19 B3 30 B4 19 C9 50
45 00 00 4C E2 BE 40 00 80 06 00 00 AC 11 22 89 C7 E8 FE DB DD B9 01 BB 1F 6E 06 59 B4 19 97 2D E0 10 02 03 95 9D 00 00 01 01 05 22 B4 1A 16 C0 B4 1A 21 D0 B4 19 F0 08 B4 1A 11 38 B4 19 CE D8 B4 19 EA 80 B4 19 B3 30 B4 19 C9 50
45 00 00 4C E2 BF 40 00 80 06 00 00 AC 11 22 89 C7 E8 FE DB DD B9 01 BB 1F 6E 06 59 B4 19 97 2D E0 10 02 03 95 9D 00 00 01 01 05 22 B4 1A 16 C0 B4 1A 27 58 B4 19 F0 08 B4 1A 11 38 B4 19 CE D8 B4 19 EA 80 B4 19 B3 30 B4 19 C9 50
45 00 00 4C E2 C0 40 00 80 06 00 00 AC 11 22 89 C7 E8 FE DB DD B9 01 BB 1F 6E 06 59 B4 19 97 2D E0 10 02 03 95 9D 00 00 01 01 05 22 B4 1A 16 C0 B4 1A 2C E0 B4 19 F0 08 B4 1A 11 38 B4 19 CE D8 B4 19 EA 80 B4 19 B3 30 B4 19 C9 50
45 00 00 4C E2 C1 40 00 80 06 00 00 AC 11 22 89 C7 E8 FE DB DD B9 01 BB 1F 6E 06 59 B4 19 97 2D E0 10 02 03 95 9D 00 00 01 01 05 22 B4 1A 16 C0 B4 1A 32 68 B4 19 F0 08 B4 1A 11 38 B4 19 CE D8 B4 19 EA 80 B4 19 B3 30 B4 19 C9 50
45 00 00 4C E2 C2 40 00 80 06 00 00 AC 11 22 89 C7 E8 FE DB DD B9 01 BB 1F 6E 06 59 B4 19 97 2D E0 10 02 03 95 9D 00 00 01 01 05 22 B4 1A 16 C0 B4 1A 37 F0 B4 19 F0 08 B4 1A 11 38 B4 19 CE D8 B4 19 EA 80 B4 19 B3 30 B4 19 C9 50
45 00 00 4C E2 C3 40 00 80 06 00 00 AC 11 22 89 C7 E8 FE DB DD B9 01 BB 1F 6E 06 59 B4 19 97 2D E0 10 02 03 95 9D 00 00 01 01 05 22 B4 1A 16 C0 B4 1A 3D 78 B4 19 F0 08 B4 1A 11 38 B4 19 CE D8 B4 19 EA 80 B4 19 B3 30 B4 19 C9 50
45 00 00 4C E2 C4 40 00 80 06 00 00 AC 11 22 89 C7 E8 FE DB DD B9 01 BB 1F 6E 06 59 B4 19 97 2D E0 10 02 03 95 9D 00 00 01 01 05 22 B4 1A 16 C0 B4 1A 43 00 B4 19 F0 08 B4 1A 11 38 B4 19 CE D8 B4 19 EA 80 B4 19 B3 30 B4 19 C9 50
45 00 00 4C E2 C5 40 00 80 06 00 00 AC 11 22 89 C7 E8 FE DB DD B9 01 BB 1F 6E 06 59 B4 19 97 2D E0 10 02 03 95 9D 00 00 01 01 05 22 B4 1A 16 C0 B4 1A 48 88 B4 19 F0 08 B4 1A 11 38 B4 19 CE D8 B4 19 EA 80 B4 19 B3 30 B4 19 C9 50
45 00 00 4C E2 C6 40 00 80 06 00 00 AC 11 22 89 C7 E8 FE DB DD B9 01 BB 1F 6E 06 59 B4 19 97 2D E0 10 02 03 95 9D 00 00 01 01 05 22 B4 1A 16 C0 B4 1A 53 98 B4 19 F0 08 B4 1A 11 38 B4 19 CE D8 B4 19 EA 80 B4 19 B3 30 B4 19 C9 50
45 00 00 4C E2 C7 40 00 80 06 00 00 AC 11 22 89 C7 E8 FE DB DD B9 01 BB 1F 6E 06 59 B4 19 97 2D E0 10 02 03 95 9D 00 00 01 01 05 22 B4 1A 16 C0 B4 1A 59 20 B4 19 F0 08 B4 1A 11 38 B4 19 CE D8 B4 19 EA 80 B4 19 B3 30 B4 19 C9 50
60 00 00 00 00 24 00 01 FE 80 00 00 00 00 00 00 CC AA 74 22 E1 8F DE D9 FF 02 00 00 00 00 00 00 00 00 00 00 00 00 00 16 3A 00 05 02 00 00 01 00 8F 00 6E D0 00 00 00 01 04 00 00 00 FF 02 00 00 00 00 00 00 00 00 00 00 00 01 00 03
 00 00 00 00 00 00
60 00 00 00 00 24 00 01 FE 80 00 00 00 00 00 00 CC AA 74 22 E1 8F DE D9 FF 02 00 00 00 00 00 00 00 00 00 00 00 00 00 16 3A 00 05 02 00 00 01 00 8F 00 6E D0 00 00 00 01 04 00 00 00 FF 02 00 00 00 00 00 00 00 00 00 00 00 01 00 03
 00 00 00 00 00 00
45 00 00 4E 67 4F 00 00 80 11 36 0F AC 11 22 1F AC 11 22 FF 00 89 00 89 00 3A 1B D1 B8 D9 01 10 00 01 00 00 00 00 00 00 20 45 43 45 4A 46 45 46 44 43 4E 46 41 45 4A 45 4D 45 42 45 4F 45 4A 43 41 43 41 43 41 43 41 42 4C 00 00 20 00 01
45 00 00 43 3C 70 00 00 01 11 CE 0E AC 11 22 1F E0 00 00 FB 14 E9 14 E9 00 2F 47 49 00 00 00 00 00 01 00 00 00 00 00 00 0F 4C 41 50 54 4F 50 2D 31 32 45 35 4B 55 52 35 05 6C 6F 63 61 6C 00 00 FF 00 01
60 04 52 FA 00 2F 11 01 FE 80 00 00 00 00 00 00 CC AA 74 22 E1 8F DE D9 FF 02 00 00 00 00 00 00 00 00 00 00 00 00 00 FB 14 E9 14 E9 00 2F F6 BF 00 00 00 00 00 01 00 00 00 00 00 00 0F 4C 41 50 54 4F 50 2D 31 32 45 35 4B 55 52 35 05 6C 6F 63 61 6C 00 00 FF 00 01
60 08 27 B6 00 29 11 01 FE 80 00 00 00 00 00 00 CC AA 74 22 E1 8F DE D9 FF 02 00 00 00 00 00 00 00 00 00 00 00 01 00 03 E2 2F 14 EB 00 29 C8 43 38 72 00 00 00 01 00 00 00 00 00 00 0F 4C 41 50 54 4F 50 2D 31 32 45 35 4B 55 52 35 00 00 FF 00 01
45 00 00 3D 03 D1 00 00 01 11 06 B3 AC 11 22 1F E0 00 00 FC E2 2F 14 EB 00 29 17 D5 38 72 00 00 00 01 00 00 00 00 00 00 0F 4C 41 50 54 4F 50 2D 31 32 45 35 4B 55 52 35 00 00 FF 00 01
45 00 00 43 3C 71 00 00 01 11 CE 0D AC 11 22 1F E0 00 00 FB 14 E9 14 E9 00 2F 47 49 00 00 00 00 00 01 00 00 00 00 00 00 0F 4C 41 50 54 4F 50 2D 31 32 45 35 4B 55 52 35 05 6C 6F 63 61 6C 00 00 FF 00 01
60 04 52 FA 00 2F 11 01 FE 80 00 00 00 00 00 00 CC AA 74 22 E1 8F DE D9 FF 02 00 00 00 00 00 00 00 00 00 00 00 00 00 FB 14 E9 14 E9 00 2F F6 BF 00 00 00 00 00 01 00 00 00 00 00 00 0F 4C 41 50 54 4F 50 2D 31 32 45 35 4B 55 52 35 05 6C 6F 63 61 6C 00 00 FF 00 01
45 00 00 34 88 21 40 00 35 06 28 44 C7 E8 FE DB AC 11 22 89 01 BB DD BA A6 91 F3 DB 4A A9 01 4C 80 10 01 1B 86 3A 00 00 01 01 05 0A 4A A9 00 92 4A A9 01 4C
60 04 52 FA 00 55 11 01 FE 80 00 00 00 00 00 00 CC AA 74 22 E1 8F DE D9 FF 02 00 00 00 00 00 00 00 00 00 00 00 00 00 FB 14 E9 14 E9 00 55 D1 E4 00 00 84 00 00 00 00 02 00 00 00 00 0F 4C 41 50 54 4F 50 2D 31 32 45 35 4B 55 52 35 05 6C 6F 63 61 6C 00 00 1C 00 01 00 00 00 3C 00 10 FE 80 00 00 00 00 00 00 CC AA 74 22 E1 8F DE D9 C0 0C 00 01 00 01 00 00 00 3C 00 04 AC 11 22 1F
60 04 52 FA 00 55 11 01 FE 80 00 00 00 00 00 00 CC AA 74 22 E1 8F DE D9 FF 02 00 00 00 00 00 00 00 00 00 00 00 00 00 FB 14 E9 14 E9 00 55 D1 E4 00 00 84 00 00 00 00 02 00 00 00 00 0F 4C 41 50 54 4F 50 2D 31 32 45 35 4B 55 52 35 05 6C 6F 63 61 6C 00 00 1C 00 01 00 00 00 3C 00 10 FE 80 00 00 00 00 00 00 CC AA 74 22 E1 8F DE D9 C0 0C 00 01 00 01 00 00 00 3C 00 04 AC 11 22 1F
45 00 00 69 3C 72 00 00 01 11 CD E6 AC 11 22 1F E0 00 00 FB 14 E9 14 E9 00 55 22 6E 00 00 84 00 00 00 00 02 00 00 00 00 0F 4C 41 50 54 4F 50 2D 31 32 45 35 4B 55 52 35 05 6C 6F 63 61 6C 00 00 1C 00 01 00 00 00 3C 00 10 FE 80 00 00 00 00 00 00 CC AA 74 22 E1 8F DE D9 C0 0C 00 01 00 01 00 00 00 3C 00 04 AC 11 22 1F
45 00 00 69 3C 73 00 00 01 11 CD E5 AC 11 22 1F E0 00 00 FB 14 E9 14 E9 00 55 22 6E 00 00 84 00 00 00 00 02 00 00 00 00 0F 4C 41 50 54 4F 50 2D 31 32 45 35 4B 55 52 35 05 6C 6F 63 61 6C 00 00 1C 00 01 00 00 00 3C 00 10 FE 80 00 00 00 00 00 00 CC AA 74 22 E1 8F DE D9 C0 0C 00 01 00 01 00 00 00 3C 00 04 AC 11 22 1F
60 00 00 00 00 24 00 01 FE 80 00 00 00 00 00 00 CC AA 74 22 E1 8F DE D9 FF 02 00 00 00 00 00 00 00 00 00 00 00 00 00 16 3A 00 05 02 00 00 01 00 8F 00 6F C8 00 00 00 01 03 00 00 00 FF 02 00 00 00 00 00 00 00 00 00 00 00 00 00 0C
60 00 00 00 00 24 00 01 FE 80 00 00 00 00 00 00 CC AA 74 22 E1 8F DE D9 FF 02 00 00 00 00 00 00 00 00 00 00 00 00 00 16 3A 00 05 02 00 00 01 00 8F 00 6E C8 00 00 00 01 04 00 00 00 FF 02 00 00 00 00 00 00 00 00 00 00 00 00 00 0C
45 00 00 4C E2 C8 40 00 80 06 00 00 AC 11 22 89 C7 E8 FE DB DD B9 01 BB 1F 6E 06 59 B4 19 97 2D E0 10 02 03 95 9D 00 00 01 01 05 22 B4 1A 16 C0 B4 1A 5E A8 B4 19 F0 08 B4 1A 11 38 B4 19 CE D8 B4 19 EA 80 B4 19 B3 30 B4 19 C9 50
45 00 00 4C E2 C9 40 00 80 06 00 00 AC 11 22 89 C7 E8 FE DB DD B9 01 BB 1F 6E 06 59 B4 19 97 2D E0 10 02 03 95 9D 00 00 01 01 05 22 B4 1A 16 C0 B4 1A 64 30 B4 19 F0 08 B4 1A 11 38 B4 19 CE D8 B4 19 EA 80 B4 19 B3 30 B4 19 C9 50
45 00 00 4C E2 CA 40 00 80 06 00 00 AC 11 22 89 C7 E8 FE DB DD B9 01 BB 1F 6E 06 59 B4 19 AD A8 E0 10 02 03 95 9D 00 00 01 01 05 22 B4 1A 16 C0 B4 1A 64 30 B4 19 F0 08 B4 1A 11 38 B4 19 CE D8 B4 19 EA 80 B4 19 B3 30 B4 19 C9 50
45 00 00 4C E2 CB 40 00 80 06 00 00 AC 11 22 89 C7 E8 FE DB DD B9 01 BB 1F 6E 06 59 B4 19 AD A8 E0 10 02 03 95 9D 00 00 01 01 05 22 B4 1A 16 C0 B4 1A 69 B8 B4 19 F0 08 B4 1A 11 38 B4 19 CE D8 B4 19 EA 80 B4 19 B3 30 B4 19 C9 50
45 00 00 44 E2 CC 40 00 80 06 00 00 AC 11 22 89 C7 E8 FE DB DD B9 01 BB 1F 6E 06 59 B4 19 C9 50 C0 10 02 03 95 95 00 00 01 01 05 1A B4 1A 16 C0 B4 1A 69 B8 B4 19 F0 08 B4 1A 11 38 B4 19 CE D8 B4 19 EA 80
45 00 00 4C E2 CD 40 00 80 06 00 00 AC 11 22 89 C7 E8 FE DB DD B9 01 BB 1F 6E 06 59 B4 19 C9 50 E0 10 02 03 95 9D 00 00 01 01 05 22 B4 1A 6F 40 B4 1A 74 C8 B4 1A 16 C0 B4 1A 69 B8 B4 19 F0 08 B4 1A 11 38 B4 19 CE D8 B4 19 EA 80
45 00 00 44 E2 CE 40 00 80 06 00 00 AC 11 22 89 C7 E8 FE DB DD B9 01 BB 1F 6E 06 59 B4 19 EA 80 C0 10 02 03 95 95 00 00 01 01 05 1A B4 1A 6F 40 B4 1A 74 C8 B4 1A 16 C0 B4 1A 69 B8 B4 19 F0 08 B4 1A 11 38
45 00 00 44 E2 CF 40 00 80 06 00 00 AC 11 22 89 C7 E8 FE DB DD B9 01 BB 1F 6E 06 59 B4 19 EA 80 C0 10 02 03 95 95 00 00 01 01 05 1A B4 1A 6F 40 B4 1A 7A 50 B4 1A 16 C0 B4 1A 69 B8 B4 19 F0 08 B4 1A 11 38
45 00 00 28 E2 D1 40 00 80 06 00 00 AC 11 22 89 C7 E8 FE DB DD BA 01 BB 4A A9 01 63 A6 91 F3 DB 50 11 02 02 95 79 00 00
45 00 00 44 E2 D2 40 00 80 06 00 00 AC 11 22 89 C7 E8 FE DB DD B9 01 BB 1F 6E 06 59 B4 19 EA 80 C0 10 02 03 95 95 00 00 01 01 05 1A B4 1A 6F 40 B4 1A 7F D8 B4 1A 16 C0 B4 1A 69 B8 B4 19 F0 08 B4 1A 11 38
45 00 00 44 E2 D3 40 00 80 06 00 00 AC 11 22 89 C7 E8 FE DB DD B9 01 BB 1F 6E 06 59 B4 19 EA 80 C0 10 02 03 95 95 00 00 01 01 05 1A B4 1A 6F 40 B4 1A 85 60 B4 1A 16 C0 B4 1A 69 B8 B4 19 F0 08 B4 1A 11 38
45 00 00 44 E2 D4 40 00 80 06 00 00 AC 11 22 89 C7 E8 FE DB DD B9 01 BB 1F 6E 06 59 B4 19 EA 80 C0 10 02 03 95 95 00 00 01 01 05 1A B4 1A 6F 40 B4 1A 8A E8 B4 1A 16 C0 B4 1A 69 B8 B4 19 F0 08 B4 1A 11 38
45 00 00 44 E2 D5 40 00 80 06 00 00 AC 11 22 89 C7 E8 FE DB DD B9 01 BB 1F 6E 06 59 B4 19 EA 80 C0 10 02 03 95 95 00 00 01 01 05 1A B4 1A 6F 40 B4 1A 90 70 B4 1A 16 C0 B4 1A 69 B8 B4 19 F0 08 B4 1A 11 38
45 00 00 44 E2 D6 40 00 80 06 00 00 AC 11 22 89 C7 E8 FE DB DD B9 01 BB 1F 6E 06 59 B4 19 EA 80 C0 10 02 03 95 95 00 00 01 01 05 1A B4 1A 6F 40 B4 1A 95 F8 B4 1A 16 C0 B4 1A 69 B8 B4 19 F0 08 B4 1A 11 38
45 00 00 44 E2 D7 40 00 80 06 00 00 AC 11 22 89 C7 E8 FE DB DD B9 01 BB 1F 6E 06 59 B4 19 EA 80 C0 10 02 03 95 95 00 00 01 01 05 1A B4 1A 6F 40 B4 1A 9B 80 B4 1A 16 C0 B4 1A 69 B8 B4 19 F0 08 B4 1A 11 38
45 00 00 44 E2 D8 40 00 80 06 00 00 AC 11 22 89 C7 E8 FE DB DD B9 01 BB 1F 6E 06 59 B4 19 EA 80 C0 10 02 03 95 95 00 00 01 01 05 1A B4 1A 6F 40 B4 1A A1 08 B4 1A 16 C0 B4 1A 69 B8 B4 19 F0 08 B4 1A 11 38
45 00 00 44 E2 D9 40 00 80 06 00 00 AC 11 22 89 C7 E8 FE DB DD B9 01 BB 1F 6E 06 59 B4 19 EA 80 C0 10 02 03 95 95 00 00 01 01 05 1A B4 1A 6F 40 B4 1A A6 90 B4 1A 16 C0 B4 1A 69 B8 B4 19 F0 08 B4 1A 11 38
45 00 00 44 E2 DA 40 00 80 06 00 00 AC 11 22 89 C7 E8 FE DB DD B9 01 BB 1F 6E 06 59 B4 19 EA 80 C0 10 02 03 95 95 00 00 01 01 05 1A B4 1A 6F 40 B4 1A AC 18 B4 1A 16 C0 B4 1A 69 B8 B4 19 F0 08 B4 1A 11 38
45 00 00 44 E2 DB 40 00 80 06 00 00 AC 11 22 89 C7 E8 FE DB DD B9 01 BB 1F 6E 06 59 B4 19 EA 80 C0 10 02 03 95 95 00 00 01 01 05 1A B4 1A 6F 40 B4 1A B1 A0 B4 1A 16 C0 B4 1A 69 B8 B4 19 F0 08 B4 1A 11 38
45 00 00 34 00 00 40 00 35 06 48 50 2D 39 01 A1 AC 11 22 89 01 BB DD AA A1 37 79 5F 5C 17 37 E9 80 12 FF FF E4 8E 00 00 02 04 05 B4 01 03 03 09 04 02 00 00
45 00 00 44 E2 DC 40 00 80 06 00 00 AC 11 22 89 C7 E8 FE DB DD B9 01 BB 1F 6E 06 59 B4 19 EA 80 C0 10 02 03 95 95 00 00 01 01 05 1A B4 1A 6F 40 B4 1A B2 C2 B4 1A 16 C0 B4 1A 69 B8 B4 19 F0 08 B4 1A 11 38
45 00 00 4C E2 DD 40 00 80 06 00 00 AC 11 22 89 C7 E8 FE DB DD B9 01 BB 1F 6E 06 59 B4 19 EA 80 E0 10 02 03 95 9D 00 00 01 01 05 22 B4 1A B8 4A B4 1A BD D2 B4 1A 6F 40 B4 1A B2 C2 B4 1A 16 C0 B4 1A 69 B8 B4 19 F0 08 B4 1A 11 38
45 00 00 34 00 00 40 00 35 06 48 50 2D 39 01 A1 AC 11 22 89 01 BB DD AB 6E 36 2E 90 F6 CD 18 33 80 12 FF FF E7 5D 00 00 02 04 05 B4 01 03 03 09 04 02 00 00
45 00 00 4C E2 DE 40 00 80 06 00 00 AC 11 22 89 C7 E8 FE DB DD B9 01 BB 1F 6E 06 59 B4 19 EA 80 E0 10 02 03 95 9D 00 00 01 01 05 22 B4 1A B8 4A B4 1A C3 5A B4 1A 6F 40 B4 1A B2 C2 B4 1A 16 C0 B4 1A 69 B8 B4 19 F0 08 B4 1A 11 38
45 00 00 4C E2 DF 40 00 80 06 00 00 AC 11 22 89 C7 E8 FE DB DD B9 01 BB 1F 6E 06 59 B4 19 EA 80 E0 10 02 03 95 9D 00 00 01 01 05 22 B4 1A C8 E2 B4 1A D3 F2 B4 1A B8 4A B4 1A C3 5A B4 1A 6F 40 B4 1A B2 C2 B4 1A 16 C0 B4 1A 69 B8
45 00 00 4C E2 E0 40 00 80 06 00 00 AC 11 22 89 C7 E8 FE DB DD B9 01 BB 1F 6E 06 59 B4 19 EA 80 E0 10 02 03 95 9D 00 00 01 01 05 22 B4 1A C8 E2 B4 1A D9 7A B4 1A B8 4A B4 1A C3 5A B4 1A 6F 40 B4 1A B2 C2 B4 1A 16 C0 B4 1A 69 B8
45 00 00 4C E2 E1 40 00 80 06 00 00 AC 11 22 89 C7 E8 FE DB DD B9 01 BB 1F 6E 06 59 B4 19 EA 80 E0 10 02 03 95 9D 00 00 01 01 05 22 B4 1A 16 C0 B4 1A B2 C2 B4 1A C8 E2 B4 1A D9 7A B4 1A B8 4A B4 1A C3 5A B4 19 F0 08 B4 1A 11 38
45 00 00 4C E2 E2 40 00 80 06 00 00 AC 11 22 89 C7 E8 FE DB DD B9 01 BB 1F 6E 06 59 B4 19 EA 80 E0 10 02 03 95 9D 00 00 01 01 05 22 B4 1A DF 02 B4 1A E4 8A B4 1A 16 C0 B4 1A B2 C2 B4 1A C8 E2 B4 1A D9 7A B4 1A B8 4A B4 1A C3 5A
45 00 00 4C E2 E3 40 00 80 06 00 00 AC 11 22 89 C7 E8 FE DB DD B9 01 BB 1F 6E 06 59 B4 19 EA 80 E0 10 02 03 95 9D 00 00 01 01 05 22 B4 1A DF 02 B4 1A EA 12 B4 1A 16 C0 B4 1A B2 C2 B4 1A C8 E2 B4 1A D9 7A B4 1A B8 4A B4 1A C3 5A
45 00 00 4C E2 E4 40 00 80 06 00 00 AC 11 22 89 C7 E8 FE DB DD B9 01 BB 1F 6E 06 59 B4 19 EA 80 E0 10 02 03 95 9D 00 00 01 01 05 22 B4 1A DF 02 B4 1A EF 9A B4 1A 16 C0 B4 1A B2 C2 B4 1A C8 E2 B4 1A D9 7A B4 1A B8 4A B4 1A C3 5A
45 00 00 4C E2 E5 40 00 80 06 00 00 AC 11 22 89 C7 E8 FE DB DD B9 01 BB 1F 6E 06 59 B4 19 EA 80 E0 10 02 03 95 9D 00 00 01 01 05 22 B4 1A DF 02 B4 1A F5 22 B4 1A 16 C0 B4 1A B2 C2 B4 1A C8 E2 B4 1A D9 7A B4 1A B8 4A B4 1A C3 5A
45 00 00 4C E2 E6 40 00 80 06 00 00 AC 11 22 89 C7 E8 FE DB DD B9 01 BB 1F 6E 06 59 B4 1A 11 38 E0 10 02 03 95 9D 00 00 01 01 05 22 B4 1A DF 02 B4 1A F5 22 B4 1A 16 C0 B4 1A B2 C2 B4 1A C8 E2 B4 1A D9 7A B4 1A B8 4A B4 1A C3 5A
45 00 00 4C E2 E7 40 00 80 06 00 00 AC 11 22 89 C7 E8 FE DB DD B9 01 BB 1F 6E 06 59 B4 1A 11 38 E0 10 02 03 95 9D 00 00 01 01 05 22 B4 1A DF 02 B4 1A FA AA B4 1A 16 C0 B4 1A B2 C2 B4 1A C8 E2 B4 1A D9 7A B4 1A B8 4A B4 1A C3 5A
45 00 00 28 E2 E8 40 00 80 06 00 00 AC 11 22 89 C7 E8 FE DB DD BA 01 BB 4A A9 01 64 A6 91 F3 F2 50 14 00 00 95 79 00 00
45 00 00 4C E2 E9 40 00 80 06 00 00 AC 11 22 89 C7 E8 FE DB DD B9 01 BB 1F 6E 06 59 B4 1A 11 38 E0 10 02 03 95 9D 00 00 01 01 05 22 B4 1B 00 32 B4 1B 05 BA B4 1A DF 02 B4 1A FA AA B4 1A 16 C0 B4 1A B2 C2 B4 1A C8 E2 B4 1A D9 7A
45 00 00 4C E2 EA 40 00 80 06 00 00 AC 11 22 89 C7 E8 FE DB DD B9 01 BB 1F 6E 06 59 B4 1A B2 C2 E0 10 02 03 95 9D 00 00 01 01 05 22 B4 1B 00 32 B4 1B 05 BA B4 1A DF 02 B4 1A FA AA B4 1A C8 E2 B4 1A D9 7A B4 1A B8 4A B4 1A C3 5A
45 00 00 4C E2 EB 40 00 80 06 00 00 AC 11 22 89 C7 E8 FE DB DD B9 01 BB 1F 6E 06 59 B4 1A B2 C2 E0 10 02 03 95 9D 00 00 01 01 05 22 B4 1B 00 32 B4 1B 0B 42 B4 1A DF 02 B4 1A FA AA B4 1A C8 E2 B4 1A D9 7A B4 1A B8 4A B4 1A C3 5A
45 00 00 4C E2 EC 40 00 80 06 00 00 AC 11 22 89 C7 E8 FE DB DD B9 01 BB 1F 6E 06 59 B4 1A B2 C2 E0 10 02 03 95 9D 00 00 01 01 05 22 B4 1B 10 CA B4 1B 16 52 B4 1B 00 32 B4 1B 0B 42 B4 1A DF 02 B4 1A FA AA B4 1A C8 E2 B4 1A D9 7A
45 00 00 4C E2 ED 40 00 80 06 00 00 AC 11 22 89 C7 E8 FE DB DD B9 01 BB 1F 6E 06 59 B4 1A B2 C2 E0 10 02 03 95 9D 00 00 01 01 05 22 B4 1B 10 CA B4 1B 1B DA B4 1B 00 32 B4 1B 0B 42 B4 1A DF 02 B4 1A FA AA B4 1A C8 E2 B4 1A D9 7A
45 00 00 4C E2 EE 40 00 80 06 00 00 AC 11 22 89 C7 E8 FE DB DD B9 01 BB 1F 6E 06 59 B4 1A B2 C2 E0 10 02 03 95 9D 00 00 01 01 05 22 B4 1B 10 CA B4 1B 21 62 B4 1B 00 32 B4 1B 0B 42 B4 1A DF 02 B4 1A FA AA B4 1A C8 E2 B4 1A D9 7A
45 00 00 4C E2 EF 40 00 80 06 00 00 AC 11 22 89 C7 E8 FE DB DD B9 01 BB 1F 6E 06 59 B4 1A B2 C2 E0 10 02 03 95 9D 00 00 01 01 05 22 B4 1B 10 CA B4 1B 26 EA B4 1B 00 32 B4 1B 0B 42 B4 1A DF 02 B4 1A FA AA B4 1A C8 E2 B4 1A D9 7A
45 00 00 4C E2 F0 40 00 80 06 00 00 AC 11 22 89 C7 E8 FE DB DD B9 01 BB 1F 6E 06 59 B4 1A B2 C2 E0 10 02 03 95 9D 00 00 01 01 05 22 B4 1B 10 CA B4 1B 2C 72 B4 1B 00 32 B4 1B 0B 42 B4 1A DF 02 B4 1A FA AA B4 1A C8 E2 B4 1A D9 7A
45 00 00 4C E2 F1 40 00 80 06 00 00 AC 11 22 89 C7 E8 FE DB DD B9 01 BB 1F 6E 06 59 B4 1A C3 5A E0 10 02 03 95 9D 00 00 01 01 05 22 B4 1B 10 CA B4 1B 2C 72 B4 1B 00 32 B4 1B 0B 42 B4 1A DF 02 B4 1A FA AA B4 1A C8 E2 B4 1A D9 7A
60 00 00 00 00 24 00 01 FE 80 00 00 00 00 00 00 CC AA 74 22 E1 8F DE D9 FF 02 00 00 00 00 00 00 00 00 00 00 00 00 00 16 3A 00 05 02 00 00 01 00 8F 00 6E C8 00 00 00 01 04 00 00 00 FF 02 00 00 00 00 00 00 00 00 00 00 00 00 00 0C
45 00 00 44 E2 F2 40 00 80 06 00 00 AC 11 22 89 C7 E8 FE DB DD B9 01 BB 1F 6E 06 59 B4 1A C3 5A C0 10 02 03 95 95 00 00 01 01 05 1A B4 1A C8 E2 B4 1A FA AA B4 1B 10 CA B4 1B 2C 72 B4 1B 00 32 B4 1B 0B 42
45 00 00 4C E2 F3 40 00 80 06 00 00 AC 11 22 89 C7 E8 FE DB DD B9 01 BB 1F 6E 06 59 B4 1A C3 5A E0 10 02 03 95 9D 00 00 01 01 05 22 B4 1B 31 FA B4 1B 37 82 B4 1A C8 E2 B4 1A FA AA B4 1B 10 CA B4 1B 2C 72 B4 1B 00 32 B4 1B 0B 42
45 00 00 4C E2 F4 40 00 80 06 00 00 AC 11 22 89 C7 E8 FE DB DD B9 01 BB 1F 6E 06 59 B4 1A C3 5A E0 10 02 03 95 9D 00 00 01 01 05 22 B4 1B 31 FA B4 1B 42 92 B4 1A C8 E2 B4 1A FA AA B4 1B 10 CA B4 1B 2C 72 B4 1B 00 32 B4 1B 0B 42
45 00 00 4C E2 F5 40 00 80 06 00 00 AC 11 22 89 C7 E8 FE DB DD B9 01 BB 1F 6E 06 59 B4 1A C3 5A E0 10 02 03 95 9D 00 00 01 01 05 22 B4 1B 31 FA B4 1B 4D A2 B4 1A C8 E2 B4 1A FA AA B4 1B 10 CA B4 1B 2C 72 B4 1B 00 32 B4 1B 0B 42
45 00 00 4C E2 F6 40 00 80 06 00 00 AC 11 22 89 C7 E8 FE DB DD B9 01 BB 1F 6E 06 59 B4 1A C3 5A E0 10 02 03 95 9D 00 00 01 01 05 22 B4 1B 31 FA B4 1B 58 B2 B4 1A C8 E2 B4 1A FA AA B4 1B 10 CA B4 1B 2C 72 B4 1B 00 32 B4 1B 0B 42
45 00 00 44 E2 F7 40 00 80 06 00 00 AC 11 22 89 C7 E8 FE DB DD B9 01 BB 1F 6E 06 59 B4 1A C3 5A C0 10 02 03 95 95 00 00 01 01 05 1A B4 1A C8 E2 B4 1B 0B 42 B4 1B 31 FA B4 1B 58 B2 B4 1B 10 CA B4 1B 2C 72
45 00 00 44 E2 F8 40 00 80 06 00 00 AC 11 22 89 C7 E8 FE DB DD B9 01 BB 1F 6E 06 59 B4 1A C3 5A C0 10 02 03 95 95 00 00 01 01 05 1A B4 1B 31 FA B4 1B 5E 3A B4 1A C8 E2 B4 1B 0B 42 B4 1B 10 CA B4 1B 2C 72
45 00 00 44 E2 F9 40 00 80 06 00 00 AC 11 22 89 C7 E8 FE DB DD B9 01 BB 1F 6E 06 59 B4 1A C3 5A C0 10 02 03 95 95 00 00 01 01 05 1A B4 1B 31 FA B4 1B 63 C2 B4 1A C8 E2 B4 1B 0B 42 B4 1B 10 CA B4 1B 2C 72
45 00 00 3C E2 FA 40 00 80 06 00 00 AC 11 22 89 C7 E8 FE DB DD B9 01 BB 1F 6E 06 59 B4 1A C3 5A A0 10 02 03 95 8D 00 00 01 01 05 12 B4 1A C8 E2 B4 1B 2C 72 B4 1B 31 FA B4 1B 63 C2
45 00 00 3C E2 FB 40 00 80 06 00 00 AC 11 22 89 C7 E8 FE DB DD B9 01 BB 1F 6E 06 59 B4 1A C3 5A A0 10 02 03 95 8D 00 00 01 01 05 12 B4 1B 31 FA B4 1B 69 4A B4 1A C8 E2 B4 1B 2C 72
45 00 00 3C E2 FC 40 00 80 06 00 00 AC 11 22 89 C7 E8 FE DB DD B9 01 BB 1F 6E 06 59 B4 1A C3 5A A0 10 02 03 95 8D 00 00 01 01 05 12 B4 1B 31 FA B4 1B 6E D2 B4 1A C8 E2 B4 1B 2C 72
45 00 00 3C E2 FD 40 00 80 06 00 00 AC 11 22 89 C7 E8 FE DB DD B9 01 BB 1F 6E 06 59 B4 1A C3 5A A0 10 02 03 95 8D 00 00 01 01 05 12 B4 1B 31 FA B4 1B 74 5A B4 1A C8 E2 B4 1B 2C 72
45 00 00 4E 67 50 00 00 80 11 36 0E AC 11 22 1F AC 11 22 FF 00 89 00 89 00 3A 1B D1 B8 D9 01 10 00 01 00 00 00 00 00 00 20 45 43 45 4A 46 45 46 44 43 4E 46 41 45 4A 45 4D 45 42 45 4F 45 4A 43 41 43 41 43 41 43 41 42 4C 00 00 20 00 01
45 00 00 34 E2 FE 40 00 80 06 00 00 AC 11 22 89 C7 E8 FE DB DD B9 01 BB 1F 6E 06 59 B4 1B 2C 72 80 10 02 03 95 85 00 00 01 01 05 0A B4 1B 31 FA B4 1B 74 5A
45 00 00 34 E2 FF 40 00 80 06 00 00 AC 11 22 89 C7 E8 FE DB DD B9 01 BB 1F 6E 06 59 B4 1B 2C 72 80 10 02 03 95 85 00 00 01 01 05 0A B4 1B 31 FA B4 1B 79 E2
45 00 00 28 E3 00 40 00 80 06 00 00 AC 11 22 89 C7 E8 FE DB DD B9 01 BB 1F 6E 06 59 B4 1B 79 E2 50 10 02 03 95 79 00 00
45 00 00 28 E3 01 40 00 80 06 00 00 AC 11 22 89 C7 E8 FE DB DD B9 01 BB 1F 6E 06 59 B4 1B 84 F2 50 10 02 03 95 79 00 00
45 00 00 28 E3 02 40 00 80 06 00 00 AC 11 22 89 C7 E8 FE DB DD B9 01 BB 1F 6E 06 59 B4 1B 90 02 50 10 02 03 95 79 00 00
45 00 00 34 E3 03 40 00 80 06 00 00 AC 11 22 89 C7 E8 FE DB DD B9 01 BB 1F 6E 06 59 B4 1B 95 8A 80 10 01 FE 95 85 00 00 01 01 05 0A B4 1B 9B 12 B4 1B A0 9A
45 00 00 34 E3 04 40 00 80 06 00 00 AC 11 22 89 C7 E8 FE DB DD B9 01 BB 1F 6E 06 59 B4 1B 95 8A 80 10 01 FE 95 85 00 00 01 01 05 0A B4 1B 9B 12 B4 1B A6 22
45 00 00 34 E3 05 40 00 80 06 00 00 AC 11 22 89 C7 E8 FE DB DD B9 01 BB 1F 6E 06 59 B4 1B 95 8A 80 10 01 FE 95 85 00 00 01 01 05 0A B4 1B 9B 12 B4 1B AB AA
45 00 00 3C E3 06 40 00 80 06 00 00 AC 11 22 89 C7 E8 FE DB DD B9 01 BB 1F 6E 06 59 B4 1B 95 8A A0 10 01 FE 95 8D 00 00 01 01 05 12 B4 1B B6 BA B4 1B B7 8A B4 1B 9B 12 B4 1B AB AA
45 00 00 3C E3 07 40 00 80 06 00 00 AC 11 22 89 C7 E8 FE DB DD B9 01 BB 1F 6E 06 59 B4 1B 95 8A A0 10 01 FE 95 8D 00 00 01 01 05 12 B4 1B B6 BA B4 1B BD 12 B4 1B 9B 12 B4 1B AB AA
45 00 00 3C E3 08 40 00 80 06 00 00 AC 11 22 89 C7 E8 FE DB DD B9 01 BB 1F 6E 06 59 B4 1B 95 8A A0 10 01 FE 95 8D 00 00 01 01 05 12 B4 1B B6 BA B4 1B C2 9A B4 1B 9B 12 B4 1B AB AA
60 00 00 00 00 24 00 01 FE 80 00 00 00 00 00 00 CC AA 74 22 E1 8F DE D9 FF 02 00 00 00 00 00 00 00 00 00 00 00 00 00 16 3A 00 05 02 00 00 01 00 8F 00 6F D0 00 00 00 01 03 00 00 00 FF 02 00 00 00 00 00 00 00 00 00 00 00 01 00 03
 00 00 00 00 00 00
60 00 00 00 00 24 00 01 FE 80 00 00 00 00 00 00 CC AA 74 22 E1 8F DE D9 FF 02 00 00 00 00 00 00 00 00 00 00 00 00 00 16 3A 00 05 02 00 00 01 00 8F 00 6E D0 00 00 00 01 04 00 00 00 FF 02 00 00 00 00 00 00 00 00 00 00 00 01 00 03
 00 00 00 00 00 00
45 00 00 43 3C 74 00 00 01 11 CE 0A AC 11 22 1F E0 00 00 FB 14 E9 14 E9 00 2F 47 49 00 00 00 00 00 01 00 00 00 00 00 00 0F 4C 41 50 54 4F 50 2D 31 32 45 35 4B 55 52 35 05 6C 6F 63 61 6C 00 00 FF 00 01
60 05 8D 10 00 2F 11 01 FE 80 00 00 00 00 00 00 CC AA 74 22 E1 8F DE D9 FF 02 00 00 00 00 00 00 00 00 00 00 00 00 00 FB 14 E9 14 E9 00 2F F6 BF 00 00 00 00 00 01 00 00 00 00 00 00 0F 4C 41 50 54 4F 50 2D 31 32 45 35 4B 55 52 35 05 6C 6F 63 61 6C 00 00 FF 00 01
45 00 00 69 3C 75 00 00 01 11 CD E3 AC 11 22 1F E0 00 00 FB 14 E9 14 E9 00 55 22 6E 00 00 84 00 00 00 00 02 00 00 00 00 0F 4C 41 50 54 4F 50 2D 31 32 45 35 4B 55 52 35 05 6C 6F 63 61 6C 00 00 1C 00 01 00 00 00 3C 00 10 FE 80 00 00 00 00 00 00 CC AA 74 22 E1 8F DE D9 C0 0C 00 01 00 01 00 00 00 3C 00 04 AC 11 22 1F
60 05 8D 10 00 55 11 01 FE 80 00 00 00 00 00 00 CC AA 74 22 E1 8F DE D9 FF 02 00 00 00 00 00 00 00 00 00 00 00 00 00 FB 14 E9 14 E9 00 55 D1 E4 00 00 84 00 00 00 00 02 00 00 00 00 0F 4C 41 50 54 4F 50 2D 31 32 45 35 4B 55 52 35 05 6C 6F 63 61 6C 00 00 1C 00 01 00 00 00 3C 00 10 FE 80 00 00 00 00 00 00 CC AA 74 22 E1 8F DE D9 C0 0C 00 01 00 01 00 00 00 3C 00 04 AC 11 22 1F
60 09 61 9D 00 29 11 01 FE 80 00 00 00 00 00 00 CC AA 74 22 E1 8F DE D9 FF 02 00 00 00 00 00 00 00 00 00 00 00 01 00 03 DD 25 14 EB 00 29 8E 42 77 7D 00 00 00 01 00 00 00 00 00 00 0F 4C 41 50 54 4F 50 2D 31 32 45 35 4B 55 52 35 00 00 FF 00 01
45 00 00 3D 03 D2 00 00 01 11 06 B2 AC 11 22 1F E0 00 00 FC DD 25 14 EB 00 29 DD D3 77 7D 00 00 00 01 00 00 00 00 00 00 0F 4C 41 50 54 4F 50 2D 31 32 45 35 4B 55 52 35 00 00 FF 00 01
45 00 00 43 3C 76 00 00 01 11 CE 08 AC 11 22 1F E0 00 00 FB 14 E9 14 E9 00 2F 47 49 00 00 00 00 00 01 00 00 00 00 00 00 0F 4C 41 50 54 4F 50 2D 31 32 45 35 4B 55 52 35 05 6C 6F 63 61 6C 00 00 FF 00 01
60 05 8D 10 00 2F 11 01 FE 80 00 00 00 00 00 00 CC AA 74 22 E1 8F DE D9 FF 02 00 00 00 00 00 00 00 00 00 00 00 00 00 FB 14 E9 14 E9 00 2F F6 BF 00 00 00 00 00 01 00 00 00 00 00 00 0F 4C 41 50 54 4F 50 2D 31 32 45 35 4B 55 52 35 05 6C 6F 63 61 6C 00 00 FF 00 01
45 00 00 69 3C 77 00 00 01 11 CD E1 AC 11 22 1F E0 00 00 FB 14 E9 14 E9 00 55 22 6E 00 00 84 00 00 00 00 02 00 00 00 00 0F 4C 41 50 54 4F 50 2D 31 32 45 35 4B 55 52 35 05 6C 6F 63 61 6C 00 00 1C 00 01 00 00 00 3C 00 10 FE 80 00 00 00 00 00 00 CC AA 74 22 E1 8F DE D9 C0 0C 00 01 00 01 00 00 00 3C 00 04 AC 11 22 1F
60 05 8D 10 00 55 11 01 FE 80 00 00 00 00 00 00 CC AA 74 22 E1 8F DE D9 FF 02 00 00 00 00 00 00 00 00 00 00 00 00 00 FB 14 E9 14 E9 00 55 D1 E4 00 00 84 00 00 00 00 02 00 00 00 00 0F 4C 41 50 54 4F 50 2D 31 32 45 35 4B 55 52 35 05 6C 6F 63 61 6C 00 00 1C 00 01 00 00 00 3C 00 10 FE 80 00 00 00 00 00 00 CC AA 74 22 E1 8F DE D9 C0 0C 00 01 00 01 00 00 00 3C 00 04 AC 11 22 1F
45 00 00 3C E3 09 40 00 80 06 00 00 AC 11 22 89 C7 E8 FE DB DD B9 01 BB 1F 6E 06 59 B4 1B 95 8A A0 10 01 FE 95 8D 00 00 01 01 05 12 B4 1B B6 BA B4 1B C8 22 B4 1B 9B 12 B4 1B AB AA
45 00 00 3C E3 0A 40 00 80 06 00 00 AC 11 22 89 C7 E8 FE DB DD B9 01 BB 1F 6E 06 59 B4 1B 95 8A A0 10 01 FE 95 8D 00 00 01 01 05 12 B4 1B B6 BA B4 1B CD AA B4 1B 9B 12 B4 1B AB AA
45 00 00 44 E3 0B 40 00 80 06 00 00 AC 11 22 89 C7 E8 FE DB DD B9 01 BB 1F 6E 06 59 B4 1B 95 8A C0 10 01 FE 95 95 00 00 01 01 05 1A B4 1B D3 32 B4 1B D8 BA B4 1B B6 BA B4 1B CD AA B4 1B 9B 12 B4 1B AB AA
45 00 00 44 E3 0C 40 00 80 06 00 00 AC 11 22 89 C7 E8 FE DB DD B9 01 BB 1F 6E 06 59 B4 1B 95 8A C0 10 01 FE 95 95 00 00 01 01 05 1A B4 1B D3 32 B4 1B E3 CA B4 1B B6 BA B4 1B CD AA B4 1B 9B 12 B4 1B AB AA
45 00 00 44 E3 0D 40 00 80 06 00 00 AC 11 22 89 C7 E8 FE DB DD B9 01 BB 1F 6E 06 59 B4 1B 95 8A C0 10 01 FE 95 95 00 00 01 01 05 1A B4 1B D3 32 B4 1B E9 52 B4 1B B6 BA B4 1B CD AA B4 1B 9B 12 B4 1B AB AA
45 00 00 44 E3 0E 40 00 80 06 00 00 AC 11 22 89 C7 E8 FE DB DD B9 01 BB 1F 6E 06 59 B4 1B 95 8A C0 10 01 FE 95 95 00 00 01 01 05 1A B4 1B D3 32 B4 1B EE DA B4 1B B6 BA B4 1B CD AA B4 1B 9B 12 B4 1B AB AA
45 00 00 34 00 00 40 00 36 06 96 4C 25 4D BA 90 AC 11 22 89 01 BB DD B5 DD 1A 69 22 16 32 06 47 80 12 FF FF 7F 61 00 00 02 04 05 B4 01 03 03 09 04 02 00 00
45 00 00 34 00 00 40 00 35 06 97 4C 25 4D BA 90 AC 11 22 89 01 BB DD B6 53 47 3A AC BA CF E1 EC 80 12 FF FF B7 66 00 00 02 04 05 B4 01 03 03 09 04 02 00 00
45 00 00 3C E3 0F 40 00 80 06 00 00 AC 11 22 89 C7 E8 FE DB DD B9 01 BB 1F 6E 06 59 B4 1B AB AA A0 10 02 03 95 8D 00 00 01 01 05 12 B4 1B D3 32 B4 1B EE DA B4 1B B6 BA B4 1B CD AA
45 00 00 3C E3 10 40 00 80 06 00 00 AC 11 22 89 C7 E8 FE DB DD B9 01 BB 1F 6E 06 59 B4 1B B1 32 A0 10 01 FE 95 8D 00 00 01 01 05 12 B4 1B D3 32 B4 1B EE DA B4 1B B6 BA B4 1B CD AA
45 00 00 34 00 00 40 00 35 06 48 50 2D 39 01 A1 AC 11 22 89 01 BB DD B7 D2 A4 38 2C 0D 83 02 52 80 12 FF FF 78 73 00 00 02 04 05 B4 01 03 03 09 04 02 00 00
45 00 00 34 E3 11 40 00 80 06 00 00 AC 11 22 89 C7 E8 FE DB DD B9 01 BB 1F 6E 06 59 B4 1B CD AA 80 10 02 03 95 85 00 00 01 01 05 0A B4 1B D3 32 B4 1B EE DA
60 0F CF 4E 00 67 11 01 FE 80 00 00 00 00 00 00 C6 6A B2 99 C0 11 8F 1E FF 02 00 00 00 00 00 00 00 00 00 00 00 01 00 02 02 22 02 23 00 67 24 AE 01 CD 58 38 00 08 00 02 01 2D 00 01 00 0E 00 01 00 01 2A 77 B8 F9 E4 A8 DF E3 57 47 00 03 00 0C 06 E4 A8 DF 00 00 00 00 00 00 00 00 00 27 00 11 00 0F 4C 41 50 54 4F 50 2D 43 41 34 47 30 36 54 4F 00 10 00 0E 00 00 01 37 00 08 4D 53 46 54 20 35 2E 30 00 06 00 08 00 11 00 17 00 18 00 27
45 00 00 28 E3 12 40 00 80 06 00 00 AC 11 22 89 C7 E8 FE DB DD B9 01 BB 1F 6E 06 59 B4 1B EE DA 50 10 02 03 95 79 00 00
45 00 00 34 E3 13 40 00 80 06 00 00 AC 11 22 89 C7 E8 FE DB DD B9 01 BB 1F 6E 06 59 B4 1B EE DA 80 10 02 03 95 85 00 00 01 01 05 0A B4 1B F9 EA B4 1B FF 72
45 00 00 34 E3 14 40 00 80 06 00 00 AC 11 22 89 C7 E8 FE DB DD B9 01 BB 1F 6E 06 59 B4 1B EE DA 80 10 02 03 95 85 00 00 01 01 05 0A B4 1B F9 EA B4 1C 0A 82
45 00 00 34 E3 15 40 00 80 06 00 00 AC 11 22 89 C7 E8 FE DB DD B9 01 BB 1F 6E 06 59 B4 1B EE DA 80 10 02 03 95 85 00 00 01 01 05 0A B4 1B F9 EA B4 1C 10 0A
45 00 00 34 E3 16 40 00 80 06 00 00 AC 11 22 89 C7 E8 FE DB DD B9 01 BB 1F 6E 06 59 B4 1B EE DA 80 10 02 03 95 85 00 00 01 01 05 0A B4 1B F9 EA B4 1C 15 92
45 00 00 34 E3 17 40 00 80 06 00 00 AC 11 22 89 C7 E8 FE DB DD B9 01 BB 1F 6E 06 59 B4 1B F4 62 80 10 01 FE 95 85 00 00 01 01 05 0A B4 1B F9 EA B4 1C 15 92
45 00 00 34 E3 18 40 00 80 06 00 00 AC 11 22 89 C7 E8 FE DB DD B9 01 BB 1F 6E 06 59 B4 1B F4 62 80 10 01 FE 95 85 00 00 01 01 05 0A B4 1B F9 EA B4 1C 1B 1A
45 00 00 34 E3 19 40 00 80 06 00 00 AC 11 22 89 C7 E8 FE DB DD B9 01 BB 1F 6E 06 59 B4 1B F4 62 80 10 01 FE 95 85 00 00 01 01 05 0A B4 1B F9 EA B4 1C 20 A2
60 08 E5 B0 00 60 11 01 FE 80 00 00 00 00 00 00 FB 59 FD 50 74 B1 C8 14 FF 02 00 00 00 00 00 00 00 00 00 00 00 01 00 02 02 22 02 23 00 60 57 70 01 BF 47 87 00 08 00 02 0C 1F 00 01 00 0E 00 01 00 01 2C 7D 5D DB C4 65 16 2D E5 5A 00 03 00 0C 06 C4 65 16 00 00 00 00 00 00 00 00 00 27 00 0A 00 08 41 62 68 79 75 64 61 79 00 10 00 0E 00 00 01 37 00 08 4D 53 46 54 20 35 2E 30 00 06 00 08 00 11 00 17 00 18 00 27
60 00 00 00 00 24 00 01 FE 80 00 00 00 00 00 00 CC AA 74 22 E1 8F DE D9 FF 02 00 00 00 00 00 00 00 00 00 00 00 00 00 16 3A 00 05 02 00 00 01 00 8F 00 6E D0 00 00 00 01 04 00 00 00 FF 02 00 00 00 00 00 00 00 00 00 00 00 01 00 03
 00 00 00 00 00 00
45 00 00 4E 67 51 00 00 80 11 36 0D AC 11 22 1F AC 11 22 FF 00 89 00 89 00 3A 1B D1 B8 D9 01 10 00 01 00 00 00 00 00 00 20 45 43 45 4A 46 45 46 44 43 4E 46 41 45 4A 45 4D 45 42 45 4F 45 4A 43 41 43 41 43 41 43 41 42 4C 00 00 20 00 01
45 00 00 34 E3 1A 40 00 80 06 00 00 AC 11 22 89 C7 E8 FE DB DD B9 01 BB 1F 6E 06 59 B4 1B F4 62 80 10 01 FE 95 85 00 00 01 01 05 0A B4 1B F9 EA B4 1C 26 2A
45 00 00 28 E3 1B 40 00 80 06 00 00 AC 11 22 89 C7 E8 FE DB DD B9 01 BB 1F 6E 06 59 B4 1C 26 2A 50 10 02 03 95 79 00 00
45 00 00 28 E3 1C 40 00 80 06 00 00 AC 11 22 89 C7 E8 FE DB DD B9 01 BB 1F 6E 06 59 B4 1C 36 C2 50 10 02 03 95 79 00 00
45 00 00 34 E3 1D 40 00 80 06 00 00 AC 11 22 89 C7 E8 FE DB DD B9 01 BB 1F 6E 06 59 B4 1C 3C 4A 80 10 01 FE 95 85 00 00 01 01 05 0A B4 1C 41 D2 B4 1C 47 5A
45 00 00 3C E3 1E 40 00 80 06 00 00 AC 11 22 89 C7 E8 FE DB DD B9 01 BB 1F 6E 06 59 B4 1C 3C 4A A0 10 01 FE 95 8D 00 00 01 01 05 12 B4 1C 4C E2 B4 1C 52 6A B4 1C 41 D2 B4 1C 47 5A
45 00 00 3C E3 1F 40 00 80 06 00 00 AC 11 22 89 C7 E8 FE DB DD B9 01 BB 1F 6E 06 59 B4 1C 3C 4A A0 10 01 FE 95 8D 00 00 01 01 05 12 B4 1C 4C E2 B4 1C 57 F2 B4 1C 41 D2 B4 1C 47 5A
45 00 00 3C E3 20 40 00 80 06 00 00 AC 11 22 89 C7 E8 FE DB DD B9 01 BB 1F 6E 06 59 B4 1C 3C 4A A0 10 01 FE 95 8D 00 00 01 01 05 12 B4 1C 4C E2 B4 1C 5D 7A B4 1C 41 D2 B4 1C 47 5A
45 00 00 49 FF 9C 40 00 FF 11 CC 0A AC 11 22 EF E0 00 00 FB 14 E9 14 E9 00 35 FE 76 00 00 00 00 00 01 00 00 00 00 00 00 10 5F 73 70 6F 74 69 66 79 2D 63 6F 6E 6E 65 63 74 04 5F 74 63 70 05 6C 6F 63 61 6C 00 00 0C 00 01
60 0B 61 63 00 35 11 FF FE 80 00 00 00 00 00 00 50 C8 AE FF FE 48 F6 9B FF 02 00 00 00 00 00 00 00 00 00 00 00 00 00 FB 14 E9 14 E9 00 35 BB 47 00 00 00 00 00 01 00 00 00 00 00 00 10 5F 73 70 6F 74 69 66 79 2D 63 6F 6E 6E 65 63 74 04 5F 74 63 70 05 6C 6F 63 61 6C 00 00 0C 00 01
45 00 00 3C E3 21 40 00 80 06 00 00 AC 11 22 89 C7 E8 FE DB DD B9 01 BB 1F 6E 06 59 B4 1C 3C 4A A0 10 01 FE 95 8D 00 00 01 01 05 12 B4 1C 4C E2 B4 1C 63 02 B4 1C 41 D2 B4 1C 47 5A
45 00 00 3C E3 22 40 00 80 06 00 00 AC 11 22 89 C7 E8 FE DB DD B9 01 BB 1F 6E 06 59 B4 1C 3C 4A A0 10 01 FE 95 8D 00 00 01 01 05 12 B4 1C 4C E2 B4 1C 68 8A B4 1C 41 D2 B4 1C 47 5A
45 00 00 34 E3 23 40 00 80 06 00 00 AC 11 22 89 C7 E8 FE DB DD B9 01 BB 1F 6E 06 59 B4 1C 47 5A 80 10 02 03 95 85 00 00 01 01 05 0A B4 1C 4C E2 B4 1C 68 8A
45 00 00 28 E3 24 40 00 80 06 00 00 AC 11 22 89 C7 E8 FE DB DD B9 01 BB 1F 6E 06 59 B4 1C 68 8A 50 10 02 03 95 79 00 00
45 00 00 28 E3 25 40 00 80 06 00 00 AC 11 22 89 C7 E8 FE DB DD B9 01 BB 1F 6E 06 59 B4 1C 73 9A 50 10 02 03 95 79 00 00
45 00 00 28 E3 26 40 00 80 06 00 00 AC 11 22 89 C7 E8 FE DB DD B9 01 BB 1F 6E 06 59 B4 1C 79 22 50 10 01 FE 95 79 00 00
45 00 00 28 E3 27 40 00 80 06 00 00 AC 11 22 89 C7 E8 FE DB DD B9 01 BB 1F 6E 06 59 B4 1C 84 32 50 10 02 03 95 79 00 00
45 00 00 28 E3 28 40 00 80 06 00 00 AC 11 22 89 C7 E8 FE DB DD B9 01 BB 1F 6E 06 59 B4 1C 89 BA 50 10 01 FE 95 79 00 00
45 00 00 28 E3 29 40 00 80 06 00 00 AC 11 22 89 C7 E8 FE DB DD B9 01 BB 1F 6E 06 59 B4 1C 94 CA 50 10 02 03 95 79 00 00
45 00 00 47 02 DA 00 00 01 11 07 AA AC 11 22 16 E0 00 00 FB 14 E9 14 E9 00 33 7D 15 00 00 00 00 00 01 00 00 00 00 00 00 0E 5F 6D 69 63 72 6F 73 6F 66 74 5F 6D 63 63 04 5F 74 63 70 05 6C 6F 63 61 6C 00 00 0C 80 01
60 08 3C E8 00 33 11 01 FE 80 00 00 00 00 00 00 36 DA F2 E7 F8 B7 95 A7 FF 02 00 00 00 00 00 00 00 00 00 00 00 00 00 FB 14 E9 14 E9 00 33 75 98 00 00 00 00 00 01 00 00 00 00 00 00 0E 5F 6D 69 63 72 6F 73 6F 66 74 5F 6D 63 63 04 5F 74 63 70 05 6C 6F 63 61 6C 00 00 0C 80 01
45 00 00 34 00 00 40 00 38 06 24 A1 17 F6 37 93 AC 11 22 89 01 BB DD 98 43 5D 3E BC E6 7D 36 E8 80 12 FF FF D3 09 00 00 02 04 05 B4 01 03 03 09 04 02 00 00
45 00 00 28 E3 2A 40 00 80 06 00 00 AC 11 22 89 C7 E8 FE DB DD B9 01 BB 1F 6E 06 59 B4 1C 9A 52 50 10 01 FE 95 79 00 00
45 00 00 28 E3 2B 40 00 80 06 00 00 AC 11 22 89 C7 E8 FE DB DD B9 01 BB 1F 6E 06 59 B4 1C 9F DA 50 10 02 03 95 79 00 00
45 00 00 28 E3 2C 40 00 80 06 00 00 AC 11 22 89 C7 E8 FE DB DD B9 01 BB 1F 6E 06 59 B4 1C B0 72 50 10 02 03 95 79 00 00
45 00 00 28 E3 2D 40 00 80 06 00 00 AC 11 22 89 C7 E8 FE DB DD B9 01 BB 1F 6E 06 59 B4 1C B5 FA 50 10 01 FE 95 79 00 00
45 00 00 34 E3 2E 40 00 80 06 00 00 AC 11 22 89 C7 E8 FE DB DD B9 01 BB 1F 6E 06 59 B4 1C BB 82 80 10 02 03 95 85 00 00 01 01 05 0A B4 1C BC 49 B4 1C C1 D1
45 00 00 3C E3 2F 40 00 80 06 00 00 AC 11 22 89 C7 E8 FE DB DD B9 01 BB 1F 6E 06 59 B4 1C BB 82 A0 10 02 03 95 8D 00 00 01 01 05 12 B4 1C C7 59 B4 1C CC E1 B4 1C BC 49 B4 1C C1 D1
45 00 00 3C E3 30 40 00 80 06 00 00 AC 11 22 89 C7 E8 FE DB DD B9 01 BB 1F 6E 06 59 B4 1C BB 82 A0 10 02 03 95 8D 00 00 01 01 05 12 B4 1C C7 59 B4 1C D2 69 B4 1C BC 49 B4 1C C1 D1
45 00 00 34 E3 31 40 00 80 06 00 00 AC 11 22 89 C7 E8 FE DB DD B9 01 BB 1F 6E 06 59 B4 1C C1 D1 80 10 02 03 95 85 00 00 01 01 05 0A B4 1C C7 59 B4 1C D2 69
45 00 00 28 E3 32 40 00 80 06 00 00 AC 11 22 89 C7 E8 FE DB DD B9 01 BB 1F 6E 06 59 B4 1C D2 69 50 10 02 03 95 79 00 00
45 00 00 28 3A D3 40 00 80 06 00 00 AC 11 22 89 68 12 07 1D DC EC 01 BB 8F FA F9 95 A9 42 C9 6C 50 11 02 01 3D E4 00 00
45 00 00 28 E3 33 40 00 80 06 00 00 AC 11 22 89 C7 E8 FE DB DD B9 01 BB 1F 6E 06 59 B4 1C D7 F1 50 10 01 FE 95 79 00 00
45 00 00 28 3A D4 40 00 80 06 00 00 AC 11 22 89 68 12 07 1D DC EC 01 BB 8F FA F9 96 A9 42 C9 6D 50 10 02 01 3D E4 00 00
45 00 00 47 02 DB 00 00 01 11 07 A9 AC 11 22 16 E0 00 00 FB 14 E9 14 E9 00 33 7D 95 00 00 00 00 00 01 00 00 00 00 00 00 0E 5F 6D 69 63 72 6F 73 6F 66 74 5F 6D 63 63 04 5F 74 63 70 05 6C 6F 63 61 6C 00 00 0C 00 01
60 08 3C E8 00 33 11 01 FE 80 00 00 00 00 00 00 36 DA F2 E7 F8 B7 95 A7 FF 02 00 00 00 00 00 00 00 00 00 00 00 00 00 FB 14 E9 14 E9 00 33 76 18 00 00 00 00 00 01 00 00 00 00 00 00 0E 5F 6D 69 63 72 6F 73 6F 66 74 5F 6D 63 63 04 5F 74 63 70 05 6C 6F 63 61 6C 00 00 0C 00 01
45 00 00 28 E3 34 40 00 80 06 00 00 AC 11 22 89 C7 E8 FE DB DD B9 01 BB 1F 6E 06 59 B4 1C DD 79 50 10 02 03 95 79 00 00
45 00 00 28 E3 35 40 00 80 06 00 00 AC 11 22 89 C7 E8 FE DB DD B9 01 BB 1F 6E 06 59 B4 1C E3 01 50 10 01 FE 95 79 00 00
45 00 00 28 E3 36 40 00 80 06 00 00 AC 11 22 89 C7 E8 FE DB DD B9 01 BB 1F 6E 06 59 B4 1C E8 89 50 10 02 03 95 79 00 00
45 00 00 28 E3 37 40 00 80 06 00 00 AC 11 22 89 C7 E8 FE DB DD B9 01 BB 1F 6E 06 59 B4 1C F3 99 50 10 02 03 95 79 00 00
45 00 00 34 C7 16 00 00 35 06 31 04 98 C3 26 4C AC 11 22 89 00 50 DD 7E FC B2 71 58 57 7B 21 28 80 10 00 85 35 CB 00 00 01 01 05 0A 57 7B 21 27 57 7B 21 28
45 00 00 28 E3 38 40 00 80 06 00 00 AC 11 22 89 C7 E8 FE DB DD B9 01 BB 1F 6E 06 59 B4 1C F9 21 50 10 01 FE 95 79 00 00
45 00 00 49 00 35 40 00 FF 11 CB 72 AC 11 22 EF E0 00 00 FB 14 E9 14 E9 00 35 FE 76 00 00 00 00 00 01 00 00 00 00 00 00 10 5F 73 70 6F 74 69 66 79 2D 63 6F 6E 6E 65 63 74 04 5F 74 63 70 05 6C 6F 63 61 6C 00 00 0C 00 01
60 0B 61 63 00 35 11 FF FE 80 00 00 00 00 00 00 50 C8 AE FF FE 48 F6 9B FF 02 00 00 00 00 00 00 00 00 00 00 00 00 00 FB 14 E9 14 E9 00 35 BB 47 00 00 00 00 00 01 00 00 00 00 00 00 10 5F 73 70 6F 74 69 66 79 2D 63 6F 6E 6E 65 63 74 04 5F 74 63 70 05 6C 6F 63 61 6C 00 00 0C 00 01
45 00 00 28 E3 39 40 00 80 06 00 00 AC 11 22 89 C7 E8 FE DB DD B9 01 BB 1F 6E 06 59 B4 1C FE A9 50 10 02 03 95 79 00 00
45 00 00 28 E3 3A 40 00 80 06 00 00 AC 11 22 89 C7 E8 FE DB DD B9 01 BB 1F 6E 06 59 B4 1D 09 B9 50 10 02 03 95 79 00 00
45 00 00 28 E3 3B 40 00 80 06 00 00 AC 11 22 89 C7 E8 FE DB DD B9 01 BB 1F 6E 06 59 B4 1D 0F 41 50 10 01 FE 95 79 00 00
45 00 00 28 E3 3C 40 00 80 06 00 00 AC 11 22 89 C7 E8 FE DB DD B9 01 BB 1F 6E 06 59 B4 1D 14 C9 50 10 02 03 95 79 00 00
45 00 00 28 E3 3D 40 00 80 06 00 00 AC 11 22 89 C7 E8 FE DB DD B9 01 BB 1F 6E 06 59 B4 1D 25 61 50 10 02 03 95 79 00 00
45 00 00 34 00 00 40 00 35 06 48 50 2D 39 01 A1 AC 11 22 89 01 BB DD AA A1 37 79 5F 5C 17 37 E9 80 12 FF FF E4 8E 00 00 02 04 05 B4 01 03 03 09 04 02 00 00
45 00 00 34 00 00 40 00 35 06 48 50 2D 39 01 A1 AC 11 22 89 01 BB DD AB 6E 36 2E 90 F6 CD 18 33 80 12 FF FF E7 5D 00 00 02 04 05 B4 01 03 03 09 04 02 00 00
45 00 00 28 E3 3E 40 00 80 06 00 00 AC 11 22 89 C7 E8 FE DB DD B9 01 BB 1F 6E 06 59 B4 1D 30 71 50 10 02 03 95 79 00 00
45 00 00 44 3C 78 00 00 01 11 CE 05 AC 11 22 1F E0 00 00 FB 14 E9 14 E9 00 30 DC 77 00 00 00 00 00 01 00 00 00 00 00 00 0B 5F 67 6F 6F 67 6C 65 63 61 73 74 04 5F 74 63 70 05 6C 6F 63 61 6C 00 00 0C 00 01
60 0D C8 9F 00 30 11 01 FE 80 00 00 00 00 00 00 CC AA 74 22 E1 8F DE D9 FF 02 00 00 00 00 00 00 00 00 00 00 00 00 00 FB 14 E9 14 E9 00 30 8B EE 00 00 00 00 00 01 00 00 00 00 00 00 0B 5F 67 6F 6F 67 6C 65 63 61 73 74 04 5F 74 63 70 05 6C 6F 63 61 6C 00 00 0C 00 01
45 00 00 44 3C 79 00 00 01 11 CE 04 AC 11 22 1F E0 00 00 FB 14 E9 14 E9 00 30 DC 77 00 00 00 00 00 01 00 00 00 00 00 00 0B 5F 67 6F 6F 67 6C 65 63 61 73 74 04 5F 74 63 70 05 6C 6F 63 61 6C 00 00 0C 00 01
60 0D C8 9F 00 30 11 01 FE 80 00 00 00 00 00 00 CC AA 74 22 E1 8F DE D9 FF 02 00 00 00 00 00 00 00 00 00 00 00 00 00 FB 14 E9 14 E9 00 30 8B EE 00 00 00 00 00 01 00 00 00 00 00 00 0B 5F 67 6F 6F 67 6C 65 63 61 73 74 04 5F 74 63 70 05 6C 6F 63 61 6C 00 00 0C 00 01
45 00 00 28 E3 3F 40 00 80 06 00 00 AC 11 22 89 C7 E8 FE DB DD B9 01 BB 1F 6E 06 59 B4 1D 3B 81 50 10 02 03 95 79 00 00
45 00 00 28 E3 40 40 00 80 06 00 00 AC 11 22 89 C7 E8 FE DB DD B9 01 BB 1F 6E 06 59 B4 1D 41 09 50 10 01 FE 95 79 00 00
45 00 00 46 35 92 00 00 80 11 00 00 AC 11 22 89 AC 18 02 4C C0 D8 00 35 00 32 7D 42 16 32 01 00 00 01 00 00 00 00 00 00 0C 64 65 74 65 63 74 70 6F 72 74 61 6C 07 66 69 72 65 66 6F 78 03 63 6F 6D 00 00 01 00 01
45 00 00 B5 E5 F5 00 00 3F 11 18 44 AC 18 02 4C AC 11 22 89 00 35 C0 D8 00 A1 01 DB 16 32 81 80 00 01 00 03 00 00 00 00 0C 64 65 74 65 63 74 70 6F 72 74 61 6C 07 66 69 72 65 66 6F 78 03 63 6F 6D 00 00 01 00 01 C0 0C 00 05 00 01 00 00 00 18 00 1E 0C 64 65 74 65 63 74 70 6F 72 74 61 6C 04 70 72 6F 64 06 6D 6F 7A 61 77 73 03 6E 65 74 00 C0 36 00 05 00 01 00 00 00 0C 00 29 04 70 72 6F 64 0C 64 65 74 65 63 74 70 6F 72 74 61 6C 04 70 72 6F 64 08 63 6C 6F 75 64 6F 70 73 06 6D 6F 7A 67 63 70 C0 4F C0 60 00 01 00 01 00 00 01 3B 00 04 22 6B DD 52
45 00 00 28 F3 96 40 00 80 06 00 00 AC 11 22 89 22 6B DD 52 DB 67 00 50 CF 05 3A B0 33 43 CA D3 50 10 0F FD CE 72 00 00
45 00 00 28 E3 41 40 00 80 06 00 00 AC 11 22 89 C7 E8 FE DB DD B9 01 BB 1F 6E 06 59 B4 1D 4C 19 50 10 02 03 95 79 00 00
45 00 00 49 27 D7 00 00 FF 11 E3 E7 AC 11 22 D8 E0 00 00 FB 14 E9 14 E9 00 35 FE 8D 00 00 00 00 00 01 00 00 00 00 00 00 10 5F 73 70 6F 74 69 66 79 2D 63 6F 6E 6E 65 63 74 04 5F 74 63 70 05 6C 6F 63 61 6C 00 00 0C 00 01
60 07 A0 FB 00 35 11 FF FE 80 00 00 00 00 00 00 A6 A9 E3 42 37 94 B0 45 FF 02 00 00 00 00 00 00 00 00 00 00 00 00 00 FB 14 E9 14 E9 00 35 3E 2E 00 00 00 00 00 01 00 00 00 00 00 00 10 5F 73 70 6F 74 69 66 79 2D 63 6F 6E 6E 65 63 74 04 5F 74 63 70 05 6C 6F 63 61 6C 00 00 0C 00 01
45 00 00 28 F3 97 40 00 80 06 00 00 AC 11 22 89 22 6B DD 52 DB 6A 00 50 0A 75 16 47 56 33 83 4D 50 10 10 00 CE 72 00 00
45 00 00 28 E3 42 40 00 80 06 00 00 AC 11 22 89 C7 E8 FE DB DD B9 01 BB 1F 6E 06 59 B4 1D 57 29 50 10 02 03 95 79 00 00
45 00 00 34 00 00 40 00 36 06 7D C8 17 2F E1 32 AC 11 22 89 01 BB DD 74 05 00 0B 5B 11 B0 CC E4 80 12 FA F0 DE F4 00 00 02 04 05 B4 01 01 04 02 01 03 03 07
45 00 00 28 E3 43 40 00 80 06 00 00 AC 11 22 89 C7 E8 FE DB DD B9 01 BB 1F 6E 06 59 B4 1D 5C B1 50 10 01 FE 95 79 00 00
45 00 00 28 E3 44 40 00 80 06 00 00 AC 11 22 89 C7 E8 FE DB DD B9 01 BB 1F 6E 06 59 B4 1D 62 39 50 10 02 03 95 79 00 00
45 00 00 34 E3 45 40 00 80 06 00 00 AC 11 22 89 C7 E8 FE DB DD B9 01 BB 1F 6E 06 59 B4 1D 67 C1 80 10 01 FE 95 85 00 00 01 01 05 0A B4 1D 6D 49 B4 1D 72 D1
45 00 00 34 E3 46 40 00 80 06 00 00 AC 11 22 89 C7 E8 FE DB DD B9 01 BB 1F 6E 06 59 B4 1D 67 C1 80 10 01 FE 95 85 00 00 01 01 05 0A B4 1D 6D 49 B4 1D 78 59
45 00 00 34 E3 47 40 00 80 06 00 00 AC 11 22 89 C7 E8 FE DB DD B9 01 BB 1F 6E 06 59 B4 1D 67 C1 80 10 01 FE 95 85 00 00 01 01 05 0A B4 1D 6D 49 B4 1D 7D E1
45 00 00 4E 67 52 00 00 80 11 36 0C AC 11 22 1F AC 11 22 FF 00 89 00 89 00 3A 1B CD B8 DD 01 10 00 01 00 00 00 00 00 00 20 45 43 45 4A 46 45 46 44 43 4E 46 41 45 4A 45 4D 45 42 45 4F 45 4A 43 41 43 41 43 41 43 41 42 4C 00 00 20 00 01
45 00 00 34 E3 48 40 00 80 06 00 00 AC 11 22 89 C7 E8 FE DB DD B9 01 BB 1F 6E 06 59 B4 1D 67 C1 80 10 01 FE 95 85 00 00 01 01 05 0A B4 1D 6D 49 B4 1D 88 F1
60 0F CF 4E 00 67 11 01 FE 80 00 00 00 00 00 00 C6 6A B2 99 C0 11 8F 1E FF 02 00 00 00 00 00 00 00 00 00 00 00 01 00 02 02 22 02 23 00 67 23 1E 01 CD 58 38 00 08 00 02 02 BD 00 01 00 0E 00 01 00 01 2A 77 B8 F9 E4 A8 DF E3 57 47 00 03 00 0C 06 E4 A8 DF 00 00 00 00 00 00 00 00 00 27 00 11 00 0F 4C 41 50 54 4F 50 2D 43 41 34 47 30 36 54 4F 00 10 00 0E 00 00 01 37 00 08 4D 53 46 54 20 35 2E 30 00 06 00 08 00 11 00 17 00 18 00 27
45 00 00 28 E3 49 40 00 80 06 00 00 AC 11 22 89 C7 E8 FE DB DD B9 01 BB 1F 6E 06 59 B4 1D 88 F1 50 10 02 03 95 79 00 00
45 00 00 34 00 00 40 00 36 06 96 4C 25 4D BA 90 AC 11 22 89 01 BB DD B5 DD 1A 69 22 16 32 06 47 80 12 FF FF 7F 61 00 00 02 04 05 B4 01 03 03 09 04 02 00 00
45 00 00 34 00 00 40 00 35 06 97 4C 25 4D BA 90 AC 11 22 89 01 BB DD B6 53 47 3A AC BA CF E1 EC 80 12 FF FF B7 66 00 00 02 04 05 B4 01 03 03 09 04 02 00 00
45 00 00 34 00 00 40 00 35 06 48 50 2D 39 01 A1 AC 11 22 89 01 BB DD B7 D2 A4 38 2C 0D 83 02 52 80 12 FF FF 78 73 00 00 02 04 05 B4 01 03 03 09 04 02 00 00
45 00 00 28 E3 4A 40 00 80 06 00 00 AC 11 22 89 C7 E8 FE DB DD B9 01 BB 1F 6E 06 59 B4 1D 8E 79 50 10 01 FE 95 79 00 00
45 00 00 28 E3 4B 40 00 80 06 00 00 AC 11 22 89 C7 E8 FE DB DD B9 01 BB 1F 6E 06 59 B4 1D 99 89 50 10 02 03 95 79 00 00
45 00 00 34 93 13 40 00 36 06 49 CC 97 65 01 E5 AC 11 22 89 01 BB DB DC 93 C5 F3 FA 3D A5 13 4C 80 10 01 22 B8 8B 00 00 01 01 05 0A 3D A5 13 4B 3D A5 13 4C
45 00 00 28 E3 4C 40 00 80 06 00 00 AC 11 22 89 C7 E8 FE DB DD B9 01 BB 1F 6E 06 59 B4 1D 9F 11 50 10 01 FE 95 79 00 00
45 00 00 69 01 60 40 00 FF 11 CA 27 AC 11 22 EF E0 00 00 FB 14 E9 14 E9 00 55 B2 84 00 04 00 00 00 03 00 00 00 00 00 00 09 5F 43 43 31 41 44 38 34 35 04 5F 73 75 62 0B 5F 67 6F 6F 67 6C 65 63 61 73 74 04 5F 74 63 70 05 6C 6F 63 61 6C 00 00 0C 00 01 09 5F 43 43 33 32 45 37 35 33 C0 16 00 0C 00 01 C0 1B 00 0C 00 01
45 00 00 28 E3 4D 40 00 80 06 00 00 AC 11 22 89 C7 E8 FE DB DD B9 01 BB 1F 6E 06 59 B4 1D A4 99 50 10 02 03 95 79 00 00
45 00 00 34 E3 4E 40 00 80 06 00 00 AC 11 22 89 C7 E8 FE DB DD B9 01 BB 1F 6E 06 59 B4 1D A4 99 80 10 02 03 95 85 00 00 01 01 05 0A B4 1D A7 B2 B4 1D B2 C2
45 00 00 49 01 69 40 00 FF 11 CA 3E AC 11 22 EF E0 00 00 FB 14 E9 14 E9 00 35 FE 76 00 00 00 00 00 01 00 00 00 00 00 00 10 5F 73 70 6F 74 69 66 79 2D 63 6F 6E 6E 65 63 74 04 5F 74 63 70 05 6C 6F 63 61 6C 00 00 0C 00 01
60 0B 61 63 00 35 11 FF FE 80 00 00 00 00 00 00 50 C8 AE FF FE 48 F6 9B FF 02 00 00 00 00 00 00 00 00 00 00 00 00 00 FB 14 E9 14 E9 00 35 BB 47 00 00 00 00 00 01 00 00 00 00 00 00 10 5F 73 70 6F 74 69 66 79 2D 63 6F 6E 6E 65 63 74 04 5F 74 63 70 05 6C 6F 63 61 6C 00 00 0C 00 01
45 00 00 34 E3 4F 40 00 80 06 00 00 AC 11 22 89 C7 E8 FE DB DD B9 01 BB 1F 6E 06 59 B4 1D A4 99 80 10 02 03 95 85 00 00 01 01 05 0A B4 1D A7 B2 B4 1D B8 4A
45 00 00 34 E3 50 40 00 80 06 00 00 AC 11 22 89 C7 E8 FE DB DD B9 01 BB 1F 6E 06 59 B4 1D A4 99 80 10 02 03 95 85 00 00 01 01 05 0A B4 1D A7 B2 B4 1D BD D2
45 00 00 4E 67 53 00 00 80 11 36 0B AC 11 22 1F AC 11 22 FF 00 89 00 89 00 3A 1B CD B8 DD 01 10 00 01 00 00 00 00 00 00 20 45 43 45 4A 46 45 46 44 43 4E 46 41 45 4A 45 4D 45 42 45 4F 45 4A 43 41 43 41 43 41 43 41 42 4C 00 00 20 00 01
45 00 00 28 E3 51 40 00 80 06 00 00 AC 11 22 89 C7 E8 FE DB DD B9 01 BB 1F 6E 06 59 B4 1D BD D2 50 10 02 03 95 79 00 00
45 00 00 34 55 0E 00 00 36 06 7C 39 8E FB 55 E7 AC 11 22 89 01 BB DD 4D 3B 42 0B AC 2B E4 E3 F8 80 10 01 32 6F 81 00 00 01 01 05 0A 2B E4 E3 F7 2B E4 E3 F8
45 00 00 47 3C 7A 00 00 01 11 CE 00 AC 11 22 1F E0 00 00 FB 14 E9 14 E9 00 33 7D 0C 00 00 00 00 00 01 00 00 00 00 00 00 0E 5F 6D 69 63 72 6F 73 6F 66 74 5F 6D 63 63 04 5F 74 63 70 05 6C 6F 63 61 6C 00 00 0C 80 01
60 05 8D 10 00 33 11 01 FE 80 00 00 00 00 00 00 CC AA 74 22 E1 8F DE D9 FF 02 00 00 00 00 00 00 00 00 00 00 00 00 00 FB 14 E9 14 E9 00 33 2C 83 00 00 00 00 00 01 00 00 00 00 00 00 0E 5F 6D 69 63 72 6F 73 6F 66 74 5F 6D 63 63 04 5F 74 63 70 05 6C 6F 63 61 6C 00 00 0C 80 01
45 00 00 28 E3 52 40 00 80 06 00 00 AC 11 22 89 C7 E8 FE DB DD B9 01 BB 1F 6E 06 59 B4 1D C3 5A 50 10 01 FE 95 79 00 00
45 00 00 28 E3 53 40 00 80 06 00 00 AC 11 22 89 C7 E8 FE DB DD B9 01 BB 1F 6E 06 59 B4 1D CE 6A 50 10 02 03 95 79 00 00
45 00 00 28 E3 54 40 00 80 06 00 00 AC 11 22 89 C7 E8 FE DB DD B9 01 BB 1F 6E 06 59 B4 1D D3 F2 50 10 01 FE 95 79 00 00
45 00 00 28 D9 26 40 00 80 06 00 00 AC 11 22 89 B9 C7 6E 9A DC F2 01 BB DA AF 36 6C F4 28 3B BB 50 11 02 00 F7 16 00 00
45 00 00 28 D9 27 40 00 80 06 00 00 AC 11 22 89 B9 C7 6E 9A DC F2 01 BB DA AF 36 6D F4 28 3B D3 50 14 00 00 F7 16 00 00
45 00 00 34 C0 C7 00 00 75 06 1A AB 8E FB 0C BC AC 11 22 89 14 6C DB 6F 9F A6 90 E3 88 93 ED B1 80 10 01 09 8B 2D 00 00 01 01 05 0A 88 93 ED B0 88 93 ED B1
45 00 00 28 E3 55 40 00 80 06 00 00 AC 11 22 89 C7 E8 FE DB DD B9 01 BB 1F 6E 06 59 B4 1D DF 02 50 10 02 03 95 79 00 00
45 00 00 28 E3 56 40 00 80 06 00 00 AC 11 22 89 C7 E8 FE DB DD B9 01 BB 1F 6E 06 59 B4 1D E4 8A 50 10 01 FE 95 79 00 00
45 00 00 28 E3 57 40 00 80 06 00 00 AC 11 22 89 C7 E8 FE DB DD B9 01 BB 1F 6E 06 59 B4 1D EA 12 50 10 02 03 95 79 00 00
45 00 00 4E 67 54 00 00 80 11 36 0A AC 11 22 1F AC 11 22 FF 00 89 00 89 00 3A 1B CD B8 DD 01 10 00 01 00 00 00 00 00 00 20 45 43 45 4A 46 45 46 44 43 4E 46 41 45 4A 45 4D 45 42 45 4F 45 4A 43 41 43 41 43 41 43 41 42 4C 00 00 20 00 01
45 00 00 34 B0 EE 40 00 33 06 41 AA 17 3F 6F 52 AC 11 22 89 01 BB DB DB 0A 30 77 29 4F A1 30 3B 80 10 01 F5 44 18 00 00 01 01 05 0A 4F A1 30 3A 4F A1 30 3B
45 00 00 28 E3 58 40 00 80 06 00 00 AC 11 22 89 C7 E8 FE DB DD B9 01 BB 1F 6E 06 59 B4 1D EF 9A 50 10 01 FE 95 79 00 00
45 00 00 28 E3 59 40 00 80 06 00 00 AC 11 22 89 C7 E8 FE DB DD B9 01 BB 1F 6E 06 59 B4 1D F5 22 50 10 02 03 95 79 00 00
45 00 00 34 E3 5A 40 00 80 06 00 00 AC 11 22 89 C7 E8 FE DB DD B9 01 BB 1F 6E 06 59 B4 1D F5 22 80 10 02 03 95 85 00 00 01 01 05 0A B4 1D FA AA B4 1E 00 32
45 00 00 34 E3 5B 40 00 80 06 00 00 AC 11 22 89 C7 E8 FE DB DD B9 01 BB 1F 6E 06 59 B4 1D F5 22 80 10 02 03 95 85 00 00 01 01 05 0A B4 1D FA AA B4 1E 05 BA
45 00 00 47 3C 7B 00 00 01 11 CD FF AC 11 22 1F E0 00 00 FB 14 E9 14 E9 00 33 7D 8C 00 00 00 00 00 01 00 00 00 00 00 00 0E 5F 6D 69 63 72 6F 73 6F 66 74 5F 6D 63 63 04 5F 74 63 70 05 6C 6F 63 61 6C 00 00 0C 00 01
60 05 8D 10 00 33 11 01 FE 80 00 00 00 00 00 00 CC AA 74 22 E1 8F DE D9 FF 02 00 00 00 00 00 00 00 00 00 00 00 00 00 FB 14 E9 14 E9 00 33 2D 03 00 00 00 00 00 01 00 00 00 00 00 00 0E 5F 6D 69 63 72 6F 73 6F 66 74 5F 6D 63 63 04 5F 74 63 70 05 6C 6F 63 61 6C 00 00 0C 00 01
45 00 00 34 E3 5C 40 00 80 06 00 00 AC 11 22 89 C7 E8 FE DB DD B9 01 BB 1F 6E 06 59 B4 1D F5 22 80 10 02 03 95 85 00 00 01 01 05 0A B4 1D FA AA B4 1E 0B 42
45 00 00 28 E3 5D 40 00 80 06 00 00 AC 11 22 89 C7 E8 FE DB DD B9 01 BB 1F 6E 06 59 B4 1E 0B 42 50 10 02 03 95 79 00 00
00 01 08 00 06 04 00 02 74 D4 DD 28 65 51 AC 11 22 89 00 5F 67 E4 23 5E AC 11 22 9A
45 00 00 28 E3 5E 40 00 80 06 00 00 AC 11 22 89 C7 E8 FE DB DD B9 01 BB 1F 6E 06 59 B4 1E 10 CA 50 10 01 FE 95 79 00 00
45 00 00 28 1B 34 40 00 80 06 00 00 AC 11 22 89 B9 C7 6D 85 DC F5 01 BB 58 B1 4D DC 8B A7 DE FC 50 11 02 03 F6 01 00 00
45 00 00 44 3C 7C 00 00 01 11 CE 01 AC 11 22 1F E0 00 00 FB 14 E9 14 E9 00 30 DC 77 00 00 00 00 00 01 00 00 00 00 00 00 0B 5F 67 6F 6F 67 6C 65 63 61 73 74 04 5F 74 63 70 05 6C 6F 63 61 6C 00 00 0C 00 01
60 09 8C 8C 00 30 11 01 FE 80 00 00 00 00 00 00 CC AA 74 22 E1 8F DE D9 FF 02 00 00 00 00 00 00 00 00 00 00 00 00 00 FB 14 E9 14 E9 00 30 8B EE 00 00 00 00 00 01 00 00 00 00 00 00 0B 5F 67 6F 6F 67 6C 65 63 61 73 74 04 5F 74 63 70 05 6C 6F 63 61 6C 00 00 0C 00 01
45 00 00 44 3C 7D 00 00 01 11 CE 00 AC 11 22 1F E0 00 00 FB 14 E9 14 E9 00 30 DC 77 00 00 00 00 00 01 00 00 00 00 00 00 0B 5F 67 6F 6F 67 6C 65 63 61 73 74 04 5F 74 63 70 05 6C 6F 63 61 6C 00 00 0C 00 01
60 09 8C 8C 00 30 11 01 FE 80 00 00 00 00 00 00 CC AA 74 22 E1 8F DE D9 FF 02 00 00 00 00 00 00 00 00 00 00 00 00 00 FB 14 E9 14 E9 00 30 8B EE 00 00 00 00 00 01 00 00 00 00 00 00 0B 5F 67 6F 6F 67 6C 65 63 61 73 74 04 5F 74 63 70 05 6C 6F 63 61 6C 00 00 0C 00 01
45 00 00 28 1B 35 40 00 80 06 00 00 AC 11 22 89 B9 C7 6D 85 DC F5 01 BB 58 B1 4D DD 8B A7 DF 14 50 14 00 00 F6 01 00 00
45 00 00 34 E3 5F 40 00 80 06 00 00 AC 11 22 89 C7 E8 FE DB DD B9 01 BB 1F 6E 06 59 B4 1E 10 CA 80 10 01 FE 95 85 00 00 01 01 05 0A B4 1E 16 52 B4 1E 1B DA
45 00 00 34 E3 60 40 00 80 06 00 00 AC 11 22 89 C7 E8 FE DB DD B9 01 BB 1F 6E 06 59 B4 1E 10 CA 80 10 01 FE 95 85 00 00 01 01 05 0A B4 1E 16 52 B4 1E 21 62
45 00 00 49 03 42 40 00 FF 11 C8 65 AC 11 22 EF E0 00 00 FB 14 E9 14 E9 00 35 FE 76 00 00 00 00 00 01 00 00 00 00 00 00 10 5F 73 70 6F 74 69 66 79 2D 63 6F 6E 6E 65 63 74 04 5F 74 63 70 05 6C 6F 63 61 6C 00 00 0C 00 01
60 0B 61 63 00 35 11 FF FE 80 00 00 00 00 00 00 50 C8 AE FF FE 48 F6 9B FF 02 00 00 00 00 00 00 00 00 00 00 00 00 00 FB 14 E9 14 E9 00 35 BB 47 00 00 00 00 00 01 00 00 00 00 00 00 10 5F 73 70 6F 74 69 66 79 2D 63 6F 6E 6E 65 63 74 04 5F 74 63 70 05 6C 6F 63 61 6C 00 00 0C 00 01
45 00 00 28 E3 61 40 00 80 06 00 00 AC 11 22 89 C7 E8 FE DB DD B9 01 BB 1F 6E 06 59 B4 1E 21 62 50 10 02 03 95 79 00 00
45 00 00 28 E3 62 40 00 80 06 00 00 AC 11 22 89 C7 E8 FE DB DD B9 01 BB 1F 6E 06 59 B4 1E 26 EA 50 10 01 FE 95 79 00 00
45 00 00 28 E3 63 40 00 80 06 00 00 AC 11 22 89 C7 E8 FE DB DD B9 01 BB 1F 6E 06 59 B4 1E 2C 72 50 10 02 03 95 79 00 00
45 00 00 28 E3 64 40 00 80 06 00 00 AC 11 22 89 C7 E8 FE DB DD B9 01 BB 1F 6E 06 59 B4 1E 31 FA 50 10 01 FE 95 79 00 00
45 00 00 28 E3 65 40 00 80 06 00 00 AC 11 22 89 C7 E8 FE DB DD B9 01 BB 1F 6E 06 59 B4 1E 37 82 50 10 02 03 95 79 00 00
60 09 8C 8C 00 30 11 01 FE 80 00 00 00 00 00 00 CC AA 74 22 E1 8F DE D9 FF 02 00 00 00 00 00 00 00 00 00 00 00 00 00 FB 14 E9 14 E9 00 30 8B EE 00 00 00 00 00 01 00 00 00 00 00 00 0B 5F 67 6F 6F 67 6C 65 63 61 73 74 04 5F 74 63 70 05 6C 6F 63 61 6C 00 00 0C 00 01
60 09 8C 8C 00 30 11 01 FE 80 00 00 00 00 00 00 CC AA 74 22 E1 8F DE D9 FF 02 00 00 00 00 00 00 00 00 00 00 00 00 00 FB 14 E9 14 E9 00 30 8B EE 00 00 00 00 00 01 00 00 00 00 00 00 0B 5F 67 6F 6F 67 6C 65 63 61 73 74 04 5F 74 63 70 05 6C 6F 63 61 6C 00 00 0C 00 01
45 00 00 44 3C 7E 00 00 01 11 CD FF AC 11 22 1F E0 00 00 FB 14 E9 14 E9 00 30 DC 77 00 00 00 00 00 01 00 00 00 00 00 00 0B 5F 67 6F 6F 67 6C 65 63 61 73 74 04 5F 74 63 70 05 6C 6F 63 61 6C 00 00 0C 00 01
45 00 00 44 3C 7F 00 00 01 11 CD FE AC 11 22 1F E0 00 00 FB 14 E9 14 E9 00 30 DC 77 00 00 00 00 00 01 00 00 00 00 00 00 0B 5F 67 6F 6F 67 6C 65 63 61 73 74 04 5F 74 63 70 05 6C 6F 63 61 6C 00 00 0C 00 01
45 00 00 28 E3 66 40 00 80 06 00 00 AC 11 22 89 C7 E8 FE DB DD B9 01 BB 1F 6E 06 59 B4 1E 3D 0A 50 10 01 FE 95 79 00 00
45 00 00 28 E3 67 40 00 80 06 00 00 AC 11 22 89 C7 E8 FE DB DD B9 01 BB 1F 6E 06 59 B4 1E 42 92 50 10 02 03 95 79 00 00
45 00 00 28 E3 68 40 00 80 06 00 00 AC 11 22 89 C7 E8 FE DB DD B9 01 BB 1F 6E 06 59 B4 1E 48 1A 50 10 01 FE 95 79 00 00
45 00 00 28 E3 69 40 00 80 06 00 00 AC 11 22 89 C7 E8 FE DB DD B9 01 BB 1F 6E 06 59 B4 1E 4D A2 50 10 02 03 95 79 00 00
45 00 00 28 E3 6A 40 00 80 06 00 00 AC 11 22 89 C7 E8 FE DB DD B9 01 BB 1F 6E 06 59 B4 1E 53 2A 50 10 01 FE 95 79 00 00
45 00 00 28 E3 6B 40 00 80 06 00 00 AC 11 22 89 C7 E8 FE DB DD B9 01 BB 1F 6E 06 59 B4 1E 58 B2 50 10 02 03 95 79 00 00
45 00 00 28 E3 6C 40 00 80 06 00 00 AC 11 22 89 C7 E8 FE DB DD B9 01 BB 1F 6E 06 59 B4 1E 63 C2 50 10 02 03 95 79 00 00
45 00 00 28 E3 6D 40 00 80 06 00 00 AC 11 22 89 C7 E8 FE DB DD B9 01 BB 1F 6E 06 59 B4 1E 69 4A 50 10 01 FE 95 79 00 00
45 00 00 34 E3 6E 40 00 80 06 00 00 AC 11 22 89 C7 E8 FE DB DD B9 01 BB 1F 6E 06 59 B4 1E 69 4A 80 10 01 FE 95 85 00 00 01 01 05 0A B4 1E 6E D2 B4 1E 79 E2
45 00 00 34 E3 6F 40 00 80 06 00 00 AC 11 22 89 C7 E8 FE DB DD B9 01 BB 1F 6E 06 59 B4 1E 69 4A 80 10 01 FE 95 85 00 00 01 01 05 0A B4 1E 6E D2 B4 1E 7F 6A
45 00 00 34 E3 70 40 00 80 06 00 00 AC 11 22 89 C7 E8 FE DB DD B9 01 BB 1F 6E 06 59 B4 1E 69 4A 80 10 01 FE 95 85 00 00 01 01 05 0A B4 1E 6E D2 B4 1E 84 F2
45 00 00 28 E3 71 40 00 80 06 00 00 AC 11 22 89 C7 E8 FE DB DD B9 01 BB 1F 6E 06 59 B4 1E 84 F2 50 10 02 03 95 79 00 00
45 00 00 49 04 F2 40 00 FF 11 C6 B5 AC 11 22 EF E0 00 00 FB 14 E9 14 E9 00 35 FE 76 00 00 00 00 00 01 00 00 00 00 00 00 10 5F 73 70 6F 74 69 66 79 2D 63 6F 6E 6E 65 63 74 04 5F 74 63 70 05 6C 6F 63 61 6C 00 00 0C 00 01
60 0B 61 63 00 35 11 FF FE 80 00 00 00 00 00 00 50 C8 AE FF FE 48 F6 9B FF 02 00 00 00 00 00 00 00 00 00 00 00 00 00 FB 14 E9 14 E9 00 35 BB 47 00 00 00 00 00 01 00 00 00 00 00 00 10 5F 73 70 6F 74 69 66 79 2D 63 6F 6E 6E 65 63 74 04 5F 74 63 70 05 6C 6F 63 61 6C 00 00 0C 00 01
45 00 00 28 E3 72 40 00 80 06 00 00 AC 11 22 89 C7 E8 FE DB DD B9 01 BB 1F 6E 06 59 B4 1E 90 02 50 10 02 03 95 79 00 00
45 00 00 47 27 D8 00 00 01 11 E1 E9 AC 11 22 D8 E0 00 00 FB 14 E9 14 E9 00 33 7C 53 00 00 00 00 00 01 00 00 00 00 00 00 0E 5F 6D 69 63 72 6F 73 6F 66 74 5F 6D 63 63 04 5F 74 63 70 05 6C 6F 63 61 6C 00 00 0C 80 01
60 0D 69 FE 00 33 11 01 FE 80 00 00 00 00 00 00 A6 A9 E3 42 37 94 B0 45 FF 02 00 00 00 00 00 00 00 00 00 00 00 00 00 FB 14 E9 14 E9 00 33 BB F3 00 00 00 00 00 01 00 00 00 00 00 00 0E 5F 6D 69 63 72 6F 73 6F 66 74 5F 6D 63 63 04 5F 74 63 70 05 6C 6F 63 61 6C 00 00 0C 80 01
45 00 00 28 E3 73 40 00 80 06 00 00 AC 11 22 89 C7 E8 FE DB DD B9 01 BB 1F 6E 06 59 B4 1E 9B 12 50 10 02 03 95 79 00 00
45 00 00 28 E3 74 40 00 80 06 00 00 AC 11 22 89 C7 E8 FE DB DD B9 01 BB 1F 6E 06 59 B4 1E A0 9A 50 10 01 FE 95 79 00 00
45 00 00 28 E3 75 40 00 80 06 00 00 AC 11 22 89 C7 E8 FE DB DD B9 01 BB 1F 6E 06 59 B4 1E AB AA 50 10 02 03 95 79 00 00
45 00 00 28 E3 76 40 00 80 06 00 00 AC 11 22 89 C7 E8 FE DB DD B9 01 BB 1F 6E 06 59 B4 1E AC 71 50 10 02 03 95 79 00 00
45 00 00 28 F9 C9 40 00 80 06 00 00 AC 11 22 89 8E FB 55 E7 DD 4D 01 BB 2B E4 E4 10 3B 42 0B AC 50 11 02 00 B3 97 00 00
45 00 00 44 3C 80 00 00 01 11 CD FD AC 11 22 1F E0 00 00 FB 14 E9 14 E9 00 30 DC 77 00 00 00 00 00 01 00 00 00 00 00 00 0B 5F 67 6F 6F 67 6C 65 63 61 73 74 04 5F 74 63 70 05 6C 6F 63 61 6C 00 00 0C 00 01
60 09 8C 8C 00 30 11 01 FE 80 00 00 00 00 00 00 CC AA 74 22 E1 8F DE D9 FF 02 00 00 00 00 00 00 00 00 00 00 00 00 00 FB 14 E9 14 E9 00 30 8B EE 00 00 00 00 00 01 00 00 00 00 00 00 0B 5F 67 6F 6F 67 6C 65 63 61 73 74 04 5F 74 63 70 05 6C 6F 63 61 6C 00 00 0C 00 01
45 00 00 44 3C 81 00 00 01 11 CD FC AC 11 22 1F E0 00 00 FB 14 E9 14 E9 00 30 DC 77 00 00 00 00 00 01 00 00 00 00 00 00 0B 5F 67 6F 6F 67 6C 65 63 61 73 74 04 5F 74 63 70 05 6C 6F 63 61 6C 00 00 0C 00 01
60 09 8C 8C 00 30 11 01 FE 80 00 00 00 00 00 00 CC AA 74 22 E1 8F DE D9 FF 02 00 00 00 00 00 00 00 00 00 00 00 00 00 FB 14 E9 14 E9 00 30 8B EE 00 00 00 00 00 01 00 00 00 00 00 00 0B 5F 67 6F 6F 67 6C 65 63 61 73 74 04 5F 74 63 70 05 6C 6F 63 61 6C 00 00 0C 00 01
45 00 00 28 E3 77 40 00 80 06 00 00 AC 11 22 89 C7 E8 FE DB DD B9 01 BB 1F 6E 06 59 B4 1E B1 F9 50 10 02 03 95 79 00 00
45 00 00 28 F9 CA 40 00 80 06 00 00 AC 11 22 89 8E FB 55 E7 DD 4D 01 BB 2B E4 E4 11 3B 42 0B AD 50 10 02 00 B3 97 00 00
45 00 00 28 E3 78 40 00 80 06 00 00 AC 11 22 89 C7 E8 FE DB DD B9 01 BB 1F 6E 06 59 B4 1E B7 81 50 10 01 FE 95 79 00 00
45 00 00 34 E3 79 40 00 80 06 00 00 AC 11 22 89 C7 E8 FE DB DD B9 01 BB 1F 6E 06 59 B4 1E B7 81 80 10 01 FE 95 85 00 00 01 01 05 0A B4 1E C2 91 B4 1E C8 19
45 00 00 28 14 0B 40 00 80 06 00 00 AC 11 22 89 9D F0 0D 36 DC 25 01 BB 42 06 ED CA 52 70 09 0D 50 10 02 02 79 DB 00 00
45 00 00 34 E3 7A 40 00 80 06 00 00 AC 11 22 89 C7 E8 FE DB DD B9 01 BB 1F 6E 06 59 B4 1E B7 81 80 10 01 FE 95 85 00 00 01 01 05 0A B4 1E C2 91 B4 1E CD A1
45 00 00 47 27 D9 00 00 01 11 E1 E8 AC 11 22 D8 E0 00 00 FB 14 E9 14 E9 00 33 7C D3 00 00 00 00 00 01 00 00 00 00 00 00 0E 5F 6D 69 63 72 6F 73 6F 66 74 5F 6D 63 63 04 5F 74 63 70 05 6C 6F 63 61 6C 00 00 0C 00 01
60 0D 69 FE 00 33 11 01 FE 80 00 00 00 00 00 00 A6 A9 E3 42 37 94 B0 45 FF 02 00 00 00 00 00 00 00 00 00 00 00 00 00 FB 14 E9 14 E9 00 33 BC 73 00 00 00 00 00 01 00 00 00 00 00 00 0E 5F 6D 69 63 72 6F 73 6F 66 74 5F 6D 63 63 04 5F 74 63 70 05 6C 6F 63 61 6C 00 00 0C 00 01
45 00 00 34 E3 7B 40 00 80 06 00 00 AC 11 22 89 C7 E8 FE DB DD B9 01 BB 1F 6E 06 59 B4 1E BD 09 80 10 02 03 95 85 00 00 01 01 05 0A B4 1E C2 91 B4 1E CD A1
45 00 00 28 E3 7C 40 00 80 06 00 00 AC 11 22 89 C7 E8 FE DB DD B9 01 BB 1F 6E 06 59 B4 1E CD A1 50 10 02 03 95 79 00 00
45 00 00 4E 85 3C 00 00 80 11 18 0B AC 11 22 36 AC 11 22 FF 00 89 00 89 00 3A 3D 5F AF 39 01 10 00 01 00 00 00 00 00 00 20 45 45 46 43 45 46 45 42 45 4E 45 43 45 50 46 4A 43 41 43 41 43 41 43 41 43 41 43 41 43 41 42 4D 00 00 20 00 01
45 00 00 28 E3 7D 40 00 80 06 00 00 AC 11 22 89 C7 E8 FE DB DD B9 01 BB 1F 6E 06 59 B4 1E D3 29 50 10 01 FE 95 79 00 00
45 00 00 28 E3 7E 40 00 80 06 00 00 AC 11 22 89 C7 E8 FE DB DD B9 01 BB 1F 6E 06 59 B4 1E D8 B1 50 10 02 03 95 79 00 00
45 00 00 28 E3 7F 40 00 80 06 00 00 AC 11 22 89 C7 E8 FE DB DD B9 01 BB 1F 6E 06 59 B4 1E E3 C1 50 10 02 03 95 79 00 00
45 00 00 28 E3 80 40 00 80 06 00 00 AC 11 22 89 C7 E8 FE DB DD B9 01 BB 1F 6E 06 59 B4 1E E9 49 50 10 01 FE 95 79 00 00
45 00 00 49 06 A0 40 00 FF 11 C5 07 AC 11 22 EF E0 00 00 FB 14 E9 14 E9 00 35 FE 76 00 00 00 00 00 01 00 00 00 00 00 00 10 5F 73 70 6F 74 69 66 79 2D 63 6F 6E 6E 65 63 74 04 5F 74 63 70 05 6C 6F 63 61 6C 00 00 0C 00 01
60 0B 61 63 00 35 11 FF FE 80 00 00 00 00 00 00 50 C8 AE FF FE 48 F6 9B FF 02 00 00 00 00 00 00 00 00 00 00 00 00 00 FB 14 E9 14 E9 00 35 BB 47 00 00 00 00 00 01 00 00 00 00 00 00 10 5F 73 70 6F 74 69 66 79 2D 63 6F 6E 6E 65 63 74 04 5F 74 63 70 05 6C 6F 63 61 6C 00 00 0C 00 01
45 00 00 34 E3 81 40 00 80 06 00 00 AC 11 22 89 C7 E8 FE DB DD B9 01 BB 1F 6E 06 59 B4 1E E9 49 80 10 01 FE 95 85 00 00 01 01 05 0A B4 1E EE D1 B4 1E F4 59
45 00 00 34 E3 82 40 00 80 06 00 00 AC 11 22 89 C7 E8 FE DB DD B9 01 BB 1F 6E 06 59 B4 1E E9 49 80 10 01 FE 95 85 00 00 01 01 05 0A B4 1E EE D1 B4 1E F9 E1
45 00 00 4E 85 3D 00 00 80 11 18 0A AC 11 22 36 AC 11 22 FF 00 89 00 89 00 3A 3D 5F AF 39 01 10 00 01 00 00 00 00 00 00 20 45 45 46 43 45 46 45 42 45 4E 45 43 45 50 46 4A 43 41 43 41 43 41 43 41 43 41 43 41 43 41 42 4D 00 00 20 00 01
45 00 00 28 F5 91 40 00 80 06 00 00 AC 11 22 89 8E FA CD E1 DD 4C 01 BB 85 6C 59 01 33 6C E3 25 50 10 01 FD 2B 91 00 00
45 00 00 28 F5 92 40 00 80 06 00 00 AC 11 22 89 8E FA CD E1 DD 4B 01 BB 91 E1 98 CA 64 AF 9F 93 50 10 01 FD 2B 91 00 00
45 00 00 34 E3 83 40 00 80 06 00 00 AC 11 22 89 C7 E8 FE DB DD B9 01 BB 1F 6E 06 59 B4 1E E9 49 80 10 01 FE 95 85 00 00 01 01 05 0A B4 1E EE D1 B4 1E FF 69
60 06 C0 05 00 35 11 FF FE 80 00 00 00 00 00 00 CE 21 5B 00 C6 8D 7F 8D FF 02 00 00 00 00 00 00 00 00 00 00 00 00 00 FB 14 E9 14 E9 00 35 40 B7 00 00 00 00 00 01 00 00 00 00 00 00 10 5F 73 70 6F 74 69 66 79 2D 63 6F 6E 6E 65 63 74 04 5F 74 63 70 05 6C 6F 63 61 6C 00 00 0C 00 01
45 00 00 49 3F DD 00 00 FF 11 CC 7D AC 11 22 3C E0 00 00 FB 14 E9 14 E9 00 35 FF 29 00 00 00 00 00 01 00 00 00 00 00 00 10 5F 73 70 6F 74 69 66 79 2D 63 6F 6E 6E 65 63 74 04 5F 74 63 70 05 6C 6F 63 61 6C 00 00 0C 00 01
45 00 00 34 E3 84 40 00 80 06 00 00 AC 11 22 89 C7 E8 FE DB DD B9 01 BB 1F 6E 06 59 B4 1E E9 49 80 10 01 FE 95 85 00 00 01 01 05 0A B4 1E EE D1 B4 1F 04 F1
45 00 00 28 E3 85 40 00 80 06 00 00 AC 11 22 89 C7 E8 FE DB DD B9 01 BB 1F 6E 06 59 B4 1F 04 F1 50 10 02 03 95 79 00 00
45 00 00 28 E3 86 40 00 80 06 00 00 AC 11 22 89 C7 E8 FE DB DD B9 01 BB 1F 6E 06 59 B4 1F 10 01 50 10 02 03 95 79 00 00
45 00 00 28 E3 87 40 00 80 06 00 00 AC 11 22 89 C7 E8 FE DB DD B9 01 BB 1F 6E 06 59 B4 1F 1B 11 50 10 02 03 95 79 00 00
45 00 00 4E 85 3E 00 00 80 11 18 09 AC 11 22 36 AC 11 22 FF 00 89 00 89 00 3A 3D 5F AF 39 01 10 00 01 00 00 00 00 00 00 20 45 45 46 43 45 46 45 42 45 4E 45 43 45 50 46 4A 43 41 43 41 43 41 43 41 43 41 43 41 43 41 42 4D 00 00 20 00 01
45 00 00 34 E3 88 40 00 80 06 00 00 AC 11 22 89 C7 E8 FE DB DD B9 01 BB 1F 6E 06 59 B4 1F 1B 11 80 10 02 03 95 85 00 00 01 01 05 0A B4 1F 20 99 B4 1F 26 21
45 00 00 34 E3 89 40 00 80 06 00 00 AC 11 22 89 C7 E8 FE DB DD B9 01 BB 1F 6E 06 59 B4 1F 1B 11 80 10 02 03 95 85 00 00 01 01 05 0A B4 1F 20 99 B4 1F 2B A9
45 00 00 28 E3 8A 40 00 80 06 00 00 AC 11 22 89 C7 E8 FE DB DD B9 01 BB 1F 6E 06 59 B4 1F 2B A9 50 10 02 03 95 79 00 00
45 00 00 28 E3 8B 40 00 80 06 00 00 AC 11 22 89 C7 E8 FE DB DD B9 01 BB 1F 6E 06 59 B4 1F 31 31 50 10 01 FE 95 79 00 00
45 00 00 47 5F 92 00 00 01 11 AA CC AC 11 22 3B E0 00 00 FB 14 E9 14 E9 00 33 7C F0 00 00 00 00 00 01 00 00 00 00 00 00 0E 5F 6D 69 63 72 6F 73 6F 66 74 5F 6D 63 63 04 5F 74 63 70 05 6C 6F 63 61 6C 00 00 0C 80 01
60 0B E2 DD 00 33 11 01 FE 80 00 00 00 00 00 00 CF 0D 0A 26 98 59 CB 14 FF 02 00 00 00 00 00 00 00 00 00 00 00 00 00 FB 14 E9 14 E9 00 33 F1 17 00 00 00 00 00 01 00 00 00 00 00 00 0E 5F 6D 69 63 72 6F 73 6F 66 74 5F 6D 63 63 04 5F 74 63 70 05 6C 6F 63 61 6C 00 00 0C 80 01
45 00 00 28 E3 8C 40 00 80 06 00 00 AC 11 22 89 C7 E8 FE DB DD B9 01 BB 1F 6E 06 59 B4 1F 36 B9 50 10 02 03 95 79 00 00
45 00 00 28 E3 8D 40 00 80 06 00 00 AC 11 22 89 C7 E8 FE DB DD B9 01 BB 1F 6E 06 59 B4 1F 41 C9 50 10 02 03 95 79 00 00
45 00 00 28 E3 8E 40 00 80 06 00 00 AC 11 22 89 C7 E8 FE DB DD B9 01 BB 1F 6E 06 59 B4 1F 47 51 50 10 01 FE 95 79 00 00
60 0B 61 63 00 35 11 FF FE 80 00 00 00 00 00 00 50 C8 AE FF FE 48 F6 9B FF 02 00 00 00 00 00 00 00 00 00 00 00 00 00 FB 14 E9 14 E9 00 35 BB 47 00 00 00 00 00 01 00 00 00 00 00 00 10 5F 73 70 6F 74 69 66 79 2D 63 6F 6E 6E 65 63 74 04 5F 74 63 70 05 6C 6F 63 61 6C 00 00 0C 00 01
45 00 00 49 08 39 40 00 FF 11 C3 6E AC 11 22 EF E0 00 00 FB 14 E9 14 E9 00 35 FE 76 00 00 00 00 00 01 00 00 00 00 00 00 10 5F 73 70 6F 74 69 66 79 2D 63 6F 6E 6E 65 63 74 04 5F 74 63 70 05 6C 6F 63 61 6C 00 00 0C 00 01
45 00 00 28 E3 8F 40 00 80 06 00 00 AC 11 22 89 C7 E8 FE DB DD B9 01 BB 1F 6E 06 59 B4 1F 52 61 50 10 02 03 95 79 00 00
45 00 00 28 E3 90 40 00 80 06 00 00 AC 11 22 89 C7 E8 FE DB DD B9 01 BB 1F 6E 06 59 B4 1F 57 E9 50 10 01 FE 95 79 00 00
45 00 00 28 E3 91 40 00 80 06 00 00 AC 11 22 89 C7 E8 FE DB DD B9 01 BB 1F 6E 06 59 B4 1F 5D 71 50 10 02 03 95 79 00 00
45 00 00 28 E3 92 40 00 80 06 00 00 AC 11 22 89 C7 E8 FE DB DD B9 01 BB 1F 6E 06 59 B4 1F 6E 09 50 10 02 03 95 79 00 00
45 00 00 47 5F 93 00 00 01 11 AA CB AC 11 22 3B E0 00 00 FB 14 E9 14 E9 00 33 7D 70 00 00 00 00 00 01 00 00 00 00 00 00 0E 5F 6D 69 63 72 6F 73 6F 66 74 5F 6D 63 63 04 5F 74 63 70 05 6C 6F 63 61 6C 00 00 0C 00 01
60 0B E2 DD 00 33 11 01 FE 80 00 00 00 00 00 00 CF 0D 0A 26 98 59 CB 14 FF 02 00 00 00 00 00 00 00 00 00 00 00 00 00 FB 14 E9 14 E9 00 33 F1 97 00 00 00 00 00 01 00 00 00 00 00 00 0E 5F 6D 69 63 72 6F 73 6F 66 74 5F 6D 63 63 04 5F 74 63 70 05 6C 6F 63 61 6C 00 00 0C 00 01
60 0A 3B B3 00 67 11 01 FE 80 00 00 00 00 00 00 C6 6A B2 99 C0 11 8F 1E FF 02 00 00 00 00 00 00 00 00 00 00 00 01 00 02 02 22 02 23 00 67 5F 86 01 31 1F 29 00 08 00 02 00 00 00 01 00 0E 00 01 00 01 2A 77 B8 F9 E4 A8 DF E3 57 47 00 03 00 0C 06 E4 A8 DF 00 00 00 00 00 00 00 00 00 27 00 11 00 0F 4C 41 50 54 4F 50 2D 43 41 34 47 30 36 54 4F 00 10 00 0E 00 00 01 37 00 08 4D 53 46 54 20 35 2E 30 00 06 00 08 00 11 00 17 00 18 00 27
45 00 00 28 E3 93 40 00 80 06 00 00 AC 11 22 89 C7 E8 FE DB DD B9 01 BB 1F 6E 06 59 B4 1F 73 91 50 10 01 FE 95 79 00 00
45 00 00 28 E3 94 40 00 80 06 00 00 AC 11 22 89 C7 E8 FE DB DD B9 01 BB 1F 6E 06 59 B4 1F 7E A1 50 10 02 03 95 79 00 00
45 00 00 28 E3 95 40 00 80 06 00 00 AC 11 22 89 C7 E8 FE DB DD B9 01 BB 1F 6E 06 59 B4 1F 84 29 50 10 01 FE 95 79 00 00
45 00 00 28 E3 96 40 00 80 06 00 00 AC 11 22 89 C7 E8 FE DB DD B9 01 BB 1F 6E 06 59 B4 1F 8F 39 50 10 02 03 95 79 00 00
45 00 00 34 43 91 00 00 36 06 72 DB 22 6B DD 52 AC 11 22 89 00 50 DB 67 33 43 CA D3 CF 05 3A B0 80 10 01 26 B3 4F 00 00 01 01 05 0A CF 05 3A AF CF 05 3A B0
45 00 00 34 D5 76 00 00 36 06 E0 F5 22 6B DD 52 AC 11 22 89 00 50 DB 6A 56 33 83 4D 0A 75 16 47 80 10 01 26 92 D0 00 00 01 01 05 0A 0A 75 16 46 0A 75 16 47
45 00 00 28 E3 97 40 00 80 06 00 00 AC 11 22 89 C7 E8 FE DB DD B9 01 BB 1F 6E 06 59 B4 1F 94 C1 50 10 01 FE 95 79 00 00
45 00 00 34 E3 98 40 00 80 06 00 00 AC 11 22 89 C7 E8 FE DB DD B9 01 BB 1F 6E 06 59 B4 1F 94 C1 80 10 01 FE 95 85 00 00 01 01 05 0A B4 1F 9A 49 B4 1F 9F D1
45 00 00 34 E3 99 40 00 80 06 00 00 AC 11 22 89 C7 E8 FE DB DD B9 01 BB 1F 6E 06 59 B4 1F 94 C1 80 10 01 FE 95 85 00 00 01 01 05 0A B4 1F 9A 49 B4 1F A5 59
45 00 00 34 C7 18 00 00 35 06 31 02 98 C3 26 4C AC 11 22 89 00 50 DD 7E FC B2 71 58 57 7B 21 28 80 10 00 85 35 CB 00 00 01 01 05 0A 57 7B 21 27 57 7B 21 28
45 00 00 34 E3 9A 40 00 80 06 00 00 AC 11 22 89 C7 E8 FE DB DD B9 01 BB 1F 6E 06 59 B4 1F 94 C1 80 10 01 FE 95 85 00 00 01 01 05 0A B4 1F 9A 49 B4 1F AA E1
45 00 00 34 E3 9B 40 00 80 06 00 00 AC 11 22 89 C7 E8 FE DB DD B9 01 BB 1F 6E 06 59 B4 1F 94 C1 80 10 01 FE 95 85 00 00 01 01 05 0A B4 1F 9A 49 B4 1F B0 69
60 0A 3B B3 00 67 11 01 FE 80 00 00 00 00 00 00 C6 6A B2 99 C0 11 8F 1E FF 02 00 00 00 00 00 00 00 00 00 00 00 01 00 02 02 22 02 23 00 67 5F 21 01 31 1F 29 00 08 00 02 00 65 00 01 00 0E 00 01 00 01 2A 77 B8 F9 E4 A8 DF E3 57 47 00 03 00 0C 06 E4 A8 DF 00 00 00 00 00 00 00 00 00 27 00 11 00 0F 4C 41 50 54 4F 50 2D 43 41 34 47 30 36 54 4F 00 10 00 0E 00 00 01 37 00 08 4D 53 46 54 20 35 2E 30 00 06 00 08 00 11 00 17 00 18 00 27
60 02 85 BA 00 60 11 01 FE 80 00 00 00 00 00 00 FB 59 FD 50 74 B1 C8 14 FF 02 00 00 00 00 00 00 00 00 00 00 00 01 00 02 02 22 02 23 00 60 19 50 01 FD 91 88 00 08 00 02 00 00 00 01 00 0E 00 01 00 01 2C 7D 5D DB C4 65 16 2D E5 5A 00 03 00 0C 06 C4 65 16 00 00 00 00 00 00 00 00 00 27 00 0A 00 08 41 62 68 79 75 64 61 79 00 10 00 0E 00 00 01 37 00 08 4D 53 46 54 20 35 2E 30 00 06 00 08 00 11 00 17 00 18 00 27
45 00 00 28 E3 9C 40 00 80 06 00 00 AC 11 22 89 C7 E8 FE DB DD B9 01 BB 1F 6E 06 59 B4 1F B0 69 50 10 02 03 95 79 00 00
45 00 00 28 E3 9D 40 00 80 06 00 00 AC 11 22 89 C7 E8 FE DB DD B9 01 BB 1F 6E 06 59 B4 1F B1 03 50 10 02 03 95 79 00 00
60 0B 61 63 00 35 11 FF FE 80 00 00 00 00 00 00 50 C8 AE FF FE 48 F6 9B FF 02 00 00 00 00 00 00 00 00 00 00 00 00 00 FB 14 E9 14 E9 00 35 BB 47 00 00 00 00 00 01 00 00 00 00 00 00 10 5F 73 70 6F 74 69 66 79 2D 63 6F 6E 6E 65 63 74 04 5F 74 63 70 05 6C 6F 63 61 6C 00 00 0C 00 01
45 00 00 49 09 3C 40 00 FF 11 C2 6B AC 11 22 EF E0 00 00 FB 14 E9 14 E9 00 35 FE 76 00 00 00 00 00 01 00 00 00 00 00 00 10 5F 73 70 6F 74 69 66 79 2D 63 6F 6E 6E 65 63 74 04 5F 74 63 70 05 6C 6F 63 61 6C 00 00 0C 00 01
45 00 00 34 E3 9E 40 00 80 06 00 00 AC 11 22 89 C7 E8 FE DB DD B9 01 BB 1F 6E 06 59 B4 1F B1 03 80 10 02 03 95 85 00 00 01 01 05 0A B4 1F B6 8B B4 1F BC 13
45 00 00 34 E3 9F 40 00 80 06 00 00 AC 11 22 89 C7 E8 FE DB DD B9 01 BB 1F 6E 06 59 B4 1F B1 03 80 10 02 03 95 85 00 00 01 01 05 0A B4 1F B6 8B B4 1F C1 9B
45 00 00 28 E3 A0 40 00 80 06 00 00 AC 11 22 89 C7 E8 FE DB DD B9 01 BB 1F 6E 06 59 B4 1F C1 9B 50 10 02 03 95 79 00 00
45 00 00 28 E3 A1 40 00 80 06 00 00 AC 11 22 89 C7 E8 FE DB DD B9 01 BB 1F 6E 06 59 B4 1F C7 23 50 10 01 FE 95 79 00 00
45 00 00 28 E3 A2 40 00 80 06 00 00 AC 11 22 89 C7 E8 FE DB DD B9 01 BB 1F 6E 06 59 B4 1F CC AB 50 10 02 03 95 79 00 00
60 02 85 BA 00 60 11 01 FE 80 00 00 00 00 00 00 FB 59 FD 50 74 B1 C8 14 FF 02 00 00 00 00 00 00 00 00 00 00 00 01 00 02 02 22 02 23 00 60 18 EB 01 FD 91 88 00 08 00 02 00 65 00 01 00 0E 00 01 00 01 2C 7D 5D DB C4 65 16 2D E5 5A 00 03 00 0C 06 C4 65 16 00 00 00 00 00 00 00 00 00 27 00 0A 00 08 41 62 68 79 75 64 61 79 00 10 00 0E 00 00 01 37 00 08 4D 53 46 54 20 35 2E 30 00 06 00 08 00 11 00 17 00 18 00 27
45 00 00 28 5F A4 40 00 80 06 00 00 AC 11 22 89 14 CC F4 C0 DD 72 01 BB C8 85 D9 12 F4 C3 58 52 50 10 02 05 D8 41 00 00
45 00 00 28 5F A7 40 00 80 06 00 00 AC 11 22 89 14 CC F4 C0 DD 72 01 BB C8 85 D9 51 F4 C3 58 52 50 11 02 05 D8 41 00 00
45 00 00 34 E3 A3 40 00 80 06 00 00 AC 11 22 89 C7 E8 FE DB DD B9 01 BB 1F 6E 06 59 B4 1F CC AB 80 10 02 03 95 85 00 00 01 01 05 0A B4 1F D7 BB B4 1F DD 43
45 00 00 34 E3 A4 40 00 80 06 00 00 AC 11 22 89 C7 E8 FE DB DD B9 01 BB 1F 6E 06 59 B4 1F D2 33 80 10 01 FE 95 85 00 00 01 01 05 0A B4 1F D7 BB B4 1F DD 43
60 0A 3B B3 00 67 11 01 FE 80 00 00 00 00 00 00 C6 6A B2 99 C0 11 8F 1E FF 02 00 00 00 00 00 00 00 00 00 00 00 01 00 02 02 22 02 23 00 67 5E 59 01 31 1F 29 00 08 00 02 01 2D 00 01 00 0E 00 01 00 01 2A 77 B8 F9 E4 A8 DF E3 57 47 00 03 00 0C 06 E4 A8 DF 00 00 00 00 00 00 00 00 00 27 00 11 00 0F 4C 41 50 54 4F 50 2D 43 41 34 47 30 36 54 4F 00 10 00 0E 00 00 01 37 00 08 4D 53 46 54 20 35 2E 30 00 06 00 08 00 11 00 17 00 18 00 27
45 00 00 28 E3 A5 40 00 80 06 00 00 AC 11 22 89 C7 E8 FE DB DD B9 01 BB 1F 6E 06 59 B4 1F DD 43 50 10 02 03 95 79 00 00
45 00 00 28 E3 A6 40 00 80 06 00 00 AC 11 22 89 C7 E8 FE DB DD B9 01 BB 1F 6E 06 59 B4 1F E2 CB 50 10 01 FE 95 79 00 00
45 00 00 28 E3 A7 40 00 80 06 00 00 AC 11 22 89 C7 E8 FE DB DD B9 01 BB 1F 6E 06 59 B4 1F E8 53 50 10 02 03 95 79 00 00
45 00 00 49 0A 1A 40 00 FF 11 C1 8D AC 11 22 EF E0 00 00 FB 14 E9 14 E9 00 35 FE 76 00 00 00 00 00 01 00 00 00 00 00 00 10 5F 73 70 6F 74 69 66 79 2D 63 6F 6E 6E 65 63 74 04 5F 74 63 70 05 6C 6F 63 61 6C 00 00 0C 00 01
60 0B 61 63 00 35 11 FF FE 80 00 00 00 00 00 00 50 C8 AE FF FE 48 F6 9B FF 02 00 00 00 00 00 00 00 00 00 00 00 00 00 FB 14 E9 14 E9 00 35 BB 47 00 00 00 00 00 01 00 00 00 00 00 00 10 5F 73 70 6F 74 69 66 79 2D 63 6F 6E 6E 65 63 74 04 5F 74 63 70 05 6C 6F 63 61 6C 00 00 0C 00 01
45 00 00 28 E3 A8 40 00 80 06 00 00 AC 11 22 89 C7 E8 FE DB DD B9 01 BB 1F 6E 06 59 B4 1F ED DB 50 10 01 FE 95 79 00 00
45 00 00 28 E3 A9 40 00 80 06 00 00 AC 11 22 89 C7 E8 FE DB DD B9 01 BB 1F 6E 06 59 B4 1F F3 63 50 10 02 03 95 79 00 00
45 00 00 28 E3 AA 40 00 80 06 00 00 AC 11 22 89 C7 E8 FE DB DD B9 01 BB 1F 6E 06 59 B4 1F FE 73 50 10 02 03 95 79 00 00
45 00 00 28 E3 AB 40 00 80 06 00 00 AC 11 22 89 C7 E8 FE DB DD B9 01 BB 1F 6E 06 59 B4 20 03 FB 50 10 01 FE 95 79 00 00
45 00 00 28 E3 AC 40 00 80 06 00 00 AC 11 22 89 C7 E8 FE DB DD B9 01 BB 1F 6E 06 59 B4 20 0F 0B 50 10 02 03 95 79 00 00
60 02 85 BA 00 60 11 01 FE 80 00 00 00 00 00 00 FB 59 FD 50 74 B1 C8 14 FF 02 00 00 00 00 00 00 00 00 00 00 00 01 00 02 02 22 02 23 00 60 18 21 01 FD 91 88 00 08 00 02 01 2F 00 01 00 0E 00 01 00 01 2C 7D 5D DB C4 65 16 2D E5 5A 00 03 00 0C 06 C4 65 16 00 00 00 00 00 00 00 00 00 27 00 0A 00 08 41 62 68 79 75 64 61 79 00 10 00 0E 00 00 01 37 00 08 4D 53 46 54 20 35 2E 30 00 06 00 08 00 11 00 17 00 18 00 27
45 00 00 28 E3 AD 40 00 80 06 00 00 AC 11 22 89 C7 E8 FE DB DD B9 01 BB 1F 6E 06 59 B4 20 14 93 50 10 01 FE 95 79 00 00
45 00 00 28 E3 AE 40 00 80 06 00 00 AC 11 22 89 C7 E8 FE DB DD B9 01 BB 1F 6E 06 59 B4 20 25 2B 50 10 02 03 95 79 00 00
45 00 00 28 E3 AF 40 00 80 06 00 00 AC 11 22 89 C7 E8 FE DB DD B9 01 BB 1F 6E 06 59 B4 20 2A B3 50 10 01 FE 95 79 00 00
45 00 00 28 E3 B0 40 00 80 06 00 00 AC 11 22 89 C7 E8 FE DB DD B9 01 BB 1F 6E 06 59 B4 20 3B 4B 50 10 02 03 95 79 00 00
45 00 00 28 E3 B1 40 00 80 06 00 00 AC 11 22 89 C7 E8 FE DB DD B9 01 BB 1F 6E 06 59 B4 20 40 D3 50 10 01 FE 95 79 00 00
45 00 00 28 E3 B2 40 00 80 06 00 00 AC 11 22 89 C7 E8 FE DB DD B9 01 BB 1F 6E 06 59 B4 20 51 6B 50 10 02 03 95 79 00 00
45 00 00 45 35 93 00 00 80 11 00 00 AC 11 22 89 AC 18 02 4C C0 D8 00 35 00 31 7D 41 71 03 01 00 00 01 00 00 00 00 00 00 03 77 77 77 0F 6D 73 66 74 63 6F 6E 6E 65 63 74 74 65 73 74 03 63 6F 6D 00 00 01 00 01
45 00 00 D5 E7 16 00 00 3F 11 17 03 AC 18 02 4C AC 11 22 89 00 35 C0 D8 00 C1 6F 85 71 03 81 80 00 01 00 05 00 00 00 00 03 77 77 77 0F 6D 73 66 74 63 6F 6E 6E 65 63 74 74 65 73 74 03 63 6F 6D 00 00 01 00 01 C0 0C 00 05 00 01 00 00 02 47 00 1D 08 6E 63 73 69 2D 67 65 6F 0E 74 72 61 66 66 69 63 6D 61 6E 61 67 65 72 03 6E 65 74 00 C0 35 00 05 00 01 00 00 38 9E 00 1D 03 77 77 77 08 6D 73 66 74 6E 63 73 69 03 63 6F 6D 09 65 64 67 65 73 75 69 74 65 C0 4D C0 5E 00 05 00 01 00 00 00 9F 00 12 05 61 31 39 36 31 02 67 32 06 61 6B 61 6D 61 69 C0 4D C0 87 00 01 00 01 00 00 00 0E 00 04 60 11 C2 F1 C0 87 00 01 00 01 00 00 00 0E 00 04 60 11 C2 F2
45 00 00 34 ED 3B 40 00 80 06 00 00 AC 11 22 89 60 11 C2 F1 DD BF 00 50 89 2B 0B 48 00 00 00 00 80 02 FA F0 F1 C3 00 00 02 04 05 B4 01 03 03 08 01 01 04 02
00 01 08 00 06 04 00 02 74 D4 DD 28 65 51 AC 11 22 89 00 5F 67 E4 23 5E AC 11 22 9A
45 00 00 34 00 00 40 00 32 06 57 27 60 11 C2 F1 AC 11 22 89 00 50 DD BF 5B D5 AC EA 89 2B 0B 49 80 12 FA F0 07 2F 00 00 02 04 05 B4 01 01 04 02 01 03 03 07
45 00 00 28 ED 3C 40 00 80 06 00 00 AC 11 22 89 60 11 C2 F1 DD BF 00 50 89 2B 0B 49 5B D5 AC EB 50 10 02 01 F1 B7 00 00
45 00 00 28 E3 B3 40 00 80 06 00 00 AC 11 22 89 C7 E8 FE DB DD B9 01 BB 1F 6E 06 59 B4 20 56 F3 50 10 01 FE 95 79 00 00
45 00 00 28 ED 3E 40 00 80 06 00 00 AC 11 22 89 60 11 C2 F1 DD BF 00 50 89 2B 0B B8 5B D5 AD A7 50 10 02 00 F1 B7 00 00
45 00 00 28 ED 3F 40 00 80 06 00 00 AC 11 22 89 60 11 C2 F1 DD BF 00 50 89 2B 0B B8 5B D5 AD A7 50 11 02 00 F1 B7 00 00
45 00 00 34 E3 B4 40 00 80 06 00 00 AC 11 22 89 C7 E8 FE DB DD B9 01 BB 1F 6E 06 59 B4 20 56 F3 80 10 01 FE 95 85 00 00 01 01 05 0A B4 20 5C 7B B4 20 62 03
45 00 00 34 E3 B5 40 00 80 06 00 00 AC 11 22 89 C7 E8 FE DB DD B9 01 BB 1F 6E 06 59 B4 20 56 F3 80 10 01 FE 95 85 00 00 01 01 05 0A B4 20 5C 7B B4 20 67 8B
45 00 00 34 E3 B6 40 00 80 06 00 00 AC 11 22 89 C7 E8 FE DB DD B9 01 BB 1F 6E 06 59 B4 20 56 F3 80 10 01 FE 95 85 00 00 01 01 05 0A B4 20 5C 7B B4 20 6D 13
45 00 00 34 E3 B7 40 00 80 06 00 00 AC 11 22 89 C7 E8 FE DB DD B9 01 BB 1F 6E 06 59 B4 20 56 F3 80 10 01 FE 95 85 00 00 01 01 05 0A B4 20 5C 7B B4 20 72 9B
45 00 00 34 E3 B8 40 00 80 06 00 00 AC 11 22 89 C7 E8 FE DB DD B9 01 BB 1F 6E 06 59 B4 20 56 F3 80 10 01 FE 95 85 00 00 01 01 05 0A B4 20 5C 7B B4 20 78 23
45 00 00 34 E3 B9 40 00 80 06 00 00 AC 11 22 89 C7 E8 FE DB DD B9 01 BB 1F 6E 06 59 B4 20 56 F3 80 10 01 FE 95 85 00 00 01 01 05 0A B4 20 5C 7B B4 20 7D AB
45 00 00 28 E3 BA 40 00 80 06 00 00 AC 11 22 89 C7 E8 FE DB DD B9 01 BB 1F 6E 06 59 B4 20 7D AB 50 10 02 03 95 79 00 00
45 00 00 28 E3 BB 40 00 80 06 00 00 AC 11 22 89 C7 E8 FE DB DD B9 01 BB 1F 6E 06 59 B4 20 83 33 50 10 01 FE 95 79 00 00
60 0B 61 63 00 35 11 FF FE 80 00 00 00 00 00 00 50 C8 AE FF FE 48 F6 9B FF 02 00 00 00 00 00 00 00 00 00 00 00 00 00 FB 14 E9 14 E9 00 35 BB 47 00 00 00 00 00 01 00 00 00 00 00 00 10 5F 73 70 6F 74 69 66 79 2D 63 6F 6E 6E 65 63 74 04 5F 74 63 70 05 6C 6F 63 61 6C 00 00 0C 00 01
45 00 00 49 0B 8F 40 00 FF 11 C0 18 AC 11 22 EF E0 00 00 FB 14 E9 14 E9 00 35 FE 76 00 00 00 00 00 01 00 00 00 00 00 00 10 5F 73 70 6F 74 69 66 79 2D 63 6F 6E 6E 65 63 74 04 5F 74 63 70 05 6C 6F 63 61 6C 00 00 0C 00 01
45 00 00 28 E3 BC 40 00 80 06 00 00 AC 11 22 89 C7 E8 FE DB DD B9 01 BB 1F 6E 06 59 B4 20 88 BB 50 10 02 03 95 79 00 00
45 00 00 28 E3 BD 40 00 80 06 00 00 AC 11 22 89 C7 E8 FE DB DD B9 01 BB 1F 6E 06 59 B4 20 93 CB 50 10 02 03 95 79 00 00
45 00 00 28 E3 BE 40 00 80 06 00 00 AC 11 22 89 C7 E8 FE DB DD B9 01 BB 1F 6E 06 59 B4 20 99 53 50 10 01 FE 95 79 00 00
45 00 00 28 E3 BF 40 00 80 06 00 00 AC 11 22 89 C7 E8 FE DB DD B9 01 BB 1F 6E 06 59 B4 20 A4 63 50 10 02 03 95 79 00 00
45 00 00 28 E3 C0 40 00 80 06 00 00 AC 11 22 89 C7 E8 FE DB DD B9 01 BB 1F 6E 06 59 B4 20 AF 73 50 10 02 03 95 79 00 00
45 00 00 28 E3 C1 40 00 80 06 00 00 AC 11 22 89 C7 E8 FE DB DD B9 01 BB 1F 6E 06 59 B4 20 B5 95 50 10 02 03 95 79 00 00
45 00 00 34 E3 C2 40 00 80 06 00 00 AC 11 22 89 C7 E8 FE DB DD B9 01 BB 1F 6E 06 59 B4 20 B5 95 80 10 02 03 95 85 00 00 01 01 05 0A B4 20 C0 A5 B4 20 CB B5
45 00 00 34 E3 C3 40 00 80 06 00 00 AC 11 22 89 C7 E8 FE DB DD B9 01 BB 1F 6E 06 59 B4 20 B5 95 80 10 02 03 95 85 00 00 01 01 05 0A B4 20 C0 A5 B4 20 D6 C5
45 00 00 28 E3 C4 40 00 80 06 00 00 AC 11 22 89 C7 E8 FE DB DD B9 01 BB 1F 6E 06 59 B4 20 D6 C5 50 10 02 03 95 79 00 00
45 00 00 28 E3 C5 40 00 80 06 00 00 AC 11 22 89 C7 E8 FE DB DD B9 01 BB 1F 6E 06 59 B4 20 E1 D5 50 10 02 03 95 79 00 00
45 00 00 28 E3 C6 40 00 80 06 00 00 AC 11 22 89 C7 E8 FE DB DD B9 01 BB 1F 6E 06 59 B4 20 EC E5 50 10 02 03 95 79 00 00
45 00 00 28 E3 C7 40 00 80 06 00 00 AC 11 22 89 C7 E8 FE DB DD B9 01 BB 1F 6E 06 59 B4 20 F7 F5 50 10 02 03 95 79 00 00
45 00 00 28 E3 C8 40 00 80 06 00 00 AC 11 22 89 C7 E8 FE DB DD B9 01 BB 1F 6E 06 59 B4 21 03 05 50 10 02 03 95 79 00 00
45 00 00 34 00 00 40 00 36 06 7D C8 17 2F E1 32 AC 11 22 89 01 BB DD 74 05 00 0B 5B 11 B0 CC E4 80 12 FA F0 DE F4 00 00 02 04 05 B4 01 01 04 02 01 03 03 07
45 00 00 28 E3 C9 40 00 80 06 00 00 AC 11 22 89 C7 E8 FE DB DD B9 01 BB 1F 6E 06 59 B4 21 0E 15 50 10 02 03 95 79 00 00
60 0A 3B B3 00 67 11 01 FE 80 00 00 00 00 00 00 C6 6A B2 99 C0 11 8F 1E FF 02 00 00 00 00 00 00 00 00 00 00 00 01 00 02 02 22 02 23 00 67 5C C9 01 31 1F 29 00 08 00 02 02 BD 00 01 00 0E 00 01 00 01 2A 77 B8 F9 E4 A8 DF E3 57 47 00 03 00 0C 06 E4 A8 DF 00 00 00 00 00 00 00 00 00 27 00 11 00 0F 4C 41 50 54 4F 50 2D 43 41 34 47 30 36 54 4F 00 10 00 0E 00 00 01 37 00 08 4D 53 46 54 20 35 2E 30 00 06 00 08 00 11 00 17 00 18 00 27
45 00 00 28 E3 CA 40 00 80 06 00 00 AC 11 22 89 C7 E8 FE DB DD B9 01 BB 1F 6E 06 59 B4 21 19 25 50 10 02 03 95 79 00 00
45 00 00 49 8C B4 00 00 FF 11 7F 38 AC 11 22 AA E0 00 00 FB 14 E9 14 E9 00 35 FE BB 00 00 00 00 00 01 00 00 00 00 00 00 10 5F 73 70 6F 74 69 66 79 2D 63 6F 6E 6E 65 63 74 04 5F 74 63 70 05 6C 6F 63 61 6C 00 00 0C 00 01
60 06 35 18 00 35 11 FF FE 80 00 00 00 00 00 00 94 80 E7 FC 62 80 B0 C5 FF 02 00 00 00 00 00 00 00 00 00 00 00 00 00 FB 14 E9 14 E9 00 35 20 31 00 00 00 00 00 01 00 00 00 00 00 00 10 5F 73 70 6F 74 69 66 79 2D 63 6F 6E 6E 65 63 74 04 5F 74 63 70 05 6C 6F 63 61 6C 00 00 0C 00 01
45 00 00 28 E3 CB 40 00 80 06 00 00 AC 11 22 89 C7 E8 FE DB DD B9 01 BB 1F 6E 06 59 B4 21 24 35 50 10 02 03 95 79 00 00
45 00 00 28 E3 CC 40 00 80 06 00 00 AC 11 22 89 C7 E8 FE DB DD B9 01 BB 1F 6E 06 59 B4 21 2F 45 50 10 02 03 95 79 00 00
45 00 00 28 83 7E 40 00 80 06 00 00 AC 11 22 89 AC 40 93 22 DD 02 01 BB BB B8 3A 51 D2 49 64 A3 50 11 01 FE 0E 18 00 00
45 00 00 28 F5 95 40 00 80 06 00 00 AC 11 22 89 8E FA CD E1 DD 03 01 BB C6 66 96 A6 07 99 36 F6 50 11 01 FE 2B 91 00 00
45 00 00 28 83 7F 40 00 80 06 00 00 AC 11 22 89 AC 40 93 22 DD 02 01 BB BB B8 3A 52 D2 49 64 A4 50 10 01 FE 0E 18 00 00
45 00 00 28 E3 CD 40 00 80 06 00 00 AC 11 22 89 C7 E8 FE DB DD B9 01 BB 1F 6E 06 59 B4 21 3A 55 50 10 02 03 95 79 00 00
45 00 00 28 E3 CE 40 00 80 06 00 00 AC 11 22 89 C7 E8 FE DB DD B9 01 BB 1F 6E 06 59 B4 21 45 65 50 10 02 03 95 79 00 00
45 00 00 28 E3 CF 40 00 80 06 00 00 AC 11 22 89 C7 E8 FE DB DD B9 01 BB 1F 6E 06 59 B4 21 50 75 50 10 02 03 95 79 00 00
45 00 00 49 0B CA 40 00 FF 11 BF DD AC 11 22 EF E0 00 00 FB 14 E9 14 E9 00 35 FE 76 00 00 00 00 00 01 00 00 00 00 00 00 10 5F 73 70 6F 74 69 66 79 2D 63 6F 6E 6E 65 63 74 04 5F 74 63 70 05 6C 6F 63 61 6C 00 00 0C 00 01
60 0B 61 63 00 35 11 FF FE 80 00 00 00 00 00 00 50 C8 AE FF FE 48 F6 9B FF 02 00 00 00 00 00 00 00 00 00 00 00 00 00 FB 14 E9 14 E9 00 35 BB 47 00 00 00 00 00 01 00 00 00 00 00 00 10 5F 73 70 6F 74 69 66 79 2D 63 6F 6E 6E 65 63 74 04 5F 74 63 70 05 6C 6F 63 61 6C 00 00 0C 00 01
45 00 00 28 E3 D0 40 00 80 06 00 00 AC 11 22 89 C7 E8 FE DB DD B9 01 BB 1F 6E 06 59 B4 21 5B 85 50 10 02 03 95 79 00 00
45 00 00 28 F5 96 40 00 80 06 00 00 AC 11 22 89 8E FA CD E1 DD 03 01 BB C6 66 96 A7 07 99 36 F7 50 10 00 00 2B 91 00 00
45 00 00 28 E3 D1 40 00 80 06 00 00 AC 11 22 89 C7 E8 FE DB DD B9 01 BB 1F 6E 06 59 B4 21 61 0D 50 10 01 FE 95 79 00 00
45 00 00 34 E3 D2 40 00 80 06 00 00 AC 11 22 89 C7 E8 FE DB DD B9 01 BB 1F 6E 06 59 B4 21 61 0D 80 10 01 FE 95 85 00 00 01 01 05 0A B4 21 66 95 B4 21 6C 1D
45 00 00 34 E3 D3 40 00 80 06 00 00 AC 11 22 89 C7 E8 FE DB DD B9 01 BB 1F 6E 06 59 B4 21 61 0D 80 10 01 FE 95 85 00 00 01 01 05 0A B4 21 66 95 B4 21 71 A5
45 00 00 3C E3 D4 40 00 80 06 00 00 AC 11 22 89 C7 E8 FE DB DD B9 01 BB 1F 6E 06 59 B4 21 61 0D A0 10 01 FE 95 8D 00 00 01 01 05 12 B4 21 77 2D B4 21 7C B5 B4 21 66 95 B4 21 71 A5
45 00 00 3C E3 D5 40 00 80 06 00 00 AC 11 22 89 C7 E8 FE DB DD B9 01 BB 1F 6E 06 59 B4 21 61 0D A0 10 01 FE 95 8D 00 00 01 01 05 12 B4 21 77 2D B4 21 82 3D B4 21 66 95 B4 21 71 A5
45 00 00 34 E3 D6 40 00 80 06 00 00 AC 11 22 89 C7 E8 FE DB DD B9 01 BB 1F 6E 06 59 B4 21 71 A5 80 10 02 03 95 85 00 00 01 01 05 0A B4 21 77 2D B4 21 82 3D
45 00 00 28 E3 D7 40 00 80 06 00 00 AC 11 22 89 C7 E8 FE DB DD B9 01 BB 1F 6E 06 59 B4 21 82 3D 50 10 02 03 95 79 00 00
60 02 85 BA 00 60 11 01 FE 80 00 00 00 00 00 00 FB 59 FD 50 74 B1 C8 14 FF 02 00 00 00 00 00 00 00 00 00 00 00 01 00 02 02 22 02 23 00 60 16 91 01 FD 91 88 00 08 00 02 02 BF 00 01 00 0E 00 01 00 01 2C 7D 5D DB C4 65 16 2D E5 5A 00 03 00 0C 06 C4 65 16 00 00 00 00 00 00 00 00 00 27 00 0A 00 08 41 62 68 79 75 64 61 79 00 10 00 0E 00 00 01 37 00 08 4D 53 46 54 20 35 2E 30 00 06 00 08 00 11 00 17 00 18 00 27
45 00 00 28 E3 D8 40 00 80 06 00 00 AC 11 22 89 C7 E8 FE DB DD B9 01 BB 1F 6E 06 59 B4 21 87 C5 50 10 01 FE 95 79 00 00
45 00 00 28 E3 D9 40 00 80 06 00 00 AC 11 22 89 C7 E8 FE DB DD B9 01 BB 1F 6E 06 59 B4 21 8D 4D 50 10 02 03 95 79 00 00
45 00 00 34 E3 DA 40 00 80 06 00 00 AC 11 22 89 C7 E8 FE DB DD B9 01 BB 1F 6E 06 59 B4 21 8D 4D 80 10 02 03 95 85 00 00 01 01 05 0A B4 21 92 D5 B4 21 98 5D
45 00 00 34 E3 DB 40 00 80 06 00 00 AC 11 22 89 C7 E8 FE DB DD B9 01 BB 1F 6E 06 59 B4 21 8D 4D 80 10 02 03 95 85 00 00 01 01 05 0A B4 21 92 D5 B4 21 9D E5
45 00 00 34 E3 DC 40 00 80 06 00 00 AC 11 22 89 C7 E8 FE DB DD B9 01 BB 1F 6E 06 59 B4 21 8D 4D 80 10 02 03 95 85 00 00 01 01 05 0A B4 21 92 D5 B4 21 A3 6D
45 00 00 28 E3 DD 40 00 80 06 00 00 AC 11 22 89 C7 E8 FE DB DD B9 01 BB 1F 6E 06 59 B4 21 A3 6D 50 10 02 03 95 79 00 00
45 00 00 34 E3 DE 40 00 80 06 00 00 AC 11 22 89 C7 E8 FE DB DD B9 01 BB 1F 6E 06 59 B4 21 A3 6D 80 10 02 03 95 85 00 00 01 01 05 0A B4 21 A8 F5 B4 21 AE 7D
45 00 00 28 E3 DF 40 00 80 06 00 00 AC 11 22 89 C7 E8 FE DB DD B9 01 BB 1F 6E 06 59 B4 21 AE 7D 50 10 02 03 95 79 00 00
45 00 00 28 E3 E0 40 00 80 06 00 00 AC 11 22 89 C7 E8 FE DB DD B9 01 BB 1F 6E 06 59 B4 21 B4 05 50 10 01 FE 95 79 00 00
45 00 00 28 E3 E1 40 00 80 06 00 00 AC 11 22 89 C7 E8 FE DB DD B9 01 BB 1F 6E 06 59 B4 21 B9 8D 50 10 02 03 95 79 00 00
45 00 00 34 E3 E2 40 00 80 06 00 00 AC 11 22 89 C7 E8 FE DB DD B9 01 BB 1F 6E 06 59 B4 21 B9 8D 80 10 02 03 95 85 00 00 01 01 05 0A B4 21 BA 4B B4 21 BF D3
45 00 00 34 E3 E3 40 00 80 06 00 00 AC 11 22 89 C7 E8 FE DB DD B9 01 BB 1F 6E 06 59 B4 21 B9 8D 80 10 02 03 95 85 00 00 01 01 05 0A B4 21 BA 4B B4 21 C5 5B
45 00 00 4E 86 37 00 00 80 11 16 6E AC 11 22 D8 AC 11 22 FF 00 89 00 89 00 3A 2B 5E A8 93 01 10 00 01 00 00 00 00 00 00 20 45 43 45 4A 46 45 46 44 43 4E 46 41 45 4A 45 4D 45 42 45 4F 45 4A 43 41 43 41 43 41 43 41 42 4C 00 00 20 00 01
45 00 00 34 E3 E4 40 00 80 06 00 00 AC 11 22 89 C7 E8 FE DB DD B9 01 BB 1F 6E 06 59 B4 21 B9 8D 80 10 02 03 95 85 00 00 01 01 05 0A B4 21 BA 4B B4 21 CA E3
45 00 00 49 0C 52 40 00 FF 11 BF 55 AC 11 22 EF E0 00 00 FB 14 E9 14 E9 00 35 FE 76 00 00 00 00 00 01 00 00 00 00 00 00 10 5F 73 70 6F 74 69 66 79 2D 63 6F 6E 6E 65 63 74 04 5F 74 63 70 05 6C 6F 63 61 6C 00 00 0C 00 01
60 0B 61 63 00 35 11 FF FE 80 00 00 00 00 00 00 50 C8 AE FF FE 48 F6 9B FF 02 00 00 00 00 00 00 00 00 00 00 00 00 00 FB 14 E9 14 E9 00 35 BB 47 00 00 00 00 00 01 00 00 00 00 00 00 10 5F 73 70 6F 74 69 66 79 2D 63 6F 6E 6E 65 63 74 04 5F 74 63 70 05 6C 6F 63 61 6C 00 00 0C 00 01
45 00 00 28 E3 E5 40 00 80 06 00 00 AC 11 22 89 C7 E8 FE DB DD B9 01 BB 1F 6E 06 59 B4 21 CA E3 50 10 02 03 95 79 00 00
45 00 00 28 E3 E6 40 00 80 06 00 00 AC 11 22 89 C7 E8 FE DB DD B9 01 BB 1F 6E 06 59 B4 21 D0 6B 50 10 01 FE 95 79 00 00
45 00 00 28 E3 E7 40 00 80 06 00 00 AC 11 22 89 C7 E8 FE DB DD B9 01 BB 1F 6E 06 59 B4 21 D5 F3 50 10 02 03 95 79 00 00
45 00 00 4E 86 38 00 00 80 11 16 6D AC 11 22 D8 AC 11 22 FF 00 89 00 89 00 3A 2B 5E A8 93 01 10 00 01 00 00 00 00 00 00 20 45 43 45 4A 46 45 46 44 43 4E 46 41 45 4A 45 4D 45 42 45 4F 45 4A 43 41 43 41 43 41 43 41 42 4C 00 00 20 00 01
45 00 00 28 E3 E8 40 00 80 06 00 00 AC 11 22 89 C7 E8 FE DB DD B9 01 BB 1F 6E 06 59 B4 21 E1 03 50 10 02 03 95 79 00 00
45 00 00 28 E3 E9 40 00 80 06 00 00 AC 11 22 89 C7 E8 FE DB DD B9 01 BB 1F 6E 06 59 B4 21 E6 8B 50 10 01 FE 95 79 00 00
45 00 00 34 43 92 00 00 36 06 72 DA 22 6B DD 52 AC 11 22 89 00 50 DB 67 33 43 CA D3 CF 05 3A B0 80 10 01 26 B3 4F 00 00 01 01 05 0A CF 05 3A AF CF 05 3A B0
45 00 00 34 D5 77 00 00 36 06 E0 F4 22 6B DD 52 AC 11 22 89 00 50 DB 6A 56 33 83 4D 0A 75 16 47 80 10 01 26 92 D0 00 00 01 01 05 0A 0A 75 16 46 0A 75 16 47
45 00 00 28 E3 EA 40 00 80 06 00 00 AC 11 22 89 C7 E8 FE DB DD B9 01 BB 1F 6E 06 59 B4 21 F1 9B 50 10 02 03 95 79 00 00
45 00 00 28 E3 EB 40 00 80 06 00 00 AC 11 22 89 C7 E8 FE DB DD B9 01 BB 1F 6E 06 59 B4 21 F7 23 50 10 01 FE 95 79 00 00
45 00 00 28 E3 EC 40 00 80 06 00 00 AC 11 22 89 C7 E8 FE DB DD B9 01 BB 1F 6E 06 59 B4 21 FC AB 50 10 02 03 95 79 00 00
45 00 00 28 E3 ED 40 00 80 06 00 00 AC 11 22 89 C7 E8 FE DB DD B9 01 BB 1F 6E 06 59 B4 22 07 BB 50 10 02 03 95 79 00 00
45 00 00 28 E3 EE 40 00 80 06 00 00 AC 11 22 89 C7 E8 FE DB DD B9 01 BB 1F 6E 06 59 B4 22 0D 43 50 10 01 FE 95 79 00 00
45 00 00 4E 86 39 00 00 80 11 16 6C AC 11 22 D8 AC 11 22 FF 00 89 00 89 00 3A 2B 5E A8 93 01 10 00 01 00 00 00 00 00 00 20 45 43 45 4A 46 45 46 44 43 4E 46 41 45 4A 45 4D 45 42 45 4F 45 4A 43 41 43 41 43 41 43 41 42 4C 00 00 20 00 01
45 00 00 42 35 94 00 00 80 11 00 00 AC 11 22 89 AC 18 02 4C C0 D8 00 35 00 2E 7D 3E 3C 39 01 00 00 01 00 00 00 00 00 00 09 77 69 6E 31 30 2D 74 72 74 06 6D 73 65 64 67 65 03 6E 65 74 00 00 01 00 01
45 00 00 28 E3 EF 40 00 80 06 00 00 AC 11 22 89 C7 E8 FE DB DD B9 01 BB 1F 6E 06 59 B4 22 12 CB 50 10 02 03 95 79 00 00
45 00 00 42 98 9A 00 00 80 11 00 00 AC 11 22 89 AC 18 02 4D C0 D8 00 35 00 2E 7D 3F 3C 39 01 00 00 01 00 00 00 00 00 00 09 77 69 6E 31 30 2D 74 72 74 06 6D 73 65 64 67 65 03 6E 65 74 00 00 01 00 01
45 00 00 34 E3 F0 40 00 80 06 00 00 AC 11 22 89 C7 E8 FE DB DD B9 01 BB 1F 6E 06 59 B4 22 12 CB 80 10 02 03 95 85 00 00 01 01 05 0A B4 22 18 53 B4 22 1D DB
45 00 00 9D E7 E0 00 00 3F 11 16 71 AC 18 02 4C AC 11 22 89 00 35 C0 D8 00 89 D3 9B 3C 39 81 80 00 01 00 04 00 00 00 00 09 77 69 6E 31 30 2D 74 72 74 06 6D 73 65 64 67 65 03 6E 65 74 00 00 01 00 01 C0 0C 00 05 00 01 00 00 00 0C 00 21 09 77 69 6E 31 30 2D 74 72 74 0B 64 75 61 6C 2D 61 2D 30 30 30 31 08 61 2D 6D 73 65 64 67 65 C0 1D C0 32 00 05 00 01 00 00 00 0C 00 02 C0 3C C0 3C 00 01 00 01 00 00 00 17 00 04 CC 4F C5 C8 C0 3C 00 01 00 01 00 00 00 17 00 04 0D 6B 15 C8
45 00 00 38 00 00 00 00 FD 01 2B 99 67 90 5C 01 AC 11 22 89 0B 00 F4 FF 00 00 00 00 45 00 00 5C 50 EB 00 00 01 01 08 04 AC 11 22 89 CC 4F C5 C8 08 00 F7 FD 00 01 00 01
45 00 00 3C E3 F1 40 00 80 06 00 00 AC 11 22 89 C7 E8 FE DB DD B9 01 BB 1F 6E 06 59 B4 22 12 CB A0 10 02 03 95 8D 00 00 01 01 05 12 B4 22 23 63 B4 22 28 EB B4 22 18 53 B4 22 1D DB
45 00 00 38 00 00 00 00 F0 01 CF 44 68 2C C4 B9 AC 11 22 89 0B 00 F4 FF 00 00 00 00 45 00 00 5C 50 ED 00 00 01 01 08 02 AC 11 22 89 CC 4F C5 C8 08 00 F7 FB 00 01 00 03
45 00 00 3C E3 F2 40 00 80 06 00 00 AC 11 22 89 C7 E8 FE DB DD B9 01 BB 1F 6E 06 59 B4 22 12 CB A0 10 02 03 95 8D 00 00 01 01 05 12 B4 22 23 63 B4 22 2E 73 B4 22 18 53 B4 22 1D DB
45 00 00 69 0D 93 40 00 FF 11 BD F4 AC 11 22 EF E0 00 00 FB 14 E9 14 E9 00 55 B2 83 00 05 00 00 00 03 00 00 00 00 00 00 09 5F 43 43 31 41 44 38 34 35 04 5F 73 75 62 0B 5F 67 6F 6F 67 6C 65 63 61 73 74 04 5F 74 63 70 05 6C 6F 63 61 6C 00 00 0C 00 01 09 5F 43 43 33 32 45 37 35 33 C0 16 00 0C 00 01 C0 1B 00 0C 00 01
45 00 00 34 E3 F3 40 00 80 06 00 00 AC 11 22 89 C7 E8 FE DB DD B9 01 BB 1F 6E 06 59 B4 22 1D DB 80 10 02 03 95 85 00 00 01 01 05 0A B4 22 23 63 B4 22 2E 73
45 00 00 49 0D 97 40 00 FF 11 BE 10 AC 11 22 EF E0 00 00 FB 14 E9 14 E9 00 35 FE 76 00 00 00 00 00 01 00 00 00 00 00 00 10 5F 73 70 6F 74 69 66 79 2D 63 6F 6E 6E 65 63 74 04 5F 74 63 70 05 6C 6F 63 61 6C 00 00 0C 00 01
60 0B 61 63 00 35 11 FF FE 80 00 00 00 00 00 00 50 C8 AE FF FE 48 F6 9B FF 02 00 00 00 00 00 00 00 00 00 00 00 00 00 FB 14 E9 14 E9 00 35 BB 47 00 00 00 00 00 01 00 00 00 00 00 00 10 5F 73 70 6F 74 69 66 79 2D 63 6F 6E 6E 65 63 74 04 5F 74 63 70 05 6C 6F 63 61 6C 00 00 0C 00 01
45 00 00 28 E3 F4 40 00 80 06 00 00 AC 11 22 89 C7 E8 FE DB DD B9 01 BB 1F 6E 06 59 B4 22 2E 73 50 10 02 03 95 79 00 00
45 00 00 28 E3 F5 40 00 80 06 00 00 AC 11 22 89 C7 E8 FE DB DD B9 01 BB 1F 6E 06 59 B4 22 33 FB 50 10 01 FE 95 79 00 00
45 00 00 34 C7 1A 00 00 35 06 31 00 98 C3 26 4C AC 11 22 89 00 50 DD 7E FC B2 71 58 57 7B 21 28 80 10 00 85 35 CB 00 00 01 01 05 0A 57 7B 21 27 57 7B 21 28
45 00 00 28 E3 F6 40 00 80 06 00 00 AC 11 22 89 C7 E8 FE DB DD B9 01 BB 1F 6E 06 59 B4 22 39 83 50 10 02 03 95 79 00 00
45 00 00 28 E3 F7 40 00 80 06 00 00 AC 11 22 89 C7 E8 FE DB DD B9 01 BB 1F 6E 06 59 B4 22 44 93 50 10 02 03 95 79 00 00
45 00 00 28 E3 F8 40 00 80 06 00 00 AC 11 22 89 C7 E8 FE DB DD B9 01 BB 1F 6E 06 59 B4 22 4A 1B 50 10 01 FE 95 79 00 00
45 00 00 28 53 35 40 00 80 06 00 00 AC 11 22 89 8E FA B6 6E DB 83 01 BB F8 1C E9 CC 36 6A 82 B5 50 10 0F FE 14 1E 00 00
45 00 00 28 E3 F9 40 00 80 06 00 00 AC 11 22 89 C7 E8 FE DB DD B9 01 BB 1F 6E 06 59 B4 22 55 2B 50 10 02 03 95 79 00 00
45 00 00 28 E3 FA 40 00 80 06 00 00 AC 11 22 89 C7 E8 FE DB DD B9 01 BB 1F 6E 06 59 B4 22 5A B3 50 10 01 FE 95 79 00 00
45 00 00 28 E3 FB 40 00 80 06 00 00 AC 11 22 89 C7 E8 FE DB DD B9 01 BB 1F 6E 06 59 B4 22 60 3B 50 10 02 03 95 79 00 00
45 00 00 28 E3 FC 40 00 80 06 00 00 AC 11 22 89 C7 E8 FE DB DD B9 01 BB 1F 6E 06 59 B4 22 6B 4B 50 10 02 03 95 79 00 00
45 00 00 28 E3 FD 40 00 80 06 00 00 AC 11 22 89 C7 E8 FE DB DD B9 01 BB 1F 6E 06 59 B4 22 70 D3 50 10 01 FE 95 79 00 00
45 00 00 28 E3 FE 40 00 80 06 00 00 AC 11 22 89 C7 E8 FE DB DD B9 01 BB 1F 6E 06 59 B4 22 76 5B 50 10 02 03 95 79 00 00
45 00 00 28 E3 FF 40 00 80 06 00 00 AC 11 22 89 C7 E8 FE DB DD B9 01 BB 1F 6E 06 59 B4 22 7B E3 50 10 01 FE 95 79 00 00
45 00 00 34 E4 00 40 00 80 06 00 00 AC 11 22 89 C7 E8 FE DB DD B9 01 BB 1F 6E 06 59 B4 22 7B E3 80 10 01 FE 95 85 00 00 01 01 05 0A B4 22 81 6B B4 22 86 F3
45 00 00 3C E4 01 40 00 80 06 00 00 AC 11 22 89 C7 E8 FE DB DD B9 01 BB 1F 6E 06 59 B4 22 7B E3 A0 10 01 FE 95 8D 00 00 01 01 05 12 B4 22 8C 7B B4 22 92 03 B4 22 81 6B B4 22 86 F3
45 00 00 34 E4 02 40 00 80 06 00 00 AC 11 22 89 C7 E8 FE DB DD B9 01 BB 1F 6E 06 59 B4 22 86 F3 80 10 02 03 95 85 00 00 01 01 05 0A B4 22 8C 7B B4 22 92 03
45 00 00 28 E4 03 40 00 80 06 00 00 AC 11 22 89 C7 E8 FE DB DD B9 01 BB 1F 6E 06 59 B4 22 92 03 50 10 02 03 95 79 00 00
45 00 00 28 E4 04 40 00 80 06 00 00 AC 11 22 89 C7 E8 FE DB DD B9 01 BB 1F 6E 06 59 B4 22 97 8B 50 10 01 FE 95 79 00 00
45 00 00 49 0F 1C 40 00 FF 11 BC 8B AC 11 22 EF E0 00 00 FB 14 E9 14 E9 00 35 FE 76 00 00 00 00 00 01 00 00 00 00 00 00 10 5F 73 70 6F 74 69 66 79 2D 63 6F 6E 6E 65 63 74 04 5F 74 63 70 05 6C 6F 63 61 6C 00 00 0C 00 01
60 0B 61 63 00 35 11 FF FE 80 00 00 00 00 00 00 50 C8 AE FF FE 48 F6 9B FF 02 00 00 00 00 00 00 00 00 00 00 00 00 00 FB 14 E9 14 E9 00 35 BB 47 00 00 00 00 00 01 00 00 00 00 00 00 10 5F 73 70 6F 74 69 66 79 2D 63 6F 6E 6E 65 63 74 04 5F 74 63 70 05 6C 6F 63 61 6C 00 00 0C 00 01
45 00 00 28 E4 05 40 00 80 06 00 00 AC 11 22 89 C7 E8 FE DB DD B9 01 BB 1F 6E 06 59 B4 22 9D 13 50 10 02 03 95 79 00 00
45 00 00 34 E4 06 40 00 80 06 00 00 AC 11 22 89 C7 E8 FE DB DD B9 01 BB 1F 6E 06 59 B4 22 9D 13 80 10 02 03 95 85 00 00 01 01 05 0A B4 22 A2 9B B4 22 A8 23
45 00 00 34 E4 07 40 00 80 06 00 00 AC 11 22 89 C7 E8 FE DB DD B9 01 BB 1F 6E 06 59 B4 22 9D 13 80 10 02 03 95 85 00 00 01 01 05 0A B4 22 A2 9B B4 22 AD AB
45 00 00 34 E4 08 40 00 80 06 00 00 AC 11 22 89 C7 E8 FE DB DD B9 01 BB 1F 6E 06 59 B4 22 9D 13 80 10 02 03 95 85 00 00 01 01 05 0A B4 22 A2 9B B4 22 B3 33
45 00 00 28 E4 09 40 00 80 06 00 00 AC 11 22 89 C7 E8 FE DB DD B9 01 BB 1F 6E 06 59 B4 22 B3 33 50 10 02 03 95 79 00 00
45 00 00 28 E4 0A 40 00 80 06 00 00 AC 11 22 89 C7 E8 FE DB DD B9 01 BB 1F 6E 06 59 B4 22 BE 43 50 10 02 03 95 79 00 00
45 00 00 47 D0 BF 00 00 01 11 39 92 AC 11 22 48 E0 00 00 FB 14 E9 14 E9 00 33 7C E3 00 00 00 00 00 01 00 00 00 00 00 00 0E 5F 6D 69 63 72 6F 73 6F 66 74 5F 6D 63 63 04 5F 74 63 70 05 6C 6F 63 61 6C 00 00 0C 80 01
60 0F 78 8D 00 33 11 01 FE 80 00 00 00 00 00 00 F2 A1 17 DB 94 E5 4D D5 FF 02 00 00 00 00 00 00 00 00 00 00 00 00 00 FB 14 E9 14 E9 00 33 40 82 00 00 00 00 00 01 00 00 00 00 00 00 0E 5F 6D 69 63 72 6F 73 6F 66 74 5F 6D 63 63 04 5F 74 63 70 05 6C 6F 63 61 6C 00 00 0C 80 01
45 00 00 34 E4 0B 40 00 80 06 00 00 AC 11 22 89 C7 E8 FE DB DD B9 01 BB 1F 6E 06 59 B4 22 BE 43 80 10 02 03 95 85 00 00 01 01 05 0A B4 22 BE EF B4 22 C4 77
45 00 00 34 E4 0C 40 00 80 06 00 00 AC 11 22 89 C7 E8 FE DB DD B9 01 BB 1F 6E 06 59 B4 22 BE 43 80 10 02 03 95 85 00 00 01 01 05 0A B4 22 BE EF B4 22 C9 FF
60 0A 3B B3 00 67 11 01 FE 80 00 00 00 00 00 00 C6 6A B2 99 C0 11 8F 1E FF 02 00 00 00 00 00 00 00 00 00 00 00 01 00 02 02 22 02 23 00 67 59 A7 01 31 1F 29 00 08 00 02 05 DF 00 01 00 0E 00 01 00 01 2A 77 B8 F9 E4 A8 DF E3 57 47 00 03 00 0C 06 E4 A8 DF 00 00 00 00 00 00 00 00 00 27 00 11 00 0F 4C 41 50 54 4F 50 2D 43 41 34 47 30 36 54 4F 00 10 00 0E 00 00 01 37 00 08 4D 53 46 54 20 35 2E 30 00 06 00 08 00 11 00 17 00 18 00 27
45 00 00 34 E4 0D 40 00 80 06 00 00 AC 11 22 89 C7 E8 FE DB DD B9 01 BB 1F 6E 06 59 B4 22 BE 43 80 10 02 03 95 85 00 00 01 01 05 0A B4 22 BE EF B4 22 CF 87
45 00 00 28 E4 0E 40 00 80 06 00 00 AC 11 22 89 C7 E8 FE DB DD B9 01 BB 1F 6E 06 59 B4 22 CF 87 50 10 02 03 95 79 00 00
45 00 00 47 D0 C0 00 00 01 11 39 91 AC 11 22 48 E0 00 00 FB 14 E9 14 E9 00 33 7D 63 00 00 00 00 00 01 00 00 00 00 00 00 0E 5F 6D 69 63 72 6F 73 6F 66 74 5F 6D 63 63 04 5F 74 63 70 05 6C 6F 63 61 6C 00 00 0C 00 01
60 0F 78 8D 00 33 11 01 FE 80 00 00 00 00 00 00 F2 A1 17 DB 94 E5 4D D5 FF 02 00 00 00 00 00 00 00 00 00 00 00 00 00 FB 14 E9 14 E9 00 33 41 02 00 00 00 00 00 01 00 00 00 00 00 00 0E 5F 6D 69 63 72 6F 73 6F 66 74 5F 6D 63 63 04 5F 74 63 70 05 6C 6F 63 61 6C 00 00 0C 00 01
45 00 00 49 0F 2C 40 00 FF 11 BC 7B AC 11 22 EF E0 00 00 FB 14 E9 14 E9 00 35 FE 76 00 00 00 00 00 01 00 00 00 00 00 00 10 5F 73 70 6F 74 69 66 79 2D 63 6F 6E 6E 65 63 74 04 5F 74 63 70 05 6C 6F 63 61 6C 00 00 0C 00 01
60 0B 61 63 00 35 11 FF FE 80 00 00 00 00 00 00 50 C8 AE FF FE 48 F6 9B FF 02 00 00 00 00 00 00 00 00 00 00 00 00 00 FB 14 E9 14 E9 00 35 BB 47 00 00 00 00 00 01 00 00 00 00 00 00 10 5F 73 70 6F 74 69 66 79 2D 63 6F 6E 6E 65 63 74 04 5F 74 63 70 05 6C 6F 63 61 6C 00 00 0C 00 01
45 00 00 28 E4 0F 40 00 80 06 00 00 AC 11 22 89 C7 E8 FE DB DD B9 01 BB 1F 6E 06 59 B4 22 D5 0F 50 10 01 FE 95 79 00 00
45 00 00 28 E4 10 40 00 80 06 00 00 AC 11 22 89 C7 E8 FE DB DD B9 01 BB 1F 6E 06 59 B4 22 DA 97 50 10 02 03 95 79 00 00
45 00 00 28 E4 11 40 00 80 06 00 00 AC 11 22 89 C7 E8 FE DB DD B9 01 BB 1F 6E 06 59 B4 22 E0 1F 50 10 01 FE 95 79 00 00
45 00 00 28 E4 12 40 00 80 06 00 00 AC 11 22 89 C7 E8 FE DB DD B9 01 BB 1F 6E 06 59 B4 22 E5 A7 50 10 02 03 95 79 00 00
60 02 85 BA 00 60 11 01 FE 80 00 00 00 00 00 00 FB 59 FD 50 74 B1 C8 14 FF 02 00 00 00 00 00 00 00 00 00 00 00 01 00 02 02 22 02 23 00 60 13 71 01 FD 91 88 00 08 00 02 05 DF 00 01 00 0E 00 01 00 01 2C 7D 5D DB C4 65 16 2D E5 5A 00 03 00 0C 06 C4 65 16 00 00 00 00 00 00 00 00 00 27 00 0A 00 08 41 62 68 79 75 64 61 79 00 10 00 0E 00 00 01 37 00 08 4D 53 46 54 20 35 2E 30 00 06 00 08 00 11 00 17 00 18 00 27
45 00 00 28 E4 13 40 00 80 06 00 00 AC 11 22 89 C7 E8 FE DB DD B9 01 BB 1F 6E 06 59 B4 22 F0 B7 50 10 02 03 95 79 00 00
45 00 00 28 E4 14 40 00 80 06 00 00 AC 11 22 89 C7 E8 FE DB DD B9 01 BB 1F 6E 06 59 B4 22 F6 3F 50 10 01 FE 95 79 00 00
45 00 00 28 E4 15 40 00 80 06 00 00 AC 11 22 89 C7 E8 FE DB DD B9 01 BB 1F 6E 06 59 B4 23 01 4F 50 10 02 03 95 79 00 00
45 00 00 28 E4 16 40 00 80 06 00 00 AC 11 22 89 C7 E8 FE DB DD B9 01 BB 1F 6E 06 59 B4 23 06 D7 50 10 01 FE 95 79 00 00
45 00 00 28 E4 17 40 00 80 06 00 00 AC 11 22 89 C7 E8 FE DB DD B9 01 BB 1F 6E 06 59 B4 23 11 E7 50 10 02 03 95 79 00 00
45 00 00 28 E4 18 40 00 80 06 00 00 AC 11 22 89 C7 E8 FE DB DD B9 01 BB 1F 6E 06 59 B4 23 17 6F 50 10 01 FE 95 79 00 00
45 00 00 28 E4 19 40 00 80 06 00 00 AC 11 22 89 C7 E8 FE DB DD B9 01 BB 1F 6E 06 59 B4 23 1C F7 50 10 02 03 95 79 00 00
00 01 08 00 06 04 00 02 74 D4 DD 28 65 51 AC 11 22 89 00 5F 67 E4 23 5E AC 11 22 9A
45 00 00 28 E4 1A 40 00 80 06 00 00 AC 11 22 89 C7 E8 FE DB DD B9 01 BB 1F 6E 06 59 B4 23 22 7F 50 10 01 FE 95 79 00 00
45 00 00 28 E4 1B 40 00 80 06 00 00 AC 11 22 89 C7 E8 FE DB DD B9 01 BB 1F 6E 06 59 B4 23 2D 8F 50 10 02 03 95 79 00 00
45 00 00 28 E4 1C 40 00 80 06 00 00 AC 11 22 89 C7 E8 FE DB DD B9 01 BB 1F 6E 06 59 B4 23 33 17 50 10 01 FE 95 79 00 00
45 00 00 28 E4 1D 40 00 80 06 00 00 AC 11 22 89 C7 E8 FE DB DD B9 01 BB 1F 6E 06 59 B4 23 3E 27 50 10 02 03 95 79 00 00
45 00 00 28 E4 1E 40 00 80 06 00 00 AC 11 22 89 C7 E8 FE DB DD B9 01 BB 1F 6E 06 59 B4 23 49 37 50 10 02 03 95 79 00 00
45 00 00 28 E4 1F 40 00 80 06 00 00 AC 11 22 89 C7 E8 FE DB DD B9 01 BB 1F 6E 06 59 B4 23 4E BF 50 10 01 FE 95 79 00 00
45 00 00 28 E4 20 40 00 80 06 00 00 AC 11 22 89 C7 E8 FE DB DD B9 01 BB 1F 6E 06 59 B4 23 59 CF 50 10 02 03 95 79 00 00
45 00 00 49 10 D7 40 00 FF 11 BA D0 AC 11 22 EF E0 00 00 FB 14 E9 14 E9 00 35 FE 76 00 00 00 00 00 01 00 00 00 00 00 00 10 5F 73 70 6F 74 69 66 79 2D 63 6F 6E 6E 65 63 74 04 5F 74 63 70 05 6C 6F 63 61 6C 00 00 0C 00 01
60 0B 61 63 00 35 11 FF FE 80 00 00 00 00 00 00 50 C8 AE FF FE 48 F6 9B FF 02 00 00 00 00 00 00 00 00 00 00 00 00 00 FB 14 E9 14 E9 00 35 BB 47 00 00 00 00 00 01 00 00 00 00 00 00 10 5F 73 70 6F 74 69 66 79 2D 63 6F 6E 6E 65 63 74 04 5F 74 63 70 05 6C 6F 63 61 6C 00 00 0C 00 01
45 00 00 34 E4 21 40 00 80 06 00 00 AC 11 22 89 C7 E8 FE DB DD B9 01 BB 1F 6E 06 59 B4 23 59 CF 80 10 02 03 95 85 00 00 01 01 05 0A B4 23 5F 57 B4 23 64 DF
45 00 00 34 E4 22 40 00 80 06 00 00 AC 11 22 89 C7 E8 FE DB DD B9 01 BB 1F 6E 06 59 B4 23 59 CF 80 10 02 03 95 85 00 00 01 01 05 0A B4 23 5F 57 B4 23 6A 67
45 00 00 34 E4 23 40 00 80 06 00 00 AC 11 22 89 C7 E8 FE DB DD B9 01 BB 1F 6E 06 59 B4 23 59 CF 80 10 02 03 95 85 00 00 01 01 05 0A B4 23 5F 57 B4 23 6F EF
45 00 00 28 53 39 40 00 80 06 00 00 AC 11 22 89 8E FA B6 6E DB 83 01 BB F8 1C F0 62 36 6A 83 19 50 10 0F FD 14 1E 00 00
45 00 00 34 E4 24 40 00 80 06 00 00 AC 11 22 89 C7 E8 FE DB DD B9 01 BB 1F 6E 06 59 B4 23 59 CF 80 10 02 03 95 85 00 00 01 01 05 0A B4 23 5F 57 B4 23 75 77
45 00 00 34 E4 25 40 00 80 06 00 00 AC 11 22 89 C7 E8 FE DB DD B9 01 BB 1F 6E 06 59 B4 23 59 CF 80 10 02 03 95 85 00 00 01 01 05 0A B4 23 5F 57 B4 23 7A FF
45 00 00 34 E4 26 40 00 80 06 00 00 AC 11 22 89 C7 E8 FE DB DD B9 01 BB 1F 6E 06 59 B4 23 59 CF 80 10 02 03 95 85 00 00 01 01 05 0A B4 23 5F 57 B4 23 80 87
45 00 00 28 E4 27 40 00 80 06 00 00 AC 11 22 89 C7 E8 FE DB DD B9 01 BB 1F 6E 06 59 B4 23 80 87 50 10 02 03 95 79 00 00
45 00 00 28 E4 28 40 00 80 06 00 00 AC 11 22 89 C7 E8 FE DB DD B9 01 BB 1F 6E 06 59 B4 23 86 0F 50 10 01 FE 95 79 00 00
45 00 00 28 E4 29 40 00 80 06 00 00 AC 11 22 89 C7 E8 FE DB DD B9 01 BB 1F 6E 06 59 B4 23 91 1F 50 10 02 03 95 79 00 00
45 00 00 34 E4 2A 40 00 80 06 00 00 AC 11 22 89 C7 E8 FE DB DD B9 01 BB 1F 6E 06 59 B4 23 91 1F 80 10 02 03 95 85 00 00 01 01 05 0A B4 23 96 A7 B4 23 9C 2F
45 00 00 34 E4 2B 40 00 80 06 00 00 AC 11 22 89 C7 E8 FE DB DD B9 01 BB 1F 6E 06 59 B4 23 91 1F 80 10 02 03 95 85 00 00 01 01 05 0A B4 23 96 A7 B4 23 A1 B7
45 00 00 28 06 F4 40 00 80 06 00 00 AC 11 22 89 92 4B 74 C1 DC FB 01 BB 11 83 27 CE EF 4A A4 2A 50 10 02 00 D5 C1 00 00
45 00 00 34 E4 2C 40 00 80 06 00 00 AC 11 22 89 C7 E8 FE DB DD B9 01 BB 1F 6E 06 59 B4 23 91 1F 80 10 02 03 95 85 00 00 01 01 05 0A B4 23 96 A7 B4 23 A7 3F
45 00 00 34 E4 2D 40 00 80 06 00 00 AC 11 22 89 C7 E8 FE DB DD B9 01 BB 1F 6E 06 59 B4 23 91 1F 80 10 02 03 95 85 00 00 01 01 05 0A B4 23 96 A7 B4 23 AC C7
45 00 00 28 E4 2E 40 00 80 06 00 00 AC 11 22 89 C7 E8 FE DB DD B9 01 BB 1F 6E 06 59 B4 23 AC C7 50 10 02 03 95 79 00 00
45 00 00 28 E4 2F 40 00 80 06 00 00 AC 11 22 89 C7 E8 FE DB DD B9 01 BB 1F 6E 06 59 B4 23 B7 D7 50 10 02 03 95 79 00 00
45 00 00 28 E4 30 40 00 80 06 00 00 AC 11 22 89 C7 E8 FE DB DD B9 01 BB 1F 6E 06 59 B4 23 BD 5F 50 10 01 FE 95 79 00 00
45 00 00 28 E4 31 40 00 80 06 00 00 AC 11 22 89 C7 E8 FE DB DD B9 01 BB 1F 6E 06 59 B4 23 C3 93 50 10 02 03 95 79 00 00
45 00 00 28 E4 32 40 00 80 06 00 00 AC 11 22 89 C7 E8 FE DB DD B9 01 BB 1F 6E 06 59 B4 23 CE A3 50 10 02 03 95 79 00 00
45 00 00 28 E4 33 40 00 80 06 00 00 AC 11 22 89 C7 E8 FE DB DD B9 01 BB 1F 6E 06 59 B4 23 D9 B3 50 10 02 03 95 79 00 00
45 00 00 28 07 52 40 00 80 06 00 00 AC 11 22 89 AC 40 9B F9 DC FA 01 BB A6 46 60 8A 81 6D 7D 51 50 10 02 00 16 EF 00 00
45 00 00 28 E4 34 40 00 80 06 00 00 AC 11 22 89 C7 E8 FE DB DD B9 01 BB 1F 6E 06 59 B4 23 E4 C3 50 10 02 03 95 79 00 00
45 00 00 28 E4 35 40 00 80 06 00 00 AC 11 22 89 C7 E8 FE DB DD B9 01 BB 1F 6E 06 59 B4 23 EF D3 50 10 02 03 95 79 00 00
45 00 00 28 E4 36 40 00 80 06 00 00 AC 11 22 89 C7 E8 FE DB DD B9 01 BB 1F 6E 06 59 B4 23 FA E3 50 10 02 03 95 79 00 00
45 00 00 49 11 67 40 00 FF 11 BA 40 AC 11 22 EF E0 00 00 FB 14 E9 14 E9 00 35 FE 76 00 00 00 00 00 01 00 00 00 00 00 00 10 5F 73 70 6F 74 69 66 79 2D 63 6F 6E 6E 65 63 74 04 5F 74 63 70 05 6C 6F 63 61 6C 00 00 0C 00 01
60 0B 61 63 00 35 11 FF FE 80 00 00 00 00 00 00 50 C8 AE FF FE 48 F6 9B FF 02 00 00 00 00 00 00 00 00 00 00 00 00 00 FB 14 E9 14 E9 00 35 BB 47 00 00 00 00 00 01 00 00 00 00 00 00 10 5F 73 70 6F 74 69 66 79 2D 63 6F 6E 6E 65 63 74 04 5F 74 63 70 05 6C 6F 63 61 6C 00 00 0C 00 01
45 00 00 28 E4 37 40 00 80 06 00 00 AC 11 22 89 C7 E8 FE DB DD B9 01 BB 1F 6E 06 59 B4 24 05 F3 50 10 02 03 95 79 00 00
45 00 00 28 E4 38 40 00 80 06 00 00 AC 11 22 89 C7 E8 FE DB DD B9 01 BB 1F 6E 06 59 B4 24 11 03 50 10 02 03 95 79 00 00
45 00 00 28 E4 39 40 00 80 06 00 00 AC 11 22 89 C7 E8 FE DB DD B9 01 BB 1F 6E 06 59 B4 24 16 8B 50 10 01 FE 95 79 00 00
45 00 00 28 E4 3A 40 00 80 06 00 00 AC 11 22 89 C7 E8 FE DB DD B9 01 BB 1F 6E 06 59 B4 24 21 9B 50 10 02 03 95 79 00 00
45 00 00 28 E4 3B 40 00 80 06 00 00 AC 11 22 89 C7 E8 FE DB DD B9 01 BB 1F 6E 06 59 B4 24 2C AB 50 10 02 03 95 79 00 00
45 00 00 28 E4 3C 40 00 80 06 00 00 AC 11 22 89 C7 E8 FE DB DD B9 01 BB 1F 6E 06 59 B4 24 37 BB 50 10 02 03 95 79 00 00
45 00 00 28 E4 3D 40 00 80 06 00 00 AC 11 22 89 C7 E8 FE DB DD B9 01 BB 1F 6E 06 59 B4 24 42 CB 50 10 02 03 95 79 00 00
45 00 00 34 E4 3E 40 00 80 06 00 00 AC 11 22 89 C7 E8 FE DB DD B9 01 BB 1F 6E 06 59 B4 24 42 CB 80 10 02 03 95 85 00 00 01 01 05 0A B4 24 48 53 B4 24 53 63
45 00 00 34 E4 3F 40 00 80 06 00 00 AC 11 22 89 C7 E8 FE DB DD B9 01 BB 1F 6E 06 59 B4 24 42 CB 80 10 02 03 95 85 00 00 01 01 05 0A B4 24 48 53 B4 24 58 EB
45 00 00 34 E4 40 40 00 80 06 00 00 AC 11 22 89 C7 E8 FE DB DD B9 01 BB 1F 6E 06 59 B4 24 42 CB 80 10 02 03 95 85 00 00 01 01 05 0A B4 24 48 53 B4 24 63 FB
45 00 00 34 43 93 00 00 36 06 72 D9 22 6B DD 52 AC 11 22 89 00 50 DB 67 33 43 CA D3 CF 05 3A B0 80 10 01 26 B3 4F 00 00 01 01 05 0A CF 05 3A AF CF 05 3A B0
45 00 00 28 E4 41 40 00 80 06 00 00 AC 11 22 89 C7 E8 FE DB DD B9 01 BB 1F 6E 06 59 B4 24 63 FB 50 10 02 03 95 79 00 00
45 00 00 28 E4 42 40 00 80 06 00 00 AC 11 22 89 C7 E8 FE DB DD B9 01 BB 1F 6E 06 59 B4 24 69 83 50 10 01 FE 95 79 00 00
45 00 00 34 D5 78 00 00 36 06 E0 F3 22 6B DD 52 AC 11 22 89 00 50 DB 6A 56 33 83 4D 0A 75 16 47 80 10 01 26 92 D0 00 00 01 01 05 0A 0A 75 16 46 0A 75 16 47
45 00 00 28 E4 43 40 00 80 06 00 00 AC 11 22 89 C7 E8 FE DB DD B9 01 BB 1F 6E 06 59 B4 24 74 93 50 10 02 03 95 79 00 00
45 00 00 28 E4 44 40 00 80 06 00 00 AC 11 22 89 C7 E8 FE DB DD B9 01 BB 1F 6E 06 59 B4 24 7A 1B 50 10 01 FE 95 79 00 00
45 00 00 28 E4 45 40 00 80 06 00 00 AC 11 22 89 C7 E8 FE DB DD B9 01 BB 1F 6E 06 59 B4 24 85 2B 50 10 02 03 95 79 00 00
45 00 00 28 E4 46 40 00 80 06 00 00 AC 11 22 89 C7 E8 FE DB DD B9 01 BB 1F 6E 06 59 B4 24 90 3B 50 10 02 03 95 79 00 00
45 00 00 28 E4 47 40 00 80 06 00 00 AC 11 22 89 C7 E8 FE DB DD B9 01 BB 1F 6E 06 59 B4 24 95 C3 50 10 01 FE 95 79 00 00
45 00 00 28 E4 48 40 00 80 06 00 00 AC 11 22 89 C7 E8 FE DB DD B9 01 BB 1F 6E 06 59 B4 24 9B 4B 50 10 02 03 95 79 00 00
45 00 00 28 E4 49 40 00 80 06 00 00 AC 11 22 89 C7 E8 FE DB DD B9 01 BB 1F 6E 06 59 B4 24 A6 5B 50 10 02 03 95 79 00 00
45 00 00 28 E4 4A 40 00 80 06 00 00 AC 11 22 89 C7 E8 FE DB DD B9 01 BB 1F 6E 06 59 B4 24 B1 6B 50 10 02 03 95 79 00 00
45 00 00 28 E4 4B 40 00 80 06 00 00 AC 11 22 89 C7 E8 FE DB DD B9 01 BB 1F 6E 06 59 B4 24 B6 F3 50 10 01 FE 95 79 00 00
45 00 00 28 E4 4C 40 00 80 06 00 00 AC 11 22 89 C7 E8 FE DB DD B9 01 BB 1F 6E 06 59 B4 24 C7 8B 50 10 02 03 95 79 00 00
45 00 00 49 12 AC 40 00 FF 11 B8 FB AC 11 22 EF E0 00 00 FB 14 E9 14 E9 00 35 FE 76 00 00 00 00 00 01 00 00 00 00 00 00 10 5F 73 70 6F 74 69 66 79 2D 63 6F 6E 6E 65 63 74 04 5F 74 63 70 05 6C 6F 63 61 6C 00 00 0C 00 01
60 0B 61 63 00 35 11 FF FE 80 00 00 00 00 00 00 50 C8 AE FF FE 48 F6 9B FF 02 00 00 00 00 00 00 00 00 00 00 00 00 00 FB 14 E9 14 E9 00 35 BB 47 00 00 00 00 00 01 00 00 00 00 00 00 10 5F 73 70 6F 74 69 66 79 2D 63 6F 6E 6E 65 63 74 04 5F 74 63 70 05 6C 6F 63 61 6C 00 00 0C 00 01
45 00 00 34 E4 4D 40 00 80 06 00 00 AC 11 22 89 C7 E8 FE DB DD B9 01 BB 1F 6E 06 59 B4 24 C7 8B 80 10 02 03 95 85 00 00 01 01 05 0A B4 24 C8 37 B4 24 D3 47
45 00 00 34 E4 4E 40 00 80 06 00 00 AC 11 22 89 C7 E8 FE DB DD B9 01 BB 1F 6E 06 59 B4 24 C7 8B 80 10 02 03 95 85 00 00 01 01 05 0A B4 24 C8 37 B4 24 D8 CF
45 00 00 34 E4 4F 40 00 80 06 00 00 AC 11 22 89 C7 E8 FE DB DD B9 01 BB 1F 6E 06 59 B4 24 C7 8B 80 10 02 03 95 85 00 00 01 01 05 0A B4 24 C8 37 B4 24 E3 DF
45 00 00 34 C7 1B 00 00 35 06 30 FF 98 C3 26 4C AC 11 22 89 00 50 DD 7E FC B2 71 58 57 7B 21 28 80 10 00 85 35 CB 00 00 01 01 05 0A 57 7B 21 27 57 7B 21 28
45 00 00 34 E4 50 40 00 80 06 00 00 AC 11 22 89 C7 E8 FE DB DD B9 01 BB 1F 6E 06 59 B4 24 C7 8B 80 10 02 03 95 85 00 00 01 01 05 0A B4 24 C8 37 B4 24 E9 67
45 00 00 34 E4 51 40 00 80 06 00 00 AC 11 22 89 C7 E8 FE DB DD B9 01 BB 1F 6E 06 59 B4 24 C7 8B 80 10 02 03 95 85 00 00 01 01 05 0A B4 24 C8 37 B4 24 EE EF
45 00 00 34 E4 52 40 00 80 06 00 00 AC 11 22 89 C7 E8 FE DB DD B9 01 BB 1F 6E 06 59 B4 24 C7 8B 80 10 02 03 95 85 00 00 01 01 05 0A B4 24 C8 37 B4 24 F4 77
45 00 00 28 E4 53 40 00 80 06 00 00 AC 11 22 89 C7 E8 FE DB DD B9 01 BB 1F 6E 06 59 B4 24 F4 77 50 10 02 03 95 79 00 00
45 00 00 28 E4 54 40 00 80 06 00 00 AC 11 22 89 C7 E8 FE DB DD B9 01 BB 1F 6E 06 59 B4 24 FF 87 50 10 02 03 95 79 00 00
45 00 00 28 E4 55 40 00 80 06 00 00 AC 11 22 89 C7 E8 FE DB DD B9 01 BB 1F 6E 06 59 B4 25 05 0F 50 10 01 FE 95 79 00 00
45 00 00 34 4B 12 40 00 32 06 0C 14 60 11 C2 F2 AC 11 22 89 01 BB DB AD 18 F8 7E 6C EF 6D 5A FD 80 10 01 F5 32 1C 00 00 01 01 05 0A EF 6D 5A FC EF 6D 5A FD
45 00 00 28 E4 56 40 00 80 06 00 00 AC 11 22 89 C7 E8 FE DB DD B9 01 BB 1F 6E 06 59 B4 25 10 1F 50 10 02 03 95 79 00 00
45 00 00 28 E4 57 40 00 80 06 00 00 AC 11 22 89 C7 E8 FE DB DD B9 01 BB 1F 6E 06 59 B4 25 1B 2F 50 10 02 03 95 79 00 00
45 00 00 28 E4 58 40 00 80 06 00 00 AC 11 22 89 C7 E8 FE DB DD B9 01 BB 1F 6E 06 59 B4 25 20 B7 50 10 01 FE 95 79 00 00
45 00 00 28 E4 59 40 00 80 06 00 00 AC 11 22 89 C7 E8 FE DB DD B9 01 BB 1F 6E 06 59 B4 25 2B C7 50 10 02 03 95 79 00 00
45 00 00 28 E4 5A 40 00 80 06 00 00 AC 11 22 89 C7 E8 FE DB DD B9 01 BB 1F 6E 06 59 B4 25 36 D7 50 10 02 03 95 79 00 00
45 00 00 28 E4 5B 40 00 80 06 00 00 AC 11 22 89 C7 E8 FE DB DD B9 01 BB 1F 6E 06 59 B4 25 41 E7 50 10 02 03 95 79 00 00
45 00 00 28 E4 5C 40 00 80 06 00 00 AC 11 22 89 C7 E8 FE DB DD B9 01 BB 1F 6E 06 59 B4 25 4C F7 50 10 02 03 95 79 00 00
45 00 00 34 E4 5D 40 00 80 06 00 00 AC 11 22 89 C7 E8 FE DB DD B9 01 BB 1F 6E 06 59 B4 25 4C F7 80 10 02 03 95 85 00 00 01 01 05 0A B4 25 52 7F B4 25 58 07
45 00 00 34 E4 5E 40 00 80 06 00 00 AC 11 22 89 C7 E8 FE DB DD B9 01 BB 1F 6E 06 59 B4 25 4C F7 80 10 02 03 95 85 00 00 01 01 05 0A B4 25 52 7F B4 25 63 17
45 00 00 34 E4 5F 40 00 80 06 00 00 AC 11 22 89 C7 E8 FE DB DD B9 01 BB 1F 6E 06 59 B4 25 4C F7 80 10 02 03 95 85 00 00 01 01 05 0A B4 25 52 7F B4 25 6E 27
45 00 00 34 E4 60 40 00 80 06 00 00 AC 11 22 89 C7 E8 FE DB DD B9 01 BB 1F 6E 06 59 B4 25 4C F7 80 10 02 03 95 85 00 00 01 01 05 0A B4 25 52 7F B4 25 73 AF
45 00 00 28 E4 61 40 00 80 06 00 00 AC 11 22 89 C7 E8 FE DB DD B9 01 BB 1F 6E 06 59 B4 25 73 AF 50 10 02 03 95 79 00 00
45 00 00 28 E4 62 40 00 80 06 00 00 AC 11 22 89 C7 E8 FE DB DD B9 01 BB 1F 6E 06 59 B4 25 7E BF 50 10 02 03 95 79 00 00
45 00 00 49 13 1B 40 00 FF 11 B8 8C AC 11 22 EF E0 00 00 FB 14 E9 14 E9 00 35 FE 76 00 00 00 00 00 01 00 00 00 00 00 00 10 5F 73 70 6F 74 69 66 79 2D 63 6F 6E 6E 65 63 74 04 5F 74 63 70 05 6C 6F 63 61 6C 00 00 0C 00 01
60 0B 61 63 00 35 11 FF FE 80 00 00 00 00 00 00 50 C8 AE FF FE 48 F6 9B FF 02 00 00 00 00 00 00 00 00 00 00 00 00 00 FB 14 E9 14 E9 00 35 BB 47 00 00 00 00 00 01 00 00 00 00 00 00 10 5F 73 70 6F 74 69 66 79 2D 63 6F 6E 6E 65 63 74 04 5F 74 63 70 05 6C 6F 63 61 6C 00 00 0C 00 01
45 00 00 28 E4 63 40 00 80 06 00 00 AC 11 22 89 C7 E8 FE DB DD B9 01 BB 1F 6E 06 59 B4 25 84 47 50 10 01 FE 95 79 00 00
45 00 00 28 E4 64 40 00 80 06 00 00 AC 11 22 89 C7 E8 FE DB DD B9 01 BB 1F 6E 06 59 B4 25 89 CF 50 10 02 03 95 79 00 00
45 00 00 49 13 1D 40 00 FF 11 B8 8A AC 11 22 EF E0 00 00 FB 14 E9 14 E9 00 35 FE 76 00 00 00 00 00 01 00 00 00 00 00 00 10 5F 73 70 6F 74 69 66 79 2D 63 6F 6E 6E 65 63 74 04 5F 74 63 70 05 6C 6F 63 61 6C 00 00 0C 00 01
60 0B 61 63 00 35 11 FF FE 80 00 00 00 00 00 00 50 C8 AE FF FE 48 F6 9B FF 02 00 00 00 00 00 00 00 00 00 00 00 00 00 FB 14 E9 14 E9 00 35 BB 47 00 00 00 00 00 01 00 00 00 00 00 00 10 5F 73 70 6F 74 69 66 79 2D 63 6F 6E 6E 65 63 74 04 5F 74 63 70 05 6C 6F 63 61 6C 00 00 0C 00 01
45 00 00 28 E4 65 40 00 80 06 00 00 AC 11 22 89 C7 E8 FE DB DD B9 01 BB 1F 6E 06 59 B4 25 94 DF 50 10 02 03 95 79 00 00
45 00 00 34 E4 66 40 00 80 06 00 00 AC 11 22 89 C7 E8 FE DB DD B9 01 BB 1F 6E 06 59 B4 25 94 DF 80 10 02 03 95 85 00 00 01 01 05 0A B4 25 9A 67 B4 25 A5 77
45 00 00 34 E4 67 40 00 80 06 00 00 AC 11 22 89 C7 E8 FE DB DD B9 01 BB 1F 6E 06 59 B4 25 94 DF 80 10 02 03 95 85 00 00 01 01 05 0A B4 25 9A 67 B4 25 B0 87
45 00 00 28 E4 68 40 00 80 06 00 00 AC 11 22 89 C7 E8 FE DB DD B9 01 BB 1F 6E 06 59 B4 25 B0 87 50 10 02 03 95 79 00 00
45 00 00 28 E4 69 40 00 80 06 00 00 AC 11 22 89 C7 E8 FE DB DD B9 01 BB 1F 6E 06 59 B4 25 B6 0F 50 10 01 FE 95 79 00 00
45 00 00 28 E4 6A 40 00 80 06 00 00 AC 11 22 89 C7 E8 FE DB DD B9 01 BB 1F 6E 06 59 B4 25 C1 1F 50 10 02 03 95 79 00 00
45 00 00 28 E4 6B 40 00 80 06 00 00 AC 11 22 89 C7 E8 FE DB DD B9 01 BB 1F 6E 06 59 B4 25 C6 A7 50 10 01 FE 95 79 00 00
45 00 00 28 E4 6C 40 00 80 06 00 00 AC 11 22 89 C7 E8 FE DB DD B9 01 BB 1F 6E 06 59 B4 25 CC E4 50 10 02 03 95 79 00 00
45 00 00 28 E4 6D 40 00 80 06 00 00 AC 11 22 89 C7 E8 FE DB DD B9 01 BB 1F 6E 06 59 B4 25 D2 6C 50 10 01 FE 95 79 00 00
 00 00 00 00 00 00 00 00 00 00 00 00 00 00 00 00 00 00 00 00 00 00 00 00 00 00 00 00 00 00 00 00 00 00 00 00 00 00 00 00
45 00 00 34 E4 6E 40 00 80 06 00 00 AC 11 22 89 C7 E8 FE DB DD B9 01 BB 1F 6E 06 59 B4 25 D2 6C 80 10 01 FE 95 85 00 00 01 01 05 0A B4 25 D7 F4 B4 25 DD 7C
45 00 00 34 E4 6F 40 00 80 06 00 00 AC 11 22 89 C7 E8 FE DB DD B9 01 BB 1F 6E 06 59 B4 25 D2 6C 80 10 01 FE 95 85 00 00 01 01 05 0A B4 25 D7 F4 B4 25 E3 04
45 00 00 34 E4 70 40 00 80 06 00 00 AC 11 22 89 C7 E8 FE DB DD B9 01 BB 1F 6E 06 59 B4 25 D2 6C 80 10 01 FE 95 85 00 00 01 01 05 0A B4 25 D7 F4 B4 25 E8 8C
45 00 00 34 E4 71 40 00 80 06 00 00 AC 11 22 89 C7 E8 FE DB DD B9 01 BB 1F 6E 06 59 B4 25 D2 6C 80 10 01 FE 95 85 00 00 01 01 05 0A B4 25 D7 F4 B4 25 EE 14
45 00 00 28 E4 72 40 00 80 06 00 00 AC 11 22 89 C7 E8 FE DB DD B9 01 BB 1F 6E 06 59 B4 25 EE 14 50 10 02 03 95 79 00 00
45 00 00 28 E4 73 40 00 80 06 00 00 AC 11 22 89 C7 E8 FE DB DD B9 01 BB 1F 6E 06 59 B4 25 F9 24 50 10 02 03 95 79 00 00
45 10 01 4E 00 00 40 00 40 11 39 90 00 00 00 00 FF FF FF FF 00 44 00 43 01 3A 7E 0D 01 01 06 00 BF 36 18 C3 00 00 00 00 00 00 00 00 00 00 00 00 00 00 00 00 00 00 00 00 32 E2 1C DE 00 F0 00 00 00 00 00 00 00 00 00 00 00 00 00 00 00 00 00 00 00 00 00 00 00 00 00 00 00 00 00 00 00 00 00 00 00 00 00 00 00 00 00 00 00 00 00 00 00 00 00 00 00 00 00 00 00 00 00 00 00 00 00 00 00 00 00 00 00 00 00 00 00 00 00 00 00 00 00 00 00 00 00 00 00 00 00 00 00 00 00 00 00 00 00 00 00 00 00 00 00 00 00 00 00 00 00 00 00 00 00 00 00 00 00 00 00 00 00 00 00 00 00 00 00 00 00 00 00 00 00 00 00 00 00 00 00 00 00 00 00 00 00 00 00 00 00 00 00 00 00 00 00 00 00 00 00 00 00 00 00 00 00 00 00 00 00 00 00 00 00 00 00 00 00 00 00 00 00 00 00 00 00 00 00 00 00 00 00 00 00 00 00 00 00 00 00 00 00 00 00 00 00 00 63 82 53 63 35 01 03 3D 07 01 32 E2 1C DE 00 F0 32 04 AC 11 22 D2 39 02 05 DC 3C 0F 61 6E 64 72 6F 69 64 2D 64 68 63 70 2D 31 31 0C 0A 4F 6E 65 50 6C 75 73 2D 36 54 37 0C 01 03 06 0F 1A 1C 33 3A 3B 2B 72 6C FF
45 00 00 47 0F 68 00 00 01 11 FA FB AC 11 22 36 E0 00 00 FB 14 E9 14 E9 00 33 7C F5 00 00 00 00 00 01 00 00 00 00 00 00 0E 5F 6D 69 63 72 6F 73 6F 66 74 5F 6D 63 63 04 5F 74 63 70 05 6C 6F 63 61 6C 00 00 0C 80 01
60 04 46 8A 00 33 11 01 FE 80 00 00 00 00 00 00 96 89 41 D7 69 85 3D BB FF 02 00 00 00 00 00 00 00 00 00 00 00 00 00 FB 14 E9 14 E9 00 33 AE 18 00 00 00 00 00 01 00 00 00 00 00 00 0E 5F 6D 69 63 72 6F 73 6F 66 74 5F 6D 63 63 04 5F 74 63 70 05 6C 6F 63 61 6C 00 00 0C 80 01
45 00 00 28 E4 74 40 00 80 06 00 00 AC 11 22 89 C7 E8 FE DB DD B9 01 BB 1F 6E 06 59 B4 25 FE AC 50 10 01 FE 95 79 00 00
45 00 00 34 E4 75 40 00 80 06 00 00 AC 11 22 89 C7 E8 FE DB DD B9 01 BB 1F 6E 06 59 B4 25 FE AC 80 10 01 FE 95 85 00 00 01 01 05 0A B4 26 04 34 B4 26 09 BC
45 00 00 34 E4 76 40 00 80 06 00 00 AC 11 22 89 C7 E8 FE DB DD B9 01 BB 1F 6E 06 59 B4 25 FE AC 80 10 01 FE 95 85 00 00 01 01 05 0A B4 26 04 34 B4 26 0F 44
45 00 00 34 E4 77 40 00 80 06 00 00 AC 11 22 89 C7 E8 FE DB DD B9 01 BB 1F 6E 06 59 B4 25 FE AC 80 10 01 FE 95 85 00 00 01 01 05 0A B4 26 04 34 B4 26 14 CC
45 00 00 3C E4 78 40 00 80 06 00 00 AC 11 22 89 C7 E8 FE DB DD B9 01 BB 1F 6E 06 59 B4 25 FE AC A0 10 01 FE 95 8D 00 00 01 01 05 12 B4 26 1A 54 B4 26 1F DC B4 26 04 34 B4 26 14 CC
45 00 00 34 E4 79 40 00 80 06 00 00 AC 11 22 89 C7 E8 FE DB DD B9 01 BB 1F 6E 06 59 B4 26 14 CC 80 10 02 03 95 85 00 00 01 01 05 0A B4 26 1A 54 B4 26 1F DC
45 00 00 28 E4 7A 40 00 80 06 00 00 AC 11 22 89 C7 E8 FE DB DD B9 01 BB 1F 6E 06 59 B4 26 1F DC 50 10 02 03 95 79 00 00
45 00 00 28 E4 7B 40 00 80 06 00 00 AC 11 22 89 C7 E8 FE DB DD B9 01 BB 1F 6E 06 59 B4 26 25 64 50 10 01 FE 95 79 00 00
45 00 00 28 14 0D 40 00 80 06 00 00 AC 11 22 89 9D F0 0D 36 DC 25 01 BB 42 06 EE 0F 52 70 09 54 50 10 02 02 79 DB 00 00
45 00 00 28 BB 7B 40 00 80 06 00 00 AC 11 22 89 C0 E5 E8 C8 DC 51 01 BB 25 C1 43 C3 6B B8 B7 A4 50 10 02 00 78 63 00 00
45 00 00 28 BB 7C 40 00 80 06 00 00 AC 11 22 89 C0 E5 E8 C8 DC 51 01 BB 25 C1 43 C3 6B B8 B7 A4 50 11 02 00 78 63 00 00
45 00 00 47 0F 69 00 00 01 11 FA FA AC 11 22 36 E0 00 00 FB 14 E9 14 E9 00 33 7D 75 00 00 00 00 00 01 00 00 00 00 00 00 0E 5F 6D 69 63 72 6F 73 6F 66 74 5F 6D 63 63 04 5F 74 63 70 05 6C 6F 63 61 6C 00 00 0C 00 01
60 04 46 8A 00 33 11 01 FE 80 00 00 00 00 00 00 96 89 41 D7 69 85 3D BB FF 02 00 00 00 00 00 00 00 00 00 00 00 00 00 FB 14 E9 14 E9 00 33 AE 98 00 00 00 00 00 01 00 00 00 00 00 00 0E 5F 6D 69 63 72 6F 73 6F 66 74 5F 6D 63 63 04 5F 74 63 70 05 6C 6F 63 61 6C 00 00 0C 00 01
45 00 00 28 E4 7C 40 00 80 06 00 00 AC 11 22 89 C7 E8 FE DB DD B9 01 BB 1F 6E 06 59 B4 26 2A EC 50 10 02 03 95 79 00 00
45 00 00 28 E4 7D 40 00 80 06 00 00 AC 11 22 89 C7 E8 FE DB DD B9 01 BB 1F 6E 06 59 B4 26 30 74 50 10 01 FE 95 79 00 00
45 00 00 28 E4 7E 40 00 80 06 00 00 AC 11 22 89 C7 E8 FE DB DD B9 01 BB 1F 6E 06 59 B4 26 35 FC 50 10 02 03 95 79 00 00
45 00 00 28 87 35 40 00 80 06 00 00 AC 11 22 89 60 11 C2 F2 DB AD 01 BB EF 6D 5A FD 18 F8 7E 85 50 10 02 01 F1 B8 00 00
45 00 00 28 E4 7F 40 00 80 06 00 00 AC 11 22 89 C7 E8 FE DB DD B9 01 BB 1F 6E 06 59 B4 26 3B 84 50 10 01 FE 95 79 00 00
 00 00 00 00 00 00
45 00 00 28 E4 80 40 00 80 06 00 00 AC 11 22 89 C7 E8 FE DB DD B9 01 BB 1F 6E 06 59 B4 26 41 0C 50 10 02 03 95 79 00 00
45 00 00 28 E4 81 40 00 80 06 00 00 AC 11 22 89 C7 E8 FE DB DD B9 01 BB 1F 6E 06 59 B4 26 4C 1C 50 10 02 03 95 79 00 00
45 00 00 28 BB 7D 40 00 80 06 00 00 AC 11 22 89 C0 E5 E8 C8 DC 51 01 BB 25 C1 43 C3 6B B8 B7 A4 50 11 02 00 78 63 00 00
45 00 00 28 E4 82 40 00 80 06 00 00 AC 11 22 89 C7 E8 FE DB DD B9 01 BB 1F 6E 06 59 B4 26 51 A4 50 10 01 FE 95 79 00 00
45 00 00 28 E4 83 40 00 80 06 00 00 AC 11 22 89 C7 E8 FE DB DD B9 01 BB 1F 6E 06 59 B4 26 62 3C 50 10 02 03 95 79 00 00
45 00 00 28 E4 84 40 00 80 06 00 00 AC 11 22 89 C7 E8 FE DB DD B9 01 BB 1F 6E 06 59 B4 26 67 C4 50 10 01 FE 95 79 00 00
45 00 00 34 E4 85 40 00 80 06 00 00 AC 11 22 89 C7 E8 FE DB DD B9 01 BB 1F 6E 06 59 B4 26 67 C4 80 10 01 FE 95 85 00 00 01 01 05 0A B4 26 6D 4C B4 26 72 D4
45 00 00 3C E4 86 40 00 80 06 00 00 AC 11 22 89 C7 E8 FE DB DD B9 01 BB 1F 6E 06 59 B4 26 67 C4 A0 10 01 FE 95 8D 00 00 01 01 05 12 B4 26 78 5C B4 26 7D E4 B4 26 6D 4C B4 26 72 D4
 00 00 00 00 00 00
45 00 00 3C E4 87 40 00 80 06 00 00 AC 11 22 89 C7 E8 FE DB DD B9 01 BB 1F 6E 06 59 B4 26 67 C4 A0 10 01 FE 95 8D 00 00 01 01 05 12 B4 26 78 5C B4 26 83 6C B4 26 6D 4C B4 26 72 D4
45 00 00 34 E4 88 40 00 80 06 00 00 AC 11 22 89 C7 E8 FE DB DD B9 01 BB 1F 6E 06 59 B4 26 72 D4 80 10 02 03 95 85 00 00 01 01 05 0A B4 26 78 5C B4 26 83 6C
45 00 00 28 E4 89 40 00 80 06 00 00 AC 11 22 89 C7 E8 FE DB DD B9 01 BB 1F 6E 06 59 B4 26 83 6C 50 10 02 03 95 79 00 00
45 00 00 28 E4 8A 40 00 80 06 00 00 AC 11 22 89 C7 E8 FE DB DD B9 01 BB 1F 6E 06 59 B4 26 88 F4 50 10 01 FE 95 79 00 00
45 00 00 28 E4 8B 40 00 80 06 00 00 AC 11 22 89 C7 E8 FE DB DD B9 01 BB 1F 6E 06 59 B4 26 8E 7C 50 10 02 03 95 79 00 00
45 00 00 28 E4 8C 40 00 80 06 00 00 AC 11 22 89 C7 E8 FE DB DD B9 01 BB 1F 6E 06 59 B4 26 99 8C 50 10 02 03 95 79 00 00
45 00 00 28 E4 8D 40 00 80 06 00 00 AC 11 22 89 C7 E8 FE DB DD B9 01 BB 1F 6E 06 59 B4 26 9F 14 50 10 01 FE 95 79 00 00
45 00 00 28 E4 8E 40 00 80 06 00 00 AC 11 22 89 C7 E8 FE DB DD B9 01 BB 1F 6E 06 59 B4 26 AA 24 50 10 02 03 95 79 00 00
45 00 00 3D 35 95 00 00 80 11 00 00 AC 11 22 89 AC 18 02 4C E0 D8 00 35 00 29 7D 39 88 59 01 00 00 01 00 00 00 00 00 00 03 77 77 77 07 6D 6F 7A 69 6C 6C 61 03 6F 72 67 00 00 01 00 01
45 00 00 3D 98 9B 00 00 80 11 00 00 AC 11 22 89 AC 18 02 4D E0 D8 00 35 00 29 7D 3A 88 59 01 00 00 01 00 00 00 00 00 00 03 77 77 77 07 6D 6F 7A 69 6C 6C 61 03 6F 72 67 00 00 01 00 01
45 00 00 6F EC 61 00 00 3F 11 12 1E AC 18 02 4C AC 11 22 89 00 35 E0 D8 00 5B 24 05 88 59 81 80 00 01 00 02 00 00 00 00 03 77 77 77 07 6D 6F 7A 69 6C 6C 61 03 6F 72 67 00 00 01 00 01 C0 0C 00 05 00 01 00 00 00 12 00 16 03 77 77 77 06 6D 6F 7A 6F 72 67 03 6D 6F 7A 05 77 6F 72 6B 73 00 C0 2D 00 01 00 01 00 00 00 3C 00 04 0D E3 35 0A
45 00 00 42 35 96 00 00 80 11 00 00 AC 11 22 89 AC 18 02 4C F4 BD 00 35 00 2E 7D 3E 21 F8 01 00 00 01 00 00 00 00 00 00 03 77 77 77 06 6D 6F 7A 6F 72 67 03 6D 6F 7A 05 77 6F 72 6B 73 00 00 01 00 01
45 00 00 52 EC 62 00 00 3F 11 12 3A AC 18 02 4C AC 11 22 89 00 35 F4 BD 00 3E DB 2B 21 F8 81 80 00 01 00 01 00 00 00 00 03 77 77 77 06 6D 6F 7A 6F 72 67 03 6D 6F 7A 05 77 6F 72 6B 73 00 00 01 00 01 C0 0C 00 01 00 01 00 00 00 3C 00 04 0D E3 35 0A
45 00 00 42 35 97 00 00 80 11 00 00 AC 11 22 89 AC 18 02 4C F4 BD 00 35 00 2E 7D 3E 0A E8 01 00 00 01 00 00 00 00 00 00 03 77 77 77 06 6D 6F 7A 6F 72 67 03 6D 6F 7A 05 77 6F 72 6B 73 00 00 1C 00 01
45 00 00 93 EC 63 00 00 3F 11 11 F8 AC 18 02 4C AC 11 22 89 00 35 F4 BD 00 7F 7E 3C 0A E8 81 80 00 01 00 00 00 01 00 00 03 77 77 77 06 6D 6F 7A 6F 72 67 03 6D 6F 7A 05 77 6F 72 6B 73 00 00 1C 00 01 C0 17 00 06 00 01 00 00 00 F4 00 45 06 6E 73 2D 33 36 37 09 61 77 73 64 6E 73 2D 34 35 03 63 6F 6D 00 11 61 77 73 64 6E 73 2D 68 6F 73 74 6D 61 73 74 65 72 06 61 6D 61 7A 6F 6E C0 43 00 00 00 01 00 00 1C 20 00 00 03 84 00 12 75 00 00 01 51 80
45 00 00 34 E4 8F 40 00 80 06 00 00 AC 11 22 89 C7 E8 FE DB DD B9 01 BB 1F 6E 06 59 B4 26 AA 24 80 10 02 03 95 85 00 00 01 01 05 0A B4 26 AF AC B4 26 B5 34
45 00 00 3C E4 90 40 00 80 06 00 00 AC 11 22 89 C7 E8 FE DB DD B9 01 BB 1F 6E 06 59 B4 26 AA 24 A0 10 02 03 95 8D 00 00 01 01 05 12 B4 26 BA BC B4 26 BD 22 B4 26 AF AC B4 26 B5 34
60 00 00 00 00 10 3A FF FE 80 00 00 00 00 00 00 50 C8 AE FF FE 48 F6 9B FF 02 00 00 00 00 00 00 00 00 00 00 00 00 00 02 85 00 8F D4 00 00 00 00 01 01 52 C8 AE 48 F6 9B
45 00 00 34 E4 92 40 00 80 06 00 00 AC 11 22 89 C7 E8 FE DB DD B9 01 BB 1F 6E 06 7B B4 26 B5 34 80 10 02 03 95 85 00 00 01 01 05 0A B4 26 BA BC B4 26 BD 22
00 01 08 00 06 04 00 02 74 D4 DD 28 65 51 AC 11 22 89 00 5F 67 E4 23 5E AC 11 22 9A
00 01 08 00 06 04 00 01 74 D4 DD 28 65 51 AC 11 22 89 00 00 00 00 00 00 A9 FE A9 FE
45 00 00 34 B4 C3 40 00 35 06 FB A1 C7 E8 FE DB AC 11 22 89 01 BB DD B9 B4 26 C2 AA 1F 6E 06 7B 80 10 01 20 1B 5F 00 00 01 01 05 0A 1F 6E 06 59 1F 6E 06 7B
45 00 00 28 E4 94 40 00 80 06 00 00 AC 11 22 89 C7 E8 FE DB DD B9 01 BB 1F 6E 06 7B B4 26 BD 22 50 10 02 03 95 79 00 00
45 00 00 28 E4 95 40 00 80 06 00 00 AC 11 22 89 C7 E8 FE DB DD B9 01 BB 1F 6E 06 7B B4 26 C8 32 50 10 02 03 95 79 00 00
00 01 08 00 06 04 00 01 74 D4 DD 28 65 51 AC 11 22 89 00 00 00 00 00 00 A9 FE A9 FE
45 00 00 28 13 D9 40 00 80 06 00 00 AC 11 22 89 68 12 CB E8 DD AC 01 BB 30 B1 3E 07 AF 45 E9 B2 50 10 02 02 02 B0 00 00
45 00 00 28 13 DA 40 00 80 06 00 00 AC 11 22 89 68 12 CB E8 DD AC 01 BB 30 B1 3E 07 AF 45 F5 1A 50 10 02 02 02 B0 00 00
45 00 00 28 13 DB 40 00 80 06 00 00 AC 11 22 89 68 12 CB E8 DD AC 01 BB 30 B1 3E 07 AF 46 00 82 50 10 02 02 02 B0 00 00
45 00 00 28 13 DC 40 00 80 06 00 00 AC 11 22 89 68 12 CB E8 DD AC 01 BB 30 B1 3E 07 AF 46 0B EA 50 10 02 02 02 B0 00 00
45 00 00 28 13 DD 40 00 80 06 00 00 AC 11 22 89 68 12 CB E8 DD AC 01 BB 30 B1 3E 07 AF 46 17 52 50 10 02 02 02 B0 00 00
45 00 00 28 13 DE 40 00 80 06 00 00 AC 11 22 89 68 12 CB E8 DD AC 01 BB 30 B1 3E 07 AF 46 22 BA 50 10 02 02 02 B0 00 00
45 00 00 28 13 DF 40 00 80 06 00 00 AC 11 22 89 68 12 CB E8 DD AC 01 BB 30 B1 3E 07 AF 46 24 3C 50 10 02 00 02 B0 00 00
45 00 00 28 13 E0 40 00 80 06 00 00 AC 11 22 89 68 12 CB E8 DD AC 01 BB 30 B1 3E 07 AF 46 2F A4 50 10 02 02 02 B0 00 00
45 00 00 28 13 E1 40 00 80 06 00 00 AC 11 22 89 68 12 CB E8 DD AC 01 BB 30 B1 3E 07 AF 46 3B 0C 50 10 02 02 02 B0 00 00
45 00 00 28 13 E2 40 00 80 06 00 00 AC 11 22 89 68 12 CB E8 DD AC 01 BB 30 B1 3E 07 AF 46 46 74 50 10 02 02 02 B0 00 00
45 00 00 28 13 E3 40 00 80 06 00 00 AC 11 22 89 68 12 CB E8 DD AC 01 BB 30 B1 3E 07 AF 46 51 DC 50 10 02 02 02 B0 00 00
45 00 00 28 13 E4 40 00 80 06 00 00 AC 11 22 89 68 12 CB E8 DD AC 01 BB 30 B1 3E 07 AF 46 5D 44 50 10 02 02 02 B0 00 00
45 00 00 28 13 E5 40 00 80 06 00 00 AC 11 22 89 68 12 CB E8 DD AC 01 BB 30 B1 3E 07 AF 46 64 52 50 10 02 02 02 B0 00 00
45 00 00 28 13 E6 40 00 80 06 00 00 AC 11 22 89 68 12 CB E8 DD AC 01 BB 30 B1 3E 07 AF 46 6F 47 50 10 02 02 02 B0 00 00
45 00 00 28 13 E8 40 00 80 06 00 00 AC 11 22 89 68 12 CB E8 DD AC 01 BB 30 B1 3E AC AF 46 6F 87 50 10 02 01 02 B0 00 00
60 02 26 BF 00 60 11 01 FE 80 00 00 00 00 00 00 FB 59 FD 50 74 B1 C8 14 FF 02 00 00 00 00 00 00 00 00 00 00 00 01 00 02 02 22 02 23 00 60 57 68 01 59 54 14 00 08 00 02 00 00 00 01 00 0E 00 01 00 01 2C 7D 5D DB C4 65 16 2D E5 5A 00 03 00 0C 06 C4 65 16 00 00 00 00 00 00 00 00 00 27 00 0A 00 08 41 62 68 79 75 64 61 79 00 10 00 0E 00 00 01 37 00 08 4D 53 46 54 20 35 2E 30 00 06 00 08 00 11 00 17 00 18 00 27
45 00 00 28 E4 97 40 00 80 06 00 00 AC 11 22 89 C7 E8 FE DB DD B9 01 BB 1F 6E 06 E9 B4 26 CD BA 50 10 01 FE 95 79 00 00
45 00 00 28 E4 98 40 00 80 06 00 00 AC 11 22 89 C7 E8 FE DB DD B9 01 BB 1F 6E 06 E9 B4 26 D3 42 50 10 02 03 95 79 00 00
45 00 00 34 43 94 00 00 36 06 72 D8 22 6B DD 52 AC 11 22 89 00 50 DB 67 33 43 CA D3 CF 05 3A B0 80 10 01 26 B3 4F 00 00 01 01 05 0A CF 05 3A AF CF 05 3A B0
45 00 00 28 E4 99 40 00 80 06 00 00 AC 11 22 89 C7 E8 FE DB DD B9 01 BB 1F 6E 06 E9 B4 26 D8 CA 50 10 01 FE 95 79 00 00
00 01 08 00 06 04 00 01 74 D4 DD 28 65 51 AC 11 22 89 00 00 00 00 00 00 A9 FE A9 FE
45 00 00 34 D5 79 00 00 36 06 E0 F2 22 6B DD 52 AC 11 22 89 00 50 DB 6A 56 33 83 4D 0A 75 16 47 80 10 01 26 92 D0 00 00 01 01 05 0A 0A 75 16 46 0A 75 16 47
45 00 00 28 E4 9A 40 00 80 06 00 00 AC 11 22 89 C7 E8 FE DB DD B9 01 BB 1F 6E 06 E9 B4 26 DE 52 50 10 02 03 95 79 00 00
45 00 00 34 E4 9B 40 00 80 06 00 00 AC 11 22 89 C7 E8 FE DB DD B9 01 BB 1F 6E 06 E9 B4 26 DE 52 80 10 02 03 95 85 00 00 01 01 05 0A B4 26 E3 DA B4 26 E9 62
60 0A 3B B3 00 67 11 01 FE 80 00 00 00 00 00 00 C6 6A B2 99 C0 11 8F 1E FF 02 00 00 00 00 00 00 00 00 00 00 00 01 00 02 02 22 02 23 00 67 53 67 01 31 1F 29 00 08 00 02 0C 1F 00 01 00 0E 00 01 00 01 2A 77 B8 F9 E4 A8 DF E3 57 47 00 03 00 0C 06 E4 A8 DF 00 00 00 00 00 00 00 00 00 27 00 11 00 0F 4C 41 50 54 4F 50 2D 43 41 34 47 30 36 54 4F 00 10 00 0E 00 00 01 37 00 08 4D 53 46 54 20 35 2E 30 00 06 00 08 00 11 00 17 00 18 00 27
45 00 00 34 E4 9C 40 00 80 06 00 00 AC 11 22 89 C7 E8 FE DB DD B9 01 BB 1F 6E 06 E9 B4 26 DE 52 80 10 02 03 95 85 00 00 01 01 05 0A B4 26 E3 DA B4 26 EE EA
45 00 00 28 E4 9D 40 00 80 06 00 00 AC 11 22 89 C7 E8 FE DB DD B9 01 BB 1F 6E 06 E9 B4 26 EE EA 50 10 02 03 95 79 00 00
60 02 26 BF 00 60 11 01 FE 80 00 00 00 00 00 00 FB 59 FD 50 74 B1 C8 14 FF 02 00 00 00 00 00 00 00 00 00 00 00 01 00 02 02 22 02 23 00 60 57 04 01 59 54 14 00 08 00 02 00 64 00 01 00 0E 00 01 00 01 2C 7D 5D DB C4 65 16 2D E5 5A 00 03 00 0C 06 C4 65 16 00 00 00 00 00 00 00 00 00 27 00 0A 00 08 41 62 68 79 75 64 61 79 00 10 00 0E 00 00 01 37 00 08 4D 53 46 54 20 35 2E 30 00 06 00 08 00 11 00 17 00 18 00 27
45 00 00 28 E4 9E 40 00 80 06 00 00 AC 11 22 89 C7 E8 FE DB DD B9 01 BB 1F 6E 06 E9 B4 26 F4 72 50 10 01 FE 95 79 00 00
45 00 00 69 13 C4 40 00 FF 11 B7 C3 AC 11 22 EF E0 00 00 FB 14 E9 14 E9 00 55 B2 82 00 06 00 00 00 03 00 00 00 00 00 00 09 5F 43 43 31 41 44 38 34 35 04 5F 73 75 62 0B 5F 67 6F 6F 67 6C 65 63 61 73 74 04 5F 74 63 70 05 6C 6F 63 61 6C 00 00 0C 00 01 09 5F 43 43 33 32 45 37 35 33 C0 16 00 0C 00 01 C0 1B 00 0C 00 01
45 00 00 28 E4 9F 40 00 80 06 00 00 AC 11 22 89 C7 E8 FE DB DD B9 01 BB 1F 6E 06 E9 B4 26 F9 FA 50 10 02 03 95 79 00 00
45 00 00 28 E4 A0 40 00 80 06 00 00 AC 11 22 89 C7 E8 FE DB DD B9 01 BB 1F 6E 06 E9 B4 27 05 0A 50 10 02 03 95 79 00 00
45 00 00 28 53 3D 40 00 80 06 00 00 AC 11 22 89 8E FA B6 6E DB 83 01 BB F8 1C F6 4A 36 6A 85 C1 50 10 10 02 14 1E 00 00
45 00 00 28 53 3E 40 00 80 06 00 00 AC 11 22 89 8E FA B6 6E DB 83 01 BB F8 1C F6 4A 36 6A 85 E8 50 10 10 01 14 1E 00 00
45 00 00 34 E4 A1 40 00 80 06 00 00 AC 11 22 89 C7 E8 FE DB DD B9 01 BB 1F 6E 06 E9 B4 27 05 0A 80 10 02 03 95 85 00 00 01 01 05 0A B4 27 07 C9 B4 27 0D 51
45 00 00 34 E4 A2 40 00 80 06 00 00 AC 11 22 89 C7 E8 FE DB DD B9 01 BB 1F 6E 06 E9 B4 27 05 0A 80 10 02 03 95 85 00 00 01 01 05 0A B4 27 07 C9 B4 27 12 D9
45 00 00 34 C7 1C 00 00 35 06 30 FE 98 C3 26 4C AC 11 22 89 00 50 DD 7E FC B2 71 58 57 7B 21 28 80 10 00 85 35 CB 00 00 01 01 05 0A 57 7B 21 27 57 7B 21 28
45 00 00 28 E4 A3 40 00 80 06 00 00 AC 11 22 89 C7 E8 FE DB DD B9 01 BB 1F 6E 06 E9 B4 27 12 D9 50 10 02 03 95 79 00 00
45 00 00 34 E4 A4 40 00 80 06 00 00 AC 11 22 89 C7 E8 FE DB DD B9 01 BB 1F 6E 06 E9 B4 27 12 D9 80 10 02 03 95 85 00 00 01 01 05 0A B4 27 18 61 B4 27 1D E9
45 00 00 28 E4 A5 40 00 80 06 00 00 AC 11 22 89 C7 E8 FE DB DD B9 01 BB 1F 6E 06 E9 B4 27 1D E9 50 10 02 03 95 79 00 00
45 00 00 28 E4 A6 40 00 80 06 00 00 AC 11 22 89 C7 E8 FE DB DD B9 01 BB 1F 6E 06 E9 B4 27 23 71 50 10 01 FE 95 79 00 00
45 00 00 28 E4 A7 40 00 80 06 00 00 AC 11 22 89 C7 E8 FE DB DD B9 01 BB 1F 6E 06 E9 B4 27 28 F9 50 10 02 03 95 79 00 00
45 00 00 28 E4 A8 40 00 80 06 00 00 AC 11 22 89 C7 E8 FE DB DD B9 01 BB 1F 6E 06 E9 B4 27 2E 81 50 10 01 FE 95 79 00 00
45 00 00 28 E4 A9 40 00 80 06 00 00 AC 11 22 89 C7 E8 FE DB DD B9 01 BB 1F 6E 06 E9 B4 27 34 09 50 10 02 03 95 79 00 00
60 02 26 BF 00 60 11 01 FE 80 00 00 00 00 00 00 FB 59 FD 50 74 B1 C8 14 FF 02 00 00 00 00 00 00 00 00 00 00 00 01 00 02 02 22 02 23 00 60 56 3B 01 59 54 14 00 08 00 02 01 2D 00 01 00 0E 00 01 00 01 2C 7D 5D DB C4 65 16 2D E5 5A 00 03 00 0C 06 C4 65 16 00 00 00 00 00 00 00 00 00 27 00 0A 00 08 41 62 68 79 75 64 61 79 00 10 00 0E 00 00 01 37 00 08 4D 53 46 54 20 35 2E 30 00 06 00 08 00 11 00 17 00 18 00 27
45 00 00 28 E4 AA 40 00 80 06 00 00 AC 11 22 89 C7 E8 FE DB DD B9 01 BB 1F 6E 06 E9 B4 27 3F 19 50 10 02 03 95 79 00 00
45 00 00 28 E4 AB 40 00 80 06 00 00 AC 11 22 89 C7 E8 FE DB DD B9 01 BB 1F 6E 06 E9 B4 27 44 A1 50 10 01 FE 95 79 00 00
45 00 00 28 E4 AC 40 00 80 06 00 00 AC 11 22 89 C7 E8 FE DB DD B9 01 BB 1F 6E 06 E9 B4 27 4F B1 50 10 02 03 95 79 00 00
45 00 00 28 E4 AD 40 00 80 06 00 00 AC 11 22 89 C7 E8 FE DB DD B9 01 BB 1F 6E 06 E9 B4 27 55 39 50 10 01 FE 95 79 00 00
45 00 00 28 E4 AE 40 00 80 06 00 00 AC 11 22 89 C7 E8 FE DB DD B9 01 BB 1F 6E 06 E9 B4 27 65 D1 50 10 02 03 95 79 00 00
45 00 00 28 E4 AF 40 00 80 06 00 00 AC 11 22 89 C7 E8 FE DB DD B9 01 BB 1F 6E 06 E9 B4 27 6B 59 50 10 01 FE 95 79 00 00
45 00 00 34 E4 B0 40 00 80 06 00 00 AC 11 22 89 C7 E8 FE DB DD B9 01 BB 1F 6E 06 E9 B4 27 6B 59 80 10 01 FE 95 85 00 00 01 01 05 0A B4 27 76 69 B4 27 7B F1
45 00 00 34 E4 B1 40 00 80 06 00 00 AC 11 22 89 C7 E8 FE DB DD B9 01 BB 1F 6E 06 E9 B4 27 6B 59 80 10 01 FE 95 85 00 00 01 01 05 0A B4 27 76 69 B4 27 81 79
45 00 00 34 E4 B2 40 00 80 06 00 00 AC 11 22 89 C7 E8 FE DB DD B9 01 BB 1F 6E 06 E9 B4 27 6B 59 80 10 01 FE 95 85 00 00 01 01 05 0A B4 27 76 69 B4 27 87 01
45 00 00 34 E7 03 40 00 2C 06 CA 11 14 BB BA 59 AC 11 22 89 01 BB DB 6C 43 16 98 6B 1A FF DF AF 80 10 00 3B 33 1E 00 00 01 01 05 0A 1A FF DF AE 1A FF DF AF
45 00 00 34 E4 B3 40 00 80 06 00 00 AC 11 22 89 C7 E8 FE DB DD B9 01 BB 1F 6E 06 E9 B4 27 70 E1 80 10 02 03 95 85 00 00 01 01 05 0A B4 27 76 69 B4 27 87 01
45 00 00 28 E4 B4 40 00 80 06 00 00 AC 11 22 89 C7 E8 FE DB DD B9 01 BB 1F 6E 06 E9 B4 27 87 01 50 10 02 03 95 79 00 00
45 00 00 28 E4 B5 40 00 80 06 00 00 AC 11 22 89 C7 E8 FE DB DD B9 01 BB 1F 6E 06 E9 B4 27 8C 89 50 10 01 FE 95 79 00 00
45 00 00 28 E4 B6 40 00 80 06 00 00 AC 11 22 89 C7 E8 FE DB DD B9 01 BB 1F 6E 06 E9 B4 27 92 11 50 10 02 03 95 79 00 00
45 00 00 45 35 98 00 00 80 11 00 00 AC 11 22 89 AC 18 02 4C F4 BD 00 35 00 31 7D 41 04 C2 01 00 00 01 00 00 00 00 00 00 03 77 77 77 0F 6D 73 66 74 63 6F 6E 6E 65 63 74 74 65 73 74 03 63 6F 6D 00 00 01 00 01
45 00 00 D5 ED A5 00 00 3F 11 10 74 AC 18 02 4C AC 11 22 89 00 35 F4 BD 00 C1 C3 D7 04 C2 81 80 00 01 00 05 00 00 00 00 03 77 77 77 0F 6D 73 66 74 63 6F 6E 6E 65 63 74 74 65 73 74 03 63 6F 6D 00 00 01 00 01 C0 0C 00 05 00 01 00 00 02 29 00 1D 08 6E 63 73 69 2D 67 65 6F 0E 74 72 61 66 66 69 63 6D 61 6E 61 67 65 72 03 6E 65 74 00 C0 35 00 05 00 01 00 00 38 80 00 1D 03 77 77 77 08 6D 73 66 74 6E 63 73 69 03 63 6F 6D 09 65 64 67 65 73 75 69 74 65 C0 4D C0 5E 00 05 00 01 00 00 00 81 00 12 05 61 31 39 36 31 02 67 32 06 61 6B 61 6D 61 69 C0 4D C0 87 00 01 00 01 00 00 00 14 00 04 2A 63 8C BB C0 87 00 01 00 01 00 00 00 14 00 04 2A 63 8C 99
45 00 00 28 E4 B7 40 00 80 06 00 00 AC 11 22 89 C7 E8 FE DB DD B9 01 BB 1F 6E 06 E9 B4 27 9D 21 50 10 02 03 95 79 00 00
45 00 00 34 E7 30 40 00 80 06 00 00 AC 11 22 89 2A 63 8C BB DD CA 00 50 42 B9 81 E0 00 00 00 00 80 02 FA F0 85 DF 00 00 02 04 05 B4 01 03 03 08 01 01 04 02
45 00 00 34 00 00 40 00 37 06 BE 0B 2A 63 8C BB AC 11 22 89 00 50 DD CA C5 C3 C8 1A 42 B9 81 E1 80 12 FA F0 BD C3 00 00 02 04 05 B4 01 01 04 02 01 03 03 07
45 00 00 28 E7 31 40 00 80 06 00 00 AC 11 22 89 2A 63 8C BB DD CA 00 50 42 B9 81 E1 C5 C3 C8 1B 50 10 02 01 85 D3 00 00
45 00 00 28 E4 B8 40 00 80 06 00 00 AC 11 22 89 C7 E8 FE DB DD B9 01 BB 1F 6E 06 E9 B4 27 A2 A9 50 10 01 FE 95 79 00 00
45 00 00 28 E7 33 40 00 80 06 00 00 AC 11 22 89 2A 63 8C BB DD CA 00 50 42 B9 82 50 C5 C3 C8 D7 50 10 02 00 85 D3 00 00
45 00 00 28 E7 34 40 00 80 06 00 00 AC 11 22 89 2A 63 8C BB DD CA 00 50 42 B9 82 50 C5 C3 C8 D7 50 11 02 00 85 D3 00 00
45 00 00 28 E4 B9 40 00 80 06 00 00 AC 11 22 89 C7 E8 FE DB DD B9 01 BB 1F 6E 06 E9 B4 27 B3 41 50 10 02 03 95 79 00 00
45 00 00 28 E4 BA 40 00 80 06 00 00 AC 11 22 89 C7 E8 FE DB DD B9 01 BB 1F 6E 06 E9 B4 27 B8 C9 50 10 01 FE 95 79 00 00
45 00 00 28 E4 BB 40 00 80 06 00 00 AC 11 22 89 C7 E8 FE DB DD B9 01 BB 1F 6E 06 E9 B4 27 C9 61 50 10 02 03 95 79 00 00
60 00 00 00 00 24 00 01 FE 80 00 00 00 00 00 00 4C 91 80 FF FE A6 A5 D3 FF 02 00 00 00 00 00 00 00 00 00 00 00 00 00 16 3A 00 05 02 00 00 01 00 8F 00 FE 04 00 00 00 01 03 00 00 00 FF 02 00 00 00 00 00 00 00 00 00 00 00 00 00 FB
 00 00 00 00 00 00
45 00 00 28 E4 BC 40 00 80 06 00 00 AC 11 22 89 C7 E8 FE DB DD B9 01 BB 1F 6E 06 E9 B4 27 CE E9 50 10 01 FE 95 79 00 00
45 00 00 28 E4 BD 40 00 80 06 00 00 AC 11 22 89 C7 E8 FE DB DD B9 01 BB 1F 6E 06 E9 B4 27 DF 81 50 10 02 03 95 79 00 00
45 00 00 28 E4 BE 40 00 80 06 00 00 AC 11 22 89 C7 E8 FE DB DD B9 01 BB 1F 6E 06 E9 B4 27 E5 09 50 10 01 FE 95 79 00 00
45 00 00 34 93 14 40 00 36 06 49 CB 97 65 01 E5 AC 11 22 89 01 BB DB DC 93 C5 F3 FA 3D A5 13 4C 80 10 01 22 B8 8B 00 00 01 01 05 0A 3D A5 13 4B 3D A5 13 4C
45 00 00 34 E4 BF 40 00 80 06 00 00 AC 11 22 89 C7 E8 FE DB DD B9 01 BB 1F 6E 06 E9 B4 27 E5 09 80 10 01 FE 95 85 00 00 01 01 05 0A B4 27 EA 91 B4 27 F5 A1
 00 00 00 00 00 00
60 00 00 00 00 24 00 01 FE 80 00 00 00 00 00 00 4C 91 80 FF FE A6 A5 D3 FF 02 00 00 00 00 00 00 00 00 00 00 00 00 00 16 3A 00 05 02 00 00 01 00 8F 00 FE 04 00 00 00 01 03 00 00 00 FF 02 00 00 00 00 00 00 00 00 00 00 00 00 00 FB
45 00 00 34 E4 C0 40 00 80 06 00 00 AC 11 22 89 C7 E8 FE DB DD B9 01 BB 1F 6E 06 E9 B4 27 E5 09 80 10 01 FE 95 85 00 00 01 01 05 0A B4 27 EA 91 B4 27 FB 29
45 00 00 34 E4 C1 40 00 80 06 00 00 AC 11 22 89 C7 E8 FE DB DD B9 01 BB 1F 6E 06 E9 B4 27 E5 09 80 10 01 FE 95 85 00 00 01 01 05 0A B4 27 EA 91 B4 28 00 B1
45 00 00 28 E4 C2 40 00 80 06 00 00 AC 11 22 89 C7 E8 FE DB DD B9 01 BB 1F 6E 06 E9 B4 28 00 B1 50 10 02 03 95 79 00 00
45 00 00 28 E4 C3 40 00 80 06 00 00 AC 11 22 89 C7 E8 FE DB DD B9 01 BB 1F 6E 06 E9 B4 28 0B C1 50 10 02 03 95 79 00 00
45 00 00 28 12 90 40 00 80 06 00 00 AC 11 22 89 22 78 D0 7B DD 6A 01 BB 02 11 AF F3 2E 4D 7E F6 50 10 01 FD C1 A8 00 00
45 00 00 28 F8 9C 40 00 80 06 00 00 AC 11 22 89 17 2F E1 32 DD 75 01 BB B0 52 C8 09 04 3F 6B D6 50 10 02 00 C7 16 00 00
45 00 00 28 7D EA 40 00 80 06 00 00 AC 11 22 89 14 CD 45 50 DC 52 01 BB A8 3A F2 2F 3C 98 5B 83 50 11 02 04 28 D2 00 00
45 00 00 4C 35 99 00 00 80 11 00 00 AC 11 22 89 AC 18 02 4C C7 08 00 35 00 38 7D 48 AB F0 01 00 00 01 00 00 00 00 00 00 0B 76 73 63 6F 64 65 2D 73 79 6E 63 0E 74 72 61 66 66 69 63 6D 61 6E 61 67 65 72 03 6E 65 74 00 00 01 00 01
45 00 00 4C 35 9A 00 00 80 11 00 00 AC 11 22 89 AC 18 02 4C E3 80 00 35 00 38 7D 48 B5 53 01 00 00 01 00 00 00 00 00 00 0B 76 73 63 6F 64 65 2D 73 79 6E 63 0E 74 72 61 66 66 69 63 6D 61 6E 61 67 65 72 03 6E 65 74 00 00 41 00 01
45 00 00 44 35 9B 00 00 80 11 00 00 AC 11 22 89 AC 18 02 4C F4 BD 00 35 00 30 7D 40 10 E4 01 00 00 01 00 00 00 00 00 00 04 77 70 61 64 0B 62 69 74 73 2D 70 69 6C 61 6E 69 02 61 63 02 69 6E 00 00 01 00 01
45 00 00 9F EE 16 00 00 3F 11 10 39 AC 18 02 4C AC 11 22 89 00 35 F4 BD 00 8B 11 AF 10 E4 85 83 00 01 00 00 00 01 00 00 04 77 70 61 64 0B 62 69 74 73 2D 70 69 6C 61 6E 69 02 61 63 02 69 6E 00 00 01 00 01 C0 11 00 06 00 01 00 00 03 84 00 4F 08 69 6E 66 6F 62 6C 6F 78 0B 6C 6F 63 61 6C 64 6F 6D 61 69 6E 00 10 70 6C 65 61 73 65 5F 73 65 74 5F 65 6D 61 69 6C 0A 61 62 73 6F 6C 75 74 65 6C 79 07 6E 6F 77 68 65 72 65 00 00 00 01 3D 00 00 2A 30 00 00 0E 10 00 24 EA 00 00 00 03 84
45 00 00 28 E4 C4 40 00 80 06 00 00 AC 11 22 89 C7 E8 FE DB DD B9 01 BB 1F 6E 06 E9 B4 28 11 E3 50 10 02 03 95 79 00 00
45 00 01 3A EE 1B 00 00 3F 11 0F 99 AC 18 02 4C AC 11 22 89 00 35 E3 80 01 26 1C 20 B5 53 81 80 00 01 00 03 00 01 00 00 0B 76 73 63 6F 64 65 2D 73 79 6E 63 0E 74 72 61 66 66 69 63 6D 61 6E 61 67 65 72 03 6E 65 74 00 00 41 00 01 C0 0C 00 05 00 01 00 00 00 24 00 22 11 76 73 63 6F 64 65 2D 73 79 6E 63 2D 61 65 2D 30 31 0D 61 7A 75 72 65 77 65 62 73 69 74 65 73 C0 27 C0 3C 00 05 00 01 00 00 00 0F 00 2E 11 77 61 77 73 2D 70 72 6F 64 2D 68 6B 31 2D 30 34 39 03 73 69 70 0D 61 7A 75 72 65 77 65 62 73 69 74 65 73 07 77 69 6E 64 6F 77 73 C0 27 C0 6A 00 05 00 01 00 00 03 AE 00 34 16 77 61 77 73 2D 70 72 6F 64 2D 68 6B 31 2D 30 34 39 2D 32 61 38 30 08 65 61 73 74 61 73 69 61 08 63 6C 6F 75 64 61 70 70 05 61 7A 75 72 65 03 63 6F 6D 00 C0 BB 00 06 00 01 00 00 00 08 00 3A 06 6E 73 31 2D 30 35 09 61 7A 75 72 65 2D 64 6E 73 C0 D3 06 6D 73 6E 68 73 74 09 6D 69 63 72 6F 73 6F 66 74 C0 D3 00 00 27 11 00 00 03 84 00 00 01 2C 00 09 3A 80 00 00 00 3C
45 00 00 28 E4 C5 40 00 80 06 00 00 AC 11 22 89 C7 E8 FE DB DD B9 01 BB 1F 6E 06 E9 B4 28 17 6B 50 10 01 FE 95 79 00 00
45 00 01 04 EE 2B 00 00 3F 11 0F BF AC 18 02 4C AC 11 22 89 00 35 C7 08 00 F0 E1 C1 AB F0 81 80 00 01 00 04 00 00 00 00 0B 76 73 63 6F 64 65 2D 73 79 6E 63 0E 74 72 61 66 66 69 63 6D 61 6E 61 67 65 72 03 6E 65 74 00 00 01 00 01 C0 0C 00 05 00 01 00 00 00 24 00 22 11 76 73 63 6F 64 65 2D 73 79 6E 63 2D 61 65 2D 30 31 0D 61 7A 75 72 65 77 65 62 73 69 74 65 73 C0 27 C0 3C 00 05 00 01 00 00 00 1E 00 2E 11 77 61 77 73 2D 70 72 6F 64 2D 68 6B 31 2D 30 34 39 03 73 69 70 0D 61 7A 75 72 65 77 65 62 73 69 74 65 73 07 77 69 6E 64 6F 77 73 C0 27 C0 6A 00 05 00 01 00 00 03 AE 00 34 16 77 61 77 73 2D 70 72 6F 64 2D 68 6B 31 2D 30 34 39 2D 32 61 38 30 08 65 61 73 74 61 73 69 61 08 63 6C 6F 75 64 61 70 70 05 61 7A 75 72 65 03 63 6F 6D 00 C0 A4 00 01 00 01 00 00 00 0A 00 04 14 CD 45 50
45 00 00 34 7D EB 40 00 80 06 00 00 AC 11 22 89 14 CD 45 50 DD CC 01 BB FB 2F B4 47 00 00 00 00 80 02 FA F0 28 DE 00 00 02 04 05 B4 01 03 03 08 01 01 04 02
45 00 00 28 7D EC 40 00 80 06 00 00 AC 11 22 89 14 CD 45 50 DC 52 01 BB A8 3A F2 2F 3C 98 5B 83 50 11 02 04 28 D2 00 00
60 02 26 BF 00 60 11 01 FE 80 00 00 00 00 00 00 FB 59 FD 50 74 B1 C8 14 FF 02 00 00 00 00 00 00 00 00 00 00 00 01 00 02 02 22 02 23 00 60 54 AB 01 59 54 14 00 08 00 02 02 BD 00 01 00 0E 00 01 00 01 2C 7D 5D DB C4 65 16 2D E5 5A 00 03 00 0C 06 C4 65 16 00 00 00 00 00 00 00 00 00 27 00 0A 00 08 41 62 68 79 75 64 61 79 00 10 00 0E 00 00 01 37 00 08 4D 53 46 54 20 35 2E 30 00 06 00 08 00 11 00 17 00 18 00 27
45 00 00 28 E4 C6 40 00 80 06 00 00 AC 11 22 89 C7 E8 FE DB DD B9 01 BB 1F 6E 06 E9 B4 28 22 7B 50 10 02 03 95 79 00 00
45 00 00 34 E1 C9 40 00 6C 06 04 43 14 CD 45 50 AC 11 22 89 01 BB DD CC 02 BD 2F D6 FB 2F B4 48 80 12 FF FF 84 C9 00 00 02 04 05 A0 01 03 03 08 01 01 04 02
45 00 00 28 7D ED 40 00 80 06 00 00 AC 11 22 89 14 CD 45 50 DD CC 01 BB FB 2F B4 48 02 BD 2F D7 50 10 02 05 28 D2 00 00
45 00 00 28 E4 C7 40 00 80 06 00 00 AC 11 22 89 C7 E8 FE DB DD B9 01 BB 1F 6E 06 E9 B4 28 2D 8B 50 10 02 03 95 79 00 00
45 00 00 34 B0 EF 40 00 33 06 41 A9 17 3F 6F 52 AC 11 22 89 01 BB DB DB 0A 30 77 29 4F A1 30 3B 80 10 01 F5 44 18 00 00 01 01 05 0A 4F A1 30 3A 4F A1 30 3B
45 00 00 28 7D EF 40 00 80 06 00 00 AC 11 22 89 14 CD 45 50 DD CC 01 BB FB 2F B6 4D 02 BD 47 28 50 10 02 05 28 D2 00 00
45 00 00 28 E4 C8 40 00 80 06 00 00 AC 11 22 89 C7 E8 FE DB DD B9 01 BB 1F 6E 06 E9 B4 28 38 9B 50 10 02 03 95 79 00 00
45 00 00 28 7D F3 40 00 80 06 00 00 AC 11 22 89 14 CD 45 50 DD CC 01 BB FB 2F BF 3F 02 BD 4A 20 50 10 02 02 28 D2 00 00
45 00 00 28 E4 C9 40 00 80 06 00 00 AC 11 22 89 C7 E8 FE DB DD B9 01 BB 1F 6E 06 E9 B4 28 43 AB 50 10 02 03 95 79 00 00
45 00 00 28 E4 CA 40 00 80 06 00 00 AC 11 22 89 C7 E8 FE DB DD B9 01 BB 1F 6E 06 E9 B4 28 4E BB 50 10 02 03 95 79 00 00
45 00 00 28 7D F4 40 00 80 06 00 00 AC 11 22 89 14 CD 45 50 DC 52 01 BB A8 3A F2 2F 3C 98 5B 83 50 11 02 04 28 D2 00 00
45 00 00 28 E4 CB 40 00 80 06 00 00 AC 11 22 89 C7 E8 FE DB DD B9 01 BB 1F 6E 06 E9 B4 28 59 CB 50 10 02 03 95 79 00 00
45 00 00 28 E4 CC 40 00 80 06 00 00 AC 11 22 89 C7 E8 FE DB DD B9 01 BB 1F 6E 06 E9 B4 28 64 DB 50 10 02 03 95 79 00 00
45 00 00 28 E4 CD 40 00 80 06 00 00 AC 11 22 89 C7 E8 FE DB DD B9 01 BB 1F 6E 06 E9 B4 28 6A 63 50 10 01 FE 95 79 00 00
45 00 00 34 E4 CE 40 00 80 06 00 00 AC 11 22 89 C7 E8 FE DB DD B9 01 BB 1F 6E 06 E9 B4 28 6A 63 80 10 01 FE 95 85 00 00 01 01 05 0A B4 28 6F EB B4 28 7A FB
45 00 00 34 E4 CF 40 00 80 06 00 00 AC 11 22 89 C7 E8 FE DB DD B9 01 BB 1F 6E 06 E9 B4 28 6A 63 80 10 01 FE 95 85 00 00 01 01 05 0A B4 28 6F EB B4 28 80 83
45 00 00 28 E4 D0 40 00 80 06 00 00 AC 11 22 89 C7 E8 FE DB DD B9 01 BB 1F 6E 06 E9 B4 28 80 83 50 10 02 03 95 79 00 00
45 00 00 28 E4 D1 40 00 80 06 00 00 AC 11 22 89 C7 E8 FE DB DD B9 01 BB 1F 6E 06 E9 B4 28 86 0B 50 10 01 FE 95 79 00 00
45 00 00 28 E4 D2 40 00 80 06 00 00 AC 11 22 89 C7 E8 FE DB DD B9 01 BB 1F 6E 06 E9 B4 28 8B 93 50 10 02 03 95 79 00 00
45 00 00 28 E4 D3 40 00 80 06 00 00 AC 11 22 89 C7 E8 FE DB DD B9 01 BB 1F 6E 06 E9 B4 28 96 A3 50 10 02 03 95 79 00 00
45 00 00 28 7D F5 40 00 80 06 00 00 AC 11 22 89 14 CD 45 50 DC 52 01 BB A8 3A F2 2F 3C 98 5B 83 50 11 02 04 28 D2 00 00
45 00 00 28 E4 D4 40 00 80 06 00 00 AC 11 22 89 C7 E8 FE DB DD B9 01 BB 1F 6E 06 E9 B4 28 9C 2B 50 10 01 FE 95 79 00 00
45 00 00 34 E4 D5 40 00 80 06 00 00 AC 11 22 89 C7 E8 FE DB DD B9 01 BB 1F 6E 06 E9 B4 28 A1 B3 80 10 02 03 95 85 00 00 01 01 05 0A B4 28 A7 3B B4 28 AC C3
60 00 5D 66 00 67 11 01 FE 80 00 00 00 00 00 00 C6 6A B2 99 C0 11 8F 1E FF 02 00 00 00 00 00 00 00 00 00 00 00 01 00 02 02 22 02 23 00 67 0A 0B 01 06 74 CF 00 08 00 02 00 00 00 01 00 0E 00 01 00 01 2A 77 B8 F9 E4 A8 DF E3 57 47 00 03 00 0C 06 E4 A8 DF 00 00 00 00 00 00 00 00 00 27 00 11 00 0F 4C 41 50 54 4F 50 2D 43 41 34 47 30 36 54 4F 00 10 00 0E 00 00 01 37 00 08 4D 53 46 54 20 35 2E 30 00 06 00 08 00 11 00 17 00 18 00 27
45 00 00 34 E4 D6 40 00 80 06 00 00 AC 11 22 89 C7 E8 FE DB DD B9 01 BB 1F 6E 06 E9 B4 28 A1 B3 80 10 02 03 95 85 00 00 01 01 05 0A B4 28 A7 3B B4 28 B2 4B
45 00 00 28 A1 CB 40 00 80 06 00 00 AC 11 22 89 2C EC 4A 6D DD 7A 01 BB 8D AF 83 F8 ED 79 8E 08 50 10 FA D8 46 0E 00 00
45 00 00 28 A1 CD 40 00 80 06 00 00 AC 11 22 89 2C EC 4A 6D DD 7A 01 BB 8D AF 84 10 ED 79 8E 08 50 11 FA D8 46 0E 00 00
45 00 00 34 E4 D7 40 00 80 06 00 00 AC 11 22 89 C7 E8 FE DB DD B9 01 BB 1F 6E 06 E9 B4 28 A1 B3 80 10 02 03 95 85 00 00 01 01 05 0A B4 28 A7 3B B4 28 B7 D3
45 00 00 28 E4 D8 40 00 80 06 00 00 AC 11 22 89 C7 E8 FE DB DD B9 01 BB 1F 6E 06 E9 B4 28 B7 D3 50 10 02 03 95 79 00 00
45 00 00 28 E4 D9 40 00 80 06 00 00 AC 11 22 89 C7 E8 FE DB DD B9 01 BB 1F 6E 06 E9 B4 28 BD 5B 50 10 01 FE 95 79 00 00
45 00 00 28 E4 DA 40 00 80 06 00 00 AC 11 22 89 C7 E8 FE DB DD B9 01 BB 1F 6E 06 E9 B4 28 C2 E3 50 10 02 03 95 79 00 00
45 00 00 4E 35 9C 00 00 80 11 00 00 AC 11 22 89 AC 18 02 4C D3 DB 00 35 00 3A 7D 4A 1D 84 01 00 00 01 00 00 00 00 00 00 06 6D 6F 62 69 6C 65 06 65 76 65 6E 74 73 04 64 61 74 61 09 6D 69 63 72 6F 73 6F 66 74 03 63 6F 6D 00 00 01 00 01
45 00 00 4E 35 9D 00 00 80 11 00 00 AC 11 22 89 AC 18 02 4C CE 45 00 35 00 3A 7D 4A 1F 8F 01 00 00 01 00 00 00 00 00 00 06 6D 6F 62 69 6C 65 06 65 76 65 6E 74 73 04 64 61 74 61 09 6D 69 63 72 6F 73 6F 66 74 03 63 6F 6D 00 00 41 00 01
45 00 00 C6 EF 20 00 00 3F 11 0F 08 AC 18 02 4C AC 11 22 89 00 35 D3 DB 00 B2 E2 51 1D 84 81 80 00 01 00 03 00 00 00 00 06 6D 6F 62 69 6C 65 06 65 76 65 6E 74 73 04 64 61 74 61 09 6D 69 63 72 6F 73 6F 66 74 03 63 6F 6D 00 00 01 00 01 C0 0C 00 05 00 01 00 00 00 20 00 27 06 6D 6F 62 69 6C 65 06 65 76 65 6E 74 73 04 64 61 74 61 0E 74 72 61 66 66 69 63 6D 61 6E 61 67 65 72 03 6E 65 74 00 C0 3E 00 05 00 01 00 00 00 03 00 29 10 6F 6E 65 64 73 63 6F 6C 70 72 64 65 75 73 30 31 06 65 61 73 74 75 73 08 63 6C 6F 75 64 61 70 70 05 61 7A 75 72 65 C0 29 C0 71 00 01 00 01 00 00 00 02 00 04 34 A8 70 42
45 00 00 F3 EF 21 00 00 3F 11 0E DA AC 18 02 4C AC 11 22 89 00 35 CE 45 00 DF 63 06 1F 8F 81 80 00 01 00 02 00 01 00 00 06 6D 6F 62 69 6C 65 06 65 76 65 6E 74 73 04 64 61 74 61 09 6D 69 63 72 6F 73 6F 66 74 03 63 6F 6D 00 00 41 00 01 C0 0C 00 05 00 01 00 00 00 20 00 27 06 6D 6F 62 69 6C 65 06 65 76 65 6E 74 73 04 64 61 74 61 0E 74 72 61 66 66 69 63 6D 61 6E 61 67 65 72 03 6E 65 74 00 C0 3E 00 05 00 01 00 00 00 03 00 29 10 6F 6E 65 64 73 63 6F 6C 70 72 64 65 75 73 30 31 06 65 61 73 74 75 73 08 63 6C 6F 75 64 61 70 70 05 61 7A 75 72 65 C0 29 C0 82 00 06 00 01 00 00 00 30 00 31 07 6E 73 31 2D 32 30 31 09 61 7A 75 72 65 2D 64 6E 73 C0 29 06 6D 73 6E 68 73 74 C0 1F 00 00 27 11 00 00 03 84 00 00 01 2C 00 09 3A 80 00 00 00 3C
45 00 00 34 6F EC 40 00 80 06 00 00 AC 11 22 89 34 A8 70 42 DD CD 01 BB AF 00 9A 3A 00 00 00 00 80 02 FA F0 73 AB 00 00 02 04 05 B4 01 03 03 08 01 01 04 02
45 00 00 28 E4 DB 40 00 80 06 00 00 AC 11 22 89 C7 E8 FE DB DD B9 01 BB 1F 6E 06 E9 B4 28 CD F3 50 10 02 03 95 79 00 00
45 00 00 28 7D F8 40 00 80 06 00 00 AC 11 22 89 14 CD 45 50 DD CC 01 BB FB 2F C7 93 02 BD 4B A1 50 10 02 01 28 D2 00 00
45 00 00 28 E4 DC 40 00 80 06 00 00 AC 11 22 89 C7 E8 FE DB DD B9 01 BB 1F 6E 06 E9 B4 28 D3 7B 50 10 01 FE 95 79 00 00
45 00 00 34 6F ED 40 00 80 06 00 00 AC 11 22 89 34 A8 70 42 DD CE 01 BB 49 D3 8F 3F 00 00 00 00 80 02 FA F0 73 AB 00 00 02 04 05 B4 01 03 03 08 01 01 04 02
45 00 00 34 F3 A6 40 00 68 06 AB 98 34 A8 70 42 AC 11 22 89 01 BB DD CD E1 47 9F 23 AF 00 9A 3B 80 12 FF FF 52 5F 00 00 02 04 05 A0 01 03 03 08 01 01 04 02
45 00 00 28 6F EE 40 00 80 06 00 00 AC 11 22 89 34 A8 70 42 DD CD 01 BB AF 00 9A 3B E1 47 9F 24 50 10 02 05 73 9F 00 00
45 00 00 28 E4 DD 40 00 80 06 00 00 AC 11 22 89 C7 E8 FE DB DD B9 01 BB 1F 6E 06 E9 B4 28 DE 8B 50 10 02 03 95 79 00 00
60 00 5D 66 00 67 11 01 FE 80 00 00 00 00 00 00 C6 6A B2 99 C0 11 8F 1E FF 02 00 00 00 00 00 00 00 00 00 00 00 01 00 02 02 22 02 23 00 67 09 A6 01 06 74 CF 00 08 00 02 00 65 00 01 00 0E 00 01 00 01 2A 77 B8 F9 E4 A8 DF E3 57 47 00 03 00 0C 06 E4 A8 DF 00 00 00 00 00 00 00 00 00 27 00 11 00 0F 4C 41 50 54 4F 50 2D 43 41 34 47 30 36 54 4F 00 10 00 0E 00 00 01 37 00 08 4D 53 46 54 20 35 2E 30 00 06 00 08 00 11 00 17 00 18 00 27
45 00 00 28 E4 DE 40 00 80 06 00 00 AC 11 22 89 C7 E8 FE DB DD B9 01 BB 1F 6E 06 E9 B4 28 E4 13 50 10 01 FE 95 79 00 00
45 00 00 28 E4 DF 40 00 80 06 00 00 AC 11 22 89 C7 E8 FE DB DD B9 01 BB 1F 6E 06 E9 B4 28 E9 9B 50 10 02 03 95 79 00 00
45 00 00 34 54 40 40 00 69 06 49 FF 34 A8 70 42 AC 11 22 89 01 BB DD CE 70 9F CC 8F 49 D3 8F 40 80 12 FF FF 05 C3 00 00 02 04 05 A0 01 03 03 08 01 01 04 02
45 00 00 28 6F F0 40 00 80 06 00 00 AC 11 22 89 34 A8 70 42 DD CE 01 BB 49 D3 8F 40 70 9F CC 90 50 10 02 05 73 9F 00 00
45 00 00 28 6F F2 40 00 80 06 00 00 AC 11 22 89 34 A8 70 42 DD CD 01 BB AF 00 9C 40 E1 47 B0 40 50 10 02 05 73 9F 00 00
45 00 00 28 6F F3 40 00 80 06 00 00 AC 11 22 89 34 A8 70 42 DD CD 01 BB AF 00 9C 40 E1 47 B5 F4 50 10 02 05 73 9F 00 00
45 00 00 28 E4 E0 40 00 80 06 00 00 AC 11 22 89 C7 E8 FE DB DD B9 01 BB 1F 6E 06 E9 B4 28 EF 23 50 10 01 FE 95 79 00 00
45 00 00 34 43 95 00 00 36 06 72 D7 22 6B DD 52 AC 11 22 89 00 50 DB 67 33 43 CA D3 CF 05 3A B0 80 10 01 26 B3 4F 00 00 01 01 05 0A CF 05 3A AF CF 05 3A B0
45 00 00 28 E4 E1 40 00 80 06 00 00 AC 11 22 89 C7 E8 FE DB DD B9 01 BB 1F 6E 06 E9 B4 28 F4 AB 50 10 02 03 95 79 00 00
45 00 00 34 E4 E2 40 00 80 06 00 00 AC 11 22 89 C7 E8 FE DB DD B9 01 BB 1F 6E 06 E9 B4 28 F4 AB 80 10 02 03 95 85 00 00 01 01 05 0A B4 28 FA 33 B4 28 FF BB
45 00 00 34 D5 7A 00 00 36 06 E0 F1 22 6B DD 52 AC 11 22 89 00 50 DB 6A 56 33 83 4D 0A 75 16 47 80 10 01 26 92 D0 00 00 01 01 05 0A 0A 75 16 46 0A 75 16 47
45 00 00 34 E4 E3 40 00 80 06 00 00 AC 11 22 89 C7 E8 FE DB DD B9 01 BB 1F 6E 06 E9 B4 28 F4 AB 80 10 02 03 95 85 00 00 01 01 05 0A B4 28 FA 33 B4 29 05 43
45 00 00 28 6F F9 40 00 80 06 00 00 AC 11 22 89 34 A8 70 42 DD CD 01 BB AF 00 A6 A4 E1 47 B8 08 50 10 02 03 73 9F 00 00
45 00 00 34 E4 E4 40 00 80 06 00 00 AC 11 22 89 C7 E8 FE DB DD B9 01 BB 1F 6E 06 E9 B4 28 F4 AB 80 10 02 03 95 85 00 00 01 01 05 0A B4 28 FA 33 B4 29 0A CB
45 00 00 28 E4 E5 40 00 80 06 00 00 AC 11 22 89 C7 E8 FE DB DD B9 01 BB 1F 6E 06 E9 B4 29 0A CB 50 10 02 03 95 79 00 00
45 00 00 28 6F FB 40 00 80 06 00 00 AC 11 22 89 34 A8 70 42 DD CE 01 BB 49 D3 91 45 70 9F D7 F8 50 10 02 05 73 9F 00 00
45 00 00 28 6F FC 40 00 80 06 00 00 AC 11 22 89 34 A8 70 42 DD CE 01 BB 49 D3 91 45 70 9F E4 FC 50 10 02 05 73 9F 00 00
45 00 00 28 E4 E6 40 00 80 06 00 00 AC 11 22 89 C7 E8 FE DB DD B9 01 BB 1F 6E 06 E9 B4 29 10 53 50 10 01 FE 95 79 00 00
45 00 00 28 6F FE 40 00 80 06 00 00 AC 11 22 89 34 A8 70 42 DD CD 01 BB AF 00 A6 CA E1 47 B9 4E 50 10 02 02 73 9F 00 00
45 00 00 28 E4 E7 40 00 80 06 00 00 AC 11 22 89 C7 E8 FE DB DD B9 01 BB 1F 6E 06 E9 B4 29 10 F6 50 10 02 03 95 79 00 00
45 00 00 28 6F FF 40 00 80 06 00 00 AC 11 22 89 34 A8 70 42 DD CE 01 BB 49 D3 91 E3 70 9F E5 74 50 10 02 05 73 9F 00 00
45 00 00 28 5D 47 40 00 80 06 00 00 AC 11 22 89 17 3F 6F 52 DB DB 01 BB 4F A1 30 3B 0A 30 77 42 50 10 10 04 55 46 00 00
45 00 00 28 7D F9 40 00 80 06 00 00 AC 11 22 89 14 CD 45 50 DC 52 01 BB A8 3A F2 2F 3C 98 5B 83 50 11 02 04 28 D2 00 00
45 00 00 28 E4 E8 40 00 80 06 00 00 AC 11 22 89 C7 E8 FE DB DD B9 01 BB 1F 6E 06 E9 B4 29 1C 06 50 10 02 03 95 79 00 00
45 00 00 28 E4 E9 40 00 80 06 00 00 AC 11 22 89 C7 E8 FE DB DD B9 01 BB 1F 6E 06 E9 B4 29 21 8E 50 10 01 FE 95 79 00 00
45 00 00 28 E4 EA 40 00 80 06 00 00 AC 11 22 89 C7 E8 FE DB DD B9 01 BB 1F 6E 06 E9 B4 29 32 26 50 10 02 03 95 79 00 00
00 01 08 00 06 04 00 02 74 D4 DD 28 65 51 AC 11 22 89 00 5F 67 E4 23 5E AC 11 22 9A
45 00 00 28 E4 EB 40 00 80 06 00 00 AC 11 22 89 C7 E8 FE DB DD B9 01 BB 1F 6E 06 E9 B4 29 37 AE 50 10 01 FE 95 79 00 00
45 00 00 28 E4 EC 40 00 80 06 00 00 AC 11 22 89 C7 E8 FE DB DD B9 01 BB 1F 6E 06 E9 B4 29 48 46 50 10 02 03 95 79 00 00
45 00 00 34 C7 1D 00 00 35 06 30 FD 98 C3 26 4C AC 11 22 89 00 50 DD 7E FC B2 71 58 57 7B 21 28 80 10 00 85 35 CB 00 00 01 01 05 0A 57 7B 21 27 57 7B 21 28
45 00 00 28 E4 ED 40 00 80 06 00 00 AC 11 22 89 C7 E8 FE DB DD B9 01 BB 1F 6E 06 E9 B4 29 4D CE 50 10 01 FE 95 79 00 00
45 00 00 34 E4 EE 40 00 80 06 00 00 AC 11 22 89 C7 E8 FE DB DD B9 01 BB 1F 6E 06 E9 B4 29 53 56 80 10 02 03 95 85 00 00 01 01 05 0A B4 29 58 DE B4 29 5E 66
60 00 5D 66 00 67 11 01 FE 80 00 00 00 00 00 00 C6 6A B2 99 C0 11 8F 1E FF 02 00 00 00 00 00 00 00 00 00 00 00 01 00 02 02 22 02 23 00 67 08 DC 01 06 74 CF 00 08 00 02 01 2F 00 01 00 0E 00 01 00 01 2A 77 B8 F9 E4 A8 DF E3 57 47 00 03 00 0C 06 E4 A8 DF 00 00 00 00 00 00 00 00 00 27 00 11 00 0F 4C 41 50 54 4F 50 2D 43 41 34 47 30 36 54 4F 00 10 00 0E 00 00 01 37 00 08 4D 53 46 54 20 35 2E 30 00 06 00 08 00 11 00 17 00 18 00 27
45 00 00 34 E4 EF 40 00 80 06 00 00 AC 11 22 89 C7 E8 FE DB DD B9 01 BB 1F 6E 06 E9 B4 29 53 56 80 10 02 03 95 85 00 00 01 01 05 0A B4 29 58 DE B4 29 63 EE
45 00 00 34 E4 F0 40 00 80 06 00 00 AC 11 22 89 C7 E8 FE DB DD B9 01 BB 1F 6E 06 E9 B4 29 53 56 80 10 02 03 95 85 00 00 01 01 05 0A B4 29 58 DE B4 29 69 76
45 00 00 28 E4 F1 40 00 80 06 00 00 AC 11 22 89 C7 E8 FE DB DD B9 01 BB 1F 6E 06 E9 B4 29 69 76 50 10 02 03 95 79 00 00
45 00 00 28 70 02 40 00 80 06 00 00 AC 11 22 89 34 A8 70 42 DD CD 01 BB AF 00 AB 10 E1 47 B9 B8 50 10 02 01 73 9F 00 00
45 00 00 28 E4 F2 40 00 80 06 00 00 AC 11 22 89 C7 E8 FE DB DD B9 01 BB 1F 6E 06 E9 B4 29 6E FE 50 10 01 FE 95 79 00 00
45 00 00 28 E4 F3 40 00 80 06 00 00 AC 11 22 89 C7 E8 FE DB DD B9 01 BB 1F 6E 06 E9 B4 29 74 86 50 10 02 03 95 79 00 00
45 00 00 28 E4 F4 40 00 80 06 00 00 AC 11 22 89 C7 E8 FE DB DD B9 01 BB 1F 6E 06 E9 B4 29 7F 96 50 10 02 03 95 79 00 00
45 00 00 28 E4 F5 40 00 80 06 00 00 AC 11 22 89 C7 E8 FE DB DD B9 01 BB 1F 6E 06 E9 B4 29 85 1E 50 10 01 FE 95 79 00 00
45 00 00 34 E4 F6 40 00 80 06 00 00 AC 11 22 89 C7 E8 FE DB DD B9 01 BB 1F 6E 06 E9 B4 29 85 1E 80 10 01 FE 95 85 00 00 01 01 05 0A B4 29 8A A6 B4 29 90 2E
45 00 00 34 E4 F7 40 00 80 06 00 00 AC 11 22 89 C7 E8 FE DB DD B9 01 BB 1F 6E 06 E9 B4 29 85 1E 80 10 01 FE 95 85 00 00 01 01 05 0A B4 29 8A A6 B4 29 95 B6
45 00 00 34 E4 F8 40 00 80 06 00 00 AC 11 22 89 C7 E8 FE DB DD B9 01 BB 1F 6E 06 E9 B4 29 85 1E 80 10 01 FE 95 85 00 00 01 01 05 0A B4 29 8A A6 B4 29 9B 3E
45 00 00 34 E4 F9 40 00 80 06 00 00 AC 11 22 89 C7 E8 FE DB DD B9 01 BB 1F 6E 06 E9 B4 29 85 1E 80 10 01 FE 95 85 00 00 01 01 05 0A B4 29 8A A6 B4 29 A0 C6
45 00 00 28 E4 FA 40 00 80 06 00 00 AC 11 22 89 C7 E8 FE DB DD B9 01 BB 1F 6E 06 E9 B4 29 A0 C6 50 10 02 03 95 79 00 00
45 00 00 28 E4 FB 40 00 80 06 00 00 AC 11 22 89 C7 E8 FE DB DD B9 01 BB 1F 6E 06 E9 B4 29 AB D6 50 10 02 03 95 79 00 00
45 00 00 28 E4 FC 40 00 80 06 00 00 AC 11 22 89 C7 E8 FE DB DD B9 01 BB 1F 6E 06 E9 B4 29 B6 E6 50 10 02 03 95 79 00 00
45 00 00 28 E4 FD 40 00 80 06 00 00 AC 11 22 89 C7 E8 FE DB DD B9 01 BB 1F 6E 06 E9 B4 29 BC 6E 50 10 01 FE 95 79 00 00
45 00 00 28 E4 FE 40 00 80 06 00 00 AC 11 22 89 C7 E8 FE DB DD B9 01 BB 1F 6E 06 E9 B4 29 C7 7E 50 10 02 03 95 79 00 00
45 00 00 28 E4 FF 40 00 80 06 00 00 AC 11 22 89 C7 E8 FE DB DD B9 01 BB 1F 6E 06 E9 B4 29 D2 8E 50 10 02 03 95 79 00 00
45 00 00 28 E5 00 40 00 80 06 00 00 AC 11 22 89 C7 E8 FE DB DD B9 01 BB 1F 6E 06 E9 B4 29 DD 9E 50 10 02 03 95 79 00 00
45 00 00 28 E5 01 40 00 80 06 00 00 AC 11 22 89 C7 E8 FE DB DD B9 01 BB 1F 6E 06 E9 B4 29 E8 AE 50 10 02 03 95 79 00 00
45 00 00 28 E5 02 40 00 80 06 00 00 AC 11 22 89 C7 E8 FE DB DD B9 01 BB 1F 6E 06 E9 B4 29 F3 BE 50 10 02 03 95 79 00 00
45 00 00 28 E5 03 40 00 80 06 00 00 AC 11 22 89 C7 E8 FE DB DD B9 01 BB 1F 6E 06 E9 B4 29 FE CE 50 10 02 03 95 79 00 00
60 02 26 BF 00 60 11 01 FE 80 00 00 00 00 00 00 FB 59 FD 50 74 B1 C8 14 FF 02 00 00 00 00 00 00 00 00 00 00 00 01 00 02 02 22 02 23 00 60 51 89 01 59 54 14 00 08 00 02 05 DF 00 01 00 0E 00 01 00 01 2C 7D 5D DB C4 65 16 2D E5 5A 00 03 00 0C 06 C4 65 16 00 00 00 00 00 00 00 00 00 27 00 0A 00 08 41 62 68 79 75 64 61 79 00 10 00 0E 00 00 01 37 00 08 4D 53 46 54 20 35 2E 30 00 06 00 08 00 11 00 17 00 18 00 27
45 00 00 28 E5 04 40 00 80 06 00 00 AC 11 22 89 C7 E8 FE DB DD B9 01 BB 1F 6E 06 E9 B4 2A 04 56 50 10 01 FE 95 79 00 00
45 00 00 34 E5 05 40 00 80 06 00 00 AC 11 22 89 C7 E8 FE DB DD B9 01 BB 1F 6E 06 E9 B4 2A 04 56 80 10 01 FE 95 85 00 00 01 01 05 0A B4 2A 09 DE B4 2A 14 EE
45 00 00 34 E5 06 40 00 80 06 00 00 AC 11 22 89 C7 E8 FE DB DD B9 01 BB 1F 6E 06 E9 B4 2A 04 56 80 10 01 FE 95 85 00 00 01 01 05 0A B4 2A 09 DE B4 2A 15 91
45 00 00 28 E5 07 40 00 80 06 00 00 AC 11 22 89 C7 E8 FE DB DD B9 01 BB 1F 6E 06 E9 B4 2A 15 91 50 10 02 03 95 79 00 00
45 00 00 28 E5 08 40 00 80 06 00 00 AC 11 22 89 C7 E8 FE DB DD B9 01 BB 1F 6E 06 E9 B4 2A 1B 19 50 10 01 FE 95 79 00 00
45 00 00 28 E5 09 40 00 80 06 00 00 AC 11 22 89 C7 E8 FE DB DD B9 01 BB 1F 6E 06 E9 B4 2A 20 A1 50 10 02 03 95 79 00 00
45 00 00 28 E5 0A 40 00 80 06 00 00 AC 11 22 89 C7 E8 FE DB DD B9 01 BB 1F 6E 06 E9 B4 2A 2B B1 50 10 02 03 95 79 00 00
45 00 00 28 7D FA 40 00 80 06 00 00 AC 11 22 89 14 CD 45 50 DC 52 01 BB A8 3A F2 2F 3C 98 5B 83 50 11 02 04 28 D2 00 00
45 00 00 34 E5 0B 40 00 80 06 00 00 AC 11 22 89 C7 E8 FE DB DD B9 01 BB 1F 6E 06 E9 B4 2A 2B B1 80 10 02 03 95 85 00 00 01 01 05 0A B4 2A 31 39 B4 2A 36 C1
45 00 00 34 E5 0C 40 00 80 06 00 00 AC 11 22 89 C7 E8 FE DB DD B9 01 BB 1F 6E 06 E9 B4 2A 2B B1 80 10 02 03 95 85 00 00 01 01 05 0A B4 2A 31 39 B4 2A 3C 49
45 00 00 34 E5 0D 40 00 80 06 00 00 AC 11 22 89 C7 E8 FE DB DD B9 01 BB 1F 6E 06 E9 B4 2A 2B B1 80 10 02 03 95 85 00 00 01 01 05 0A B4 2A 31 39 B4 2A 41 D1
60 00 5D 66 00 67 11 01 FE 80 00 00 00 00 00 00 C6 6A B2 99 C0 11 8F 1E FF 02 00 00 00 00 00 00 00 00 00 00 00 01 00 02 02 22 02 23 00 67 07 4C 01 06 74 CF 00 08 00 02 02 BF 00 01 00 0E 00 01 00 01 2A 77 B8 F9 E4 A8 DF E3 57 47 00 03 00 0C 06 E4 A8 DF 00 00 00 00 00 00 00 00 00 27 00 11 00 0F 4C 41 50 54 4F 50 2D 43 41 34 47 30 36 54 4F 00 10 00 0E 00 00 01 37 00 08 4D 53 46 54 20 35 2E 30 00 06 00 08 00 11 00 17 00 18 00 27
45 00 00 28 E5 0E 40 00 80 06 00 00 AC 11 22 89 C7 E8 FE DB DD B9 01 BB 1F 6E 06 E9 B4 2A 41 D1 50 10 02 03 95 79 00 00
45 00 00 28 E5 0F 40 00 80 06 00 00 AC 11 22 89 C7 E8 FE DB DD B9 01 BB 1F 6E 06 E9 B4 2A 47 59 50 10 01 FE 95 79 00 00
45 00 00 34 E5 10 40 00 80 06 00 00 AC 11 22 89 C7 E8 FE DB DD B9 01 BB 1F 6E 06 E9 B4 2A 47 59 80 10 01 FE 95 85 00 00 01 01 05 0A B4 2A 4C E1 B4 2A 52 69
45 00 00 34 E5 11 40 00 80 06 00 00 AC 11 22 89 C7 E8 FE DB DD B9 01 BB 1F 6E 06 E9 B4 2A 47 59 80 10 01 FE 95 85 00 00 01 01 05 0A B4 2A 4C E1 B4 2A 57 F1
45 00 00 28 E5 12 40 00 80 06 00 00 AC 11 22 89 C7 E8 FE DB DD B9 01 BB 1F 6E 06 E9 B4 2A 57 F1 50 10 02 03 95 79 00 00
45 00 00 28 E5 13 40 00 80 06 00 00 AC 11 22 89 C7 E8 FE DB DD B9 01 BB 1F 6E 06 E9 B4 2A 5D 79 50 10 01 FE 95 79 00 00
45 00 00 28 E5 14 40 00 80 06 00 00 AC 11 22 89 C7 E8 FE DB DD B9 01 BB 1F 6E 06 E9 B4 2A 63 01 50 10 02 03 95 79 00 00
45 00 00 28 E5 15 40 00 80 06 00 00 AC 11 22 89 C7 E8 FE DB DD B9 01 BB 1F 6E 06 E9 B4 2A 68 89 50 10 01 FE 95 79 00 00
45 00 00 28 E5 16 40 00 80 06 00 00 AC 11 22 89 C7 E8 FE DB DD B9 01 BB 1F 6E 06 E9 B4 2A 6E 11 50 10 02 03 95 79 00 00
45 00 00 28 E5 17 40 00 80 06 00 00 AC 11 22 89 C7 E8 FE DB DD B9 01 BB 1F 6E 06 E9 B4 2A 79 21 50 10 02 03 95 79 00 00
45 00 00 28 E5 18 40 00 80 06 00 00 AC 11 22 89 C7 E8 FE DB DD B9 01 BB 1F 6E 06 E9 B4 2A 7E A9 50 10 01 FE 95 79 00 00
45 00 00 28 E5 19 40 00 80 06 00 00 AC 11 22 89 C7 E8 FE DB DD B9 01 BB 1F 6E 06 E9 B4 2A 89 B9 50 10 02 03 95 79 00 00
45 00 00 28 E5 1A 40 00 80 06 00 00 AC 11 22 89 C7 E8 FE DB DD B9 01 BB 1F 6E 06 E9 B4 2A 8F 41 50 10 01 FE 95 79 00 00
45 00 00 28 E5 1B 40 00 80 06 00 00 AC 11 22 89 C7 E8 FE DB DD B9 01 BB 1F 6E 06 E9 B4 2A 9A 51 50 10 02 03 95 79 00 00
45 00 00 28 E5 1C 40 00 80 06 00 00 AC 11 22 89 C7 E8 FE DB DD B9 01 BB 1F 6E 06 E9 B4 2A 9F D9 50 10 01 FE 95 79 00 00
45 00 00 28 E5 1D 40 00 80 06 00 00 AC 11 22 89 C7 E8 FE DB DD B9 01 BB 1F 6E 06 E9 B4 2A A5 61 50 10 02 03 95 79 00 00
45 00 00 28 E5 1E 40 00 80 06 00 00 AC 11 22 89 C7 E8 FE DB DD B9 01 BB 1F 6E 06 E9 B4 2A AA E9 50 10 01 FE 95 79 00 00
45 00 00 28 E5 1F 40 00 80 06 00 00 AC 11 22 89 C7 E8 FE DB DD B9 01 BB 1F 6E 06 E9 B4 2A B5 F9 50 10 02 03 95 79 00 00
45 00 00 28 E5 20 40 00 80 06 00 00 AC 11 22 89 C7 E8 FE DB DD B9 01 BB 1F 6E 06 E9 B4 2A BB 81 50 10 01 FE 95 79 00 00
45 00 00 28 E5 21 40 00 80 06 00 00 AC 11 22 89 C7 E8 FE DB DD B9 01 BB 1F 6E 06 E9 B4 2A C6 91 50 10 02 03 95 79 00 00
45 00 00 28 E5 22 40 00 80 06 00 00 AC 11 22 89 C7 E8 FE DB DD B9 01 BB 1F 6E 06 E9 B4 2A D1 A1 50 10 02 03 95 79 00 00
45 00 00 28 E5 23 40 00 80 06 00 00 AC 11 22 89 C7 E8 FE DB DD B9 01 BB 1F 6E 06 E9 B4 2A DC B1 50 10 02 03 95 79 00 00
45 00 00 28 E5 24 40 00 80 06 00 00 AC 11 22 89 C7 E8 FE DB DD B9 01 BB 1F 6E 06 E9 B4 2A E7 C1 50 10 02 03 95 79 00 00
45 00 00 28 E5 25 40 00 80 06 00 00 AC 11 22 89 C7 E8 FE DB DD B9 01 BB 1F 6E 06 E9 B4 2A ED 49 50 10 01 FE 95 79 00 00
45 00 00 28 E5 26 40 00 80 06 00 00 AC 11 22 89 C7 E8 FE DB DD B9 01 BB 1F 6E 06 E9 B4 2A F2 D1 50 10 02 03 95 79 00 00
45 00 00 34 E5 27 40 00 80 06 00 00 AC 11 22 89 C7 E8 FE DB DD B9 01 BB 1F 6E 06 E9 B4 2A F2 D1 80 10 02 03 95 85 00 00 01 01 05 0A B4 2A F8 59 B4 2B 03 69
45 00 00 34 E5 28 40 00 80 06 00 00 AC 11 22 89 C7 E8 FE DB DD B9 01 BB 1F 6E 06 E9 B4 2A F2 D1 80 10 02 03 95 85 00 00 01 01 05 0A B4 2A F8 59 B4 2B 08 F1
45 00 00 34 E5 29 40 00 80 06 00 00 AC 11 22 89 C7 E8 FE DB DD B9 01 BB 1F 6E 06 E9 B4 2A F2 D1 80 10 02 03 95 85 00 00 01 01 05 0A B4 2A F8 59 B4 2B 0E 79
45 00 00 34 E5 2A 40 00 80 06 00 00 AC 11 22 89 C7 E8 FE DB DD B9 01 BB 1F 6E 06 E9 B4 2A F2 D1 80 10 02 03 95 85 00 00 01 01 05 0A B4 2A F8 59 B4 2B 14 01
45 00 00 34 E5 2B 40 00 80 06 00 00 AC 11 22 89 C7 E8 FE DB DD B9 01 BB 1F 6E 06 E9 B4 2A F2 D1 80 10 02 03 95 85 00 00 01 01 05 0A B4 2A F8 59 B4 2B 19 89
45 00 00 34 E5 2C 40 00 80 06 00 00 AC 11 22 89 C7 E8 FE DB DD B9 01 BB 1F 6E 06 E9 B4 2A F2 D1 80 10 02 03 95 85 00 00 01 01 05 0A B4 2A F8 59 B4 2B 1A 35
45 00 00 28 E5 2D 40 00 80 06 00 00 AC 11 22 89 C7 E8 FE DB DD B9 01 BB 1F 6E 06 E9 B4 2B 1A 35 50 10 02 03 95 79 00 00
45 00 00 28 E5 2E 40 00 80 06 00 00 AC 11 22 89 C7 E8 FE DB DD B9 01 BB 1F 6E 06 E9 B4 2B 1F BD 50 10 01 FE 95 79 00 00
45 00 00 28 E5 2F 40 00 80 06 00 00 AC 11 22 89 C7 E8 FE DB DD B9 01 BB 1F 6E 06 E9 B4 2B 2A CD 50 10 02 03 95 79 00 00
45 00 00 28 E5 30 40 00 80 06 00 00 AC 11 22 89 C7 E8 FE DB DD B9 01 BB 1F 6E 06 E9 B4 2B 30 55 50 10 01 FE 95 79 00 00
45 00 00 28 E5 31 40 00 80 06 00 00 AC 11 22 89 C7 E8 FE DB DD B9 01 BB 1F 6E 06 E9 B4 2B 3B 65 50 10 02 03 95 79 00 00
45 00 00 28 E5 32 40 00 80 06 00 00 AC 11 22 89 C7 E8 FE DB DD B9 01 BB 1F 6E 06 E9 B4 2B 46 75 50 10 02 03 95 79 00 00
45 00 00 28 E5 33 40 00 80 06 00 00 AC 11 22 89 C7 E8 FE DB DD B9 01 BB 1F 6E 06 E9 B4 2B 51 85 50 10 02 03 95 79 00 00
45 00 00 28 E5 34 40 00 80 06 00 00 AC 11 22 89 C7 E8 FE DB DD B9 01 BB 1F 6E 06 E9 B4 2B 5C 95 50 10 02 03 95 79 00 00
45 00 00 46 35 9E 00 00 80 11 00 00 AC 11 22 89 AC 18 02 4C F4 BD 00 35 00 32 7D 42 20 58 01 00 00 01 00 00 00 00 00 00 0C 64 65 74 65 63 74 70 6F 72 74 61 6C 07 66 69 72 65 66 6F 78 03 63 6F 6D 00 00 01 00 01
45 00 00 B5 F1 56 00 00 3F 11 0C E3 AC 18 02 4C AC 11 22 89 00 35 F4 BD 00 A1 FE EF 20 58 81 80 00 01 00 03 00 00 00 00 0C 64 65 74 65 63 74 70 6F 72 74 61 6C 07 66 69 72 65 66 6F 78 03 63 6F 6D 00 00 01 00 01 C0 0C 00 05 00 01 00 00 00 1B 00 1E 0C 64 65 74 65 63 74 70 6F 72 74 61 6C 04 70 72 6F 64 06 6D 6F 7A 61 77 73 03 6E 65 74 00 C0 36 00 05 00 01 00 00 00 E9 00 29 04 70 72 6F 64 0C 64 65 74 65 63 74 70 6F 72 74 61 6C 04 70 72 6F 64 08 63 6C 6F 75 64 6F 70 73 06 6D 6F 7A 67 63 70 C0 4F C0 60 00 01 00 01 00 00 00 FF 00 04 22 6B DD 52
45 00 00 28 F3 A4 40 00 80 06 00 00 AC 11 22 89 22 6B DD 52 DB 67 00 50 CF 05 3B DF 33 43 CB FD 50 10 10 02 CE 72 00 00
45 00 00 28 E5 35 40 00 80 06 00 00 AC 11 22 89 C7 E8 FE DB DD B9 01 BB 1F 6E 06 E9 B4 2B 67 A5 50 10 02 03 95 79 00 00
45 00 00 28 F3 A5 40 00 80 06 00 00 AC 11 22 89 22 6B DD 52 DB 6A 00 50 0A 75 17 78 56 33 84 25 50 10 0F FF CE 72 00 00
45 00 00 28 E5 36 40 00 80 06 00 00 AC 11 22 89 C7 E8 FE DB DD B9 01 BB 1F 6E 06 E9 B4 2B 72 B5 50 10 02 03 95 79 00 00
45 00 00 28 E5 37 40 00 80 06 00 00 AC 11 22 89 C7 E8 FE DB DD B9 01 BB 1F 6E 06 E9 B4 2B 7D C5 50 10 02 03 95 79 00 00
45 00 00 28 F5 9A 40 00 80 06 00 00 AC 11 22 89 8E FA CD E1 DD 4C 01 BB 85 6C 59 40 33 6C E3 25 50 11 01 FD 2B 91 00 00
45 00 00 28 F5 9C 40 00 80 06 00 00 AC 11 22 89 8E FA CD E1 DD 4B 01 BB 91 E1 99 09 64 AF 9F 93 50 11 01 FD 2B 91 00 00
45 00 00 28 E5 38 40 00 80 06 00 00 AC 11 22 89 C7 E8 FE DB DD B9 01 BB 1F 6E 06 E9 B4 2B 8E 5D 50 10 02 03 95 79 00 00
45 00 00 28 E5 39 40 00 80 06 00 00 AC 11 22 89 C7 E8 FE DB DD B9 01 BB 1F 6E 06 E9 B4 2B 99 6D 50 10 02 03 95 79 00 00
45 00 00 28 E5 3A 40 00 80 06 00 00 AC 11 22 89 C7 E8 FE DB DD B9 01 BB 1F 6E 06 E9 B4 2B A4 7D 50 10 02 03 95 79 00 00
45 00 00 28 E5 3B 40 00 80 06 00 00 AC 11 22 89 C7 E8 FE DB DD B9 01 BB 1F 6E 06 E9 B4 2B AF 8D 50 10 02 03 95 79 00 00
45 00 00 28 F5 9D 40 00 80 06 00 00 AC 11 22 89 8E FA CD E1 DD 4B 01 BB 91 E1 99 0A 64 AF 9F 94 50 10 00 00 2B 91 00 00
45 00 00 28 F5 9E 40 00 80 06 00 00 AC 11 22 89 8E FA CD E1 DD 4C 01 BB 85 6C 59 41 33 6C E3 26 50 10 00 00 2B 91 00 00
45 00 00 28 E5 3C 40 00 80 06 00 00 AC 11 22 89 C7 E8 FE DB DD B9 01 BB 1F 6E 06 E9 B4 2B BA 9D 50 10 02 03 95 79 00 00
45 00 00 34 E5 3D 40 00 80 06 00 00 AC 11 22 89 C7 E8 FE DB DD B9 01 BB 1F 6E 06 E9 B4 2B BA 9D 80 10 02 03 95 85 00 00 01 01 05 0A B4 2B C0 25 B4 2B CB 35
45 00 00 34 E5 3E 40 00 80 06 00 00 AC 11 22 89 C7 E8 FE DB DD B9 01 BB 1F 6E 06 E9 B4 2B BA 9D 80 10 02 03 95 85 00 00 01 01 05 0A B4 2B C0 25 B4 2B D0 BD
45 00 00 34 E5 3F 40 00 80 06 00 00 AC 11 22 89 C7 E8 FE DB DD B9 01 BB 1F 6E 06 E9 B4 2B BA 9D 80 10 02 03 95 85 00 00 01 01 05 0A B4 2B C0 25 B4 2B D6 45
45 00 00 34 E5 40 40 00 80 06 00 00 AC 11 22 89 C7 E8 FE DB DD B9 01 BB 1F 6E 06 E9 B4 2B BA 9D 80 10 02 03 95 85 00 00 01 01 05 0A B4 2B C0 25 B4 2B E1 55
45 00 00 69 22 4A 40 00 FF 11 A9 3D AC 11 22 EF E0 00 00 FB 14 E9 14 E9 00 55 B2 81 00 07 00 00 00 03 00 00 00 00 00 00 09 5F 43 43 31 41 44 38 34 35 04 5F 73 75 62 0B 5F 67 6F 6F 67 6C 65 63 61 73 74 04 5F 74 63 70 05 6C 6F 63 61 6C 00 00 0C 00 01 09 5F 43 43 33 32 45 37 35 33 C0 16 00 0C 00 01 C0 1B 00 0C 00 01
45 00 00 28 36 80 40 00 80 06 00 00 AC 11 22 89 68 1A 0B F0 DD 69 01 BB 87 8F D0 2F 23 7A D7 40 50 11 04 00 42 BF 00 00
45 00 00 34 E5 41 40 00 80 06 00 00 AC 11 22 89 C7 E8 FE DB DD B9 01 BB 1F 6E 06 E9 B4 2B BA 9D 80 10 02 03 95 85 00 00 01 01 05 0A B4 2B C0 25 B4 2B EC 65
45 00 00 28 E5 42 40 00 80 06 00 00 AC 11 22 89 C7 E8 FE DB DD B9 01 BB 1F 6E 06 E9 B4 2B EC 65 50 10 02 03 95 79 00 00
45 00 00 28 36 81 40 00 80 06 00 00 AC 11 22 89 68 1A 0B F0 DD 69 01 BB 87 8F D0 30 23 7A D7 41 50 10 04 00 42 BF 00 00
45 00 00 28 E5 43 40 00 80 06 00 00 AC 11 22 89 C7 E8 FE DB DD B9 01 BB 1F 6E 06 E9 B4 2B F1 ED 50 10 01 FE 95 79 00 00
45 00 00 28 E5 44 40 00 80 06 00 00 AC 11 22 89 C7 E8 FE DB DD B9 01 BB 1F 6E 06 E9 B4 2B FC FD 50 10 02 03 95 79 00 00
45 00 00 28 E5 45 40 00 80 06 00 00 AC 11 22 89 C7 E8 FE DB DD B9 01 BB 1F 6E 06 E9 B4 2C 02 85 50 10 01 FE 95 79 00 00
45 00 00 28 E5 46 40 00 80 06 00 00 AC 11 22 89 C7 E8 FE DB DD B9 01 BB 1F 6E 06 E9 B4 2C 0D 95 50 10 02 03 95 79 00 00
45 00 00 28 E5 47 40 00 80 06 00 00 AC 11 22 89 C7 E8 FE DB DD B9 01 BB 1F 6E 06 E9 B4 2C 18 A5 50 10 02 03 95 79 00 00
45 00 00 28 E5 48 40 00 80 06 00 00 AC 11 22 89 C7 E8 FE DB DD B9 01 BB 1F 6E 06 E9 B4 2C 1E EB 50 10 02 03 95 79 00 00
45 00 00 28 E5 49 40 00 80 06 00 00 AC 11 22 89 C7 E8 FE DB DD B9 01 BB 1F 6E 06 E9 B4 2C 29 FB 50 10 02 03 95 79 00 00
45 00 00 28 E5 4A 40 00 80 06 00 00 AC 11 22 89 C7 E8 FE DB DD B9 01 BB 1F 6E 06 E9 B4 2C 35 0B 50 10 02 03 95 79 00 00
45 00 00 34 C0 C8 00 00 75 06 1A AA 8E FB 0C BC AC 11 22 89 14 6C DB 6F 9F A6 90 E3 88 93 ED B1 80 10 01 09 8B 2D 00 00 01 01 05 0A 88 93 ED B0 88 93 ED B1
45 00 00 28 E5 4B 40 00 80 06 00 00 AC 11 22 89 C7 E8 FE DB DD B9 01 BB 1F 6E 06 E9 B4 2C 40 1B 50 10 02 03 95 79 00 00
45 00 00 28 E5 4C 40 00 80 06 00 00 AC 11 22 89 C7 E8 FE DB DD B9 01 BB 1F 6E 06 E9 B4 2C 4B 2B 50 10 02 03 95 79 00 00
45 00 00 28 E5 4D 40 00 80 06 00 00 AC 11 22 89 C7 E8 FE DB DD B9 01 BB 1F 6E 06 E9 B4 2C 56 3B 50 10 02 03 95 79 00 00
45 00 00 34 C7 1E 00 00 35 06 30 FC 98 C3 26 4C AC 11 22 89 00 50 DD 7E FC B2 71 58 57 7B 21 28 80 10 00 85 35 CB 00 00 01 01 05 0A 57 7B 21 27 57 7B 21 28
45 00 00 34 E5 4E 40 00 80 06 00 00 AC 11 22 89 C7 E8 FE DB DD B9 01 BB 1F 6E 06 E9 B4 2C 56 3B 80 10 02 03 95 85 00 00 01 01 05 0A B4 2C 5B C3 B4 2C 66 D3
45 00 00 34 E5 4F 40 00 80 06 00 00 AC 11 22 89 C7 E8 FE DB DD B9 01 BB 1F 6E 06 E9 B4 2C 56 3B 80 10 02 03 95 85 00 00 01 01 05 0A B4 2C 5B C3 B4 2C 6C 5B
45 00 00 3C E5 50 40 00 80 06 00 00 AC 11 22 89 C7 E8 FE DB DD B9 01 BB 1F 6E 06 E9 B4 2C 56 3B A0 10 02 03 95 8D 00 00 01 01 05 12 B4 2C 71 E3 B4 2C 7C F3 B4 2C 5B C3 B4 2C 6C 5B
45 00 00 34 E5 51 40 00 80 06 00 00 AC 11 22 89 C7 E8 FE DB DD B9 01 BB 1F 6E 06 E9 B4 2C 6C 5B 80 10 02 03 95 85 00 00 01 01 05 0A B4 2C 71 E3 B4 2C 7C F3
45 00 00 47 10 E2 00 00 01 11 F8 C6 AC 11 22 F1 E0 00 00 FB 14 E9 14 E9 00 33 7C 3A 00 00 00 00 00 01 00 00 00 00 00 00 0E 5F 6D 69 63 72 6F 73 6F 66 74 5F 6D 63 63 04 5F 74 63 70 05 6C 6F 63 61 6C 00 00 0C 80 01
60 07 4D 52 00 33 11 01 FE 80 00 00 00 00 00 00 91 57 59 8D 0A CE 77 3D FF 02 00 00 00 00 00 00 00 00 00 00 00 00 00 FB 14 E9 14 E9 00 33 C0 C9 00 00 00 00 00 01 00 00 00 00 00 00 0E 5F 6D 69 63 72 6F 73 6F 66 74 5F 6D 63 63 04 5F 74 63 70 05 6C 6F 63 61 6C 00 00 0C 80 01
45 00 00 28 E5 52 40 00 80 06 00 00 AC 11 22 89 C7 E8 FE DB DD B9 01 BB 1F 6E 06 E9 B4 2C 7C F3 50 10 02 03 95 79 00 00
45 00 00 28 E5 53 40 00 80 06 00 00 AC 11 22 89 C7 E8 FE DB DD B9 01 BB 1F 6E 06 E9 B4 2C 88 03 50 10 02 03 95 79 00 00
45 00 00 28 E5 54 40 00 80 06 00 00 AC 11 22 89 C7 E8 FE DB DD B9 01 BB 1F 6E 06 E9 B4 2C 8D 8B 50 10 01 FE 95 79 00 00
45 00 00 28 E5 55 40 00 80 06 00 00 AC 11 22 89 C7 E8 FE DB DD B9 01 BB 1F 6E 06 E9 B4 2C 9E 23 50 10 02 03 95 79 00 00
45 00 00 28 E5 56 40 00 80 06 00 00 AC 11 22 89 C7 E8 FE DB DD B9 01 BB 1F 6E 06 E9 B4 2C A9 33 50 10 02 03 95 79 00 00
45 00 00 28 E5 57 40 00 80 06 00 00 AC 11 22 89 C7 E8 FE DB DD B9 01 BB 1F 6E 06 E9 B4 2C B4 43 50 10 02 03 95 79 00 00
45 00 00 28 E5 58 40 00 80 06 00 00 AC 11 22 89 C7 E8 FE DB DD B9 01 BB 1F 6E 06 E9 B4 2C B9 CB 50 10 01 FE 95 79 00 00
45 00 00 28 E5 59 40 00 80 06 00 00 AC 11 22 89 C7 E8 FE DB DD B9 01 BB 1F 6E 06 E9 B4 2C C4 DB 50 10 02 03 95 79 00 00
45 00 00 28 E5 5A 40 00 80 06 00 00 AC 11 22 89 C7 E8 FE DB DD B9 01 BB 1F 6E 06 E9 B4 2C CF EB 50 10 02 03 95 79 00 00
45 00 00 28 E5 5B 40 00 80 06 00 00 AC 11 22 89 C7 E8 FE DB DD B9 01 BB 1F 6E 06 E9 B4 2C DA FB 50 10 02 03 95 79 00 00
45 00 00 28 E5 5C 40 00 80 06 00 00 AC 11 22 89 C7 E8 FE DB DD B9 01 BB 1F 6E 06 E9 B4 2C E6 0B 50 10 02 03 95 79 00 00
45 00 00 28 E5 5D 40 00 80 06 00 00 AC 11 22 89 C7 E8 FE DB DD B9 01 BB 1F 6E 06 E9 B4 2C EB 93 50 10 01 FE 95 79 00 00
45 00 00 34 E5 5E 40 00 80 06 00 00 AC 11 22 89 C7 E8 FE DB DD B9 01 BB 1F 6E 06 E9 B4 2C EB 93 80 10 01 FE 95 85 00 00 01 01 05 0A B4 2C F1 1B B4 2C F6 A3
45 00 00 47 10 E3 00 00 01 11 F8 C5 AC 11 22 F1 E0 00 00 FB 14 E9 14 E9 00 33 7C BA 00 00 00 00 00 01 00 00 00 00 00 00 0E 5F 6D 69 63 72 6F 73 6F 66 74 5F 6D 63 63 04 5F 74 63 70 05 6C 6F 63 61 6C 00 00 0C 00 01
60 07 4D 52 00 33 11 01 FE 80 00 00 00 00 00 00 91 57 59 8D 0A CE 77 3D FF 02 00 00 00 00 00 00 00 00 00 00 00 00 00 FB 14 E9 14 E9 00 33 C1 49 00 00 00 00 00 01 00 00 00 00 00 00 0E 5F 6D 69 63 72 6F 73 6F 66 74 5F 6D 63 63 04 5F 74 63 70 05 6C 6F 63 61 6C 00 00 0C 00 01
45 00 00 3C E5 5F 40 00 80 06 00 00 AC 11 22 89 C7 E8 FE DB DD B9 01 BB 1F 6E 06 E9 B4 2C EB 93 A0 10 01 FE 95 8D 00 00 01 01 05 12 B4 2C FC 2B B4 2D 01 B3 B4 2C F1 1B B4 2C F6 A3
00 01 08 00 06 04 00 02 74 D4 DD 28 65 51 AC 11 22 89 00 5F 67 E4 23 5E AC 11 22 9A
45 00 00 3C E5 60 40 00 80 06 00 00 AC 11 22 89 C7 E8 FE DB DD B9 01 BB 1F 6E 06 E9 B4 2C EB 93 A0 10 01 FE 95 8D 00 00 01 01 05 12 B4 2C FC 2B B4 2D 07 0E B4 2C F1 1B B4 2C F6 A3
45 00 00 3C E5 61 40 00 80 06 00 00 AC 11 22 89 C7 E8 FE DB DD B9 01 BB 1F 6E 06 E9 B4 2C EB 93 A0 10 01 FE 95 8D 00 00 01 01 05 12 B4 2C FC 2B B4 2D 0C 96 B4 2C F1 1B B4 2C F6 A3
45 00 00 28 14 0F 40 00 80 06 00 00 AC 11 22 89 9D F0 0D 36 DC 25 01 BB 42 06 EE 54 52 70 09 9B 50 10 02 01 79 DB 00 00
45 00 00 44 E5 62 40 00 80 06 00 00 AC 11 22 89 C7 E8 FE DB DD B9 01 BB 1F 6E 06 E9 B4 2C EB 93 C0 10 01 FE 95 95 00 00 01 01 05 1A B4 2D 12 1E B4 2D 17 A6 B4 2C FC 2B B4 2D 0C 96 B4 2C F1 1B B4 2C F6 A3
45 00 00 3C E5 63 40 00 80 06 00 00 AC 11 22 89 C7 E8 FE DB DD B9 01 BB 1F 6E 06 E9 B4 2C F6 A3 A0 10 02 03 95 8D 00 00 01 01 05 12 B4 2D 12 1E B4 2D 17 A6 B4 2C FC 2B B4 2D 0C 96
45 00 00 34 E5 64 40 00 80 06 00 00 AC 11 22 89 C7 E8 FE DB DD B9 01 BB 1F 6E 06 E9 B4 2D 0C 96 80 10 02 03 95 85 00 00 01 01 05 0A B4 2D 12 1E B4 2D 17 A6
60 00 00 00 00 10 3A FF FE 80 00 00 00 00 00 00 30 E2 1C FF FE DE 00 F0 FF 02 00 00 00 00 00 00 00 00 00 00 00 00 00 02 85 00 DD CD 00 00 00 00 01 01 32 E2 1C DE 00 F0
45 00 00 28 E5 65 40 00 80 06 00 00 AC 11 22 89 C7 E8 FE DB DD B9 01 BB 1F 6E 06 E9 B4 2D 17 A6 50 10 02 03 95 79 00 00
45 00 00 28 E5 66 40 00 80 06 00 00 AC 11 22 89 C7 E8 FE DB DD B9 01 BB 1F 6E 06 E9 B4 2D 22 B6 50 10 02 03 95 79 00 00
60 00 5D 66 00 67 11 01 FE 80 00 00 00 00 00 00 C6 6A B2 99 C0 11 8F 1E FF 02 00 00 00 00 00 00 00 00 00 00 00 01 00 02 02 22 02 23 00 67 04 2B 01 06 74 CF 00 08 00 02 05 E0 00 01 00 0E 00 01 00 01 2A 77 B8 F9 E4 A8 DF E3 57 47 00 03 00 0C 06 E4 A8 DF 00 00 00 00 00 00 00 00 00 27 00 11 00 0F 4C 41 50 54 4F 50 2D 43 41 34 47 30 36 54 4F 00 10 00 0E 00 00 01 37 00 08 4D 53 46 54 20 35 2E 30 00 06 00 08 00 11 00 17 00 18 00 27
45 00 00 28 E5 67 40 00 80 06 00 00 AC 11 22 89 C7 E8 FE DB DD B9 01 BB 1F 6E 06 E9 B4 2D 28 3E 50 10 01 FE 95 79 00 00
45 00 00 28 E5 68 40 00 80 06 00 00 AC 11 22 89 C7 E8 FE DB DD B9 01 BB 1F 6E 06 E9 B4 2D 33 4E 50 10 02 03 95 79 00 00
45 00 00 28 E5 69 40 00 80 06 00 00 AC 11 22 89 C7 E8 FE DB DD B9 01 BB 1F 6E 06 E9 B4 2D 38 D6 50 10 01 FE 95 79 00 00
45 00 00 28 E5 6A 40 00 80 06 00 00 AC 11 22 89 C7 E8 FE DB DD B9 01 BB 1F 6E 06 E9 B4 2D 43 E6 50 10 02 03 95 79 00 00
45 00 00 28 E5 6B 40 00 80 06 00 00 AC 11 22 89 C7 E8 FE DB DD B9 01 BB 1F 6E 06 E9 B4 2D 49 6E 50 10 01 FE 95 79 00 00
45 00 00 28 E5 6C 40 00 80 06 00 00 AC 11 22 89 C7 E8 FE DB DD B9 01 BB 1F 6E 06 E9 B4 2D 4E F6 50 10 02 03 95 79 00 00
45 00 00 34 E5 6D 40 00 80 06 00 00 AC 11 22 89 C7 E8 FE DB DD B9 01 BB 1F 6E 06 E9 B4 2D 4E F6 80 10 02 03 95 85 00 00 01 01 05 0A B4 2D 54 7E B4 2D 5A 06
45 00 00 34 E5 6E 40 00 80 06 00 00 AC 11 22 89 C7 E8 FE DB DD B9 01 BB 1F 6E 06 E9 B4 2D 4E F6 80 10 02 03 95 85 00 00 01 01 05 0A B4 2D 54 7E B4 2D 5F 8E
45 00 00 34 E5 6F 40 00 80 06 00 00 AC 11 22 89 C7 E8 FE DB DD B9 01 BB 1F 6E 06 E9 B4 2D 4E F6 80 10 02 03 95 85 00 00 01 01 05 0A B4 2D 54 7E B4 2D 65 16
45 00 00 34 E5 70 40 00 80 06 00 00 AC 11 22 89 C7 E8 FE DB DD B9 01 BB 1F 6E 06 E9 B4 2D 4E F6 80 10 02 03 95 85 00 00 01 01 05 0A B4 2D 54 7E B4 2D 6A 9E
45 00 00 28 E5 71 40 00 80 06 00 00 AC 11 22 89 C7 E8 FE DB DD B9 01 BB 1F 6E 06 E9 B4 2D 6A 9E 50 10 02 03 95 79 00 00
45 00 00 34 E5 72 40 00 80 06 00 00 AC 11 22 89 C7 E8 FE DB DD B9 01 BB 1F 6E 06 E9 B4 2D 6A 9E 80 10 02 03 95 85 00 00 01 01 05 0A B4 2D 70 26 B4 2D 75 AE
45 00 00 34 E5 73 40 00 80 06 00 00 AC 11 22 89 C7 E8 FE DB DD B9 01 BB 1F 6E 06 E9 B4 2D 6A 9E 80 10 02 03 95 85 00 00 01 01 05 0A B4 2D 70 26 B4 2D 7B 36
45 00 00 4E 67 55 00 00 80 11 36 09 AC 11 22 1F AC 11 22 FF 00 89 00 89 00 3A 1B C9 B8 E1 01 10 00 01 00 00 00 00 00 00 20 45 43 45 4A 46 45 46 44 43 4E 46 41 45 4A 45 4D 45 42 45 4F 45 4A 43 41 43 41 43 41 43 41 42 4C 00 00 20 00 01
45 00 00 28 E5 74 40 00 80 06 00 00 AC 11 22 89 C7 E8 FE DB DD B9 01 BB 1F 6E 06 E9 B4 2D 7B 36 50 10 02 03 95 79 00 00
45 00 00 28 E5 75 40 00 80 06 00 00 AC 11 22 89 C7 E8 FE DB DD B9 01 BB 1F 6E 06 E9 B4 2D 80 BE 50 10 01 FE 95 79 00 00
45 00 00 28 E5 76 40 00 80 06 00 00 AC 11 22 89 C7 E8 FE DB DD B9 01 BB 1F 6E 06 E9 B4 2D 86 46 50 10 02 03 95 79 00 00
45 00 00 34 E5 77 40 00 80 06 00 00 AC 11 22 89 C7 E8 FE DB DD B9 01 BB 1F 6E 06 E9 B4 2D 86 46 80 10 02 03 95 85 00 00 01 01 05 0A B4 2D 8B CE B4 2D 91 56
45 00 00 34 E5 78 40 00 80 06 00 00 AC 11 22 89 C7 E8 FE DB DD B9 01 BB 1F 6E 06 E9 B4 2D 86 46 80 10 02 03 95 85 00 00 01 01 05 0A B4 2D 8B CE B4 2D 96 DE
45 00 00 34 E5 79 40 00 80 06 00 00 AC 11 22 89 C7 E8 FE DB DD B9 01 BB 1F 6E 06 E9 B4 2D 86 46 80 10 02 03 95 85 00 00 01 01 05 0A B4 2D 8B CE B4 2D 9C 66
45 00 00 28 7D FC 40 00 80 06 00 00 AC 11 22 89 14 CD 45 50 DC 52 01 BB A8 3A F2 30 3C 98 5B 83 50 14 00 00 28 D2 00 00
45 00 00 28 E5 7A 40 00 80 06 00 00 AC 11 22 89 C7 E8 FE DB DD B9 01 BB 1F 6E 06 E9 B4 2D 9C 66 50 10 02 03 95 79 00 00
45 00 00 28 E5 7B 40 00 80 06 00 00 AC 11 22 89 C7 E8 FE DB DD B9 01 BB 1F 6E 06 E9 B4 2D A1 EE 50 10 01 FE 95 79 00 00
45 00 00 4E 67 56 00 00 80 11 36 08 AC 11 22 1F AC 11 22 FF 00 89 00 89 00 3A 1B C9 B8 E1 01 10 00 01 00 00 00 00 00 00 20 45 43 45 4A 46 45 46 44 43 4E 46 41 45 4A 45 4D 45 42 45 4F 45 4A 43 41 43 41 43 41 43 41 42 4C 00 00 20 00 01
45 00 00 28 E5 7C 40 00 80 06 00 00 AC 11 22 89 C7 E8 FE DB DD B9 01 BB 1F 6E 06 E9 B4 2D A7 76 50 10 02 03 95 79 00 00
45 00 00 34 E5 7D 40 00 80 06 00 00 AC 11 22 89 C7 E8 FE DB DD B9 01 BB 1F 6E 06 E9 B4 2D A7 76 80 10 02 03 95 85 00 00 01 01 05 0A B4 2D AC FE B4 2D B2 86
45 00 00 34 E5 7E 40 00 80 06 00 00 AC 11 22 89 C7 E8 FE DB DD B9 01 BB 1F 6E 06 E9 B4 2D A7 76 80 10 02 03 95 85 00 00 01 01 05 0A B4 2D AC FE B4 2D B8 0E
45 00 00 34 E5 7F 40 00 80 06 00 00 AC 11 22 89 C7 E8 FE DB DD B9 01 BB 1F 6E 06 E9 B4 2D A7 76 80 10 02 03 95 85 00 00 01 01 05 0A B4 2D AC FE B4 2D BD 96
45 00 00 28 E5 80 40 00 80 06 00 00 AC 11 22 89 C7 E8 FE DB DD B9 01 BB 1F 6E 06 E9 B4 2D BD 96 50 10 02 03 95 79 00 00
45 00 00 28 E5 81 40 00 80 06 00 00 AC 11 22 89 C7 E8 FE DB DD B9 01 BB 1F 6E 06 E9 B4 2D C8 A6 50 10 02 03 95 79 00 00
45 00 00 4E 67 57 00 00 80 11 36 07 AC 11 22 1F AC 11 22 FF 00 89 00 89 00 3A 1B C9 B8 E1 01 10 00 01 00 00 00 00 00 00 20 45 43 45 4A 46 45 46 44 43 4E 46 41 45 4A 45 4D 45 42 45 4F 45 4A 43 41 43 41 43 41 43 41 42 4C 00 00 20 00 01
45 00 00 28 E5 82 40 00 80 06 00 00 AC 11 22 89 C7 E8 FE DB DD B9 01 BB 1F 6E 06 E9 B4 2D D3 B6 50 10 02 03 95 79 00 00
45 00 00 28 E5 83 40 00 80 06 00 00 AC 11 22 89 C7 E8 FE DB DD B9 01 BB 1F 6E 06 E9 B4 2D D9 3E 50 10 01 FE 95 79 00 00
45 00 00 28 E5 84 40 00 80 06 00 00 AC 11 22 89 C7 E8 FE DB DD B9 01 BB 1F 6E 06 E9 B4 2D E4 4E 50 10 02 03 95 79 00 00
45 00 00 28 E5 85 40 00 80 06 00 00 AC 11 22 89 C7 E8 FE DB DD B9 01 BB 1F 6E 06 E9 B4 2D E9 D6 50 10 01 FE 95 79 00 00
45 00 00 28 53 42 40 00 80 06 00 00 AC 11 22 89 8E FA B6 6E DB 83 01 BB F8 1C FC E1 36 6A 86 73 50 10 10 01 14 1E 00 00
45 00 00 34 E5 86 40 00 80 06 00 00 AC 11 22 89 C7 E8 FE DB DD B9 01 BB 1F 6E 06 E9 B4 2D E9 D6 80 10 01 FE 95 85 00 00 01 01 05 0A B4 2D EF 5E B4 2D F4 E6
45 00 00 34 E5 87 40 00 80 06 00 00 AC 11 22 89 C7 E8 FE DB DD B9 01 BB 1F 6E 06 E9 B4 2D E9 D6 80 10 01 FE 95 85 00 00 01 01 05 0A B4 2D EF 5E B4 2D FA 6E
45 00 00 34 E5 88 40 00 80 06 00 00 AC 11 22 89 C7 E8 FE DB DD B9 01 BB 1F 6E 06 E9 B4 2D E9 D6 80 10 01 FE 95 85 00 00 01 01 05 0A B4 2D EF 5E B4 2D FF F6
45 00 00 28 E5 89 40 00 80 06 00 00 AC 11 22 89 C7 E8 FE DB DD B9 01 BB 1F 6E 06 E9 B4 2D FF F6 50 10 02 03 95 79 00 00
45 00 00 28 E5 8A 40 00 80 06 00 00 AC 11 22 89 C7 E8 FE DB DD B9 01 BB 1F 6E 06 E9 B4 2E 0B 06 50 10 02 03 95 79 00 00
45 00 00 28 E5 8B 40 00 80 06 00 00 AC 11 22 89 C7 E8 FE DB DD B9 01 BB 1F 6E 06 E9 B4 2E 11 4C 50 10 02 03 95 79 00 00
45 00 00 28 E5 8C 40 00 80 06 00 00 AC 11 22 89 C7 E8 FE DB DD B9 01 BB 1F 6E 06 E9 B4 2E 16 D4 50 10 01 FE 95 79 00 00
45 00 00 28 E5 8D 40 00 80 06 00 00 AC 11 22 89 C7 E8 FE DB DD B9 01 BB 1F 6E 06 E9 B4 2E 1C 5C 50 10 02 03 95 79 00 00
45 00 00 34 E5 8E 40 00 80 06 00 00 AC 11 22 89 C7 E8 FE DB DD B9 01 BB 1F 6E 06 E9 B4 2E 1C 5C 80 10 02 03 95 85 00 00 01 01 05 0A B4 2E 21 E4 B4 2E 27 6C
45 00 00 34 E5 8F 40 00 80 06 00 00 AC 11 22 89 C7 E8 FE DB DD B9 01 BB 1F 6E 06 E9 B4 2E 1C 5C 80 10 02 03 95 85 00 00 01 01 05 0A B4 2E 21 E4 B4 2E 2C F4
45 00 00 28 E5 90 40 00 80 06 00 00 AC 11 22 89 C7 E8 FE DB DD B9 01 BB 1F 6E 06 E9 B4 2E 2C F4 50 10 02 03 95 79 00 00
45 00 00 28 E5 91 40 00 80 06 00 00 AC 11 22 89 C7 E8 FE DB DD B9 01 BB 1F 6E 06 E9 B4 2E 32 7C 50 10 01 FE 95 79 00 00
45 00 00 28 E5 92 40 00 80 06 00 00 AC 11 22 89 C7 E8 FE DB DD B9 01 BB 1F 6E 06 E9 B4 2E 38 04 50 10 02 03 95 79 00 00
45 00 00 28 E5 93 40 00 80 06 00 00 AC 11 22 89 C7 E8 FE DB DD B9 01 BB 1F 6E 06 E9 B4 2E 43 14 50 10 02 03 95 79 00 00
45 00 00 28 E5 94 40 00 80 06 00 00 AC 11 22 89 C7 E8 FE DB DD B9 01 BB 1F 6E 06 E9 B4 2E 48 9C 50 10 01 FE 95 79 00 00
45 00 00 28 E5 95 40 00 80 06 00 00 AC 11 22 89 C7 E8 FE DB DD B9 01 BB 1F 6E 06 E9 B4 2E 53 AC 50 10 02 03 95 79 00 00
45 00 00 28 E5 96 40 00 80 06 00 00 AC 11 22 89 C7 E8 FE DB DD B9 01 BB 1F 6E 06 E9 B4 2E 59 34 50 10 01 FE 95 79 00 00
45 00 00 28 E5 97 40 00 80 06 00 00 AC 11 22 89 C7 E8 FE DB DD B9 01 BB 1F 6E 06 E9 B4 2E 64 44 50 10 02 03 95 79 00 00
45 00 00 28 E5 98 40 00 80 06 00 00 AC 11 22 89 C7 E8 FE DB DD B9 01 BB 1F 6E 06 E9 B4 2E 69 CC 50 10 01 FE 95 79 00 00
45 00 00 34 43 98 00 00 36 06 72 D4 22 6B DD 52 AC 11 22 89 00 50 DB 67 33 43 CB FD CF 05 3B DF 80 10 01 2A AE 94 00 00 01 01 05 0A CF 05 3B DE CF 05 3B DF
45 00 00 28 E5 99 40 00 80 06 00 00 AC 11 22 89 C7 E8 FE DB DD B9 01 BB 1F 6E 06 E9 B4 2E 7A 64 50 10 02 03 95 79 00 00
45 00 00 34 D5 7D 00 00 36 06 E0 EE 22 6B DD 52 AC 11 22 89 00 50 DB 6A 56 33 84 25 0A 75 17 78 80 10 01 2A 8E 61 00 00 01 01 05 0A 0A 75 17 77 0A 75 17 78
45 00 00 28 E5 9A 40 00 80 06 00 00 AC 11 22 89 C7 E8 FE DB DD B9 01 BB 1F 6E 06 E9 B4 2E 7F EC 50 10 01 FE 95 79 00 00
45 00 00 28 E5 9B 40 00 80 06 00 00 AC 11 22 89 C7 E8 FE DB DD B9 01 BB 1F 6E 06 E9 B4 2E 90 84 50 10 02 03 95 79 00 00
45 00 00 49 26 F5 00 00 FF 11 E5 60 AC 11 22 41 E0 00 00 FB 14 E9 14 E9 00 35 FF 24 00 00 00 00 00 01 00 00 00 00 00 00 10 5F 73 70 6F 74 69 66 79 2D 63 6F 6E 6E 65 63 74 04 5F 74 63 70 05 6C 6F 63 61 6C 00 00 0C 00 01
60 09 20 18 00 35 11 FF FE 80 00 00 00 00 00 00 3E 99 83 41 28 4D 22 BA FF 02 00 00 00 00 00 00 00 00 00 00 00 00 00 FB 14 E9 14 E9 00 35 A3 12 00 00 00 00 00 01 00 00 00 00 00 00 10 5F 73 70 6F 74 69 66 79 2D 63 6F 6E 6E 65 63 74 04 5F 74 63 70 05 6C 6F 63 61 6C 00 00 0C 00 01
45 00 00 28 E5 9C 40 00 80 06 00 00 AC 11 22 89 C7 E8 FE DB DD B9 01 BB 1F 6E 06 E9 B4 2E 96 0C 50 10 01 FE 95 79 00 00
45 00 00 28 E5 9D 40 00 80 06 00 00 AC 11 22 89 C7 E8 FE DB DD B9 01 BB 1F 6E 06 E9 B4 2E A6 A4 50 10 02 03 95 79 00 00
45 00 00 28 E5 9E 40 00 80 06 00 00 AC 11 22 89 C7 E8 FE DB DD B9 01 BB 1F 6E 06 E9 B4 2E AC 2C 50 10 01 FE 95 79 00 00
45 00 00 28 E5 9F 40 00 80 06 00 00 AC 11 22 89 C7 E8 FE DB DD B9 01 BB 1F 6E 06 E9 B4 2E B1 B4 50 10 02 03 95 79 00 00
60 02 26 BF 00 60 11 01 FE 80 00 00 00 00 00 00 FB 59 FD 50 74 B1 C8 14 FF 02 00 00 00 00 00 00 00 00 00 00 00 01 00 02 02 22 02 23 00 60 4B 49 01 59 54 14 00 08 00 02 0C 1F 00 01 00 0E 00 01 00 01 2C 7D 5D DB C4 65 16 2D E5 5A 00 03 00 0C 06 C4 65 16 00 00 00 00 00 00 00 00 00 27 00 0A 00 08 41 62 68 79 75 64 61 79 00 10 00 0E 00 00 01 37 00 08 4D 53 46 54 20 35 2E 30 00 06 00 08 00 11 00 17 00 18 00 27
45 00 00 28 E5 A0 40 00 80 06 00 00 AC 11 22 89 C7 E8 FE DB DD B9 01 BB 1F 6E 06 E9 B4 2E C2 4C 50 10 02 03 95 79 00 00
45 00 00 28 E5 A1 40 00 80 06 00 00 AC 11 22 89 C7 E8 FE DB DD B9 01 BB 1F 6E 06 E9 B4 2E C7 D4 50 10 01 FE 95 79 00 00
45 00 00 28 E5 A2 40 00 80 06 00 00 AC 11 22 89 C7 E8 FE DB DD B9 01 BB 1F 6E 06 E9 B4 2E CD 5C 50 10 02 03 95 79 00 00
45 00 00 28 E5 A3 40 00 80 06 00 00 AC 11 22 89 C7 E8 FE DB DD B9 01 BB 1F 6E 06 E9 B4 2E D8 6C 50 10 02 03 95 79 00 00
45 00 00 28 E5 A4 40 00 80 06 00 00 AC 11 22 89 C7 E8 FE DB DD B9 01 BB 1F 6E 06 E9 B4 2E E3 7C 50 10 02 03 95 79 00 00
45 00 00 28 E5 A5 40 00 80 06 00 00 AC 11 22 89 C7 E8 FE DB DD B9 01 BB 1F 6E 06 E9 B4 2E E9 04 50 10 01 FE 95 79 00 00
45 00 00 28 E5 A6 40 00 80 06 00 00 AC 11 22 89 C7 E8 FE DB DD B9 01 BB 1F 6E 06 E9 B4 2E F4 14 50 10 02 03 95 79 00 00
45 00 00 34 E5 A7 40 00 80 06 00 00 AC 11 22 89 C7 E8 FE DB DD B9 01 BB 1F 6E 06 E9 B4 2E F4 14 80 10 02 03 95 85 00 00 01 01 05 0A B4 2E F9 9C B4 2F 04 AC
45 00 00 34 E5 A8 40 00 80 06 00 00 AC 11 22 89 C7 E8 FE DB DD B9 01 BB 1F 6E 06 E9 B4 2E F4 14 80 10 02 03 95 85 00 00 01 01 05 0A B4 2E F9 9C B4 2F 0A 34
45 00 00 34 E5 A9 40 00 80 06 00 00 AC 11 22 89 C7 E8 FE DB DD B9 01 BB 1F 6E 06 E9 B4 2E F4 14 80 10 02 03 95 85 00 00 01 01 05 0A B4 2E F9 9C B4 2F 0F BC
45 00 00 34 E5 AA 40 00 80 06 00 00 AC 11 22 89 C7 E8 FE DB DD B9 01 BB 1F 6E 06 E9 B4 2E F4 14 80 10 02 03 95 85 00 00 01 01 05 0A B4 2E F9 9C B4 2F 10 4D
45 00 00 28 E5 AB 40 00 80 06 00 00 AC 11 22 89 C7 E8 FE DB DD B9 01 BB 1F 6E 06 E9 B4 2F 10 4D 50 10 02 03 95 79 00 00
45 00 00 28 E5 AC 40 00 80 06 00 00 AC 11 22 89 C7 E8 FE DB DD B9 01 BB 1F 6E 06 E9 B4 2F 1B 5D 50 10 02 03 95 79 00 00
45 00 00 28 E5 AD 40 00 80 06 00 00 AC 11 22 89 C7 E8 FE DB DD B9 01 BB 1F 6E 06 E9 B4 2F 20 E5 50 10 01 FE 95 79 00 00
45 00 00 28 E5 AE 40 00 80 06 00 00 AC 11 22 89 C7 E8 FE DB DD B9 01 BB 1F 6E 06 E9 B4 2F 26 6D 50 10 02 03 95 79 00 00
45 00 00 34 C7 1F 00 00 35 06 30 FB 98 C3 26 4C AC 11 22 89 00 50 DD 7E FC B2 71 58 57 7B 21 28 80 10 00 85 35 CB 00 00 01 01 05 0A 57 7B 21 27 57 7B 21 28
45 00 00 28 E5 AF 40 00 80 06 00 00 AC 11 22 89 C7 E8 FE DB DD B9 01 BB 1F 6E 06 E9 B4 2F 31 7D 50 10 02 03 95 79 00 00
45 00 00 28 E5 B0 40 00 80 06 00 00 AC 11 22 89 C7 E8 FE DB DD B9 01 BB 1F 6E 06 E9 B4 2F 3C 8D 50 10 02 03 95 79 00 00
45 00 00 28 E5 B1 40 00 80 06 00 00 AC 11 22 89 C7 E8 FE DB DD B9 01 BB 1F 6E 06 E9 B4 2F 42 15 50 10 01 FE 95 79 00 00
45 00 00 28 E5 B2 40 00 80 06 00 00 AC 11 22 89 C7 E8 FE DB DD B9 01 BB 1F 6E 06 E9 B4 2F 4D 25 50 10 02 03 95 79 00 00
45 00 00 28 E5 B3 40 00 80 06 00 00 AC 11 22 89 C7 E8 FE DB DD B9 01 BB 1F 6E 06 E9 B4 2F 58 35 50 10 02 03 95 79 00 00
45 00 00 28 E5 B4 40 00 80 06 00 00 AC 11 22 89 C7 E8 FE DB DD B9 01 BB 1F 6E 06 E9 B4 2F 5D BD 50 10 01 FE 95 79 00 00
45 00 00 28 E5 B5 40 00 80 06 00 00 AC 11 22 89 C7 E8 FE DB DD B9 01 BB 1F 6E 06 E9 B4 2F 63 45 50 10 02 03 95 79 00 00
45 00 00 28 E5 B6 40 00 80 06 00 00 AC 11 22 89 C7 E8 FE DB DD B9 01 BB 1F 6E 06 E9 B4 2F 68 CD 50 10 01 FE 95 79 00 00
45 00 00 28 E5 B7 40 00 80 06 00 00 AC 11 22 89 C7 E8 FE DB DD B9 01 BB 1F 6E 06 E9 B4 2F 73 DD 50 10 02 03 95 79 00 00
45 00 00 28 E5 B8 40 00 80 06 00 00 AC 11 22 89 C7 E8 FE DB DD B9 01 BB 1F 6E 06 E9 B4 2F 79 65 50 10 01 FE 95 79 00 00
45 00 00 28 E5 B9 40 00 80 06 00 00 AC 11 22 89 C7 E8 FE DB DD B9 01 BB 1F 6E 06 E9 B4 2F 7E ED 50 10 02 03 95 79 00 00
45 00 00 28 E5 BA 40 00 80 06 00 00 AC 11 22 89 C7 E8 FE DB DD B9 01 BB 1F 6E 06 E9 B4 2F 84 75 50 10 01 FE 95 79 00 00
45 00 00 28 E5 BB 40 00 80 06 00 00 AC 11 22 89 C7 E8 FE DB DD B9 01 BB 1F 6E 06 E9 B4 2F 8F 85 50 10 02 03 95 79 00 00
45 00 00 28 E5 BC 40 00 80 06 00 00 AC 11 22 89 C7 E8 FE DB DD B9 01 BB 1F 6E 06 E9 B4 2F 95 0D 50 10 01 FE 95 79 00 00
45 00 00 34 E5 BD 40 00 80 06 00 00 AC 11 22 89 C7 E8 FE DB DD B9 01 BB 1F 6E 06 E9 B4 2F 95 0D 80 10 01 FE 95 85 00 00 01 01 05 0A B4 2F 9A 95 B4 2F A0 1D
45 00 00 34 E5 BE 40 00 80 06 00 00 AC 11 22 89 C7 E8 FE DB DD B9 01 BB 1F 6E 06 E9 B4 2F 95 0D 80 10 01 FE 95 85 00 00 01 01 05 0A B4 2F 9A 95 B4 2F A5 A5
45 00 00 34 E5 BF 40 00 80 06 00 00 AC 11 22 89 C7 E8 FE DB DD B9 01 BB 1F 6E 06 E9 B4 2F 95 0D 80 10 01 FE 95 85 00 00 01 01 05 0A B4 2F 9A 95 B4 2F AB 2D
45 00 00 34 E5 C0 40 00 80 06 00 00 AC 11 22 89 C7 E8 FE DB DD B9 01 BB 1F 6E 06 E9 B4 2F 95 0D 80 10 01 FE 95 85 00 00 01 01 05 0A B4 2F 9A 95 B4 2F B6 3D
45 00 00 28 E5 C1 40 00 80 06 00 00 AC 11 22 89 C7 E8 FE DB DD B9 01 BB 1F 6E 06 E9 B4 2F B6 3D 50 10 02 03 95 79 00 00
45 00 00 28 E5 C2 40 00 80 06 00 00 AC 11 22 89 C7 E8 FE DB DD B9 01 BB 1F 6E 06 E9 B4 2F BB C5 50 10 01 FE 95 79 00 00
45 00 00 34 E5 C3 40 00 80 06 00 00 AC 11 22 89 C7 E8 FE DB DD B9 01 BB 1F 6E 06 E9 B4 2F BB C5 80 10 01 FE 95 85 00 00 01 01 05 0A B4 2F C1 4D B4 2F C6 D5
45 00 00 34 E5 C4 40 00 80 06 00 00 AC 11 22 89 C7 E8 FE DB DD B9 01 BB 1F 6E 06 E9 B4 2F BB C5 80 10 01 FE 95 85 00 00 01 01 05 0A B4 2F C1 4D B4 2F CC 5D
45 00 00 34 E5 C5 40 00 80 06 00 00 AC 11 22 89 C7 E8 FE DB DD B9 01 BB 1F 6E 06 E9 B4 2F BB C5 80 10 01 FE 95 85 00 00 01 01 05 0A B4 2F C1 4D B4 2F D1 E5
45 00 00 34 E5 C6 40 00 80 06 00 00 AC 11 22 89 C7 E8 FE DB DD B9 01 BB 1F 6E 06 E9 B4 2F BB C5 80 10 01 FE 95 85 00 00 01 01 05 0A B4 2F C1 4D B4 2F D7 6D
45 00 00 3C E5 C7 40 00 80 06 00 00 AC 11 22 89 C7 E8 FE DB DD B9 01 BB 1F 6E 06 E9 B4 2F BB C5 A0 10 01 FE 95 8D 00 00 01 01 05 12 B4 2F DC F5 B4 2F E2 7D B4 2F C1 4D B4 2F D7 6D
45 00 00 34 E5 C8 40 00 80 06 00 00 AC 11 22 89 C7 E8 FE DB DD B9 01 BB 1F 6E 06 E9 B4 2F D7 6D 80 10 02 03 95 85 00 00 01 01 05 0A B4 2F DC F5 B4 2F E2 7D
45 00 00 34 E5 C9 40 00 80 06 00 00 AC 11 22 89 C7 E8 FE DB DD B9 01 BB 1F 6E 06 E9 B4 2F D7 6D 80 10 02 03 95 85 00 00 01 01 05 0A B4 2F DC F5 B4 2F E8 05
45 00 00 28 E5 CA 40 00 80 06 00 00 AC 11 22 89 C7 E8 FE DB DD B9 01 BB 1F 6E 06 E9 B4 2F E8 05 50 10 02 03 95 79 00 00
45 00 00 34 E5 CB 40 00 80 06 00 00 AC 11 22 89 C7 E8 FE DB DD B9 01 BB 1F 6E 06 E9 B4 2F E8 05 80 10 02 03 95 85 00 00 01 01 05 0A B4 2F ED 8D B4 2F F3 15
45 00 00 34 E5 CC 40 00 80 06 00 00 AC 11 22 89 C7 E8 FE DB DD B9 01 BB 1F 6E 06 E9 B4 2F E8 05 80 10 02 03 95 85 00 00 01 01 05 0A B4 2F ED 8D B4 2F F8 9D
45 00 00 28 E5 CD 40 00 80 06 00 00 AC 11 22 89 C7 E8 FE DB DD B9 01 BB 1F 6E 06 E9 B4 2F F8 9D 50 10 02 03 95 79 00 00
45 00 00 28 E5 CE 40 00 80 06 00 00 AC 11 22 89 C7 E8 FE DB DD B9 01 BB 1F 6E 06 E9 B4 2F FE 25 50 10 01 FE 95 79 00 00
45 00 00 28 E5 CF 40 00 80 06 00 00 AC 11 22 89 C7 E8 FE DB DD B9 01 BB 1F 6E 06 E9 B4 30 03 AD 50 10 02 03 95 79 00 00
45 00 00 28 E5 D0 40 00 80 06 00 00 AC 11 22 89 C7 E8 FE DB DD B9 01 BB 1F 6E 06 E9 B4 30 09 35 50 10 01 FE 95 79 00 00
45 00 00 45 35 9F 00 00 80 11 00 00 AC 11 22 89 AC 18 02 4C F4 BD 00 35 00 31 7D 41 10 EA 01 00 00 01 00 00 00 00 00 00 03 77 77 77 0F 6D 73 66 74 63 6F 6E 6E 65 63 74 74 65 73 74 03 63 6F 6D 00 00 01 00 01
45 00 00 D5 F5 36 00 00 3F 11 08 E3 AC 18 02 4C AC 11 22 89 00 35 F4 BD 00 C1 1F F6 10 EA 81 80 00 01 00 05 00 00 00 00 03 77 77 77 0F 6D 73 66 74 63 6F 6E 6E 65 63 74 74 65 73 74 03 63 6F 6D 00 00 01 00 01 C0 0C 00 05 00 01 00 00 02 0B 00 1D 08 6E 63 73 69 2D 67 65 6F 0E 74 72 61 66 66 69 63 6D 61 6E 61 67 65 72 03 6E 65 74 00 C0 35 00 05 00 01 00 00 38 62 00 1D 03 77 77 77 08 6D 73 66 74 6E 63 73 69 03 63 6F 6D 09 65 64 67 65 73 75 69 74 65 C0 4D C0 5E 00 05 00 01 00 00 00 63 00 12 05 61 31 39 36 31 02 67 32 06 61 6B 61 6D 61 69 C0 4D C0 87 00 01 00 01 00 00 00 08 00 04 60 11 C2 F1 C0 87 00 01 00 01 00 00 00 08 00 04 60 11 C2 F2
45 00 00 34 ED 40 40 00 80 06 00 00 AC 11 22 89 60 11 C2 F1 DD D4 00 50 E4 61 18 D2 00 00 00 00 80 02 FA F0 F1 C3 00 00 02 04 05 B4 01 03 03 08 01 01 04 02
45 00 00 34 00 00 40 00 32 06 57 27 60 11 C2 F1 AC 11 22 89 00 50 DD D4 31 99 7E C6 E4 61 18 D3 80 12 FA F0 F6 B9 00 00 02 04 05 B4 01 01 04 02 01 03 03 07
45 00 00 28 ED 41 40 00 80 06 00 00 AC 11 22 89 60 11 C2 F1 DD D4 00 50 E4 61 18 D3 31 99 7E C7 50 10 02 01 F1 B7 00 00
45 00 00 34 E5 D1 40 00 80 06 00 00 AC 11 22 89 C7 E8 FE DB DD B9 01 BB 1F 6E 06 E9 B4 30 09 35 80 10 01 FE 95 85 00 00 01 01 05 0A B4 30 0E BD B4 30 14 45
45 00 00 28 ED 43 40 00 80 06 00 00 AC 11 22 89 60 11 C2 F1 DD D4 00 50 E4 61 19 42 31 99 7F 83 50 10 02 00 F1 B7 00 00
45 00 00 28 ED 44 40 00 80 06 00 00 AC 11 22 89 60 11 C2 F1 DD D4 00 50 E4 61 19 42 31 99 7F 83 50 11 02 00 F1 B7 00 00
45 00 00 34 E5 D2 40 00 80 06 00 00 AC 11 22 89 C7 E8 FE DB DD B9 01 BB 1F 6E 06 E9 B4 30 09 35 80 10 01 FE 95 85 00 00 01 01 05 0A B4 30 0E BD B4 30 14 FA
45 00 00 28 E5 D3 40 00 80 06 00 00 AC 11 22 89 C7 E8 FE DB DD B9 01 BB 1F 6E 06 E9 B4 30 14 FA 50 10 02 03 95 79 00 00
45 00 00 28 E5 D4 40 00 80 06 00 00 AC 11 22 89 C7 E8 FE DB DD B9 01 BB 1F 6E 06 E9 B4 30 1A 82 50 10 01 FE 95 79 00 00
00 01 08 00 06 04 00 02 74 D4 DD 28 65 51 AC 11 22 89 00 5F 67 E4 23 5E AC 11 22 9A
 00 00 00 00 00 00
60 00 00 00 00 24 00 01 FE 80 00 00 00 00 00 00 33 52 85 A6 98 5C BE AE FF 02 00 00 00 00 00 00 00 00 00 00 00 00 00 16 3A 00 05 02 00 00 01 00 8F 00 5F CD 00 00 00 01 03 00 00 00 FF 02 00 00 00 00 00 00 00 00 00 00 00 00 01 3A
45 00 00 34 E5 D5 40 00 80 06 00 00 AC 11 22 89 C7 E8 FE DB DD B9 01 BB 1F 6E 06 E9 B4 30 1A 82 80 10 01 FE 95 85 00 00 01 01 05 0A B4 30 20 0A B4 30 25 92
45 00 00 34 E5 D6 40 00 80 06 00 00 AC 11 22 89 C7 E8 FE DB DD B9 01 BB 1F 6E 06 E9 B4 30 1A 82 80 10 01 FE 95 85 00 00 01 01 05 0A B4 30 20 0A B4 30 2B 1A
45 00 00 28 E5 D7 40 00 80 06 00 00 AC 11 22 89 C7 E8 FE DB DD B9 01 BB 1F 6E 06 E9 B4 30 2B 1A 50 10 02 03 95 79 00 00
 00 00 00 00 00 00
60 00 00 00 00 24 00 01 FE 80 00 00 00 00 00 00 33 52 85 A6 98 5C BE AE FF 02 00 00 00 00 00 00 00 00 00 00 00 00 00 16 3A 00 05 02 00 00 01 00 8F 00 5F CD 00 00 00 01 03 00 00 00 FF 02 00 00 00 00 00 00 00 00 00 00 00 00 01 3A
45 00 00 28 E5 D8 40 00 80 06 00 00 AC 11 22 89 C7 E8 FE DB DD B9 01 BB 1F 6E 06 E9 B4 30 30 A2 50 10 01 FE 95 79 00 00
45 00 00 28 E5 D9 40 00 80 06 00 00 AC 11 22 89 C7 E8 FE DB DD B9 01 BB 1F 6E 06 E9 B4 30 36 2A 50 10 02 03 95 79 00 00
45 00 00 28 E5 DA 40 00 80 06 00 00 AC 11 22 89 C7 E8 FE DB DD B9 01 BB 1F 6E 06 E9 B4 30 41 3A 50 10 02 03 95 79 00 00
45 00 00 34 E5 DB 40 00 80 06 00 00 AC 11 22 89 C7 E8 FE DB DD B9 01 BB 1F 6E 06 E9 B4 30 41 3A 80 10 02 03 95 85 00 00 01 01 05 0A B4 30 46 C2 B4 30 4C 4A
45 00 00 34 E5 DC 40 00 80 06 00 00 AC 11 22 89 C7 E8 FE DB DD B9 01 BB 1F 6E 06 E9 B4 30 41 3A 80 10 02 03 95 85 00 00 01 01 05 0A B4 30 46 C2 B4 30 51 D2
45 00 00 28 E5 DD 40 00 80 06 00 00 AC 11 22 89 C7 E8 FE DB DD B9 01 BB 1F 6E 06 E9 B4 30 51 D2 50 10 02 03 95 79 00 00
45 00 00 28 E5 DE 40 00 80 06 00 00 AC 11 22 89 C7 E8 FE DB DD B9 01 BB 1F 6E 06 E9 B4 30 57 5A 50 10 01 FE 95 79 00 00
45 00 00 28 E5 DF 40 00 80 06 00 00 AC 11 22 89 C7 E8 FE DB DD B9 01 BB 1F 6E 06 E9 B4 30 5C E2 50 10 02 03 95 79 00 00
45 00 00 34 E5 E0 40 00 80 06 00 00 AC 11 22 89 C7 E8 FE DB DD B9 01 BB 1F 6E 06 E9 B4 30 5C E2 80 10 02 03 95 85 00 00 01 01 05 0A B4 30 62 6A B4 30 67 F2
45 00 00 34 E5 E1 40 00 80 06 00 00 AC 11 22 89 C7 E8 FE DB DD B9 01 BB 1F 6E 06 E9 B4 30 5C E2 80 10 02 03 95 85 00 00 01 01 05 0A B4 30 62 6A B4 30 6D 7A
45 00 00 34 E5 E2 40 00 80 06 00 00 AC 11 22 89 C7 E8 FE DB DD B9 01 BB 1F 6E 06 E9 B4 30 5C E2 80 10 02 03 95 85 00 00 01 01 05 0A B4 30 62 6A B4 30 73 02
45 00 00 28 E5 E3 40 00 80 06 00 00 AC 11 22 89 C7 E8 FE DB DD B9 01 BB 1F 6E 06 E9 B4 30 73 02 50 10 02 03 95 79 00 00
45 00 00 34 F6 67 40 00 80 06 00 00 AC 11 22 89 0D E3 35 0A DD D6 01 BB AE AA 11 A7 00 00 00 00 80 02 FA F0 11 AE 00 00 02 04 05 B4 01 03 03 08 01 01 04 02
45 00 00 28 E5 E4 40 00 80 06 00 00 AC 11 22 89 C7 E8 FE DB DD B9 01 BB 1F 6E 06 E9 B4 30 7E 12 50 10 02 03 95 79 00 00
45 00 00 34 00 00 40 00 EF 06 7A 3C 0D E3 35 0A AC 11 22 89 01 BB DD D6 1D C5 8D DB AE AA 11 A8 80 12 FF FF 12 07 00 00 02 04 05 A0 01 01 04 02 01 03 03 09
45 00 00 28 F6 68 40 00 80 06 00 00 AC 11 22 89 0D E3 35 0A DD D6 01 BB AE AA 11 A8 1D C5 8D DC 50 10 02 05 11 A2 00 00
45 00 00 28 F6 6A 40 00 80 06 00 00 AC 11 22 89 0D E3 35 0A DD D6 01 BB AE AA 14 3F 1D C5 9E BC 50 10 02 05 11 A2 00 00
45 00 00 28 F6 6B 40 00 80 06 00 00 AC 11 22 89 0D E3 35 0A DD D6 01 BB AE AA 14 3F 1D C5 A5 5A 50 10 02 05 11 A2 00 00
45 00 00 28 E5 E5 40 00 80 06 00 00 AC 11 22 89 C7 E8 FE DB DD B9 01 BB 1F 6E 06 E9 B4 30 89 22 50 10 02 03 95 79 00 00
45 00 00 28 F6 70 40 00 80 06 00 00 AC 11 22 89 0D E3 35 0A DD D6 01 BB AE AA 16 F3 1D C5 A6 2A 50 10 02 04 11 A2 00 00
45 00 00 28 F6 72 40 00 80 06 00 00 AC 11 22 89 0D E3 35 0A DD D6 01 BB AE AA 17 12 1D C5 B1 89 50 10 02 05 11 A2 00 00
45 00 00 28 F6 73 40 00 80 06 00 00 AC 11 22 89 0D E3 35 0A DD D6 01 BB AE AA 17 12 1D C5 BC C9 50 10 02 05 11 A2 00 00
45 00 00 28 F6 74 40 00 80 06 00 00 AC 11 22 89 0D E3 35 0A DD D6 01 BB AE AA 17 12 1D C5 C5 42 50 10 02 05 11 A2 00 00
45 00 00 28 E5 E6 40 00 80 06 00 00 AC 11 22 89 C7 E8 FE DB DD B9 01 BB 1F 6E 06 E9 B4 30 8E AA 50 10 01 FE 95 79 00 00
45 00 00 28 E5 E7 40 00 80 06 00 00 AC 11 22 89 C7 E8 FE DB DD B9 01 BB 1F 6E 06 E9 B4 30 94 32 50 10 02 03 95 79 00 00
45 00 00 34 E5 E8 40 00 80 06 00 00 AC 11 22 89 C7 E8 FE DB DD B9 01 BB 1F 6E 06 E9 B4 30 94 32 80 10 02 03 95 85 00 00 01 01 05 0A B4 30 99 BA B4 30 9F 42
60 0A 7A 9B 00 33 11 01 FE 80 00 00 00 00 00 00 D4 4D 2D A8 AC A8 37 64 FF 02 00 00 00 00 00 00 00 00 00 00 00 00 00 FB 14 E9 14 E9 00 33 47 B7 00 00 00 00 00 01 00 00 00 00 00 00 0E 5F 6D 69 63 72 6F 73 6F 66 74 5F 6D 63 63 04 5F 74 63 70 05 6C 6F 63 61 6C 00 00 0C 80 01
45 00 00 47 45 2B 00 00 01 11 C4 FE AC 11 22 70 E0 00 00 FB 14 E9 14 E9 00 33 7C BB 00 00 00 00 00 01 00 00 00 00 00 00 0E 5F 6D 69 63 72 6F 73 6F 66 74 5F 6D 63 63 04 5F 74 63 70 05 6C 6F 63 61 6C 00 00 0C 80 01
45 00 00 34 E5 EA 40 00 80 06 00 00 AC 11 22 89 C7 E8 FE DB DD B9 01 BB 1F 6E 07 0C B4 30 94 32 80 10 02 03 95 85 00 00 01 01 05 0A B4 30 99 BA B4 30 A4 CA
45 00 00 28 E5 EB 40 00 80 06 00 00 AC 11 22 89 C7 E8 FE DB DD B9 01 BB 1F 6E 07 0C B4 30 A4 CA 50 10 02 03 95 79 00 00
45 00 00 28 E5 EC 40 00 80 06 00 00 AC 11 22 89 C7 E8 FE DB DD B9 01 BB 1F 6E 07 0C B4 30 AA 52 50 10 01 FE 95 79 00 00
45 00 00 28 E5 ED 40 00 80 06 00 00 AC 11 22 89 C7 E8 FE DB DD B9 01 BB 1F 6E 07 0C B4 30 AF DA 50 10 02 03 95 79 00 00
45 00 00 28 E5 EE 40 00 80 06 00 00 AC 11 22 89 C7 E8 FE DB DD B9 01 BB 1F 6E 07 0C B4 30 BA EA 50 10 02 03 95 79 00 00
45 00 00 28 E5 EF 40 00 80 06 00 00 AC 11 22 89 C7 E8 FE DB DD B9 01 BB 1F 6E 07 0C B4 30 C0 72 50 10 01 FE 95 79 00 00
45 00 00 28 E5 F0 40 00 80 06 00 00 AC 11 22 89 C7 E8 FE DB DD B9 01 BB 1F 6E 07 0C B4 30 CB 82 50 10 02 03 95 79 00 00
60 0A 7A 9B 00 33 11 01 FE 80 00 00 00 00 00 00 D4 4D 2D A8 AC A8 37 64 FF 02 00 00 00 00 00 00 00 00 00 00 00 00 00 FB 14 E9 14 E9 00 33 48 37 00 00 00 00 00 01 00 00 00 00 00 00 0E 5F 6D 69 63 72 6F 73 6F 66 74 5F 6D 63 63 04 5F 74 63 70 05 6C 6F 63 61 6C 00 00 0C 00 01
45 00 00 47 45 2C 00 00 01 11 C4 FD AC 11 22 70 E0 00 00 FB 14 E9 14 E9 00 33 7D 3B 00 00 00 00 00 01 00 00 00 00 00 00 0E 5F 6D 69 63 72 6F 73 6F 66 74 5F 6D 63 63 04 5F 74 63 70 05 6C 6F 63 61 6C 00 00 0C 00 01
45 00 00 28 E5 F1 40 00 80 06 00 00 AC 11 22 89 C7 E8 FE DB DD B9 01 BB 1F 6E 07 0C B4 30 D1 0A 50 10 01 FE 95 79 00 00
45 00 00 28 E5 F2 40 00 80 06 00 00 AC 11 22 89 C7 E8 FE DB DD B9 01 BB 1F 6E 07 0C B4 30 DC 1A 50 10 02 03 95 79 00 00
45 00 00 28 E5 F3 40 00 80 06 00 00 AC 11 22 89 C7 E8 FE DB DD B9 01 BB 1F 6E 07 0C B4 30 E1 A2 50 10 01 FE 95 79 00 00
45 00 00 28 E5 F4 40 00 80 06 00 00 AC 11 22 89 C7 E8 FE DB DD B9 01 BB 1F 6E 07 0C B4 30 EC B2 50 10 02 03 95 79 00 00
60 00 5D 66 00 67 11 01 FE 80 00 00 00 00 00 00 C6 6A B2 99 C0 11 8F 1E FF 02 00 00 00 00 00 00 00 00 00 00 00 01 00 02 02 22 02 23 00 67 FD EA 01 06 74 CF 00 08 00 02 0C 20 00 01 00 0E 00 01 00 01 2A 77 B8 F9 E4 A8 DF E3 57 47 00 03 00 0C 06 E4 A8 DF 00 00 00 00 00 00 00 00 00 27 00 11 00 0F 4C 41 50 54 4F 50 2D 43 41 34 47 30 36 54 4F 00 10 00 0E 00 00 01 37 00 08 4D 53 46 54 20 35 2E 30 00 06 00 08 00 11 00 17 00 18 00 27
45 00 00 28 E5 F5 40 00 80 06 00 00 AC 11 22 89 C7 E8 FE DB DD B9 01 BB 1F 6E 07 0C B4 30 F2 3A 50 10 01 FE 95 79 00 00
45 00 00 28 E5 F6 40 00 80 06 00 00 AC 11 22 89 C7 E8 FE DB DD B9 01 BB 1F 6E 07 0C B4 30 F7 C2 50 10 02 03 95 79 00 00
45 00 00 34 43 99 00 00 36 06 72 D3 22 6B DD 52 AC 11 22 89 00 50 DB 67 33 43 CB FD CF 05 3B DF 80 10 01 2A AE 94 00 00 01 01 05 0A CF 05 3B DE CF 05 3B DF
45 00 00 34 E5 F7 40 00 80 06 00 00 AC 11 22 89 C7 E8 FE DB DD B9 01 BB 1F 6E 07 0C B4 30 F7 C2 80 10 02 03 95 85 00 00 01 01 05 0A B4 30 FD 4A B4 31 02 D2
45 00 00 34 E5 F8 40 00 80 06 00 00 AC 11 22 89 C7 E8 FE DB DD B9 01 BB 1F 6E 07 0C B4 30 F7 C2 80 10 02 03 95 85 00 00 01 01 05 0A B4 30 FD 4A B4 31 08 5A
45 00 00 34 D5 7E 00 00 36 06 E0 ED 22 6B DD 52 AC 11 22 89 00 50 DB 6A 56 33 84 25 0A 75 17 78 80 10 01 2A 8E 61 00 00 01 01 05 0A 0A 75 17 77 0A 75 17 78
45 00 00 34 E5 F9 40 00 80 06 00 00 AC 11 22 89 C7 E8 FE DB DD B9 01 BB 1F 6E 07 0C B4 30 F7 C2 80 10 02 03 95 85 00 00 01 01 05 0A B4 30 FD 4A B4 31 0D E2
45 00 00 34 E5 FA 40 00 80 06 00 00 AC 11 22 89 C7 E8 FE DB DD B9 01 BB 1F 6E 07 0C B4 30 F7 C2 80 10 02 03 95 85 00 00 01 01 05 0A B4 30 FD 4A B4 31 13 6A
45 00 00 34 E5 FB 40 00 80 06 00 00 AC 11 22 89 C7 E8 FE DB DD B9 01 BB 1F 6E 07 0C B4 30 F7 C2 80 10 02 03 95 85 00 00 01 01 05 0A B4 30 FD 4A B4 31 18 F2
45 00 00 28 E5 FC 40 00 80 06 00 00 AC 11 22 89 C7 E8 FE DB DD B9 01 BB 1F 6E 07 0C B4 31 18 F2 50 10 02 03 95 79 00 00
45 00 00 28 E5 FD 40 00 80 06 00 00 AC 11 22 89 C7 E8 FE DB DD B9 01 BB 1F 6E 07 0C B4 31 1F 2F 50 10 02 03 95 79 00 00
45 00 00 69 26 E3 40 00 FF 11 A4 A4 AC 11 22 EF E0 00 00 FB 14 E9 14 E9 00 55 B2 80 00 08 00 00 00 03 00 00 00 00 00 00 09 5F 43 43 31 41 44 38 34 35 04 5F 73 75 62 0B 5F 67 6F 6F 67 6C 65 63 61 73 74 04 5F 74 63 70 05 6C 6F 63 61 6C 00 00 0C 00 01 09 5F 43 43 33 32 45 37 35 33 C0 16 00 0C 00 01 C0 1B 00 0C 00 01
45 00 00 28 E5 FE 40 00 80 06 00 00 AC 11 22 89 C7 E8 FE DB DD B9 01 BB 1F 6E 07 0C B4 31 2A 3F 50 10 02 03 95 79 00 00
45 00 00 28 E5 FF 40 00 80 06 00 00 AC 11 22 89 C7 E8 FE DB DD B9 01 BB 1F 6E 07 0C B4 31 2F C7 50 10 01 FE 95 79 00 00
45 00 00 4E 86 3B 00 00 80 11 16 6A AC 11 22 D8 AC 11 22 FF 00 89 00 89 00 3A 2B 5C A8 95 01 10 00 01 00 00 00 00 00 00 20 45 43 45 4A 46 45 46 44 43 4E 46 41 45 4A 45 4D 45 42 45 4F 45 4A 43 41 43 41 43 41 43 41 42 4C 00 00 20 00 01
45 00 00 28 06 F7 40 00 80 06 00 00 AC 11 22 89 92 4B 74 C1 DC FB 01 BB 11 83 28 1B EF 4A A4 2A 50 11 02 00 D5 C1 00 00
45 00 00 28 07 55 40 00 80 06 00 00 AC 11 22 89 AC 40 9B F9 DC FA 01 BB A6 46 60 C9 81 6D 7D 51 50 11 02 00 16 EF 00 00
45 00 00 28 07 56 40 00 80 06 00 00 AC 11 22 89 AC 40 9B F9 DC FA 01 BB A6 46 60 CA 81 6D 7D 52 50 10 02 00 16 EF 00 00
45 00 00 28 E6 00 40 00 80 06 00 00 AC 11 22 89 C7 E8 FE DB DD B9 01 BB 1F 6E 07 0C B4 31 3A D7 50 10 02 03 95 79 00 00
45 00 00 49 BA 23 00 00 FF 11 51 D7 AC 11 22 9C E0 00 00 FB 14 E9 14 E9 00 35 FE C9 00 00 00 00 00 01 00 00 00 00 00 00 10 5F 73 70 6F 74 69 66 79 2D 63 6F 6E 6E 65 63 74 04 5F 74 63 70 05 6C 6F 63 61 6C 00 00 0C 00 01
60 0F AF D0 00 35 11 FF FE 80 00 00 00 00 00 00 C6 6A B2 99 C0 11 8F 1E FF 02 00 00 00 00 00 00 00 00 00 00 00 00 00 FB 14 E9 14 E9 00 35 E7 BF 00 00 00 00 00 01 00 00 00 00 00 00 10 5F 73 70 6F 74 69 66 79 2D 63 6F 6E 6E 65 63 74 04 5F 74 63 70 05 6C 6F 63 61 6C 00 00 0C 00 01
45 00 00 28 06 F8 40 00 80 06 00 00 AC 11 22 89 92 4B 74 C1 DC FB 01 BB 11 83 28 1C EF 4A A4 49 50 14 00 00 D5 C1 00 00
45 00 00 28 E6 01 40 00 80 06 00 00 AC 11 22 89 C7 E8 FE DB DD B9 01 BB 1F 6E 07 0C B4 31 45 E7 50 10 02 03 95 79 00 00
45 00 00 28 E6 02 40 00 80 06 00 00 AC 11 22 89 C7 E8 FE DB DD B9 01 BB 1F 6E 07 0C B4 31 50 F7 50 10 02 03 95 79 00 00
45 00 00 34 E6 03 40 00 80 06 00 00 AC 11 22 89 C7 E8 FE DB DD B9 01 BB 1F 6E 07 0C B4 31 50 F7 80 10 02 03 95 85 00 00 01 01 05 0A B4 31 5C 07 B4 31 67 17
45 00 00 28 14 11 40 00 80 06 00 00 AC 11 22 89 9D F0 0D 36 DC 25 01 BB 42 06 EE 99 52 70 09 E2 50 10 02 01 79 DB 00 00
45 00 00 4E 86 3C 00 00 80 11 16 69 AC 11 22 D8 AC 11 22 FF 00 89 00 89 00 3A 2B 5C A8 95 01 10 00 01 00 00 00 00 00 00 20 45 43 45 4A 46 45 46 44 43 4E 46 41 45 4A 45 4D 45 42 45 4F 45 4A 43 41 43 41 43 41 43 41 42 4C 00 00 20 00 01
45 00 00 34 E6 04 40 00 80 06 00 00 AC 11 22 89 C7 E8 FE DB DD B9 01 BB 1F 6E 07 0C B4 31 56 7F 80 10 01 FE 95 85 00 00 01 01 05 0A B4 31 5C 07 B4 31 67 17
45 00 00 28 E6 05 40 00 80 06 00 00 AC 11 22 89 C7 E8 FE DB DD B9 01 BB 1F 6E 07 0C B4 31 67 17 50 10 02 03 95 79 00 00
45 00 00 28 E6 06 40 00 80 06 00 00 AC 11 22 89 C7 E8 FE DB DD B9 01 BB 1F 6E 07 0C B4 31 72 27 50 10 02 03 95 79 00 00
45 00 00 28 E6 07 40 00 80 06 00 00 AC 11 22 89 C7 E8 FE DB DD B9 01 BB 1F 6E 07 0C B4 31 7D 37 50 10 02 03 95 79 00 00
45 00 00 28 E6 08 40 00 80 06 00 00 AC 11 22 89 C7 E8 FE DB DD B9 01 BB 1F 6E 07 0C B4 31 82 BF 50 10 01 FE 95 79 00 00
45 00 00 4E 86 3D 00 00 80 11 16 68 AC 11 22 D8 AC 11 22 FF 00 89 00 89 00 3A 2B 5C A8 95 01 10 00 01 00 00 00 00 00 00 20 45 43 45 4A 46 45 46 44 43 4E 46 41 45 4A 45 4D 45 42 45 4F 45 4A 43 41 43 41 43 41 43 41 42 4C 00 00 20 00 01
45 00 00 28 E6 09 40 00 80 06 00 00 AC 11 22 89 C7 E8 FE DB DD B9 01 BB 1F 6E 07 0C B4 31 8D CF 50 10 02 03 95 79 00 00
45 00 00 28 E6 0A 40 00 80 06 00 00 AC 11 22 89 C7 E8 FE DB DD B9 01 BB 1F 6E 07 0C B4 31 98 DF 50 10 02 03 95 79 00 00
45 00 00 28 E6 0B 40 00 80 06 00 00 AC 11 22 89 C7 E8 FE DB DD B9 01 BB 1F 6E 07 0C B4 31 A3 EF 50 10 02 03 95 79 00 00
45 00 00 34 C7 21 00 00 35 06 30 F9 98 C3 26 4C AC 11 22 89 00 50 DD 7E FC B2 71 58 57 7B 21 28 80 10 00 85 35 CB 00 00 01 01 05 0A 57 7B 21 27 57 7B 21 28
45 00 00 28 E6 0C 40 00 80 06 00 00 AC 11 22 89 C7 E8 FE DB DD B9 01 BB 1F 6E 07 0C B4 31 AE FF 50 10 02 03 95 79 00 00
45 00 00 28 E6 0E 40 00 80 06 00 00 AC 11 22 89 C7 E8 FE DB DD B9 01 BB 1F 6E 07 2F B4 31 B4 87 50 10 01 FE 95 79 00 00
45 00 00 34 E6 0F 40 00 80 06 00 00 AC 11 22 89 C7 E8 FE DB DD B9 01 BB 1F 6E 07 2F B4 31 B4 87 80 10 01 FE 95 85 00 00 01 01 05 0A B4 31 BA 0F B4 31 BF 97
45 00 00 34 E6 10 40 00 80 06 00 00 AC 11 22 89 C7 E8 FE DB DD B9 01 BB 1F 6E 07 2F B4 31 B4 87 80 10 01 FE 95 85 00 00 01 01 05 0A B4 31 BA 0F B4 31 C5 1F
45 00 00 34 E6 11 40 00 80 06 00 00 AC 11 22 89 C7 E8 FE DB DD B9 01 BB 1F 6E 07 2F B4 31 B4 87 80 10 01 FE 95 85 00 00 01 01 05 0A B4 31 BA 0F B4 31 CA A7
45 00 00 34 E6 12 40 00 80 06 00 00 AC 11 22 89 C7 E8 FE DB DD B9 01 BB 1F 6E 07 2F B4 31 B4 87 80 10 01 FE 95 85 00 00 01 01 05 0A B4 31 BA 0F B4 31 D0 2F
45 00 00 28 E6 13 40 00 80 06 00 00 AC 11 22 89 C7 E8 FE DB DD B9 01 BB 1F 6E 07 2F B4 31 D0 2F 50 10 02 03 95 79 00 00
45 00 00 28 E6 14 40 00 80 06 00 00 AC 11 22 89 C7 E8 FE DB DD B9 01 BB 1F 6E 07 2F B4 31 D5 B7 50 10 01 FE 95 79 00 00
45 00 00 28 E6 16 40 00 80 06 00 00 AC 11 22 89 C7 E8 FE DB DD B9 01 BB 1F 6E 07 52 B4 31 DB 3F 50 10 02 03 95 79 00 00
45 00 00 28 E6 18 40 00 80 06 00 00 AC 11 22 89 C7 E8 FE DB DD B9 01 BB 1F 6E 07 74 B4 31 E0 C7 50 10 01 FE 95 79 00 00
45 00 00 28 E6 19 40 00 80 06 00 00 AC 11 22 89 C7 E8 FE DB DD B9 01 BB 1F 6E 07 74 B4 31 E6 4F 50 10 02 03 95 79 00 00
45 00 00 28 E6 1A 40 00 80 06 00 00 AC 11 22 89 C7 E8 FE DB DD B9 01 BB 1F 6E 07 74 B4 31 EB D7 50 10 01 FE 95 79 00 00
45 00 00 28 E6 1B 40 00 80 06 00 00 AC 11 22 89 C7 E8 FE DB DD B9 01 BB 1F 6E 07 74 B4 31 F1 5F 50 10 02 03 95 79 00 00
45 00 00 47 26 F6 00 00 01 11 E3 62 AC 11 22 41 E0 00 00 FB 14 E9 14 E9 00 33 7C EA 00 00 00 00 00 01 00 00 00 00 00 00 0E 5F 6D 69 63 72 6F 73 6F 66 74 5F 6D 63 63 04 5F 74 63 70 05 6C 6F 63 61 6C 00 00 0C 80 01
60 0A 7F 5A 00 33 11 01 FE 80 00 00 00 00 00 00 3E 99 83 41 28 4D 22 BA FF 02 00 00 00 00 00 00 00 00 00 00 00 00 00 FB 14 E9 14 E9 00 33 20 D8 00 00 00 00 00 01 00 00 00 00 00 00 0E 5F 6D 69 63 72 6F 73 6F 66 74 5F 6D 63 63 04 5F 74 63 70 05 6C 6F 63 61 6C 00 00 0C 80 01
45 00 00 47 26 F7 00 00 01 11 E3 61 AC 11 22 41 E0 00 00 FB 14 E9 14 E9 00 33 7D 6A 00 00 00 00 00 01 00 00 00 00 00 00 0E 5F 6D 69 63 72 6F 73 6F 66 74 5F 6D 63 63 04 5F 74 63 70 05 6C 6F 63 61 6C 00 00 0C 00 01
60 0A 7F 5A 00 33 11 01 FE 80 00 00 00 00 00 00 3E 99 83 41 28 4D 22 BA FF 02 00 00 00 00 00 00 00 00 00 00 00 00 00 FB 14 E9 14 E9 00 33 21 58 00 00 00 00 00 01 00 00 00 00 00 00 0E 5F 6D 69 63 72 6F 73 6F 66 74 5F 6D 63 63 04 5F 74 63 70 05 6C 6F 63 61 6C 00 00 0C 00 01
00 01 08 00 06 04 00 02 74 D4 DD 28 65 51 AC 11 22 89 00 5F 67 E4 23 5E AC 11 22 9A
60 0C ED 19 00 67 11 01 FE 80 00 00 00 00 00 00 C6 6A B2 99 C0 11 8F 1E FF 02 00 00 00 00 00 00 00 00 00 00 00 01 00 02 02 22 02 23 00 67 BC 0D 01 B3 C2 1F 00 08 00 02 00 00 00 01 00 0E 00 01 00 01 2A 77 B8 F9 E4 A8 DF E3 57 47 00 03 00 0C 06 E4 A8 DF 00 00 00 00 00 00 00 00 00 27 00 11 00 0F 4C 41 50 54 4F 50 2D 43 41 34 47 30 36 54 4F 00 10 00 0E 00 00 01 37 00 08 4D 53 46 54 20 35 2E 30 00 06 00 08 00 11 00 17 00 18 00 27
45 00 00 28 7D FF 40 00 80 06 00 00 AC 11 22 89 14 CD 45 50 DD CC 01 BB FB 2F CF E7 02 BD 4D 22 50 10 02 05 28 D2 00 00
45 00 00 34 E7 04 40 00 2C 06 CA 10 14 BB BA 59 AC 11 22 89 01 BB DB 6C 43 16 98 6B 1A FF DF AF 80 10 00 3B 33 1E 00 00 01 01 05 0A 1A FF DF AE 1A FF DF AF
60 0C ED 19 00 67 11 01 FE 80 00 00 00 00 00 00 C6 6A B2 99 C0 11 8F 1E FF 02 00 00 00 00 00 00 00 00 00 00 00 01 00 02 02 22 02 23 00 67 BB A8 01 B3 C2 1F 00 08 00 02 00 65 00 01 00 0E 00 01 00 01 2A 77 B8 F9 E4 A8 DF E3 57 47 00 03 00 0C 06 E4 A8 DF 00 00 00 00 00 00 00 00 00 27 00 11 00 0F 4C 41 50 54 4F 50 2D 43 41 34 47 30 36 54 4F 00 10 00 0E 00 00 01 37 00 08 4D 53 46 54 20 35 2E 30 00 06 00 08 00 11 00 17 00 18 00 27
45 00 00 34 43 9A 00 00 36 06 72 D2 22 6B DD 52 AC 11 22 89 00 50 DB 67 33 43 CB FD CF 05 3B DF 80 10 01 2A AE 94 00 00 01 01 05 0A CF 05 3B DE CF 05 3B DF
45 00 00 34 D5 7F 00 00 36 06 E0 EC 22 6B DD 52 AC 11 22 89 00 50 DB 6A 56 33 84 25 0A 75 17 78 80 10 01 2A 8E 61 00 00 01 01 05 0A 0A 75 17 77 0A 75 17 78
45 00 00 34 93 15 40 00 36 06 49 CA 97 65 01 E5 AC 11 22 89 01 BB DB DC 93 C5 F3 FA 3D A5 13 4C 80 10 01 22 B8 8B 00 00 01 01 05 0A 3D A5 13 4B 3D A5 13 4C
45 00 00 28 70 07 40 00 80 06 00 00 AC 11 22 89 34 A8 70 42 DD CD 01 BB AF 00 B3 37 E1 47 B9 E6 50 10 02 01 73 9F 00 00
60 0C ED 19 00 67 11 01 FE 80 00 00 00 00 00 00 C6 6A B2 99 C0 11 8F 1E FF 02 00 00 00 00 00 00 00 00 00 00 00 01 00 02 02 22 02 23 00 67 BA DE 01 B3 C2 1F 00 08 00 02 01 2F 00 01 00 0E 00 01 00 01 2A 77 B8 F9 E4 A8 DF E3 57 47 00 03 00 0C 06 E4 A8 DF 00 00 00 00 00 00 00 00 00 27 00 11 00 0F 4C 41 50 54 4F 50 2D 43 41 34 47 30 36 54 4F 00 10 00 0E 00 00 01 37 00 08 4D 53 46 54 20 35 2E 30 00 06 00 08 00 11 00 17 00 18 00 27
45 00 00 34 C7 22 00 00 35 06 30 F8 98 C3 26 4C AC 11 22 89 00 50 DD 7E FC B2 71 58 57 7B 21 28 80 10 00 85 35 CB 00 00 01 01 05 0A 57 7B 21 27 57 7B 21 28
